player_id,player_name,position,TD_2018,TD_2019,TD_2020,TD_2021,TD_2022,TD_2023,TD_2024,avg_yds_after_catch_2018,avg_yds_after_catch_2019,avg_yds_after_catch_2020,avg_yds_after_catch_2021,avg_yds_after_catch_2022,avg_yds_after_catch_2023,avg_yds_after_catch_2024,avg_yds_per_carry_2018,avg_yds_per_carry_2019,avg_yds_per_carry_2020,avg_yds_per_carry_2021,avg_yds_per_carry_2022,avg_yds_per_carry_2023,avg_yds_per_carry_2024,completion_rate_2018,completion_rate_2019,completion_rate_2020,completion_rate_2021,completion_rate_2022,completion_rate_2023,completion_rate_2024,games_played_2018,games_played_2019,games_played_2020,games_played_2021,games_played_2022,games_played_2023,games_played_2024,receive_attempts_2018,receive_attempts_2019,receive_attempts_2020,receive_attempts_2021,receive_attempts_2022,receive_attempts_2023,receive_attempts_2024,rush_attempts_2018,rush_attempts_2019,rush_attempts_2020,rush_attempts_2021,rush_attempts_2022,rush_attempts_2023,rush_attempts_2024,team_2025,division,stadium_type,BYE,exp,pos_roster,avg_team_time_on_offense,strength_o_line,strength_of_schedule_calc,strength_of_qb,odd_run,odd_throw,games_played_total_career,avg_games_played_per_szn
00-0019596,T.Brady,QB,33.0,27.0,54.0,48.0,28.0,,,6.0,,,,,,,1.1071428571428572,1.3076923076923077,0.0697674418604651,2.793103448275862,-0.0344827586206896,,,0.6618705035971223,0.6046153846153847,0.6443850267379679,0.671604938271605,0.6570713391739674,,,19.0,17.0,20.0,19.0,18.0,,,1.0,0.0,0.0,0.0,1.0,,,28.0,26.0,43.0,29.0,29.0,,,TB,NFC South,outdoor,11.0,22.0,QB,68.22222222222223,91.18739,0.5095879677407025,,0.30781758,0.6921824,93,18.6
00-0020531,D.Brees,QB,40.0,29.0,29.0,,,,,3.0,,,,,,,0.5555555555555556,0.1,0.1304347826086956,,,,,0.7372134038800705,0.7469586374695864,0.6954643628509719,,,,,17.0,12.0,14.0,,,,,1.0,0.0,0.0,,,,,36.0,10.0,23.0,,,,,NO,NFC South,indoor,6.0,19.0,QB,64.44444444444444,74.35508,0.4756144173068837,,0.44396552,0.5560345,43,14.333333333333334
00-0021206,J.McCown,QB,1.0,0.0,,,,,,,,,,,,,6.4,3.0,,,,,,0.5454545454545454,0.7241379310344828,,,,,,4.0,3.0,,,,,,0.0,0.0,,,,,,5.0,7.0,,,,,,PHI,NFC East,outdoor,10.0,17.0,QB,68.17647058823529,60.594673,0.4568435217224144,,0.38222605,0.61777395,7,3.5
00-0021547,A.Gates,TE,3.0,,,,,,,4.135135135135135,,,,,,,,,,,,,,,,,,,,,17.0,,,,,,,57.0,,,,,,,0.0,,,,,,,LAC,AFC West,outdoor,8.0,15.0,TE,59.44444444444444,64.76624,0.4853036731261705,0.4583333333333333,0.39252338,0.60747665,17,17.0
00-0022127,J.Witten,TE,,4.0,2.0,,,,,,2.571428571428572,1.5384615384615383,,,,,,,,,,,,,,,,,,,,16.0,10.0,,,,,,83.0,17.0,,,,,,0.0,0.0,,,,,LV,AFC West,indoor,6.0,17.0,TE,64.0,74.42612,0.5318519951840385,0.6267523256884959,0.4111328,0.5888672,26,13.0
00-0022787,M.Schaub,QB,0.0,3.0,0.0,,,,,0.0,,,,,,,0.0,-1.0,-1.3333333333333333,,,,,0.7142857142857143,0.746268656716418,,,,,,2.0,5.0,1.0,,,,,1.0,0.0,0.0,,,,,1.0,3.0,3.0,,,,,ATL,NFC South,indoor,10.0,16.0,QB,66.8125,62.227356,0.5462998796009632,,0.35734332,0.6426567,8,2.6666666666666665
00-0022803,E.Manning,QB,22.0,6.0,,,,,,,,,,,,,1.3333333333333333,1.75,,,,,,0.6597222222222222,0.6190476190476191,,,,,,16.0,4.0,,,,,,0.0,0.0,,,,,,15.0,4.0,,,,,,NYG,NFC East,outdoor,11.0,15.0,QB,63.1875,59.12354,0.4565206290849673,,0.32542038,0.6745796,20,10.0
00-0022921,L.Fitzgerald,WR,7.0,4.0,1.0,,,,,2.971014492753623,5.424657534246576,3.425925925925926,,,,,,,,,,,,1.0,,,,,,,16.0,16.0,13.0,,,,,112.0,107.0,72.0,,,,,0.0,0.0,0.0,,,,,ARI,NFC West,indoor,8.0,16.0,WR,66.75,75.97468,0.4623578323873409,0.679771505376344,0.39325842,0.60674155,45,15.0
00-0022924,B.Roethlisberger,QB,37.0,0.0,37.0,25.0,,,,-1.0,,,,,,,3.161290322580645,7.0,0.4230769230769231,0.1818181818181818,,,,0.6696296296296296,0.5645161290322581,0.6597633136094675,0.6456086286594761,,,,16.0,2.0,16.0,17.0,,,,1.0,0.0,0.0,0.0,,,,31.0,1.0,26.0,22.0,,,,PIT,AFC North,outdoor,7.0,17.0,QB,64.77777777777777,68.4622,0.5249673748641757,,0.3516295,0.6483705,51,12.75
00-0022942,P.Rivers,QB,35.0,23.0,26.0,,,,,,,,,,,,1.0476190476190477,2.4166666666666665,-0.4736842105263157,,,,,0.6666666666666666,0.6598984771573604,0.6723259762308998,,,,,18.0,16.0,17.0,,,,,0.0,0.0,0.0,,,,,21.0,12.0,19.0,,,,,IND,AFC South,indoor,7.0,16.0,QB,64.0,86.04723,0.4483042959185738,,0.42922795,0.57077205,51,17.0
00-0022943,B.Watson,TE,2.0,0.0,,,,,,2.611111111111111,4.45,,,,,,,,,,,,,,,,,,,,14.0,10.0,,,,,,47.0,28.0,,,,,,0.0,0.0,,,,,,NE,AFC East,outdoor,10.0,15.0,TE,67.11764705882354,79.818306,0.4674378781440337,0.5523076923076924,0.3952673,0.6047327,24,12.0
00-0023436,A.Smith,QB,11.0,,6.0,,,,,,,,,,,,4.097560975609756,,0.3,,,,,0.625,,0.6666666666666666,,,,,10.0,,8.0,,,,,0.0,,0.0,,,,,41.0,,10.0,,,,,WAS,NFC East,outdoor,8.0,15.0,QB,65.3529411764706,51.04338,0.4621299500192234,,0.34833482,0.65166515,18,9.0
00-0023459,A.Rodgers,QB,27.0,31.0,57.0,40.0,27.0,0.0,28.0,,,-2.0,0.0,,,,6.255813953488372,3.7884615384615374,3.4761904761904763,3.060606060606061,2.764705882352941,,4.863636363636363,0.6231155778894473,0.6299212598425197,0.7016393442622951,0.6892857142857143,0.6457564575645757,0.0,0.6301369863013698,16.0,18.0,18.0,17.0,17.0,1.0,17.0,0.0,0.0,1.0,1.0,0.0,0.0,0.0,43.0,52.0,42.0,33.0,34.0,0.0,22.0,NYJ,AFC East,outdoor,12.0,19.0,QB,59.64705882352941,62.289284,0.4854509399218924,,0.3382643,0.6617357,104,14.857142857142858
00-0023500,F.Gore,RB,1.0,2.0,2.0,,,,,9.583333333333334,6.769230769230769,4.5625,,,,,4.628205128205129,3.5689655172413794,3.4919786096256686,,,,,,,,,,,,14.0,16.0,15.0,,,,,16.0,17.0,19.0,,,,,156.0,174.0,187.0,,,,,NYJ,AFC East,outdoor,10.0,15.0,RB,58.75,47.95657,0.5813607241142071,0.5741963260619978,0.39148936,0.6085106,45,15.0
00-0023564,D.Sproles,RB,3.0,0.0,,,,,,8.75,4.166666666666667,,,,,,3.2222222222222223,3.882352941176471,,,,,,,,,,,,,8.0,6.0,,,,,,30.0,10.0,,,,,,45.0,17.0,,,,,,PHI,NFC East,outdoor,10.0,14.0,RB,68.17647058823529,60.594673,0.4568435217224144,0.6803995710818895,0.38222605,0.61777395,14,7.0
00-0023645,D.Anderson,QB,0.0,,,,,,,,,,,,,,-1.0,,,,,,,0.6,,,,,,,2.0,,,,,,,0.0,,,,,,,1.0,,,,,,,BUF,AFC East,outdoor,11.0,13.0,QB,62.5625,53.941257,0.5155121259029928,,0.4035964,0.5964036,2,2.0
00-0023662,M.Cassel,QB,0.0,,,,,,,,,,,,,,6.5,,,,,,,0.4117647058823529,,,,,,,2.0,,,,,,,0.0,,,,,,,2.0,,,,,,,DET,NFC North,indoor,6.0,13.0,QB,63.375,57.444054,0.4890579312865497,,0.37672585,0.62327415,2,2.0
00-0023682,R.Fitzpatrick,QB,19.0,24.0,15.0,0.0,,,,,,4.0,,,,,4.222222222222222,4.5,5.033333333333333,2.0,,,,0.6666666666666666,0.6195219123505976,0.6853932584269663,0.5,,,,8.0,15.0,9.0,1.0,,,,0.0,0.0,1.0,0.0,,,,36.0,54.0,30.0,1.0,,,,WAS,NFC East,outdoor,9.0,16.0,QB,62.70588235294117,54.82557,0.5140209231267326,,0.40337712,0.5966229,33,8.25
00-0024221,V.Davis,TE,2.0,1.0,,,,,,6.72,8.0,,,,,,,,,,,,,,,,,,,,13.0,4.0,,,,,,36.0,19.0,,,,,,0.0,0.0,,,,,,WAS,NFC East,outdoor,10.0,13.0,TE,55.1875,33.159893,0.4863314843481252,0.6335489475235391,0.37938845,0.62061155,17,8.5
00-0024243,M.Lewis,TE,0.0,1.0,3.0,0.0,2.0,1.0,0.0,10.333333333333334,5.764705882352941,5.615384615384615,6.041666666666667,2.333333333333333,7.25,1.0,,,,,,,,,,,,,,,4.0,13.0,11.0,14.0,6.0,5.0,1.0,4.0,21.0,20.0,29.0,7.0,5.0,1.0,0.0,0.0,0.0,0.0,0.0,0.0,0.0,CHI,NFC North,outdoor,7.0,18.0,TE,62.294117647058826,26.427608,0.5368157995912503,0.8122775800711743,0.34844193,0.6515581,54,7.714285714285714
00-0024334,B.Marshall,WR,1.0,,,,,,,2.090909090909091,,,,,,,,,,,,,,,,,,,,,6.0,,,,,,,23.0,,,,,,,0.0,,,,,,,SEA,NFC West,outdoor,7.0,,,61.35294117647059,26.659733,0.4787644934134645,0.6563876651982379,0.4928092,0.5071908,6,6.0
00-0024389,De.Walker,TE,0.0,2.0,,,,,,5.0,3.142857142857143,,,,,,,,,,,,,,,,,,,,1.0,6.0,,,,,,7.0,31.0,,,,,,0.0,0.0,,,,,,TEN,AFC South,outdoor,11.0,13.0,TE,57.578947368421055,23.713654,0.529395922727355,0.640622195095681,0.45063984,0.54936016,7,3.5
00-0025394,A.Peterson,RB,8.0,5.0,7.0,1.0,,,,10.05,9.470588235294118,8.583333333333334,4.75,,,,4.151394422310757,4.2559241706161135,3.871794871794872,2.2457912457912457,,,,,,,,,,,16.0,15.0,16.0,4.0,,,,26.0,23.0,18.0,2.0,,,,251.0,211.0,156.0,19.0,,,,TEN,AFC South,outdoor,13.0,,,65.11111111111111,46.797688,0.4759685160613953,0.6702702702702703,0.4641638,0.53583616,55,13.75
00-0025396,T.Ginn,WR,2.0,2.0,0.0,,,,,2.4782608695652173,1.5483870967741935,3.333333333333333,,,,,8.666666666666666,6.0,,,,,,,,,,,,,7.0,16.0,3.0,,,,,43.0,58.0,6.0,,,,,3.0,3.0,0.0,,,,,CHI,NFC North,outdoor,11.0,13.0,WR,63.70588235294117,68.71866,0.4944252210688197,0.5053825179592051,0.3508772,0.64912283,26,8.666666666666666
00-0025399,M.Lynch,RB,3.0,4.0,,,,,,6.0,11.5,,,,,,4.177777777777778,2.2333333333333334,,,,,,,,,,,,,6.0,3.0,,,,,,20.0,3.0,,,,,,90.0,30.0,,,,,,SEA,NFC West,outdoor,11.0,12.0,RB,63.61111111111112,44.799603,0.5306886156021863,0.658578856152513,0.4,0.6,9,4.5
00-0025418,G.Olsen,TE,4.0,2.0,1.0,,,,,3.111111111111111,3.865384615384616,2.0416666666666665,,,,,,,,,,,,,,,,,,,9.0,14.0,11.0,,,,,38.0,82.0,37.0,,,,,0.0,0.0,0.0,,,,,SEA,NFC West,outdoor,6.0,13.0,TE,62.52941176470589,47.5592,0.4505630425544831,0.7376068376068377,0.33960488,0.6603951,34,11.333333333333334
00-0025708,M.Moore,QB,,4.0,,,,,,,,,,,,,,-0.2,,,,,,,0.6483516483516484,,,,,,,6.0,,,,,,,0.0,,,,,,,5.0,,,,,,KC,AFC West,outdoor,12.0,12.0,QB,60.47368421052632,78.362206,0.5243626998352434,,0.3394256,0.66057444,6,6.0
00-0026035,D.Amendola,WR,2.0,2.0,0.0,3.0,,,,3.8813559322033897,3.338709677419355,6.304347826086956,4.375,,,,-2.0,,2.0,,,,,1.0,1.0,,0.0,,,,15.0,15.0,14.0,8.0,,,,79.0,97.0,69.0,38.0,,,,1.0,0.0,1.0,0.0,,,,HOU,AFC South,indoor,10.0,13.0,WR,59.1764705882353,51.084877,0.4926962735558619,0.6370896785109983,0.39065605,0.60934395,52,13.0
00-0026143,M.Ryan,QB,39.0,27.0,28.0,21.0,15.0,,,4.0,,,,,,,3.787878787878788,4.323529411764706,3.1724137931034484,2.05,2.592592592592593,,,0.694078947368421,0.6623376623376623,0.6501597444089456,0.6696428571428571,0.6702819956616052,,,16.0,15.0,16.0,17.0,12.0,,,1.0,0.0,0.0,0.0,0.0,,,33.0,34.0,29.0,40.0,27.0,,,IND,AFC South,indoor,14.0,14.0,QB,64.70588235294117,36.989517,0.4991207835043202,,0.37363636,0.62636364,76,15.2
00-0026153,J.Stewart,RB,0.0,,,,,,,,,,,,,,2.833333333333333,,,,,,,,,,,,,,3.0,,,,,,,0.0,,,,,,,6.0,,,,,,,NYG,NFC East,outdoor,9.0,10.0,RB,61.5625,49.3446,0.5164164624183006,0.3298611111111111,0.35228425,0.64771575,3,3.0
00-0026158,J.Flacco,QB,12.0,6.0,6.0,3.0,5.0,14.0,12.0,,,,,,,,2.3684210526315788,1.6666666666666667,3.6666666666666665,1.5,2.0,1.25,2.888888888888889,0.6121372031662269,0.6526717557251909,0.5522388059701493,0.6428571428571429,0.5759162303664922,0.628,0.6532258064516129,9.0,8.0,5.0,2.0,5.0,6.0,7.0,0.0,0.0,0.0,0.0,0.0,0.0,0.0,19.0,12.0,6.0,2.0,3.0,12.0,9.0,IND,AFC South,indoor,14.0,16.0,QB,60.8235294117647,65.39625,0.4432556304255448,,0.44970986,0.5502901,42,6.0
00-0026176,J.Nelson,WR,3.0,,,,,,,3.8253968253968256,,,,,,,-2.0,,,,,,,,,,,,,,15.0,,,,,,,88.0,,,,,,,1.0,,,,,,,LV,AFC West,indoor,,,,61.125,38.68121,,0.5111512959614225,0.37627813,0.6237219,15,15.0
00-0026189,D.Jackson,WR,5.0,2.0,1.0,1.0,0.0,,,4.414634146341464,1.6666666666666667,4.642857142857143,9.384615384615385,2.555555555555556,,,4.833333333333333,,12.0,4.0,,,,,,,,,,,12.0,2.0,5.0,15.0,7.0,,,74.0,10.0,26.0,18.0,17.0,,,6.0,0.0,1.0,0.5,0.0,,,BAL,AFC North,outdoor,10.0,14.0,WR,60.888888888888886,55.380417,0.5155276535565494,0.5747204159477828,0.45620438,0.54379565,56,11.2
00-0026197,C.Henne,QB,0.0,,3.0,0.0,1.0,,,,,,,,,,3.0,,1.1111111111111112,0.0,-1.0,,,0.6666666666666666,,0.7391304347826086,0.6875,0.5555555555555556,,,1.0,,4.0,4.0,3.0,,,0.0,,0.0,0.0,0.0,,,1.0,,9.0,8.0,6.0,,,KC,AFC West,outdoor,8.0,14.0,QB,63.35,85.546425,0.4778353973168214,,0.3338595,0.6661405,12,3.0
00-0026213,J.Charles,RB,0.0,,,,,,,2.5,,,,,,,1.1666666666666667,,,,,,,,,,,,,,2.0,,,,,,,3.0,,,,,,,6.0,,,,,,,JAX,AFC South,outdoor,9.0,10.0,RB,62.5625,41.513588,0.5401294289645683,0.6259163146629287,0.35564435,0.64435565,2,2.0
00-0026293,M.Slater,WR,,0.0,,,,,,,,,,,,,,,,,,,,,,,,,,,,1.0,,,,,,,0.0,,,,,,,0.0,,,,,,NE,AFC East,outdoor,10.0,11.0,WR,67.11764705882354,79.818306,0.4674378781440337,0.5523076923076924,0.3952673,0.6047327,1,1.0
00-0026300,J.Johnson,QB,4.0,,,2.5,0.0,,0.0,,,,,,,,5.217391304347826,,,3.25,1.25,,0.25,0.5714285714285714,,,0.6722222222222223,0.5333333333333333,,0.6666666666666666,4.0,,,4.0,2.0,,4.0,0.0,,,0.0,0.0,,0.0,23.0,,,4.5,4.0,,4.0,BAL,AFC North,outdoor,14.0,16.0,QB,61.42105263157895,75.81623,0.5321196437947293,,0.48500428,0.5149957,18,4.5
00-0026345,P.Garcon,WR,1.0,,,,,,,4.083333333333333,,,,,,,,,,,,,,,,,,,,,8.0,,,,,,,46.0,,,,,,,0.0,,,,,,,SF,NFC West,outdoor,11.0,10.0,WR,62.0625,43.142384,0.486296547127623,0.613797226752958,0.39879155,0.60120845,8,8.0
00-0026498,M.Stafford,QB,21.0,19.0,26.0,52.0,11.0,26.0,24.0,,,,,,,,2.84,3.3,3.8620689655172415,1.7,0.6923076923076923,3.095238095238096,1.3235294117647058,0.6612612612612613,0.6426116838487973,0.6420454545454546,0.6774628879892037,0.6798679867986799,0.63016157989228,0.6547619047619048,16.0,8.0,16.0,21.0,9.0,16.0,18.0,0.0,0.0,1.0,1.0,0.0,0.0,0.0,25.0,20.0,29.0,50.0,13.0,21.0,34.0,LA,NFC West,outdoor,6.0,15.0,QB,60.36842105263158,65.3435,0.5321760283060593,,0.4115083,0.58849174,104,14.857142857142858
00-0026544,C.Daniel,QB,3.0,3.0,1.0,0.0,1.0,,,14.0,,,,,,,0.2307692307692307,1.0,8.0,-1.0,4.0,,,0.6973684210526315,0.703125,0.6744186046511628,,0.6666666666666666,,,4.0,3.0,4.0,1.0,3.0,,,1.0,0.0,0.0,0.0,0.0,,,13.0,6.0,2.0,2.0,1.0,,,LAC,AFC West,outdoor,8.0,13.0,QB,66.94444444444444,70.019165,0.4429566563467492,,0.3195021,0.68049794,15,3.0
00-0026625,B.Hoyer,QB,0.0,4.0,0.0,1.0,0.0,0.0,,,,,,,,,-0.7272727272727273,0.25,8.0,-0.7272727272727273,,-1.0,,0.5,0.5384615384615384,0.625,0.8181818181818182,0.8333333333333334,0.5476190476190477,,5.0,4.0,1.0,5.0,1.0,2.0,,0.0,0.0,0.0,0.0,0.0,0.0,,11.0,8.0,1.0,11.0,0.0,3.0,,LV,AFC West,indoor,13.0,14.0,QB,58.64705882352941,56.400406,0.4903226925445101,,0.39217654,0.6078235,18,3.0
00-0026898,M.Sanchez,QB,0.0,,,,,,,,,,,,,,8.0,,,,,,,0.5428571428571428,,,,,,,2.0,,,,,,,0.0,,,,,,,1.0,,,,,,,WAS,NFC East,outdoor,4.0,9.0,QB,59.9375,48.97035,0.4762050653594771,,0.3806048,0.6193952,2,2.0
00-0026901,M.Wallace,WR,0.0,,,,,,,,,,,,,,,,,,,,,,,,,,,,1.0,,,,,,,3.0,,,,,,,0.0,,,,,,,PHI,NFC East,outdoor,9.0,9.0,WR,63.22222222222222,65.25153,0.5329890971983335,0.6291633072706704,0.36115992,0.6388401,1,1.0
00-0026983,D.Heyward-Bey,WR,0.0,,,,,,,10.0,,,,,,,-7.0,,,,,,,,,,,,,,3.0,,,,,,,2.0,,,,,,,1.0,,,,,,,PIT,AFC North,outdoor,7.0,9.0,WR,65.375,86.87116,0.4928459322325421,0.5848148148148148,0.30305928,0.6969407,3,3.0
00-0026986,M.Crabtree,WR,5.0,0.0,,,,,,2.321428571428572,1.25,,,,,,,,,,,,,,,,,,,,17.0,2.0,,,,,,104.0,5.0,,,,,,0.0,0.0,,,,,,ARI,NFC West,indoor,12.0,10.0,WR,61.75,44.443806,0.515657249742002,0.5482374768089053,0.35931173,0.64068824,19,9.5
00-0027029,L.McCoy,RB,3.0,5.0,0.0,,,,,8.470588235294118,8.428571428571429,6.8,,,,,3.192546583850932,4.603960396039604,3.1,,,,,,,,,,,,14.0,13.0,8.0,,,,,46.0,34.0,19.0,,,,,161.0,101.0,10.0,,,,,TB,NFC South,outdoor,13.0,11.0,RB,62.35,84.79518,0.5199948400412796,0.603442513368984,0.361668,0.638332,35,11.666666666666666
00-0027061,J.Cook,TE,6.0,9.0,7.0,4.0,,,,5.044117647058823,5.729166666666667,3.1956521739130435,4.958333333333333,,,,,,,,,,,,,,,,,,16.0,15.0,17.0,16.0,,,,101.0,70.0,74.0,83.0,,,,0.0,0.0,0.0,0.0,,,,LAC,AFC West,outdoor,7.0,12.0,TE,66.05882352941177,79.022446,0.4982369418355578,0.6592261904761905,0.33392698,0.666073,64,16.0
00-0027139,J.Phillips,TE,0.0,,,,,,,2.6666666666666665,,,,,,,,,,,,,,,,,,,,,2.0,,,,,,,3.0,,,,,,,0.0,,,,,,,ARI,NFC West,indoor,9.0,9.0,TE,56.0,32.12704,0.5097340471276229,0.6304828547194959,0.3716518,0.62834823,2,2.0
00-0027150,J.Edelman,WR,6.0,8.0,0.0,,,,,4.9,3.184466019417476,3.0476190476190474,,,,,11.090909090909092,3.9,11.0,,,,,1.0,1.0,1.0,,,,,15.0,17.0,6.0,,,,,143.0,158.0,39.0,,,,,11.0,10.0,2.0,,,,,NE,AFC East,outdoor,5.0,11.0,WR,60.5,48.901985,0.5174820476436188,0.5942028985507246,0.48347107,0.5165289,38,12.666666666666666
00-0027215,L.Paulsen,TE,1.0,,,,,,,6.444444444444445,,,,,,,,,,,,,,,,,,,,,7.0,,,,,,,9.0,,,,,,,0.0,,,,,,,ATL,NFC South,indoor,8.0,8.0,TE,63.0,60.390675,0.4686223447712418,0.7041823308270676,0.32440478,0.6755952,7,7.0
00-0027325,L.Blount,RB,5.0,,,,,,,8.7,,,,,,,2.7142857142857144,,,,,,,,,,,,,,16.0,,,,,,,15.0,,,,,,,154.0,,,,,,,DET,NFC North,indoor,6.0,8.0,RB,63.375,57.444054,0.4890579312865497,0.5365129835718071,0.37672585,0.62327415,16,16.0
00-0027531,C.Ivory,RB,1.0,,,,,,,14.083333333333334,,,,,,,3.347826086956522,,,,,,,,,,,,,,13.0,,,,,,,20.0,,,,,,,115.0,,,,,,,BUF,AFC East,outdoor,11.0,8.0,RB,62.5625,53.941257,0.5155121259029928,0.5674639111420721,0.4035964,0.5964036,13,13.0
00-0027656,R.Gronkowski,TE,3.0,,9.0,7.0,,,,4.4,,6.075471698113208,6.546875,,,,,,,,,,,,,,,,,,16.0,,20.0,14.0,,,,91.0,,91.0,106.0,,,,0.0,,0.0,0.0,,,,TB,NFC South,outdoor,9.0,11.0,TE,66.47368421052632,85.10158,0.4811745566185846,0.6539842873176207,0.3182898,0.68171024,50,16.666666666666668
00-0027675,E.Dickson,TE,3.0,,,,,,,6.1875,,,,,,,9.0,,,,,,,,,,,,,,10.0,,,,,,,18.0,,,,,,,1.0,,,,,,,SEA,NFC West,outdoor,7.0,8.0,TE,61.35294117647059,26.659733,0.4787644934134645,0.6563876651982379,0.4928092,0.5071908,10,10.0
00-0027681,B.LaFell,WR,2.0,,,,,,,4.416666666666667,,,,,,,,,,,,,,,,,,,,,4.0,,,,,,,16.0,,,,,,,0.0,,,,,,,LV,AFC West,indoor,,,,61.125,38.68121,,0.5111512959614225,0.37627813,0.6237219,4,4.0
00-0027685,E.Sanders,WR,6.0,3.0,5.0,5.0,,,,4.183098591549296,3.491056910569106,2.7681159420289854,1.8888888888888888,,,,13.25,,12.0,15.5,,,,1.0,1.0,,,,,,12.0,20.0,16.0,16.0,,,,98.0,52.5,94.0,76.0,,,,4.0,0.0,1.0,2.0,,,,BUF,AFC East,outdoor,7.0,11.0,WR,65.26315789473684,83.88918,0.4783064472326326,0.6977401129943503,0.3532258,0.6467742,84,21.0
00-0027688,C.McCoy,QB,3.0,0.0,1.0,3.0,1.0,,,,,,,,,,6.3,7.0,1.3333333333333333,1.681818181818182,2.571428571428572,,,0.6296296296296297,0.6666666666666666,0.6060606060606061,0.7474747474747475,0.6818181818181818,,,3.0,1.0,4.0,7.0,4.0,,,0.0,0.0,0.0,0.0,0.0,,,10.0,2.0,9.0,22.0,14.0,,,ARI,NFC West,indoor,13.0,12.0,QB,67.17647058823529,60.92949,0.5184352172241445,,0.34063047,0.6593695,19,3.8
00-0027691,A.Roberts,WR,1.0,0.0,0.0,0.0,,,,1.7,1.6666666666666667,1.25,16.0,,,,10.0,7.0,-3.0,6.333333333333333,,,,,,,,,,,8.0,5.0,3.0,5.0,,,,18.0,7.0,5.0,1.0,,,,2.0,1.0,1.0,1.5,,,,HOU,AFC South,indoor,10.0,,,59.1764705882353,51.084877,0.4926962735558619,0.6370896785109983,0.39065605,0.60934395,26,6.5
00-0027696,J.Graham,TE,2.0,3.0,9.0,3.0,,4.0,,4.745454545454545,6.533333333333333,3.8846153846153846,3.928571428571429,,0.5,,,,,,,,,,,,,,,,16.0,18.0,17.0,11.0,,5.0,,89.0,69.0,78.0,23.0,,7.0,,0.0,0.0,0.0,0.0,,0.0,,NO,NFC South,indoor,11.0,13.0,TE,64.82352941176471,67.97862,0.429164896092596,0.6081107314800435,0.40562615,0.5943739,67,13.4
00-0027793,A.Brown,WR,15.0,1.0,6.0,4.0,,,,4.663461538461538,1.75,5.150943396226415,4.523809523809524,,,,,5.0,6.666666666666667,6.0,,,,0.0,,,,,,,15.0,1.0,11.0,7.0,,,,168.0,8.0,74.0,62.0,,,,0.0,1.0,3.0,1.0,,,,TB,NFC South,outdoor,9.0,11.0,WR,66.47368421052632,85.10158,0.4811745566185846,0.6539842873176207,0.3182898,0.68171024,34,8.5
00-0027796,J.Webb,QB,0.0,,,,,,,3.0,,,,,,,,,,,,,,,,,,,,,1.0,,,,,,,3.0,,,,,,,0.0,,,,,,,HOU,AFC South,indoor,10.0,8.0,QB,64.29411764705883,28.896332,0.4771671826625386,,0.37968892,0.6203111,1,1.0
00-0027854,S.Bradford,QB,2.0,,,,,,,,,,,,,,3.5,,,,,,,0.625,,,,,,,3.0,,,,,,,0.0,,,,,,,2.0,,,,,,,ARI,NFC West,indoor,9.0,8.0,QB,56.0,32.12704,0.5097340471276229,,0.3716518,0.62834823,3,3.0
00-0027873,J.Gresham,TE,0.0,,,,,,,8.333333333333334,,,,,,,,,,,,,,,,,,,,,8.0,,,,,,,12.0,,,,,,,0.0,,,,,,,ARI,NFC West,indoor,9.0,8.0,TE,56.0,32.12704,0.5097340471276229,0.6304828547194959,0.3716518,0.62834823,8,8.0
00-0027874,D.Thomas,WR,2.5,1.0,,,,,,4.9855072463768115,4.722222222222222,,,,,,,,,,,,,,,,,,,,15.0,11.0,,,,,,44.5,58.0,,,,,,0.0,0.0,,,,,,NYJ,AFC East,outdoor,4.0,9.0,WR,59.0625,35.185875,0.4572610294117647,0.5876277451619917,0.38201058,0.6179894,41,20.5
00-0027891,G.Tate,WR,2.5,6.0,2.0,,,,,5.3418304668304675,5.795918367346939,2.142857142857143,,,,,3.0,16.0,,,,,,,,0.5,,,,,17.0,11.0,12.0,,,,,63.0,85.0,52.0,,,,,2.0,1.0,0.0,,,,,NYG,NFC East,outdoor,11.0,10.0,WR,59.375,39.797707,0.4859579248366013,0.615530303030303,0.3736842,0.6263158,57,19.0
00-0027902,D.Bryant,WR,,,2.0,,,,,,,5.666666666666667,,,,,,,,,,,,,,,,,,,,,6.0,,,,,,,13.0,,,,,,,0.0,,,,,BAL,AFC North,outdoor,7.0,10.0,WR,61.833333333333336,50.002163,0.4988676757252608,0.5038241239892183,0.4950584,0.5049416,6,6.0
00-0027939,C.Newton,QB,28.0,0.0,21.0,9.0,,,,,,9.0,,,,,4.831683168316832,-0.4,4.321167883211679,4.893617021276596,,,,0.6794055201698513,0.5617977528089888,0.657608695652174,0.5476190476190477,,,,14.0,2.0,15.0,7.0,,,,0.0,0.0,2.0,0.0,,,,101.0,5.0,137.0,47.0,,,,CAR,NFC South,outdoor,13.0,10.0,QB,64.6470588235294,47.072536,0.4963880288957688,,0.37852594,0.6214741,38,9.5
00-0027942,A.Green,WR,6.0,,2.0,3.0,2.0,,,3.5434782608695654,,1.8297872340425527,3.351851851851852,2.333333333333333,,,,,,,,,,,,,,,,,9.0,,16.0,17.0,13.0,,,77.0,,104.0,95.0,47.0,,,0.0,,0.0,0.0,0.0,,,ARI,NFC West,indoor,13.0,11.0,WR,67.17647058823529,60.92949,0.5184352172241445,0.6358154586031611,0.34063047,0.6593695,55,13.75
00-0027944,J.Jones,WR,8.0,6.0,3.0,1.0,3.0,3.0,,3.964601769911504,3.4545454545454546,4.529411764705882,3.675675675675676,4.225806451612903,2.0,,6.0,-1.5,,,9.0,,,,,,,,,,16.0,15.0,9.0,11.0,11.0,9.0,,170.0,157.0,68.0,55.0,54.0,22.0,,2.0,2.0,0.0,0.0,5.0,0.0,,PHI,NFC East,outdoor,10.0,12.0,WR,64.33333333333333,61.29359,0.4776942355889724,0.6550572881098717,0.40241796,0.59758204,71,11.833333333333334
00-0027948,B.Gabbert,QB,4.0,,2.0,0.0,1.0,0.0,,,,,,,,,0.0,,1.7777777777777777,-0.7777777777777778,,6.428571428571429,,0.6039603960396039,,0.5625,0.6363636363636364,0.75,0.5142857142857142,,8.0,,4.0,6.0,1.0,2.0,,0.0,,0.0,0.0,0.0,0.0,,6.0,,9.0,9.0,0.0,7.0,,KC,AFC West,outdoor,10.0,12.0,QB,62.95238095238095,82.73301,0.5123642439431914,,0.33282906,0.66717094,21,4.2
00-0027966,M.Ingram,RB,7.0,15.0,2.0,1.0,1.0,,,6.56,8.333333333333334,8.166666666666666,5.539285714285715,4.875,,,4.673076923076923,5.0,4.152777777777778,3.5095907928388748,3.758064516129033,,,,,,,,,,14.0,16.0,10.0,14.0,10.0,,,31.0,31.0,8.0,17.5,18.0,,,156.0,208.0,72.0,80.0,62.0,,,NO,NFC South,indoor,14.0,11.0,RB,59.11764705882353,55.139317,0.4955351180719965,0.6618866005593694,0.43880597,0.561194,78,15.6
00-0027973,A.Dalton,QB,21.0,20.0,14.0,8.0,18.0,2.0,7.0,,4.0,4.0,,,,,6.1875,2.28125,4.071428571428571,4.75,1.8,4.0,3.090909090909091,0.6191780821917808,0.5946969696969697,0.6486486486486487,0.6313559322033898,0.6666666666666666,0.5862068965517241,0.6625,11.0,13.0,11.0,8.0,14.0,2.0,6.0,0.0,1.0,1.0,0.0,0.0,0.0,0.0,16.0,32.0,28.0,16.0,30.0,3.0,11.0,CAR,NFC South,outdoor,11.0,13.0,QB,58.05882352941177,64.39622,0.4901164387323556,,0.36372846,0.63627154,65,9.285714285714286
00-0027981,K.Rudolph,TE,4.0,7.0,1.0,1.0,1.0,,,3.890625,4.666666666666667,5.857142857142857,5.269230769230769,1.0,,,,,,,,,,,,,,,,,16.0,17.0,12.0,15.0,5.0,,,82.0,58.0,37.0,39.0,5.0,,,0.0,0.0,0.0,0.0,0.0,,,TB,NFC South,outdoor,11.0,11.0,TE,68.22222222222223,91.18739,0.5095879677407025,0.580134890835767,0.30781758,0.6921824,65,13.0
00-0027985,L.Kendricks,TE,1.0,0.0,,,,,,5.894736842105263,2.333333333333333,,,,,,,,,,,,,,,,,,,,13.0,4.0,,,,,,25.0,7.0,,,,,,0.0,0.0,,,,,,LAC,AFC West,outdoor,12.0,8.0,TE,61.6875,67.878975,0.5137746710526316,0.6632825719120135,0.3566363,0.6433637,17,8.5
00-0027996,T.Smith,WR,2.0,,,,,,,2.823529411764706,,,,,,,,,,,,,,,,,,,,,8.0,,,,,,,31.0,,,,,,,0.0,,,,,,,CAR,NFC South,outdoor,4.0,7.0,WR,62.375,70.11246,0.4936683006535948,0.6513171412195993,0.37274548,0.6272545,8,8.0
00-0028002,R.Cobb,WR,2.0,3.0,3.0,5.0,1.0,1.0,,6.131578947368421,5.9818181818181815,4.5,4.928571428571429,5.441176470588236,4.6,,,3.6666666666666665,,1.0,,,,,0.0,0.0,,,,,9.0,15.0,10.0,12.0,13.0,9.0,,61.0,83.0,48.0,40.0,50.0,17.0,,0.0,3.0,0.0,1.0,0.0,0.0,,NYJ,AFC East,outdoor,7.0,12.0,WR,61.70588235294117,32.38125,0.4925520259703469,0.4465029012263667,0.33746424,0.6625357,68,11.333333333333334
00-0028011,S.Ridley,RB,1.0,,,,,,,4.0,,,,,,,2.7586206896551726,,,,,,,,,,,,,,9.0,,,,,,,4.0,,,,,,,29.0,,,,,,,PIT,AFC North,outdoor,7.0,7.0,RB,65.375,86.87116,0.4928459322325421,0.5848148148148148,0.30305928,0.6969407,9,9.0
00-0028042,L.Stocker,TE,2.0,0.0,0.0,0.0,,,,4.266666666666667,4.5,7.428571428571429,3.0,,,,0.0,,,,,,,,,,,,,,12.0,11.0,9.0,2.0,,,,21.0,14.0,11.0,2.0,,,,1.0,0.0,0.0,0.0,,,,MIN,NFC North,indoor,7.0,10.0,TE,63.294117647058826,74.55339,0.4963805129895095,0.6469597940186175,0.3977695,0.6022305,34,8.5
00-0028063,T.Jones,RB,0.0,0.0,0.0,,,,,,19.666666666666668,,,,,,,4.444444444444445,,,,,,,,,,,,,2.0,3.0,2.0,,,,,2.0,3.0,2.0,,,,,0.0,9.0,0.0,,,,,BUF,AFC East,outdoor,11.0,9.0,RB,62.47368421052632,76.44005,0.5351510872123549,0.6036677676851088,0.33361414,0.6663858,7,2.333333333333333
00-0028064,B.Powell,RB,1.0,0.0,,,,,,7.636363636363637,6.428571428571429,,,,,,4.2875,3.8813559322033897,,,,,,,0.0,,,,,,7.0,12.0,,,,,,18.0,12.0,,,,,,80.0,59.0,,,,,,NYJ,AFC East,outdoor,4.0,8.0,RB,59.0625,35.185875,0.4572610294117647,0.5876277451619917,0.38201058,0.6179894,19,9.5
00-0028074,A.Sherman,RB,1.0,0.0,1.0,,,,,7.0,11.5,7.0,,,,,2.0,2.25,2.6666666666666665,,,,,,,,,,,,8.0,5.0,4.0,,,,,9.0,4.0,2.0,,,,,1.0,4.0,3.0,,,,,KC,AFC West,outdoor,10.0,9.0,RB,64.78947368421052,85.05137,0.5070791012619268,0.7000616712920136,0.32493907,0.6750609,17,5.666666666666667
00-0028083,J.Rodgers,RB,1.0,,,,,,,6.315789473684211,,,,,,,3.212121212121212,,,,,,,,,,,,,,13.0,,,,,,,45.0,,,,,,,33.0,,,,,,,TB,NFC South,outdoor,5.0,7.0,RB,65.5625,65.32288,0.5088337418300654,0.656084656084656,0.30600572,0.6939943,13,13.0
00-0028087,D.Lewis,RB,2.0,1.0,3.0,,,,,8.084745762711865,7.592592592592593,4.2105263157894735,,,,,3.335483870967742,3.875,3.9655172413793114,,,,,,,,,,,,16.0,17.0,16.0,,,,,67.0,34.0,30.0,,,,,155.0,56.0,29.0,,,,,NYG,NFC East,outdoor,11.0,9.0,RB,59.375,39.797707,0.4859579248366013,0.615530303030303,0.3736842,0.6263158,49,16.333333333333332
00-0028091,J.Kerley,WR,0.0,,,,,,,7.5,,,,,,,,,,,,,,,,,,,,,1.0,,,,,,,4.0,,,,,,,0.0,,,,,,,BUF,AFC East,outdoor,11.0,7.0,WR,62.5625,53.941257,0.5155121259029928,0.5674639111420721,0.4035964,0.5964036,1,1.0
00-0028093,N.Paul,TE,0.0,,,,,,,3.2,,,,,,,-3.0,,,,,,,,,,,,,,5.0,,,,,,,13.0,,,,,,,1.0,,,,,,,JAX,AFC South,outdoor,9.0,7.0,TE,62.5625,41.513588,0.5401294289645683,0.6259163146629287,0.35564435,0.64435565,5,5.0
00-0028097,L.Smith,TE,3.0,1.0,2.0,1.0,,,,5.5,3.2,5.0,3.4444444444444446,,,,,,,,,,,,,,,,,,6.0,6.0,5.0,6.0,,,,11.0,6.0,6.0,11.0,,,,0.0,0.0,0.0,0.0,,,,ATL,NFC South,indoor,6.0,10.0,TE,58.70588235294117,58.808945,0.4611323579999595,0.42573051948051943,0.36773548,0.63226455,23,5.75
00-0028112,C.Clay,TE,0.0,1.0,,,,,,3.380952380952381,5.277777777777778,,,,,,,,,,,,,,,,,,,,11.0,15.0,,,,,,36.0,24.0,,,,,,0.0,0.0,,,,,,ARI,NFC West,indoor,12.0,8.0,TE,61.75,44.443806,0.515657249742002,0.5482374768089053,0.35931173,0.64068824,26,13.0
00-0028114,D.Harris,WR,0.0,0.0,,,,,,7.833333333333333,7.0,,,,,,6.0,,,,,,,,,,,,,,8.0,1.0,,,,,,6.0,1.0,,,,,,2.0,0.0,,,,,,LV,AFC West,indoor,,,,61.3125,69.91976,,0.6518518518518519,0.4240571,0.57594293,9,4.5
00-0028116,A.Robinson,WR,5.0,,,,,,,2.4705882352941178,,,,,,,,,,,,,,,,,,,,,14.0,,,,,,,35.0,,,,,,,0.0,,,,,,,MIN,NFC North,indoor,10.0,7.0,WR,62.25,61.79393,0.4912280701754386,0.7013201320132013,0.3323293,0.66767067,14,14.0
00-0028118,T.Taylor,QB,3.0,1.0,0.0,8.0,1.0,5.0,3.0,,,,,,,,7.8125,0.7,1.1666666666666667,7.947368421052632,14.0,5.184210526315789,4.333333333333333,0.4941176470588235,0.6666666666666666,0.5333333333333333,0.6066666666666667,0.75,0.6444444444444445,0.7727272727272727,4.0,4.0,1.0,6.0,2.0,10.0,2.0,0.0,1.0,0.0,0.0,0.0,0.0,0.0,16.0,10.0,6.0,19.0,5.0,38.0,3.0,NYJ,AFC East,outdoor,12.0,13.0,QB,59.64705882352941,62.289284,0.4854509399218924,,0.3382643,0.6617357,29,4.142857142857143
00-0028142,V.Green,TE,2.0,1.0,1.0,,,,,5.047619047619048,4.333333333333333,7.666666666666667,,,,,,,,,,,,,,,,,,,15.0,11.0,4.0,,,,,29.0,13.0,6.0,,,,,0.0,0.0,0.0,,,,,LAC,AFC West,outdoor,6.0,9.0,TE,69.8125,71.611534,0.4770879020467836,0.7329598506069095,0.38495973,0.6150403,30,10.0
00-0028237,C.Hogan,WR,3.0,0.0,0.0,1.0,,,,4.604651162790698,3.625,2.857142857142857,3.25,,,,,,,,,,,,,,,,,,18.0,7.0,5.0,5.0,,,,73.0,15.0,26.0,8.0,,,,0.0,0.0,0.0,0.0,,,,NO,NFC South,indoor,6.0,10.0,WR,61.1764705882353,58.540142,0.4971569639207592,0.5866549372866078,0.44134617,0.55865383,35,8.75
00-0028263,A.Holmes,WR,0.0,,,,,,,5.75,,,,,,,,,,,,,,,,,,,,,11.0,,,,,,,12.0,,,,,,,0.0,,,,,,,DEN,AFC West,outdoor,10.0,7.0,WR,62.9375,67.80119,0.5040244990540076,0.6228668941979523,0.37040716,0.62959284,22,22.0
00-0028411,D.Inman,WR,4.0,0.0,2.0,,,,,2.055555555555556,2.5625,2.4444444444444446,,,,,,,,,,,,,,,,,,,10.0,7.0,7.0,,,,,47.0,10.5,28.0,,,,,0.0,0.0,0.0,,,,,WAS,NFC East,outdoor,8.0,9.0,WR,65.3529411764706,51.04338,0.4621299500192234,0.6434010815181226,0.34833482,0.65166515,31,10.333333333333334
00-0028434,D.Baldwin,WR,5.0,,,,,,,2.943396226415094,,,,,,,,,,,,,,,,,,,,,14.0,,,,,,,79.0,,,,,,,0.0,,,,,,,SEA,NFC West,outdoor,7.0,7.0,WR,61.35294117647059,26.659733,0.4787644934134645,0.6563876651982379,0.4928092,0.5071908,14,14.0
00-0028497,K.Aiken,WR,0.0,,,,,,,1.8333333333333333,,,,,,,,,,,,,,,,,,,,,2.0,,,,,,,7.0,,,,,,,0.0,,,,,,,PHI,NFC East,outdoor,9.0,7.0,WR,63.22222222222222,65.25153,0.5329890971983335,0.6291633072706704,0.36115992,0.6388401,2,2.0
00-0028825,T.Pryor,WR,1.0,,,,,,,2.4285714285714284,,,,,,,-1.0,,,,,,,,,,,,,,8.0,,,,,,,15.0,,,,,,,0.5,,,,,,,BUF,AFC East,outdoor,11.0,7.0,WR,62.5625,53.941257,0.5155121259029928,0.5674639111420721,0.4035964,0.5964036,16,16.0
00-0028903,G.Celek,TE,2.0,,,,,,,8.6,,,,,,,,,,,,,,,,,,,,,6.0,,,,,,,8.0,,,,,,,0.0,,,,,,,SF,NFC West,outdoor,11.0,6.0,TE,62.0625,43.142384,0.486296547127623,0.613797226752958,0.39879155,0.60120845,6,6.0
00-0028986,C.Keenum,QB,20.0,12.0,0.0,3.0,0.0,1.0,,,,,,,,,3.576923076923077,1.3333333333333333,,1.8333333333333333,0.0,0.5,,0.6228668941979523,0.6477732793522267,0.5,0.6527777777777778,0.2857142857142857,0.6415094339622641,,16.0,10.0,1.0,5.0,2.0,2.0,,0.0,0.0,0.0,0.0,0.0,0.0,,26.0,9.0,0.0,12.0,5.0,2.0,,HOU,AFC South,indoor,7.0,11.0,QB,61.31578947368421,56.820095,0.4898520811833505,,0.38454935,0.6154506,36,6.0
00-0029000,C.Beasley,WR,3.0,6.0,5.0,1.0,0.5,,,3.333333333333333,5.084507042253521,4.34375,3.853932584269663,4.678571428571429,,,,,,,,,,0.0,,1.0,0.0,,,,18.0,16.0,18.0,18.0,6.0,,,92.0,111.0,125.0,121.0,8.0,,,0.0,0.0,0.0,0.0,0.0,,,BUF,AFC East,outdoor,7.0,10.0,WR,63.94444444444444,67.04495,0.4973808431754768,0.45690035273368607,0.34578627,0.6542137,82,16.4
00-0029091,B.Sowell,TE,1.0,,,,,,,0.0,,,,,,,,,,,,,,,,,,,,,2.0,,,,,,,2.0,,,,,,,0.0,,,,,,,CHI,NFC North,outdoor,5.0,,,62.52941176470589,66.348526,0.4291239199498169,0.6788728897715988,0.4035748,0.59642524,2,2.0
00-0029119,D.Carrier,TE,1.0,1.0,0.0,0.0,,,,2.2857142857142856,3.923076923076923,18.0,3.0,,,,,27.0,,,,,,,,,,,,,6.0,9.0,1.0,1.0,,,,12.0,19.0,1.0,2.0,,,,0.0,1.0,0.0,0.0,,,,LV,AFC West,indoor,8.0,9.0,TE,63.44444444444444,63.890923,0.5103952692187986,0.5860294117647059,0.34938705,0.65061295,17,4.25
00-0029129,R.Streater,WR,0.0,,,,,,,,,,,,,,-11.0,,,,,,,,,,,,,,1.0,,,,,,,0.0,,,,,,,1.0,,,,,,,CLE,AFC North,outdoor,11.0,6.0,WR,63.5,62.76318,0.498953227124183,0.5659888646816751,0.367126,0.632874,1,1.0
00-0029137,A.Jeffery,WR,6.0,5.0,1.0,,,,,3.960526315789474,2.697674418604651,4.166666666666667,,,,,,2.0,,,,,,,,,,,,,15.0,9.0,7.0,,,,,109.0,73.0,13.0,,,,,0.0,1.0,0.0,,,,,PHI,NFC East,outdoor,9.0,8.0,WR,67.1875,33.699024,0.5190461601307189,0.503769215439696,0.33302325,0.66697675,31,10.333333333333334
00-0029141,A.Morris,RB,2.0,0.0,2.0,,,,,8.375,,5.666666666666667,,,,,3.855855855855856,4.0,4.327272727272727,,,,,,,,,,,,11.0,1.0,9.0,,,,,13.0,0.0,4.0,,,,,111.0,1.0,55.0,,,,,NYG,NFC East,outdoor,11.0,8.0,RB,59.375,39.797707,0.4859579248366013,0.615530303030303,0.3736842,0.6263158,21,7.0
00-0029159,J.Kearse,WR,1.0,,,,,,,3.3783783783783785,,,,,,,,,,,,,,,,,,,,,13.0,,,,,,,76.0,,,,,,,0.0,,,,,,,NYJ,AFC East,outdoor,11.0,6.0,WR,59.875,58.43902,0.5000147811317509,0.5613746157224417,0.39457202,0.605428,13,13.0
00-0029205,T.Cadet,RB,0.0,,,,,,,4.0,,,,,,,1.5454545454545454,,,,,,,,,,,,,,1.0,,,,,,,1.0,,,,,,,11.0,,,,,,,CAR,NFC South,outdoor,4.0,6.0,RB,62.375,70.11246,0.4936683006535948,0.6513171412195993,0.37274548,0.6272545,1,1.0
00-0029239,B.Bolden,RB,3.0,4.0,,3.0,1.0,1.0,,6.333333333333333,6.555555555555555,,9.577777777777778,3.0,,,11.375,4.533333333333333,,5.136363636363637,3.882352941176471,7.75,,,,,,,,,5.0,9.0,,17.0,8.0,3.0,,3.0,11.0,,55.0,9.0,0.0,,8.0,15.0,,44.0,17.0,4.0,,LV,AFC West,indoor,13.0,11.0,RB,58.64705882352941,56.400406,0.4903226925445101,0.6064992917426199,0.39217654,0.6078235,42,8.4
00-0029263,R.Wilson,QB,37.0,36.0,44.0,27.0,19.0,29.0,20.0,-1.0,,,,2.0,,,5.571428571428571,4.956043956043956,6.471264367816092,4.255813953488372,5.036363636363636,4.2625,3.5,0.6563876651982379,0.658578856152513,0.6752136752136753,0.6475,0.6045548654244306,0.6644295302013423,0.6410958904109589,17.0,18.0,17.0,14.0,15.0,15.0,12.0,1.0,0.0,0.0,0.0,1.0,0.0,0.0,70.0,91.0,87.0,43.0,55.0,80.0,46.0,PIT,AFC North,outdoor,9.0,12.0,QB,61.66666666666666,38.71519,0.5053905187806117,,0.43963963,0.5603604,108,15.428571428571429
00-0029269,T.Benjamin,WR,1.0,0.0,,0.0,,,,6.0,3.1666666666666665,,5.0,,,,5.857142857142857,,,,,,,,,,,,,,14.0,5.0,,5.0,,,,29.0,16.0,,7.0,,,,7.0,0.0,,0.0,,,,SF,NFC West,outdoor,6.0,9.0,WR,59.8,64.19551,0.52906162464986,0.622712976890469,0.46237457,0.53762543,24,8.0
00-0029273,R.Turbin,RB,0.0,,,,,,,3.0,,,,,,,2.5,,,,,,,,,,,,,,2.0,,,,,,,2.0,,,,,,,4.0,,,,,,,IND,AFC South,indoor,9.0,6.0,RB,64.77777777777777,91.8102,0.486355970263349,0.580975954738331,0.3464837,0.6535163,2,2.0
00-0029293,M.Jones,WR,5.0,9.0,9.0,4.0,4.0,0.0,,3.057142857142857,1.7096774193548387,2.5789473684210527,1.643835616438356,2.18,1.8,,,0.0,,,,,,,,,,,,,9.0,13.0,16.0,17.0,18.0,4.0,,62.0,91.0,115.0,120.0,90.0,10.0,,0.0,2.0,0.0,0.0,0.0,0.0,,DET,NFC North,indoor,9.0,11.0,WR,65.4,71.383415,0.4974600717479974,0.6759776536312849,0.41590214,0.58409786,77,12.833333333333334
00-0029319,J.Bellamy,WR,1.0,0.0,,,,,,3.2666666666666666,5.0,,,,,,,,,,,,,,,,,,,,14.0,2.0,,,,,,26.0,3.0,,,,,,0.0,0.0,,,,,,NYJ,AFC East,outdoor,4.0,7.0,WR,59.0625,35.185875,0.4572610294117647,0.5876277451619917,0.38201058,0.6179894,16,8.0
00-0029388,D.Thompson,WR,0.0,,,,,,,1.880952380952381,,,,,,,,,,,,,,,,,,,,,12.0,,,,,,,15.0,,,,,,,0.0,,,,,,,BUF,AFC East,outdoor,11.0,6.0,WR,62.5625,53.941257,0.5155121259029928,0.5674639111420721,0.4035964,0.5964036,24,24.0
00-0029414,O.Charles,TE,0.0,,,,,,,8.0,,,,,,,,,,,,,,,,,,,,,5.0,,,,,,,5.0,,,,,,,0.0,,,,,,,CLE,AFC North,outdoor,11.0,6.0,TE,63.5,62.76318,0.498953227124183,0.5659888646816751,0.367126,0.632874,5,5.0
00-0029567,N.Foles,QB,11.0,3.0,11.0,1.0,0.0,,,7.0,,,,,,,1.3333333333333333,5.75,0.0625,2.0,4.0,,,0.6917293233082706,0.6581196581196581,0.6474358974358975,0.6857142857142857,0.5952380952380952,,,7.0,4.0,9.0,1.0,2.0,,,1.0,0.0,0.0,0.0,0.0,,,12.0,4.0,16.0,4.0,2.0,,,IND,AFC South,indoor,14.0,10.0,QB,64.70588235294117,36.989517,0.4991207835043202,,0.37363636,0.62636364,23,4.6
00-0029572,J.Wright,WR,1.0,0.0,,,,,,4.604651162790698,3.1785714285714284,,,,,,19.5,-7.0,,,,,,,,,,,,,16.0,16.0,,,,,,59.0,58.0,,,,,,2.0,1.0,,,,,,CAR,NFC South,outdoor,7.0,7.0,WR,67.0625,42.586494,0.5361492733058135,0.5732970643703393,0.33271202,0.667288,32,16.0
00-0029580,R.Matthews,WR,0.0,,,,,,,0.8333333333333334,,,,,,,,,,,,,,,,,,,,,5.0,,,,,,,4.5,,,,,,,0.0,,,,,,,NYJ,AFC East,outdoor,11.0,6.0,WR,59.875,58.43902,0.5000147811317509,0.5613746157224417,0.39457202,0.605428,10,10.0
00-0029587,R.Ellison,TE,1.0,1.0,,,,,,5.2,4.611111111111111,,,,,,,,,,,,,,,,,,,,13.0,10.0,,,,,,34.0,28.0,,,,,,0.0,0.0,,,,,,NYG,NFC East,outdoor,11.0,7.0,TE,63.1875,59.12354,0.4565206290849673,0.7459280008299616,0.32542038,0.6745796,23,11.5
00-0029604,K.Cousins,QB,31.0,29.0,36.0,34.0,34.0,18.0,18.0,6.0,,,,4.0,,,2.7954545454545454,1.878787878787879,4.875,3.9655172413793114,3.0625,1.7857142857142858,0.0,0.7013201320132013,0.6884920634920635,0.6763565891472868,0.6631016042780749,0.6671554252199413,0.6945337620578779,0.6688741721854304,16.0,17.0,16.0,16.0,18.0,8.0,14.0,1.0,1.0,0.0,0.0,1.0,0.0,0.0,44.0,33.0,32.0,29.0,32.0,14.0,23.0,ATL,NFC South,indoor,12.0,12.0,QB,63.11764705882353,67.74269,0.5062640742571539,,0.444548,0.555452,105,15.0
00-0029608,T.Hilton,WR,7.0,5.0,5.0,3.0,0.0,,,5.635294117647059,4.733333333333333,3.5,3.0869565217391304,4.5,,,,,,,,,,,,,,,,,16.0,10.0,16.0,10.0,5.0,,,141.0,68.0,98.0,37.0,15.0,,,0.0,0.0,0.0,0.0,0.0,,,DAL,NFC East,indoor,9.0,10.0,WR,64.63157894736842,77.74025,0.5006418264443359,0.6230975947211579,0.44869706,0.5513029,57,11.4
00-0029613,D.Martin,RB,4.0,,,,,,,5.222222222222222,,,,,,,4.203488372093023,,,,,,,,,,,,,,16.0,,,,,,,24.0,,,,,,,172.0,,,,,,,LV,AFC West,indoor,,,,61.125,38.68121,,0.5111512959614225,0.37627813,0.6237219,16,16.0
00-0029615,L.Miller,RB,6.0,,0.0,,,,,6.909090909090909,,2.0,,,,,4.609302325581395,,,,,,,,,,,,,,15.0,,1.0,,,,,45.0,,2.0,,,,,215.0,,0.0,,,,,CHI,NFC North,outdoor,11.0,,,63.70588235294117,68.71866,0.4944252210688197,0.5053825179592051,0.3508772,0.64912283,16,8.0
00-0029623,A.Tanney,QB,,0.0,,,,,,,,,,,,,,,,,,,,,1.0,,,,,,,1.0,,,,,,,0.0,,,,,,,0.0,,,,,,NYG,NFC East,outdoor,11.0,7.0,QB,63.1875,59.12354,0.4565206290849673,,0.32542038,0.6745796,1,1.0
00-0029632,M.Sanu,WR,5.0,1.0,0.5,0.0,,,,6.075757575757576,3.28956228956229,3.03125,2.933333333333333,,,,6.285714285714286,4.75,3.0,,,,,0.5,,,,,,,16.0,16.0,7.0,8.0,,,,94.0,47.0,12.0,24.0,,,,7.0,1.5,0.5,0.0,,,,SF,NFC West,outdoor,6.0,9.0,WR,59.8,64.19551,0.52906162464986,0.622712976890469,0.46237457,0.53762543,70,17.5
00-0029638,M.Floyd,WR,1.0,,,,,,,2.9,,,,,,,,,,,,,,,,,,,,,10.0,,,,,,,24.0,,,,,,,0.0,,,,,,,WAS,NFC East,outdoor,4.0,6.0,WR,59.9375,48.97035,0.4762050653594771,0.5922288359788359,0.3806048,0.6193952,10,10.0
00-0029640,B.Quick,WR,0.0,,,,,,,0.3333333333333333,,,,,,,,,,,,,,,,,,,,,2.0,,,,,,,3.0,,,,,,,0.0,,,,,,,WAS,NFC East,outdoor,4.0,6.0,WR,59.9375,48.97035,0.4762050653594771,0.5922288359788359,0.3806048,0.6193952,2,2.0
00-0029664,J.Gordon,WR,2.0,0.5,,1.0,0.0,,,3.3,4.467857142857143,,1.0,,,,,1.0,,,,,,,0.0,,,,,,12.0,11.0,,9.0,1.0,,,35.5,23.5,,14.0,1.0,,,0.0,0.5,,0.0,0.0,,,TEN,AFC South,outdoor,6.0,10.0,WR,57.588235294117645,31.882746,0.4938292964244521,0.5829132359122716,0.4596527,0.5403473,56,14.0
00-0029665,R.Griffin,QB,0.0,1.0,0.0,,,,,,,,,,,,,3.05,5.75,,,,,0.3333333333333333,0.6052631578947368,0.5714285714285714,,,,,2.0,6.0,4.0,,,,,0.0,0.0,0.0,,,,,0.0,20.0,12.0,,,,,BAL,AFC North,outdoor,7.0,8.0,QB,61.833333333333336,50.002163,0.4988676757252608,,0.4950584,0.5049416,12,4.0
00-0029668,A.Luck,QB,42.0,,,,,,,0.0,,,,,,,3.4642857142857144,,,,,,,0.6619519094766619,,,,,,,18.0,,,,,,,2.0,,,,,,,56.0,,,,,,,IND,AFC South,indoor,9.0,6.0,QB,64.77777777777777,91.8102,0.486355970263349,,0.3464837,0.6535163,18,18.0
00-0029677,B.Weeden,QB,0.0,,,,,,,,,,,,,,-1.0,,,,,,,,,,,,,,1.0,,,,,,,0.0,,,,,,,1.0,,,,,,,HOU,AFC South,indoor,10.0,6.0,QB,64.29411764705883,28.896332,0.4771671826625386,,0.37968892,0.6203111,1,1.0
00-0029682,B.Osweiler,QB,6.0,,,,,,,,,,,,,,2.625,,,,,,,0.6348314606741573,,,,,,,7.0,,,,,,,0.0,,,,,,,8.0,,,,,,,MIA,AFC East,outdoor,11.0,6.0,QB,54.125,24.558413,0.4648585311317509,,0.40300232,0.5969977,7,7.0
00-0029689,D.Allen,TE,0.0,,,,,,,9.333333333333334,,,,,,,,,,,,,,,,,,,,,3.0,,,,,,,4.0,,,,,,,0.0,,,,,,,NE,AFC East,outdoor,11.0,6.0,TE,67.73684210526316,89.24453,0.5122469809715207,0.5809352517985611,0.43667445,0.5633256,3,3.0
00-0029701,R.Tannehill,QB,18.0,32.0,42.0,30.0,16.0,5.0,,1.0,,0.0,,,,,4.53125,3.928571428571429,6.044444444444444,4.862068965517241,2.8823529411764706,4.352941176470588,,0.6423357664233577,0.684971098265896,0.6568047337278107,0.6702702702702703,0.6523076923076923,0.6478260869565218,,11.0,15.0,17.0,18.0,12.0,9.0,,1.0,0.0,2.0,0.0,0.0,1.0,,32.0,56.0,45.0,58.0,34.0,17.0,,TEN,AFC South,outdoor,7.0,11.0,QB,57.88235294117647,14.859611,0.5134260102389769,,0.41463414,0.58536583,82,13.666666666666666
00-0029738,D.Fells,TE,3.0,8.0,4.0,0.0,,,,6.0,4.7317073170731705,8.428571428571429,6.75,,,,,,,,,,,,,,,,,,8.0,17.0,12.0,3.0,,,,12.0,60.0,28.0,5.0,,,,0.0,0.0,0.0,0.0,,,,DET,NFC North,indoor,9.0,,,62.11764705882353,65.62784,0.5211786675454496,0.6605004737703506,0.3910985,0.6089015,40,10.0
00-0029795,B.Cunningham,RB,0.0,,,,,,,13.0,,,,,,,1.8333333333333333,,,,,,,,,,,,,,6.0,,,,,,,2.0,,,,,,,12.0,,,,,,,CHI,NFC North,outdoor,5.0,5.0,RB,62.52941176470589,66.348526,0.4291239199498169,0.6788728897715988,0.4035748,0.59642524,6,6.0
00-0029848,N.Williams,WR,0.0,,,,,,,2.5,,,,,,,,,,,,,,,,,,,,,3.0,,,,,,,2.5,,,,,,,0.0,,,,,,,LA,NFC West,outdoor,12.0,5.0,WR,65.42105263157895,69.57601,0.5018874585845419,0.6504247876061968,0.40868866,0.59131134,6,6.0
00-0029854,C.Anderson,RB,2.5,0.0,,,,,,16.357142857142858,,,,,,,4.908239700374532,2.6875,,,,,,,,,,,,,12.0,2.0,,,,,,7.0,0.0,,,,,,56.5,16.0,,,,,,DET,NFC North,indoor,5.0,6.0,RB,63.1875,55.215973,0.4982289516683866,0.5911059197941531,0.36795253,0.6320475,26,13.0
00-0029857,R.Griffin,QB,,0.0,,,,,,,,,,,,,,-0.25,,,,,,,0.5,,,,,,,2.0,,,,,,,0.0,,,,,,,4.0,,,,,,TB,NFC South,outdoor,7.0,6.0,QB,67.0,56.31063,0.4875381621947024,,0.33675373,0.6632463,2,2.0
00-0030035,A.Thielen,WR,9.0,7.0,14.0,10.0,6.0,4.0,5.0,3.68141592920354,3.4285714285714284,3.283783783783784,3.567164179104477,2.150684931506849,3.300970873786408,3.1666666666666665,6.0,1.8,5.0,2.0,4.0,6.0,,,,,,,,,16.0,12.0,15.0,13.0,18.0,17.0,10.0,153.0,64.0,108.0,95.0,111.0,137.0,62.0,5.0,5.0,3.0,1.0,1.0,1.0,0.0,CAR,NFC South,outdoor,11.0,11.0,WR,58.05882352941177,64.39622,0.4901164387323556,0.6359375,0.36372846,0.63627154,101,14.428571428571429
00-0030061,Z.Ertz,TE,8.0,6.0,1.0,2.5,4.0,1.0,8.0,3.0873015873015874,3.011111111111111,2.4444444444444446,4.643126177024483,2.765957446808511,1.7037037037037035,2.6904761904761907,,,,4.0,,,,,,,,,,,18.0,16.0,11.0,18.0,10.0,7.0,20.0,171.0,139.0,72.0,58.0,69.0,43.0,116.0,0.0,0.0,0.0,0.5,0.0,0.0,0.0,WAS,NFC East,outdoor,14.0,11.0,TE,65.4,53.9981,0.4818996019460416,0.7281144781144782,0.39831805,0.60168195,118,16.857142857142858
00-0030068,M.Goodwin,WR,4.0,1.0,,1.0,4.0,0.0,,5.478260869565218,2.75,,4.15,4.222222222222222,5.25,,2.25,15.0,,-0.5,2.5,8.25,,,,,,,,,11.0,8.0,,14.0,12.0,11.0,,44.0,21.0,,40.0,42.0,14.0,,4.0,1.0,,2.0,2.0,4.0,,CLE,AFC North,outdoor,5.0,10.0,WR,69.5,56.85959,0.5293142988189428,0.5528471719840141,0.40207833,0.59792167,56,11.2
00-0030085,K.Stills,WR,7.0,5.0,1.0,1.0,,,,3.5405405405405403,3.978723404255319,1.5454545454545454,1.6666666666666667,,,,,,,1.0,,,,1.0,,,,,,,15.0,15.0,7.0,7.0,,,,64.0,66.0,19.0,23.0,,,,0.0,0.0,0.0,1.0,,,,NO,NFC South,indoor,6.0,8.0,WR,61.1764705882353,58.540142,0.4971569639207592,0.5866549372866078,0.44134617,0.55865383,44,11.0
00-0030089,L.Willson,TE,0.0,0.0,0.0,,,,,4.461538461538462,5.222222222222222,2.0,,,,,,1.0,,,,,,,,,,,,,10.0,7.0,2.0,,,,,19.0,11.0,3.0,,,,,0.0,1.0,0.0,,,,,BAL,AFC North,outdoor,7.0,,,61.833333333333336,50.002163,0.4988676757252608,0.5038241239892183,0.4950584,0.5049416,19,6.333333333333333
00-0030107,T.Riddick,RB,0.0,,0.0,,,,,6.655737704918033,,6.6,,,,,4.275,,2.333333333333333,,,,,,,,,,,,14.0,,4.0,,,,,74.0,,6.0,,,,,40.0,,6.0,,,,,LV,AFC West,indoor,6.0,7.0,RB,64.0,74.42612,0.5318519951840385,0.6267523256884959,0.4111328,0.5888672,18,9.0
00-0030108,R.Griffin,TE,0.0,5.0,0.0,2.0,0.0,,,6.2,5.352941176470588,5.444444444444445,5.518518518518518,2.25,,,,,,,,,,,,,,,,,14.0,13.0,5.0,14.0,7.0,,,48.0,41.0,12.0,42.0,8.0,,,0.0,0.0,0.0,0.0,0.0,,,CHI,NFC North,outdoor,14.0,9.0,TE,57.94117647058823,12.246025,0.554348529917643,0.49767416545718435,0.48324874,0.5167513,53,10.6
00-0030147,R.Shepard,WR,2.0,0.0,,,,,,1.6,4.333333333333333,,,,,,,,,,,,,,,,,,,,7.0,2.0,,,,,,19.0,8.0,,,,,,0.0,0.0,,,,,,NYG,NFC East,outdoor,11.0,6.0,WR,63.1875,59.12354,0.4565206290849673,0.7459280008299616,0.32542038,0.6745796,9,4.5
00-0030151,T.Bray,QB,,,0.0,,,,,,,,,,,,,,,,,,,,,0.2,,,,,,,1.0,,,,,,,0.0,,,,,,,0.0,,,,,CHI,NFC North,outdoor,11.0,7.0,QB,63.70588235294117,68.71866,0.4944252210688197,,0.3508772,0.64912283,1,1.0
00-0030155,D.Harris,TE,3.0,3.0,0.0,0.0,,,,5.923076923076923,4.533333333333333,3.571428571428572,4.333333333333333,,,,,,,,,,,,,,,,,,12.0,13.0,7.0,3.0,,,,27.0,27.0,14.0,6.0,,,,0.0,0.0,0.0,0.0,,,,ARI,NFC West,indoor,12.0,8.0,TE,64.77777777777777,63.478325,0.5039267558875402,0.6992121865908274,0.39708406,0.60291594,35,8.75
00-0030181,J.Doyle,TE,2.0,4.0,4.0,3.0,,,,4.153846153846154,5.023255813953488,3.3666666666666667,4.310344827586207,,,,,,,,,,,,,,,,,,6.0,15.0,14.0,15.0,,,,33.0,72.0,42.0,43.0,,,,0.0,0.0,0.0,0.0,,,,IND,AFC South,indoor,14.0,8.0,TE,61.41176470588236,66.64005,0.4856746826697655,0.5120155038759691,0.44157088,0.5584291,50,12.5
00-0030216,J.Hill,TE,1.0,3.0,1.0,,,,,10.45,5.888888888888889,4.555555555555555,,,,,,,,,,,,,,,,,,,13.0,14.0,9.0,,,,,28.0,38.0,11.0,,,,,0.0,0.0,0.0,,,,,NO,NFC South,indoor,6.0,7.0,TE,64.44444444444444,74.35508,0.4756144173068837,0.6810655147588193,0.44396552,0.5560345,36,12.0
00-0030279,K.Allen,WR,7.0,6.0,8.0,6.0,4.0,8.0,7.0,4.116504854368932,3.548076923076923,4.37,3.2169811320754715,4.041666666666667,3.6666666666666665,3.4285714285714284,8.333333333333334,5.333333333333333,-1.0,,8.0,3.0,,,,0.0,0.0,,0.5,0.0,17.0,16.0,14.0,16.0,11.0,13.0,15.0,148.0,149.0,147.0,157.0,102.0,150.0,121.0,9.0,3.0,1.0,0.0,1.0,2.0,0.0,CHI,NFC North,outdoor,7.0,11.0,WR,62.294117647058826,26.427608,0.5368157995912503,0.8122775800711743,0.34844193,0.6515581,102,14.571428571428571
00-0030288,R.Burkhead,RB,4.0,3.0,6.0,3.0,1.0,,,7.666666666666667,8.933333333333334,8.04,5.64,5.783783783783784,,,3.525,4.5,4.08955223880597,3.5,3.076923076923077,,,,,,0.0,0.0,,,11.0,14.0,10.0,14.0,15.0,,,27.0,41.0,33.0,32.0,51.0,,,80.0,68.0,67.0,122.0,26.0,,,HOU,AFC South,indoor,6.0,9.0,RB,59.47058823529412,62.593353,0.4687478500171998,0.6331156433452884,0.36597428,0.6340257,64,12.8
00-0030300,J.Brown,WR,5.0,2.0,,,,,,3.2857142857142856,3.6875,,,,,,,,,,,,,,,,,,,,10.0,8.0,,,,,,19.0,28.0,,,,,,0.0,0.0,,,,,,SEA,NFC West,outdoor,11.0,6.0,WR,63.61111111111112,44.799603,0.5306886156021863,0.658578856152513,0.4,0.6,18,9.0
00-0030404,C.Thompson,RB,1.0,0.0,1.0,,,,,5.341463414634147,8.023809523809524,5.35,,,,,4.1395348837209305,3.72972972972973,2.857142857142857,,,,,,,,,,,,10.0,11.0,6.0,,,,,55.0,58.0,23.0,,,,,43.0,37.0,7.0,,,,,JAX,AFC South,outdoor,8.0,7.0,RB,62.5625,58.80053,0.5273948120915033,0.6087055786712391,0.30669332,0.6933067,27,9.0
00-0030414,S.Ware,RB,2.0,0.0,,,,,,11.761904761904765,3.0,,,,,,4.823529411764706,3.0,,,,,,,,,,,,,12.0,3.0,,,,,,24.0,7.0,,,,,,51.0,17.0,,,,,,KC,AFC West,outdoor,12.0,6.0,RB,60.47368421052632,78.362206,0.5243626998352434,0.6521959584040121,0.3394256,0.66057444,15,7.5
00-0030422,D.Sims,TE,0.0,,,,,,,4.5,,,,,,,,,,,,,,,,,,,,,2.0,,,,,,,4.0,,,,,,,0.0,,,,,,,CHI,NFC North,outdoor,5.0,5.0,TE,62.52941176470589,66.348526,0.4291239199498169,0.6788728897715988,0.4035748,0.59642524,2,2.0
00-0030431,R.Woods,WR,7.0,3.0,9.0,5.0,2.0,1.0,0.0,4.631067961165049,6.4,5.068627450980392,4.4,2.943396226415094,3.119047619047619,3.409090909090909,7.304347826086956,6.764705882352941,6.08,5.75,,7.0,,,,,,,,,19.0,15.0,18.0,9.0,17.0,15.0,13.0,159.0,139.0,147.0,69.0,91.0,81.0,34.0,23.0,17.0,25.0,8.0,0.0,1.0,0.0,HOU,AFC South,indoor,14.0,11.0,WR,62.0,36.51212,0.4967437944706969,0.5956529885703579,0.37011886,0.62988114,106,15.142857142857142
00-0030432,C.Michael,RB,0.0,,,,,,,,,,,,,,4.5,,,,,,,,,,,,,,1.0,,,,,,,0.0,,,,,,,2.0,,,,,,,IND,AFC South,indoor,9.0,5.0,RB,64.77777777777777,91.8102,0.486355970263349,0.580975954738331,0.3464837,0.6535163,1,1.0
00-0030433,M.Gillislee,RB,0.0,,,,,,,9.0,,,,,,,2.6875,,,,,,,,,,,,,,4.0,,,,,,,1.0,,,,,,,16.0,,,,,,,NO,NFC South,indoor,6.0,5.0,RB,62.333333333333336,82.272766,0.4938558269311623,0.5736363520179945,0.43582886,0.56417114,4,4.0
00-0030443,L.Toilolo,TE,1.0,0.0,0.0,,,,,5.238095238095238,6.5,5.2,,,,,,,,,,,,,,,,,,,11.0,2.0,5.0,,,,,24.0,2.0,6.0,,,,,0.0,0.0,0.0,,,,,NYG,NFC East,outdoor,11.0,7.0,TE,59.375,39.797707,0.4859579248366013,0.615530303030303,0.3736842,0.6263158,18,6.0
00-0030456,G.Bernard,RB,3.0,0.0,6.0,4.0,0.0,,,6.485714285714286,7.333333333333333,7.446808510638298,5.964285714285714,3.5,,,3.767857142857143,3.207547169811321,3.3548387096774195,4.857142857142857,3.5,,,,,,,,,,12.0,16.0,16.0,12.0,2.0,,,48.0,43.0,59.0,37.0,2.0,,,56.0,53.0,124.0,21.0,8.0,,,TB,NFC South,outdoor,11.0,9.0,RB,68.22222222222223,91.18739,0.5095879677407025,0.580134890835767,0.30781758,0.6921824,58,11.6
00-0030465,K.Barner,RB,0.0,0.0,0.0,0.0,,,,0.0,4.5,,,,,,3.736842105263158,7.0,,0.0,,,,,1.0,,,,,,6.0,8.0,1.0,1.0,,,,0.5,8.0,1.0,0.0,,,,9.5,4.0,0.0,4.0,,,,TB,NFC South,outdoor,9.0,8.0,RB,66.47368421052632,85.10158,0.4811745566185846,0.6539842873176207,0.3182898,0.68171024,22,5.5
00-0030470,V.McDonald,TE,4.0,3.0,0.0,,,,,7.74,4.526315789473684,5.266666666666667,,,,,,2.0,,,,,,,,,,,,,15.0,14.0,10.0,,,,,72.0,55.0,22.0,,,,,0.0,1.0,0.0,,,,,PIT,AFC North,outdoor,4.0,7.0,TE,65.52941176470588,100.0,0.4678640806167668,0.680386220815559,0.32675046,0.67324954,39,13.0
00-0030472,J.Reed,TE,2.0,,4.0,,,,,4.277777777777778,,3.230769230769231,,,,,,,,,,,,,,,,,,,13.0,,10.0,,,,,84.0,,46.0,,,,,0.0,,0.0,,,,,SF,NFC West,outdoor,11.0,7.0,TE,65.0,59.164993,0.532670332387341,0.6510944066158789,0.4048077,0.5951923,23,11.5
00-0030496,L.Bell,RB,,4.0,1.0,1.5,,,,,6.666666666666667,7.538461538461538,3.25,,,,,3.220408163265306,3.947368421052632,2.4637096774193545,,,,,,,,,,,,15.0,12.0,8.0,,,,,78.0,11.5,3.5,,,,,245.0,42.0,19.5,,,,TB,NFC South,outdoor,9.0,8.0,RB,66.47368421052632,85.10158,0.4811745566185846,0.6539842873176207,0.3182898,0.68171024,55,18.33333333333333
00-0030506,T.Kelce,TE,11.0,10.0,14.0,14.0,16.0,8.0,4.0,5.610619469026549,4.258620689655173,5.279411764705882,6.086956521739131,5.518248175182482,5.024,3.872727272727273,,3.0,,1.5,2.5,5.0,1.0,,,0.5,1.0,,,,18.0,19.0,18.0,19.0,20.0,19.0,19.0,166.0,158.0,185.0,161.0,183.0,158.0,151.0,0.0,2.0,0.0,2.0,2.0,1.0,1.0,KC,AFC West,outdoor,6.0,11.0,TE,61.4,56.569695,0.5115963929431422,0.6523858592263792,0.35667753,0.64332247,132,18.857142857142858
00-0030513,L.Murray,RB,6.0,6.0,6.0,6.0,3.0,4.0,,5.227272727272728,8.428571428571429,8.8,7.1,8.423076923076923,5.7727272727272725,,4.128571428571429,4.357615894039735,4.433333333333334,4.2100840336134455,4.78778409090909,3.79746835443038,,,,,,,,,16.0,17.0,16.0,14.0,13.0,17.0,,26.0,45.0,28.0,13.0,17.5,28.0,,140.0,151.0,150.0,119.0,85.5,79.0,,BUF,AFC East,outdoor,13.0,10.0,RB,65.10526315789474,84.47906,0.4835217558861033,0.6666666666666666,0.40824574,0.59175426,106,17.666666666666668
00-0030516,B.Butler,WR,0.5,,,,,,,0.1666666666666666,,,,,,,,,,,,,,,,,,,,,5.0,,,,,,,5.0,,,,,,,0.0,,,,,,,DAL,NFC East,indoor,8.0,,,62.72222222222222,38.6368,0.5028057275541795,0.6734348561759729,0.3976971,0.6023029,10,10.0
00-0030520,M.Glennon,QB,1.0,1.0,7.0,5.0,,,,,,,,,,,,0.0,2.833333333333333,4.714285714285714,,,,0.7142857142857143,0.6,0.6201117318435754,0.5389221556886228,,,,2.0,2.0,5.0,6.0,,,,0.0,0.0,0.0,0.0,,,,0.0,2.0,6.0,7.0,,,,NYG,NFC East,outdoor,10.0,8.0,QB,61.294117647058826,64.325325,0.5276463939548988,,0.3637236,0.63627636,15,3.75
00-0030521,J.Hunter,WR,0.0,,,,,,,0.6666666666666666,,,,,,,,,,,,,,,,,,,,,4.0,,,,,,,13.0,,,,,,,0.0,,,,,,,PIT,AFC North,outdoor,7.0,5.0,WR,65.375,86.87116,0.4928459322325421,0.5848148148148148,0.30305928,0.6969407,4,4.0
00-0030525,T.Austin,WR,2.0,2.0,0.0,1.0,,,,3.9,6.538461538461538,8.4,2.833333333333333,,,,7.428571428571429,7.833333333333333,,7.0,,,,,,,,,,,9.0,13.0,3.0,11.0,,,,15.0,24.0,5.0,37.0,,,,7.0,6.0,0.0,3.0,,,,JAX,AFC South,outdoor,7.0,8.0,WR,60.23529411764706,73.20424,0.508349593707452,0.798172757475083,0.34570312,0.6542969,36,9.0
00-0030533,M.Barkley,QB,3.0,0.0,1.0,,,0.0,,,,,,,,,-0.6666666666666666,-2.0,-1.0,,,-1.0,,0.6,0.5294117647058824,0.5238095238095238,,,,,1.0,2.0,4.0,,,1.0,,0.0,0.0,0.0,,,0.0,,3.0,2.0,6.0,,,3.0,,JAX,AFC South,outdoor,9.0,10.0,QB,64.82352941176471,64.0079,0.5286191256688434,,0.35480943,0.64519054,8,2.0
00-0030542,T.Williams,WR,0.0,,,,,,,3.0,,,,,,,,,,,,,,,,,,,,,2.0,,,,,,,3.0,,,,,,,0.0,,,,,,,DAL,NFC East,indoor,8.0,5.0,WR,62.72222222222222,38.6368,0.5028057275541795,0.6734348561759729,0.3976971,0.6023029,2,2.0
00-0030549,T.Eifert,TE,1.0,3.0,2.0,,,,,3.6,2.604651162790698,2.833333333333333,,,,,,,,,,,,,,,,,,,4.0,16.0,14.0,,,,,19.0,63.0,60.0,,,,,0.0,0.0,0.0,,,,,JAX,AFC South,outdoor,8.0,7.0,TE,62.5625,58.80053,0.5273948120915033,0.6087055786712391,0.30669332,0.6933067,34,11.333333333333334
00-0030564,D.Hopkins,WR,11.0,8.0,6.0,8.0,3.0,7.0,3.0,3.3,3.4873949579831933,4.51304347826087,3.333333333333333,2.578125,2.973333333333333,1.306060606060606,-7.0,9.0,1.0,,,4.5,,0.0,0.5,,,,0.0,,17.0,17.0,16.0,10.0,9.0,17.0,19.0,173.0,172.0,160.0,64.0,96.0,137.0,44.0,1.0,2.0,1.0,0.0,0.0,2.0,0.0,KC,AFC West,outdoor,6.0,11.0,WR,61.4,56.569695,0.5115963929431422,0.6523858592263792,0.35667753,0.64332247,124,17.714285714285715
00-0030565,G.Smith,QB,0.0,,0.0,6.0,33.0,21.0,23.0,,,,,,6.0,,0.25,,-1.0,4.666666666666667,5.472222222222222,4.1891891891891895,5.132075471698113,0.25,,0.8,0.6842105263157895,0.6985172981878089,0.6472945891783567,0.7041522491349481,4.0,,1.0,4.0,18.0,15.0,17.0,0.0,,0.0,0.0,0.0,1.0,0.0,8.0,,2.0,9.0,72.0,37.0,53.0,SEA,NFC West,outdoor,10.0,11.0,QB,59.88235294117647,43.293674,0.4867004593375017,,0.3388998,0.6611002,59,9.833333333333334
00-0030578,C.Patterson,RB,4.0,0.0,1.0,11.0,8.0,1.0,1.0,7.96,6.545454545454546,5.428571428571429,7.403846153846154,5.523809523809524,4.111111111111111,4.666666666666667,5.288888888888889,6.0588235294117645,3.6,4.03921568627451,4.826388888888889,3.62,4.21875,,,,0.0,,,,18.0,12.0,16.0,16.0,13.0,12.0,13.0,35.0,17.0,25.0,69.0,31.0,12.0,14.0,45.0,17.0,65.0,153.0,144.0,50.0,32.0,PIT,AFC North,outdoor,9.0,11.0,RB,61.66666666666666,38.71519,0.5053905187806117,0.7651389593550934,0.43963963,0.5603604,100,14.285714285714286
00-0030656,I.Crowell,RB,6.0,,,,,,,8.238095238095237,,,,,,,4.79020979020979,,,,,,,,,,,,,,13.0,,,,,,,28.0,,,,,,,143.0,,,,,,,NYJ,AFC East,outdoor,11.0,4.0,RB,59.875,58.43902,0.5000147811317509,0.5613746157224417,0.39457202,0.605428,13,13.0
00-0030663,W.Snead,WR,1.0,5.0,3.0,0.0,,0.0,,4.6923076923076925,3.702702702702703,5.0,3.6666666666666665,,1.5,,13.0,1.0,,,,,,,,,,,,,15.0,17.0,15.0,7.0,,2.0,,101.0,54.0,55.0,4.0,,3.0,,1.0,2.0,0.0,0.0,,0.0,,SF,NFC West,outdoor,9.0,9.0,WR,59.6,64.16513,0.5173775124084722,0.6431159420289856,0.44630873,0.55369127,63,12.6
00-0030668,C.West,RB,1.0,,,,,,,12.5,,,,,,,-0.5,,,,,,,,,,,,,,2.0,,,,,,,3.0,,,,,,,2.0,,,,,,,KC,AFC West,outdoor,12.0,4.0,RB,61.66666666666666,73.70062,0.4927880021404273,0.6600204498977504,0.35135135,0.6486486,2,2.0
00-0030669,A.Wilson,WR,5.0,1.0,,0.0,,,,12.884615384615383,4.162790697674419,,5.72,,,,2.0,9.0,,4.25,,,,1.0,0.5,,0.0,,,,7.0,13.0,,10.0,,,,35.0,62.0,,39.0,,,,8.0,5.0,,4.0,,,,MIA,AFC East,outdoor,14.0,7.0,WR,63.8235294117647,63.645893,0.4521337946943483,0.6522508591065292,0.3658986,0.6341014,30,10.0
00-0030670,B.Fowler,WR,1.0,0.0,0.0,,,,,4.75,1.2608695652173914,0.5,,,,,,20.0,,,,,,,,,,,,,10.0,8.0,1.0,,,,,27.0,36.0,6.0,,,,,0.0,1.0,0.0,,,,,NO,NFC South,indoor,6.0,6.0,WR,64.44444444444444,74.35508,0.4756144173068837,0.6810655147588193,0.44396552,0.5560345,19,6.333333333333333
00-0030710,T.Burton,TE,6.0,0.0,5.0,,,,,3.5185185185185186,2.571428571428572,2.967741935483871,,,,,2.0,,1.5,,,,,,,,,,,,16.0,8.0,12.0,,,,,76.0,24.0,50.0,,,,,1.0,0.0,2.0,,,,,IND,AFC South,indoor,7.0,6.0,TE,64.0,86.04723,0.4483042959185738,0.4611629881154499,0.42922795,0.57077205,36,12.0
00-0030711,D.Fluellen,RB,0.0,,,,,,,,,,,,,,4.0,,,,,,,,,,,,,,2.0,,,,,,,0.0,,,,,,,4.0,,,,,,,TEN,AFC South,outdoor,8.0,4.0,RB,58.125,33.788116,0.5104878848469212,0.6463910741527326,0.44193548,0.5580645,2,2.0
00-0030737,F.Martino,WR,0.0,,,,,,,,,,,,,,,,,,,,,,,,,,,,1.0,,,,,,,1.0,,,,,,,0.0,,,,,,,TB,NFC South,outdoor,5.0,4.0,WR,65.5625,65.32288,0.5088337418300654,0.656084656084656,0.30600572,0.6939943,1,1.0
00-0030780,R.Hewitt,TE,1.0,,,,,,,0.0,,,,,,,,,,,,,,,,,,,,,3.0,,,,,,,3.0,,,,,,,0.0,,,,,,,IND,AFC South,indoor,9.0,4.0,TE,64.77777777777777,91.8102,0.486355970263349,0.580975954738331,0.3464837,0.6535163,3,3.0
00-0030821,A.Hurns,WR,2.0,2.0,,,,,,4.047619047619048,3.0,,,,,,,,,,,,,,,,,,,,14.0,14.0,,,,,,36.0,47.0,,,,,,0.0,0.0,,,,,,MIA,AFC East,outdoor,5.0,5.0,WR,63.375,42.377514,0.4689797794117647,0.5758160020468585,0.295858,0.70414203,28,14.0
00-0030854,E.Swoope,TE,3.0,,,,,,,2.125,,,,,,,,,,,,,,,,,,,,,7.0,,,,,,,10.0,,,,,,,0.0,,,,,,,IND,AFC South,indoor,9.0,4.0,TE,64.77777777777777,91.8102,0.486355970263349,0.580975954738331,0.3464837,0.6535163,7,7.0
00-0030874,D.Williams,RB,10.0,13.0,,3.0,0.0,0.0,,9.454545454545457,7.463414634146342,,6.8125,,5.5,,4.882352941176471,4.420382165605096,,4.1,1.0,3.909090909090909,,,,,,,,,12.0,14.0,,10.0,1.0,3.0,,38.0,57.0,,23.0,0.0,2.0,,85.0,157.0,,40.0,2.0,11.0,,ARI,NFC West,indoor,14.0,9.0,RB,63.0,56.27595,0.5453732370141039,0.6186548460703999,0.40709618,0.59290385,40,8.0
00-0031023,Q.Enunwa,WR,1.0,0.0,,,,,,7.5,-4.0,,,,,,0.0,,,,,,,,,,,,,,11.0,1.0,,,,,,68.0,3.0,,,,,,1.0,0.0,,,,,,NYJ,AFC East,outdoor,4.0,5.0,WR,59.0625,35.185875,0.4572610294117647,0.5876277451619917,0.38201058,0.6179894,12,6.0
00-0031035,X.Grimble,TE,0.0,0.0,,,,,,9.333333333333334,2.0,,,,,,,,,,,,,,,,,,,,7.0,2.0,,,,,,8.0,3.0,,,,,,0.0,0.0,,,,,,PIT,AFC North,outdoor,7.0,5.0,TE,57.75,64.751114,0.4857698013415892,0.6038080854135796,0.3917749,0.6082251,9,4.5
00-0031045,C.Hyde,RB,2.5,7.0,4.0,1.0,,,,5.583333333333334,5.071428571428571,6.75,6.25,,,,3.3047489413188145,4.240875912408759,4.247058823529412,3.513888888888889,,,,,,,,,,,14.0,18.0,11.0,11.0,,,,8.0,21.0,20.0,21.0,,,,86.0,274.0,85.0,72.0,,,,JAX,AFC South,outdoor,7.0,7.0,RB,60.23529411764706,73.20424,0.508349593707452,0.798172757475083,0.34570312,0.6542969,68,17.0
00-0031051,J.Brown,WR,5.0,8.0,3.0,0.0,1.0,,,3.6818181818181817,2.9342105263157894,4.465116279069767,,0.0,,,1.3333333333333333,3.5,,,,,,,1.0,,,,,,17.0,16.0,12.0,3.0,3.0,,,100.0,123.0,71.0,1.5,3.0,,,3.0,2.0,0.0,0.0,0.0,,,BUF,AFC East,outdoor,7.0,8.0,WR,63.94444444444444,67.04495,0.4973808431754768,0.45690035273368607,0.34578627,0.6542137,54,10.8
00-0031060,D.Thomas,WR,1.0,0.0,,,,,,10.0,3.0,,,,,,6.0,2.5,,,,,,,,,,,,,3.0,3.0,,,,,,5.0,1.0,,,,,,1.0,1.0,,,,,,KC,AFC West,outdoor,12.0,,,60.47368421052632,78.362206,0.5243626998352434,0.6521959584040121,0.3394256,0.66057444,9,4.5
00-0031062,J.White,RB,12.0,6.0,3.0,1.0,,,,7.775700934579439,7.714285714285714,8.387755102040817,5.833333333333333,,,,4.431372549019608,4.073529411764706,3.4571428571428573,3.8,,,,,1.0,,,,,,19.0,16.0,14.0,3.0,,,,150.0,100.0,62.0,14.0,,,,102.0,68.0,35.0,10.0,,,,NE,AFC East,outdoor,14.0,7.0,RB,60.94444444444444,71.21648,0.4817108129801628,0.7454057570336641,0.43391067,0.56608933,52,13.0
00-0031068,R.Grant,WR,1.0,0.0,,,,,,2.657142857142857,1.25,,,,,,,,,,,,,,,,,,,,14.0,2.0,,,,,,52.0,9.0,,,,,,0.0,0.0,,,,,,LV,AFC West,indoor,,,,61.3125,69.91976,,0.6518518518518519,0.4240571,0.57594293,16,8.0
00-0031075,A.Blue,RB,2.0,,,,,,,5.318181818181818,,,,,,,3.335526315789474,,,,,,,,,,,,,,17.0,,,,,,,29.0,,,,,,,152.0,,,,,,,HOU,AFC South,indoor,10.0,4.0,RB,64.29411764705883,28.896332,0.4771671826625386,0.6750902527075813,0.37968892,0.6203111,17,17.0
00-0031076,D.Fales,QB,,0.0,,,,,,,,,,,,,,,,,,,,,,,,,,,,1.0,,,,,,,0.0,,,,,,,0.0,,,,,,NYJ,AFC East,outdoor,4.0,5.0,QB,59.0625,35.185875,0.4572610294117647,,0.38201058,0.6179894,1,1.0
00-0031102,K.Bibbs,RB,2.0,,,,,,,5.17948717948718,,,,,,,3.525,,,,,,,,,,,,,,9.0,,,,,,,11.5,,,,,,,10.5,,,,,,,WAS,NFC East,outdoor,4.0,,,59.9375,48.97035,0.4762050653594771,0.5922288359788359,0.3806048,0.6193952,18,18.0
00-0031166,S.Roberts,WR,2.0,2.0,0.0,,,,,4.688888888888889,3.1739130434782608,5.5,,,,,1.6666666666666667,,,,,,,,,,,,,,15.0,15.0,3.0,,,,,64.0,39.0,6.0,,,,,3.0,0.0,0.0,,,,,CAR,NFC South,outdoor,13.0,,,61.375,64.057785,0.5279175266597868,0.6312427409988386,0.36456212,0.6354379,33,11.0
00-0031167,S.Simonson,TE,1.0,0.0,,,,,,3.4444444444444446,1.5,,,,,,,,,,,,,,,,,,,,7.0,2.0,,,,,,14.0,2.0,,,,,,0.0,0.0,,,,,,NYG,NFC East,outdoor,11.0,5.0,TE,63.1875,59.12354,0.4565206290849673,0.7459280008299616,0.32542038,0.6745796,9,4.5
00-0031189,T.Jones,WR,2.0,1.0,,,,,,1.894736842105263,7.666666666666667,,,,,,,,,,,,,,,,,,,,12.0,1.0,,,,,,27.0,4.0,,,,,,0.0,0.0,,,,,,NYG,NFC East,outdoor,11.0,5.0,WR,63.1875,59.12354,0.4565206290849673,0.7459280008299616,0.32542038,0.6745796,13,6.5
00-0031209,S.Perry,RB,,0.0,0.0,,,,,,2.0,,,,,,,1.0,4.5,,,,,,,,,,,,,1.0,1.0,,,,,,1.0,0.0,,,,,,3.0,2.0,,,,,TEN,AFC South,outdoor,4.0,6.0,RB,63.11764705882353,74.50779,0.4691376292519071,0.49506903353057197,0.47716683,0.52283317,2,1.0
00-0031228,T.Gabriel,WR,2.0,4.0,,,,,,3.112676056338028,2.7241379310344827,,,,,,7.363636363636363,6.666666666666667,,,,,,,,,,,,,17.0,9.0,,,,,,102.0,48.0,,,,,,11.0,3.0,,,,,,CHI,NFC North,outdoor,6.0,5.0,WR,63.25,53.135334,0.4952418193154455,0.6674539728682171,0.36067194,0.63932806,26,13.0
00-0031235,O.Beckham,WR,8.0,5.0,4.0,3.5,,3.0,0.0,4.090909090909091,4.8533333333333335,2.0,3.3284313725490198,,4.0256410256410255,1.5555555555555556,3.8,3.333333333333333,24.0,7.0,,,,1.0,0.5,1.0,1.0,,,,12.0,16.0,7.0,18.0,,16.0,8.0,124.0,134.0,43.0,54.0,,71.0,19.0,5.0,3.0,3.0,1.0,,0.0,0.0,MIA,AFC East,outdoor,6.0,10.0,WR,63.294117647058826,57.18794,0.4137477488415387,0.6473066407276933,0.3866171,0.6133829,95,15.833333333333334
00-0031236,B.Cooks,WR,6.0,2.0,6.0,6.0,3.0,8.0,3.0,4.242424242424242,4.023809523809524,4.25925925925926,3.8222222222222224,3.5964912280701755,2.1,2.1153846153846154,6.636363636363637,8.666666666666666,,10.5,3.5,6.833333333333333,-1.0,,,,,,,,18.0,14.0,15.0,16.0,13.0,17.0,10.0,144.0,72.0,119.0,134.0,93.0,89.0,54.0,11.0,6.0,0.0,2.0,2.0,6.0,3.0,DAL,NFC East,indoor,7.0,10.0,WR,64.41176470588235,66.249146,0.5172044875741835,0.6212507005189932,0.37260273,0.62739724,103,14.714285714285714
00-0031237,T.Bridgewater,QB,1.0,9.0,20.0,20.0,4.0,0.0,0.0,,,,,,,,0.4545454545454545,1.1071428571428572,5.264150943396227,3.533333333333333,9.0,-1.0,,0.6086956521739131,0.6785714285714286,0.6910569105691057,0.6690140845070423,0.620253164556962,,1.0,4.0,9.0,15.0,14.0,5.0,1.0,1.0,0.0,0.0,0.0,0.0,0.0,0.0,0.0,11.0,28.0,53.0,30.0,3.0,2.0,0.0,DET,NFC North,indoor,5.0,10.0,QB,64.66666666666667,66.82518,0.5130747620685701,,0.45017183,0.5498282,49,7.0
00-0031257,P.Richardson,WR,2.0,2.0,,,,,,2.3,1.7857142857142858,,,,,,4.5,0.0,,,,,,,,,,,,,7.0,10.0,,,,,,35.0,42.0,,,,,,2.0,1.0,,,,,,WAS,NFC East,outdoor,10.0,5.0,WR,55.1875,33.159893,0.4863314843481252,0.6335489475235391,0.37938845,0.62061155,17,8.5
00-0031260,L.Thomas,TE,0.0,1.0,6.0,3.0,1.0,4.0,,2.833333333333333,4.8125,4.116883116883117,3.7222222222222223,3.230769230769231,4.163636363636364,,,,1.6666666666666667,,,2.0,,1.0,,1.0,,,,,8.0,13.0,17.0,5.0,13.0,16.0,,17.0,28.0,119.0,25.0,61.0,78.0,,0.0,0.0,3.0,0.0,0.0,1.0,,WAS,NFC East,outdoor,14.0,9.0,TE,62.35294117647059,35.964767,0.4979744632631174,0.7082978118783745,0.30471697,0.695283,72,12.0
00-0031273,C.Brate,TE,6.0,4.0,3.0,4.0,1.0,,,1.7,2.5,3.119047619047619,3.147058823529412,3.142857142857143,,,,,,,,,,,,,,,,,15.0,14.0,17.0,18.0,10.0,,,49.0,55.0,53.0,63.0,41.0,,,0.0,0.0,0.0,0.0,0.0,,,TB,NFC South,outdoor,11.0,8.0,TE,68.22222222222223,91.18739,0.5095879677407025,0.580134890835767,0.30781758,0.6921824,74,14.8
00-0031280,D.Carr,QB,20.0,23.0,30.0,24.0,24.0,25.0,16.0,-2.0,,,,,,,1.9583333333333333,3.037037037037037,3.58974358974359,3.1219512195121952,4.25,1.25,4.176470588235294,0.6889692585895117,0.7037037037037037,0.6731141199226306,0.6720588235294118,0.6075697211155379,0.6843065693430657,0.6774193548387096,16.0,16.0,16.0,18.0,15.0,17.0,10.0,1.0,0.0,0.0,0.0,0.0,0.0,0.0,24.0,27.0,39.0,41.0,24.0,32.0,17.0,NO,NFC South,indoor,12.0,10.0,QB,60.35294117647059,62.051647,0.4943759340681577,,0.39766082,0.6023392,108,15.428571428571429
00-0031285,D.Freeman,RB,0.0,6.0,1.0,6.0,,,,4.0,5.830508474576271,10.0,5.382352941176471,,,,4.857142857142857,3.565217391304348,3.185185185185185,4.330827067669173,,,,,,,,,,,2.0,14.0,5.0,16.0,,,,7.0,70.0,10.0,42.0,,,,14.0,184.0,54.0,133.0,,,,BAL,AFC North,outdoor,8.0,7.0,RB,69.23529411764706,46.537148,0.524644367550942,0.6643050759347963,0.36873406,0.63126594,37,9.25
00-0031288,A.McCarron,QB,0.0,1.0,0.0,,,0.0,,,,,,,,,-0.6666666666666666,7.8,,,,,,0.3333333333333333,0.5675675675675675,1.0,,,0.8,,2.0,2.0,2.0,,,2.0,,0.0,0.0,0.0,,,0.0,,3.0,5.0,0.0,,,0.0,,CIN,AFC North,outdoor,7.0,9.0,QB,60.70588235294117,50.93355,0.5632717896240024,,0.3265504,0.67344964,8,2.0
00-0031299,J.Matthews,TE,3.0,0.0,,,,,0.0,4.285714285714286,1.75,,,,,,,,,,,,,,,,,,,,12.0,2.0,,,,,1.0,30.0,12.0,,,,,1.0,0.0,0.0,,,,,0.0,CAR,NFC South,outdoor,11.0,10.0,TE,58.05882352941177,64.39622,0.4901164387323556,0.6359375,0.36372846,0.63627154,15,5.0
00-0031301,J.Hill,RB,0.0,,,,,,,5.0,,,,,,,6.25,,,,,,,,,,,,,,1.0,,,,,,,1.0,,,,,,,4.0,,,,,,,NE,AFC East,outdoor,11.0,4.0,RB,67.73684210526316,89.24453,0.5122469809715207,0.5809352517985611,0.43667445,0.5633256,1,1.0
00-0031319,D.Spencer,WR,,0.0,0.0,0.0,,,,,5.5,4.0,0.0,,,,,2.0,6.333333333333333,,,,,,,,,,,,,7.0,5.0,4.0,,,,,8.0,6.0,4.0,,,,,3.0,3.0,0.0,,,,DEN,AFC West,outdoor,11.0,7.0,WR,60.70588235294117,56.299927,0.4724776184983797,0.42420589603688197,0.41375968,0.5862403,16,5.333333333333333
00-0031325,S.Watkins,WR,3.0,4.0,2.0,1.0,0.0,,,6.18,5.712121212121212,4.157894736842105,3.962962962962963,10.836538461538462,,,8.333333333333334,8.666666666666666,3.0,,,,,,,0.0,,,,,12.0,16.0,11.0,11.0,10.0,,,71.0,108.0,56.0,49.0,15.0,,,6.0,3.0,1.0,0.0,0.0,,,BAL,AFC North,outdoor,10.0,8.0,WR,60.888888888888886,55.380417,0.5155276535565494,0.5747204159477828,0.45620438,0.54379565,70,14.0
00-0031326,B.Ellington,WR,0.5,,,,,,,3.3260869565217392,,,,,,,2.0,,,,,,,0.0,,,,,,,7.0,,,,,,,21.0,,,,,,,0.5,,,,,,,HOU,AFC South,indoor,10.0,,,64.29411764705883,28.896332,0.4771671826625386,0.6750902527075813,0.37968892,0.6203111,14,14.0
00-0031339,D.Moncrief,WR,3.0,0.0,0.0,,,,,4.916666666666667,0.75,14.0,,,,,,,4.0,,,,,,,,,,,,16.0,4.0,2.0,,,,,89.0,15.0,2.0,,,,,0.0,0.0,1.0,,,,,NE,AFC East,outdoor,5.0,6.0,WR,60.5,48.901985,0.5174820476436188,0.5942028985507246,0.48347107,0.5165289,22,7.333333333333333
00-0031344,C.Latimer,WR,1.0,2.0,,,,,,2.090909090909091,2.875,,,,,,,,,,,,,,,,,,,,5.0,13.0,,,,,,16.0,42.0,,,,,,0.0,0.0,,,,,,NYG,NFC East,outdoor,11.0,5.0,WR,63.1875,59.12354,0.4565206290849673,0.7459280008299616,0.32542038,0.6745796,18,9.0
00-0031345,J.Garoppolo,QB,5.0,30.0,7.0,25.0,18.0,7.0,2.0,,,,,,,,4.125,1.125,2.5,1.4,1.434782608695652,1.95,2.5,0.5955056179775281,0.6853932584269663,0.6714285714285714,0.6679611650485436,0.672077922077922,0.650887573964497,0.6585365853658537,3.0,19.0,6.0,18.0,11.0,7.0,1.0,0.0,0.0,0.0,0.0,0.0,0.0,0.0,8.0,56.0,10.0,40.0,23.0,20.0,2.0,LA,NFC West,outdoor,6.0,10.0,QB,60.36842105263158,65.3435,0.5321760283060593,,0.4115083,0.58849174,65,9.285714285714286
00-0031359,K.Benjamin,WR,0.5,,,,,,,1.6195652173913044,,,,,,,,,,,,,,,,,,,,,15.0,,,,,,,33.5,,,,,,,0.0,,,,,,,BUF,AFC East,outdoor,11.0,,,62.5625,53.941257,0.5155121259029928,0.5674639111420721,0.4035964,0.5964036,30,30.0
00-0031373,M.Bryant,WR,0.0,,,,,,,6.894736842105263,,,,,,,7.666666666666667,,,,,,,,,,,,,,7.0,,,,,,,27.0,,,,,,,3.0,,,,,,,LV,AFC West,indoor,,,,61.125,38.68121,,0.5111512959614225,0.37627813,0.6237219,7,7.0
00-0031376,J.McKinnon,RB,,,6.0,2.0,10.0,6.0,,,,5.393939393939394,12.22222222222222,9.344262295081966,8.62962962962963,,,,3.938271604938272,4.608695652173913,3.857142857142857,2.857142857142857,,,,,,,1.0,,,,14.0,10.0,20.0,13.0,,,,46.0,37.0,78.0,34.0,,,,81.0,46.0,91.0,21.0,,KC,AFC West,outdoor,10.0,9.0,RB,62.95238095238095,82.73301,0.5123642439431914,0.5956147070088089,0.33282906,0.66717094,57,14.25
00-0031381,D.Adams,WR,13.0,7.0,20.0,11.0,14.0,8.0,4.0,4.27927927927928,5.04,5.030075187969925,4.712121212121212,4.93,3.262135922330097,4.4440298507462686,,,,,-0.3333333333333333,,,,,,,,,,15.0,14.0,16.0,17.0,17.0,17.0,14.0,169.0,149.0,174.0,180.0,180.0,175.0,70.5,0.0,0.0,0.0,0.0,3.0,0.0,0.0,LV,AFC West,indoor,10.0,,,62.0,51.68756,0.5222465043809061,0.6363027515532962,0.33301708,0.66698295,124,17.714285714285715
00-0031382,J.Landry,WR,5.0,6.0,7.0,4.0,1.0,,,3.382716049382716,5.253012048192771,4.964285714285714,5.25,2.44,,,20.0,10.0,2.5,6.666666666666667,,,,0.5,,1.0,,,,,16.0,16.0,17.0,12.0,9.0,,,149.0,138.0,119.0,87.0,39.0,,,3.0,1.0,4.0,6.0,0.0,,,NO,NFC South,indoor,14.0,8.0,WR,59.11764705882353,55.139317,0.4955351180719965,0.6618866005593694,0.43880597,0.561194,70,14.0
00-0031384,R.Rodgers,TE,0.0,,2.0,0.0,0.0,,,9.0,,3.9583333333333335,5.0,3.0,,,,,,,,,,,,,,,,,1.0,,8.0,1.0,3.0,,,1.0,,31.0,2.0,4.0,,,0.0,,0.0,0.0,0.0,,,LAC,AFC West,outdoor,8.0,8.0,TE,66.94444444444444,70.019165,0.4429566563467492,0.6716082659478886,0.3195021,0.68049794,13,3.25
00-0031387,E.Ebron,TE,15.0,3.0,6.0,2.0,,,,3.635135135135135,5.0,3.619047619047619,1.75,,,,-2.6666666666666665,,,1.0,,,,0.0,,,,,,,18.0,11.0,16.0,8.0,,,,125.0,52.0,102.0,18.0,,,,3.0,0.0,0.0,1.0,,,,PIT,AFC North,outdoor,7.0,7.0,TE,64.77777777777777,68.4622,0.5249673748641757,0.6245284522607726,0.3516295,0.6483705,53,13.25
00-0031395,G.Gilbert,QB,0.0,0.0,1.0,0.0,,,,,,,,,,,,-1.0,9.333333333333334,,,,,0.6666666666666666,0.0,0.5526315789473685,0.6451612903225806,,,,1.0,5.0,1.0,1.0,,,,0.0,0.0,0.0,0.0,,,,0.0,3.0,3.0,0.0,,,,WAS,NFC East,outdoor,9.0,7.0,QB,62.70588235294117,54.82557,0.5140209231267326,,0.40337712,0.5966229,8,2.0
00-0031407,B.Bortles,QB,14.0,0.0,,,,,,,,,,,,,6.293103448275862,-4.5,,,,,,0.6029776674937966,0.5,,,,,,13.0,2.0,,,,,,0.0,0.0,,,,,,58.0,2.0,,,,,,LA,NFC West,outdoor,9.0,5.0,QB,65.375,86.72298,0.519563499742002,,0.36328873,0.6367113,15,7.5
00-0031408,M.Evans,WR,8.0,8.0,15.0,16.0,6.0,14.0,12.0,3.2790697674418605,3.895522388059701,3.679012345679012,3.4945054945054945,2.8072289156626504,3.966666666666667,3.1481481481481484,,,,10.0,,,,,,,,,,,16.0,13.0,20.0,18.0,16.0,19.0,15.0,138.0,118.0,131.0,140.0,138.0,155.0,117.0,0.0,0.0,0.0,1.0,0.0,0.0,0.0,TB,NFC South,outdoor,11.0,10.0,WR,62.66666666666666,61.497734,0.5047483905843039,0.858843537414966,0.39893618,0.60106385,117,16.714285714285715
00-0031418,A.Seferian-Jenkins,TE,1.0,,,,,,,2.727272727272727,,,,,,,,,,,,,,,,,,,,,5.0,,,,,,,19.0,,,,,,,0.0,,,,,,,JAX,AFC South,outdoor,9.0,4.0,TE,62.5625,41.513588,0.5401294289645683,0.6259163146629287,0.35564435,0.64435565,5,5.0
00-0031428,A.Robinson,WR,5.0,7.0,6.0,1.0,3.0,0.0,0.0,3.830769230769231,2.7755102040816326,3.074074074074074,2.421052631578948,2.1515151515151514,2.25,1.3333333333333333,9.0,2.0,-1.0,,,,,,,,,,,,14.0,16.0,17.0,12.0,10.0,16.0,6.0,107.0,154.0,158.0,66.0,52.0,52.0,7.0,1.0,1.0,1.0,0.0,0.0,0.0,0.0,DET,NFC North,indoor,5.0,10.0,WR,64.66666666666667,66.82518,0.5130747620685701,0.7933218192285549,0.45017183,0.5498282,91,13.0
00-0031431,M.Lee,WR,,0.0,,,,,,,1.6666666666666667,,,,,,,1.0,,,,,,,,,,,,,,4.0,,,,,,,4.0,,,,,,,1.0,,,,,,JAX,AFC South,outdoor,10.0,5.0,WR,63.5,61.131565,0.4841747828517372,0.6322513184215313,0.32086614,0.67913383,4,4.0
00-0031462,J.Cunningham,TE,0.0,,,,,,,,,,,,,,,,,,,,,,,,,,,,1.0,,,,,,,1.0,,,,,,,0.0,,,,,,,DET,NFC North,indoor,6.0,4.0,TE,63.375,57.444054,0.4890579312865497,0.5365129835718071,0.37672585,0.62327415,1,1.0
00-0031484,C.Manhertz,TE,1.0,0.0,0.0,1.0,0.0,0.0,1.0,22.5,9.0,5.5,4.333333333333333,5.833333333333333,5.0,6.333333333333333,,,,,,,,,,,,,,,3.0,1.0,7.0,8.0,6.0,4.0,4.0,5.0,1.0,8.0,9.0,8.0,4.0,4.0,0.0,0.0,0.0,0.0,0.0,0.0,0.0,NYG,NFC East,outdoor,11.0,9.0,TE,61.8235294117647,51.111824,0.5490849384129296,0.6072841901459796,0.36346337,0.63653666,33,4.714285714285714
00-0031503,J.Winston,QB,20.0,34.0,1.0,15.0,4.0,2.0,14.0,,,,,,,,5.73469387755102,4.237288135593221,-0.75,5.1875,3.2,-1.2,3.32,0.6455026455026455,0.6070287539936102,0.6666666666666666,0.5900621118012422,0.6347826086956522,0.5319148936170213,0.6114864864864865,11.0,16.0,4.0,7.0,3.0,6.0,11.0,0.0,0.0,0.0,0.0,0.0,0.0,0.0,49.0,59.0,8.0,32.0,5.0,5.0,25.0,CLE,AFC North,outdoor,10.0,9.0,QB,65.94117647058823,38.249825,0.5256290958075697,,0.3131133,0.6868867,58,8.285714285714286
00-0031511,D.White,WR,,0.0,,,,,,,7.0,,,,,,,,,,,,,,,,,,,,,3.0,,,,,,,9.0,,,,,,,0.0,,,,,,CAR,NFC South,outdoor,7.0,4.0,WR,67.0625,42.586494,0.5361492733058135,0.5732970643703393,0.33271202,0.667288,3,3.0
00-0031544,A.Cooper,WR,4.0,8.0,5.0,9.0,9.0,5.0,2.0,5.21969696969697,3.037974683544304,4.489130434782608,3.135135135135135,3.8333333333333335,3.657894736842105,2.668269230769231,10.0,6.0,2.333333333333333,,,,,,,,,0.0,,,17.0,16.0,16.0,16.0,17.0,16.0,16.0,62.5,119.0,130.0,114.0,132.0,133.0,46.5,1.0,1.0,6.0,0.0,0.0,0.0,0.0,BUF,AFC East,outdoor,12.0,9.0,WR,60.1,91.19061,0.4954661162710698,0.5498380675371826,0.44009984,0.55990016,147,21.0
00-0031545,K.White,WR,0.0,,,0.0,0.0,,,1.5,,,9.0,34.0,,,,,,,,,,,,,,,,,3.0,,,3.0,4.0,,,8.0,,,5.0,5.0,,,0.0,,,0.0,0.0,,,NO,NFC South,indoor,14.0,7.0,WR,59.11764705882353,55.139317,0.4955351180719965,0.6618866005593694,0.43880597,0.561194,10,3.333333333333333
00-0031547,D.Parker,WR,1.0,9.0,4.0,2.0,3.0,0.0,,3.9166666666666665,3.6527777777777777,2.746031746031746,2.6,3.3870967741935485,3.8181818181818175,,,,,,,,,,,,,,,,11.0,16.0,14.0,9.0,12.0,13.0,,47.0,128.0,103.0,73.0,47.0,55.0,,0.0,0.0,0.0,0.0,0.0,0.0,,NE,AFC East,outdoor,11.0,8.0,WR,59.76470588235294,46.68542,0.5140518539717229,0.6241659830462127,0.382874,0.617126,75,12.5
00-0031549,N.Agholor,WR,4.0,3.0,8.0,3.0,2.0,5.0,2.0,5.25,3.3846153846153846,4.791666666666667,3.210526315789474,4.741935483870968,4.315789473684211,6.266666666666667,11.0,3.5,,3.6666666666666665,,,,1.0,,,,,,,18.0,11.0,16.0,15.0,14.0,18.0,15.0,106.0,69.0,82.0,66.0,53.0,52.0,31.0,4.0,2.0,0.0,3.0,0.0,0.0,0.0,BAL,AFC North,outdoor,14.0,9.0,WR,61.42105263157895,75.81623,0.5321196437947293,0.6698717948717949,0.48500428,0.5149957,107,15.285714285714286
00-0031558,M.Williams,TE,1.0,1.0,1.0,1.0,0.0,,,6.352941176470588,6.933333333333334,8.25,7.8125,2.0,,,2.6666666666666665,,,,,,,,,,,,,,10.0,13.0,6.0,5.0,2.0,,,18.0,19.0,10.0,17.0,3.0,,,3.0,0.0,0.0,0.0,0.0,,,ARI,NFC West,indoor,13.0,7.0,TE,67.17647058823529,60.92949,0.5184352172241445,0.6358154586031611,0.34063047,0.6593695,36,7.2
00-0031569,J.Langford,RB,0.0,,,,,,,,,,,,,,2.7777777777777777,,,,,,,,,,,,,,1.0,,,,,,,0.0,,,,,,,9.0,,,,,,,ATL,NFC South,indoor,8.0,3.0,RB,63.0,60.390675,0.4686223447712418,0.7041823308270676,0.32440478,0.6755952,1,1.0
00-0031570,J.Hardy,WR,2.0,0.0,,,,,,5.071428571428571,4.2631578947368425,,,,,,,,,,,,,,,,,,,,8.0,11.0,,,,,,22.0,26.0,,,,,,0.0,0.0,,,,,,ATL,NFC South,indoor,9.0,4.0,WR,68.125,56.68,0.5314770919332645,0.7043031595270401,0.30183485,0.6981651,19,9.5
00-0031577,J.Allen,RB,5.0,1.0,,,,,,5.057142857142857,4.0,,,,,,2.682926829268293,3.6,,,,,,,,,,,,,11.0,3.0,,,,,,43.0,2.0,,,,,,41.0,10.0,,,,,,NYG,NFC East,outdoor,11.0,4.0,RB,63.1875,59.12354,0.4565206290849673,0.7459280008299616,0.32542038,0.6745796,14,7.0
00-0031585,M.Pruitt,TE,1.0,1.0,2.0,3.0,4.0,1.0,1.0,3.111111111111111,8.6,2.6,4.214285714285714,4.6875,5.666666666666667,2.6666666666666665,,,,,,,,,,,,,,,7.0,9.0,5.0,10.0,10.0,9.0,6.0,11.0,12.0,8.0,18.0,21.0,12.0,10.0,0.0,0.0,0.0,0.0,0.0,0.0,0.0,PIT,AFC North,outdoor,9.0,9.0,TE,61.66666666666666,38.71519,0.5053905187806117,0.7651389593550934,0.43963963,0.5603604,56,8.0
00-0031588,S.Diggs,WR,9.0,7.0,10.0,10.0,11.0,8.0,4.0,4.294117647058823,4.985074626865671,3.6666666666666665,3.1376146788990824,3.689075630252101,3.897435897435898,3.9361702127659575,6.2,9.857142857142858,1.0,,-3.0,6.0,2.6666666666666665,,0.0,,,,,1.0,15.0,17.0,19.0,19.0,18.0,19.0,8.0,149.0,102.0,197.0,174.0,173.0,177.0,64.0,10.0,7.0,1.0,0.0,1.0,2.0,3.0,HOU,AFC South,indoor,14.0,9.0,WR,62.0,36.51212,0.4967437944706969,0.5956529885703579,0.37011886,0.62988114,115,16.428571428571427
00-0031589,B.Hundley,QB,,0.0,,,,,,,,,,,,,,5.857142857142857,,,,,,,0.4545454545454545,,,,,,,3.0,,,,,,,0.0,,,,,,,7.0,,,,,,ARI,NFC West,indoor,12.0,4.0,QB,61.75,44.443806,0.515657249742002,,0.35931173,0.64068824,3,3.0
00-0031590,J.Ajayi,RB,3.0,0.0,,,,,,6.0,,,,,,,4.088888888888889,3.0,,,,,,,,,,,,,4.0,3.0,,,,,,6.0,1.0,,,,,,45.0,10.0,,,,,,PHI,NFC East,outdoor,10.0,4.0,RB,68.17647058823529,60.594673,0.4568435217224144,0.6803995710818895,0.38222605,0.61777395,7,3.5
00-0031598,N.Boyle,TE,0.0,2.0,2.0,0.0,,,,6.086956521739131,5.161290322580645,2.4285714285714284,0.0,,,,,,,,,,,,,,,,,,12.0,16.0,9.0,2.0,,,,37.0,45.0,17.0,2.0,,,,0.0,0.0,0.0,0.0,,,,BAL,AFC North,outdoor,8.0,6.0,TE,69.23529411764706,46.537148,0.524644367550942,0.6643050759347963,0.36873406,0.63126594,39,9.75
00-0031599,C.Artis-Payne,RB,1.0,,,,,,,5.0,,,,,,,3.631578947368421,,,,,,,,,,,,,,4.0,,,,,,,4.0,,,,,,,19.0,,,,,,,CAR,NFC South,outdoor,4.0,3.0,RB,62.375,70.11246,0.4936683006535948,0.6513171412195993,0.37274548,0.6272545,4,4.0
00-0031609,A.Derby,TE,1.0,,,,,,,3.0,,,,,,,,,,,,,,,,,,,,,3.0,,,,,,,5.0,,,,,,,0.0,,,,,,,MIA,AFC East,outdoor,11.0,3.0,TE,54.125,24.558413,0.4648585311317509,0.6385836135487575,0.40300232,0.5969977,3,3.0
00-0031610,D.Waller,TE,0.0,3.0,9.0,2.0,3.0,1.0,,9.333333333333334,6.422222222222223,5.345794392523365,4.161290322580645,2.857142857142857,4.057692307692308,,21.0,2.5,,,,,,,,,,,,,3.0,16.0,16.0,12.0,8.0,12.0,,6.0,117.0,145.0,105.0,43.0,74.0,,1.0,2.0,0.0,0.0,0.0,0.0,,NYG,NFC East,outdoor,13.0,8.0,TE,61.70588235294117,0.0,0.4977923470729881,0.6532979608822306,0.36320305,0.63679695,67,11.166666666666666
00-0031665,Z.Zenner,RB,3.0,0.0,,,,,,9.285714285714286,9.5,,,,,,4.818181818181818,-0.25,,,,,,,,,,,,,7.0,3.0,,,,,,10.0,1.5,,,,,,55.0,1.5,,,,,,NO,NFC South,indoor,9.0,,,61.35294117647059,77.761055,0.4894005847953216,0.7127650330205075,0.3729626,0.6270374,13,6.5
00-0031687,R.Mostert,RB,1.0,15.0,3.0,0.0,5.0,21.0,2.0,7.333333333333333,10.117647058823527,8.5,,5.774193548387097,8.307692307692308,7.684210526315789,7.676470588235294,5.831578947368421,5.009615384615385,10.0,4.922651933701657,4.815668202764977,3.2705882352941176,,,,,,,,6.0,18.0,8.0,1.0,16.0,16.0,12.0,7.0,25.0,19.0,0.0,42.0,34.0,23.0,34.0,190.0,104.0,2.0,181.0,217.0,85.0,MIA,AFC East,outdoor,6.0,9.0,RB,63.294117647058826,57.18794,0.4137477488415387,0.6473066407276933,0.3866171,0.6133829,77,11.0
00-0031690,E.Tomlinson,TE,0.0,0.0,0.0,0.0,2.0,,0.0,11.125,1.0,,4.0,4.888888888888889,,6.0,,,,,,,,,,,,,,,8.0,1.0,1.0,1.0,8.0,,4.0,14.0,1.0,1.0,1.0,13.0,,4.0,0.0,0.0,0.0,0.0,0.0,,0.0,LAC,AFC West,outdoor,5.0,9.0,TE,58.44444444444444,46.232723,0.4612792875434774,0.6227611940298508,0.40779468,0.59220535,23,3.8333333333333335
00-0031731,C.Grant,RB,0.0,,,,,,,8.88888888888889,,,,,,,3.076923076923077,,,,,,,,,,,,,,5.0,,,,,,,12.0,,,,,,,13.0,,,,,,,JAX,AFC South,outdoor,9.0,3.0,RB,62.5625,41.513588,0.5401294289645683,0.6259163146629287,0.35564435,0.64435565,5,5.0
00-0031744,M.LaCosse,TE,1.0,1.0,,,,,,5.958333333333333,3.5384615384615383,,,,,,,,,,,,,,,,,,,,13.0,8.0,,,,,,37.0,19.0,,,,,,0.0,0.0,,,,,,NE,AFC East,outdoor,10.0,4.0,TE,67.11764705882354,79.818306,0.4674378781440337,0.5523076923076924,0.3952673,0.6047327,21,10.5
00-0031763,D.Carter,WR,0.0,0.0,0.0,3.0,3.0,0.0,0.0,6.9,4.6923076923076925,2.8333333333333335,3.25,4.395833333333333,12.5,3.555555555555556,7.0,,3.0,8.9,-7.5,6.0,,,,,,,,,8.0,7.0,2.0,15.0,17.0,8.0,5.0,12.5,17.0,3.0,44.0,68.0,7.0,14.0,0.5,0.0,0.5,10.0,2.0,3.0,0.0,CHI,NFC North,outdoor,7.0,9.0,WR,62.294117647058826,26.427608,0.5368157995912503,0.8122775800711743,0.34844193,0.6515581,72,10.285714285714286
00-0031782,E.Rogers,WR,0.0,,,,,,,3.333333333333333,,,,,,,-4.0,,,,,,,,,,,,,,3.0,,,,,,,14.0,,,,,,,1.0,,,,,,,PIT,AFC North,outdoor,7.0,3.0,WR,65.375,86.87116,0.4928459322325421,0.5848148148148148,0.30305928,0.6969407,3,3.0
00-0031787,J.Kumerow,WR,1.0,1.0,1.0,0.0,0.0,,,2.875,7.076923076923077,0.0,3.5,4.25,,,,,,,,,,,,,,,,,4.0,13.0,1.0,4.0,4.0,,,11.0,23.0,1.0,6.0,7.0,,,0.0,0.0,0.0,0.0,0.0,,,BUF,AFC East,outdoor,7.0,7.0,WR,63.94444444444444,67.04495,0.4973808431754768,0.45690035273368607,0.34578627,0.6542137,26,5.2
00-0031788,M.Lengel,TE,1.0,,,,,,,2.333333333333333,,,,,,,,,,,,,,,,,,,,,6.0,,,,,,,8.0,,,,,,,0.0,,,,,,,CIN,AFC North,outdoor,9.0,3.0,TE,58.3125,60.68,0.5162377450980392,0.607884495641345,0.35369775,0.6463022,6,6.0
00-0031800,T.Heinicke,QB,1.0,,3.0,21.0,13.0,6.0,0.0,,,,2.0,,,,6.2,,7.555555555555555,5.216666666666667,3.4285714285714284,8.266666666666667,10.0,0.6140350877192983,,0.6031746031746031,0.6497975708502024,0.6216216216216216,0.5441176470588235,0.6,5.0,,2.0,16.0,9.0,5.0,4.0,0.0,,0.0,1.0,0.0,0.0,0.0,5.0,,9.0,60.0,28.0,15.0,2.0,LAC,AFC West,outdoor,5.0,9.0,QB,58.44444444444444,46.232723,0.4612792875434774,,0.40779468,0.59220535,41,6.833333333333333
00-0031806,M.Brown,RB,1.0,5.0,5.0,1.0,1.0,,,7.8,3.5,7.44,2.6666666666666665,7.4,,,4.930232558139535,3.695652173913044,4.081818181818182,3.787878787878788,4.5,,,,,,,,,,10.0,13.0,18.0,6.0,7.0,,,7.0,6.0,35.0,5.0,6.0,,,43.0,69.0,110.0,33.0,18.0,,,LA,NFC West,outdoor,7.0,7.0,RB,58.05882352941177,28.25827,0.5079716303446042,0.6218134141863946,0.3809524,0.61904764,54,10.8
00-0031868,D.Byrd,WR,0.0,1.0,1.0,1.0,2.0,0.0,,1.0,4.6875,3.6595744680851054,4.461538461538462,8.076923076923077,,,,,7.5,,,,,,,,,,,,2.0,11.0,14.0,11.0,12.0,1.0,,2.0,46.0,77.0,38.0,23.0,2.0,,0.0,0.0,2.0,0.0,0.0,0.0,,ATL,NFC South,indoor,11.0,,,63.70588235294117,55.99648,0.4276270260426151,0.6452900747928038,0.44413665,0.5558633,51,8.5
00-0031900,R.Smith,RB,1.0,,,,,,,6.333333333333333,,,,,,,2.844444444444445,,,,,,,,,,,,,,14.0,,,,,,,12.0,,,,,,,45.0,,,,,,,DAL,NFC East,indoor,8.0,3.0,RB,62.72222222222222,38.6368,0.5028057275541795,0.6734348561759729,0.3976971,0.6023029,14,14.0
00-0031912,C.Meredith,WR,1.0,,,,,,,4.222222222222222,,,,,,,,,,,,,,,,,,,,,3.0,,,,,,,10.0,,,,,,,0.0,,,,,,,NO,NFC South,indoor,6.0,3.0,WR,62.333333333333336,82.272766,0.4938558269311623,0.5736363520179945,0.43582886,0.56417114,3,3.0
00-0031922,K.Lee,TE,0.0,,,,,,,6.0,,,,,,,,,,,,,,,,,,,,,1.0,,,,,,,1.0,,,,,,,0.0,,,,,,,BUF,AFC East,outdoor,11.0,3.0,TE,62.5625,53.941257,0.5155121259029928,0.5674639111420721,0.4035964,0.5964036,1,1.0
00-0031934,D.Smith,WR,,1.0,,0.0,,,,,6.4,,,,,,,,,,,,,,,,,,,,,3.0,,1.0,,,,,9.0,,1.0,,,,,0.0,,0.0,,,,JAX,AFC South,outdoor,7.0,,,60.23529411764706,73.20424,0.508349593707452,0.798172757475083,0.34570312,0.6542969,4,2.0
00-0031941,J.Crowder,WR,2.0,6.0,7.0,2.0,0.0,1.0,2.0,7.0344827586206895,4.5256410256410255,5.5423728813559325,3.411764705882353,5.0,5.0,2.0,7.5,4.0,14.0,,,,,,,1.0,,,,,9.0,16.0,12.0,12.0,4.0,7.0,6.0,49.0,122.0,89.0,71.0,13.0,20.0,18.0,4.0,1.0,1.0,0.0,0.0,0.0,0.0,WAS,NFC East,outdoor,14.0,9.0,WR,65.4,53.9981,0.4818996019460416,0.7281144781144782,0.39831805,0.60168195,66,9.428571428571429
00-0031951,J.O'Shaughnessy,TE,0.0,2.0,0.0,0.0,,,,5.083333333333333,5.785714285714286,3.357142857142857,4.75,,,,,,,,,,,,,,,,,,13.0,5.0,15.0,7.0,,,,38.0,20.0,38.0,34.0,,,,0.0,0.0,0.0,0.0,,,,JAX,AFC South,outdoor,7.0,6.0,TE,60.23529411764706,73.20424,0.508349593707452,0.798172757475083,0.34570312,0.6542969,40,10.0
00-0031953,G.Davis,WR,0.0,0.0,,,,,,,0.6666666666666666,,,,,,,,,,,,,,,,,,,,1.0,2.0,,,,,,1.0,3.0,,,,,,0.0,0.0,,,,,,LAC,AFC West,outdoor,12.0,4.0,WR,61.6875,67.878975,0.5137746710526316,0.6632825719120135,0.3566363,0.6433637,3,1.5
00-0031959,M.Murphy,RB,0.0,,,,,,,3.363636363636364,,,,,,,4.807692307692308,,,,,,,,,,,,,,9.0,,,,,,,19.0,,,,,,,52.0,,,,,,,BUF,AFC East,outdoor,11.0,3.0,RB,62.5625,53.941257,0.5155121259029928,0.5674639111420721,0.4035964,0.5964036,9,9.0
00-0031972,D.Jennings,WR,0.0,0.0,,,,,,3.363636363636364,7.0,,,,,,2.0,,,,,,,1.0,,,,,,,9.0,5.0,,,,,,15.0,6.0,,,,,,1.0,0.0,,,,,,TEN,AFC South,outdoor,11.0,4.0,WR,57.578947368421055,23.713654,0.529395922727355,0.640622195095681,0.45063984,0.54936016,14,7.0
00-0032009,A.Humphries,WR,5.0,2.0,2.0,0.0,,,,5.4605263157894735,3.048780487804878,1.9565217391304348,3.8536585365853657,,,,5.5,1.0,,,,,,,,,,,,,16.0,13.0,7.0,17.0,,,,105.0,52.0,35.0,62.0,,,,2.0,1.0,0.0,0.0,,,,WAS,NFC East,outdoor,9.0,6.0,WR,62.70588235294117,54.82557,0.5140209231267326,0.606634452135301,0.40337712,0.5966229,53,13.25
00-0032054,B.Perriman,WR,2.0,6.0,3.0,1.0,1.0,,,4.6875,3.5277777777777777,5.333333333333333,8.5,5.777777777777778,,,0.5,8.0,6.0,-3.0,-3.5,,,,,,,,,,10.0,14.0,12.0,6.0,8.0,,,25.0,69.0,60.0,21.0,19.0,,,4.0,2.0,1.0,1.0,2.0,,,TB,NFC South,outdoor,11.0,7.0,WR,68.22222222222223,91.18739,0.5095879677407025,0.580134890835767,0.30781758,0.6921824,50,10.0
00-0032055,D.Funchess,TE,4.0,0.0,,,,,,1.7272727272727273,2.0,,,,,,,,,,,,,,,,,,,,14.0,1.0,,,,,,79.0,5.0,,,,,,0.0,0.0,,,,,,IND,AFC South,indoor,6.0,,,62.5625,66.20276,0.4919872828517372,0.5734813285148855,0.4225774,0.57742256,15,7.5
00-0032058,T.Coleman,RB,9.0,9.0,0.0,0.0,2.0,,,8.59375,9.318181818181818,5.25,8.0,6.666666666666667,,,4.790419161676646,4.105882352941176,1.8928571428571428,4.238095238095238,2.1666666666666665,,,,,,,,,,16.0,17.0,6.0,11.0,2.0,,,44.0,31.0,5.0,16.0,3.0,,,167.0,170.0,28.0,84.0,12.0,,,SF,NFC West,outdoor,9.0,7.0,RB,60.1,64.19551,0.4461222910216718,0.5886295686638342,0.46505824,0.5349418,52,10.4
00-0032062,B.Bell,TE,0.0,1.0,0.0,0.0,1.0,1.0,,4.75,1.9090909090909087,4.363636363636363,7.1,2.6666666666666665,3.8,,,,2.0,2.5,,,,,,,,,,,7.0,13.0,11.0,12.0,3.0,6.0,,11.0,18.0,15.0,14.0,4.0,9.0,,0.0,0.0,1.0,4.0,0.0,0.0,,KC,AFC West,outdoor,10.0,8.0,TE,62.95238095238095,82.73301,0.5123642439431914,0.5956147070088089,0.33282906,0.66717094,52,8.666666666666666
00-0032063,M.Davis,RB,5.0,0.0,8.0,4.0,0.0,,,7.416666666666667,3.857142857142857,7.152542372881356,6.954545454545454,5.5,,,4.517241379310345,1.6363636363636365,3.890909090909091,3.644927536231884,2.25,,,,,,,,,,16.0,5.0,14.0,17.0,5.0,,,44.0,4.0,70.0,58.0,2.0,,,116.0,6.5,165.0,138.0,8.0,,,BAL,AFC North,outdoor,10.0,7.0,RB,60.888888888888886,55.380417,0.5155276535565494,0.5747204159477828,0.45620438,0.54379565,62,12.4
00-0032089,B.Parker,TE,0.0,,,,,,,5.8,,,,,,,,,,,,,,,,,,,,,6.0,,,,,,,10.0,,,,,,,0.0,,,,,,,DEN,AFC West,outdoor,10.0,3.0,TE,62.9375,67.80119,0.5040244990540076,0.6228668941979523,0.37040716,0.62959284,6,6.0
00-0032098,D.Brown,TE,,1.0,0.0,0.0,,,,,3.0,10.5,11.0,,,,,,,,,,,,,,,,,,,6.0,2.0,1.0,,,,,11.0,2.0,2.0,,,,,0.0,0.0,0.0,,,,NYJ,AFC East,outdoor,6.0,6.0,TE,60.94117647058823,45.408787,0.5025814247267535,0.6275260060508102,0.34362933,0.65637064,9,3.0
00-0032104,A.Abdullah,RB,0.0,1.0,2.0,0.5,1.0,0.0,5.0,9.25,5.1875,7.875,7.095238095238095,7.8,4.631578947368421,6.3,1.0,5.166666666666667,5.25,3.688311688311688,5.0,5.933333333333334,4.712121212121212,,,,,,,,4.0,13.0,6.0,15.0,13.0,16.0,13.0,2.0,22.0,9.0,26.5,32.0,24.0,47.0,0.5,24.0,8.0,25.5,4.0,15.0,66.0,LV,AFC West,indoor,10.0,9.0,RB,62.0,51.68756,0.5222465043809061,0.6363027515532962,0.33301708,0.66698295,99,14.142857142857142
00-0032112,J.Nelson,WR,0.0,1.0,,,,,,3.4285714285714284,3.75,,,,,,0.0,,,,,,,,,,,,,,9.0,1.0,,,,,,19.0,5.0,,,,,,4.0,0.0,,,,,,LV,AFC West,indoor,,,,61.3125,69.91976,,0.6518518518518519,0.4240571,0.57594293,10,5.0
00-0032117,N.O'Leary,TE,1.0,0.5,,,,,,8.125,3.4166666666666665,,,,,,,,,,,,,,,,,,,,5.0,8.0,,,,,,10.0,9.0,,,,,,0.0,0.0,,,,,,JAX,AFC South,outdoor,10.0,4.0,TE,63.5,61.131565,0.4841747828517372,0.6322513184215313,0.32086614,0.67913383,21,10.5
00-0032120,N.Sterling,TE,0.0,,,,,,,4.833333333333333,,,,,,,,,,,,,,,,,,,,,4.0,,,,,,,8.0,,,,,,,0.0,,,,,,,NYJ,AFC East,outdoor,11.0,3.0,TE,59.875,58.43902,0.5000147811317509,0.5613746157224417,0.39457202,0.605428,4,4.0
00-0032128,C.Conley,WR,5.0,5.0,2.0,2.0,0.0,0.0,0.0,4.375,5.1063829787234045,4.5,5.727272727272728,0.75,5.8,3.1666666666666665,,,,3.0,,,,,,,,,,,17.0,16.0,14.0,14.0,4.0,3.0,7.0,55.0,90.0,63.0,37.0,3.5,8.0,12.0,0.0,0.0,0.0,1.0,0.0,0.0,0.0,SF,NFC West,outdoor,9.0,9.0,WR,59.64705882352941,63.015938,0.5505412897873287,0.6356194632790377,0.3964497,0.6035503,79,11.285714285714286
00-0032134,C.Uzomah,TE,3.0,2.0,1.0,6.0,2.0,1.0,,4.534883720930233,5.0,3.75,5.9375,5.0,4.125,,,,,,,,,,,,,,,,16.0,13.0,2.0,20.0,12.0,7.0,,64.0,40.0,11.0,81.0,27.0,12.0,,0.0,0.0,0.0,0.0,0.0,0.0,,NYJ,AFC East,outdoor,7.0,8.0,TE,61.70588235294117,32.38125,0.4925520259703469,0.4465029012263667,0.33746424,0.6625357,70,11.666666666666666
00-0032135,J.James,TE,2.0,0.0,2.0,1.0,,,,6.166666666666667,4.0625,5.428571428571429,2.571428571428572,,,,,,,,,,,,,,,,,,14.0,13.0,12.0,4.0,,,,39.0,27.0,22.0,8.0,,,,0.0,0.0,0.0,0.0,,,,CHI,NFC North,outdoor,10.0,6.0,TE,62.76470588235294,36.133533,0.5124269728531248,0.6353197022688548,0.38238052,0.6176195,43,10.75
00-0032139,B.Koyack,TE,,0.0,,,,,,,3.0,,,,,,,,,,,,,,,,,,,,,3.0,,,,,,,3.0,,,,,,,0.0,,,,,,JAX,AFC South,outdoor,10.0,4.0,TE,63.5,61.131565,0.4841747828517372,0.6322513184215313,0.32086614,0.67913383,3,3.0
00-0032141,G.Swaim,TE,1.0,0.0,1.0,3.0,1.0,0.0,0.0,6.307692307692308,3.1538461538461537,3.5,4.483870967741935,3.583333333333333,3.0,5.0,,,,,,,,,,,,,,,8.0,6.0,7.0,16.0,11.0,7.0,1.0,32.0,17.0,13.0,40.0,16.0,11.0,1.0,0.0,0.0,0.0,0.0,0.0,0.0,0.0,CLE,AFC North,outdoor,10.0,9.0,TE,65.94117647058823,38.249825,0.5256290958075697,0.5697059826365458,0.3131133,0.6868867,56,8.0
00-0032144,M.Gordon,RB,16.0,9.0,10.0,10.0,2.0,1.0,,10.576923076923077,7.642857142857143,5.0625,6.642857142857143,8.24,9.333333333333334,,4.676616915422885,3.7777777777777777,4.586046511627907,4.522167487684729,3.533333333333333,3.1153846153846154,,,,,,,,,14.0,12.0,15.0,16.0,10.0,4.0,,69.0,55.0,44.0,38.0,32.0,3.0,,201.0,162.0,215.0,203.0,90.0,26.0,,BAL,AFC North,outdoor,13.0,8.0,RB,62.47368421052632,52.56095,0.5421890639912474,0.616148124869055,0.42375737,0.5762426,71,11.833333333333334
00-0032156,T.Siemian,QB,,0.0,,12.0,1.0,2.0,,,,,,,,,,,,2.2222222222222223,2.0,3.636363636363636,,,0.5,,0.574468085106383,0.5769230769230769,0.5620915032679739,,,1.0,,6.0,2.0,5.0,,,0.0,,0.0,0.0,0.0,,,0.0,,9.0,4.0,11.0,,NYJ,AFC East,outdoor,7.0,8.0,QB,61.70588235294117,32.38125,0.4925520259703469,,0.33746424,0.6625357,14,3.5
00-0032160,T.Williams,WR,5.0,6.0,,0.0,,,,4.583333333333333,4.523809523809524,,4.0,,,,7.5,,,,,,,,,,,,,,17.0,13.0,,1.0,,,,76.0,64.0,,3.0,,,,2.0,0.0,,0.0,,,,DET,NFC North,indoor,9.0,6.0,WR,62.11764705882353,65.62784,0.5211786675454496,0.6605004737703506,0.3910985,0.6089015,31,10.333333333333334
00-0032166,S.Coates,WR,0.0,,,,,,,5.0,,,,,,,,,,,,,,,,,,,,,2.0,,,,,,,2.0,,,,,,,0.0,,,,,,,HOU,AFC South,indoor,10.0,3.0,WR,64.29411764705883,28.896332,0.4771671826625386,0.6750902527075813,0.37968892,0.6203111,2,2.0
00-0032170,R.Greene,WR,0.0,,,,,,,2.5,,,,,,,,,,,,,,,,,,,,,5.0,,,,,,,8.0,,,,,,,0.0,,,,,,,JAX,AFC South,outdoor,9.0,3.0,WR,62.5625,41.513588,0.5401294289645683,0.6259163146629287,0.35564435,0.64435565,5,5.0
00-0032187,D.Johnson,RB,10.0,6.0,8.0,1.0,0.0,,,7.7,6.277777777777778,7.121212121212121,5.96875,11.5,,,3.643410852713178,3.7204301075268815,4.700680272108843,3.4029850746268657,2.0,,,,,,,,,,16.0,12.0,12.0,13.0,4.0,,,76.0,47.0,46.0,42.0,4.0,,,258.0,93.0,147.0,67.0,12.0,,,NO,NFC South,indoor,14.0,7.0,RB,59.11764705882353,55.139317,0.4955351180719965,0.6618866005593694,0.43880597,0.561194,57,11.4
00-0032200,T.Montgomery,WR,0.5,0.0,0.0,0.0,1.0,0.0,,8.166666666666668,7.230769230769231,10.0,5.4375,2.333333333333333,5.4,,4.61923076923077,3.21875,5.0,2.933333333333333,-1.0,3.0,,,,,,,,,12.0,12.0,5.0,11.0,1.0,7.0,,20.0,17.0,7.0,26.0,4.0,12.0,,20.5,32.0,23.0,15.0,2.0,3.0,,NE,AFC East,outdoor,11.0,8.0,WR,59.76470588235294,46.68542,0.5140518539717229,0.6241659830462127,0.382874,0.617126,60,10.0
00-0032208,P.Dorsett,WR,5.0,5.0,,0.0,1.0,0.0,,2.8378378378378377,2.6333333333333333,,4.333333333333333,3.1,,,7.25,7.0,,0.0,,,,,,,,0.0,,,13.0,12.0,,5.0,14.0,2.0,,50.0,58.0,,4.666666666666667,40.0,3.0,,4.0,3.0,,0.3333333333333333,0.0,0.0,,DEN,AFC West,outdoor,9.0,8.0,WR,58.94117647058823,37.769806,0.4895841102178745,0.6352450681309743,0.39820358,0.6017964,56,11.2
00-0032209,T.Yeldon,RB,5.0,0.0,1.0,,,,,8.181818181818182,9.153846153846152,6.4,,,,,3.980769230769231,3.7058823529411766,5.933333333333334,,,,,,,,,,,,14.0,4.0,5.0,,,,,78.0,15.0,9.0,,,,,104.0,17.0,15.0,,,,,BUF,AFC East,outdoor,11.0,5.0,RB,62.47368421052632,76.44005,0.5351510872123549,0.6036677676851088,0.33361414,0.6663858,23,7.666666666666667
00-0032211,T.Lockett,WR,10.0,9.0,10.0,8.0,9.0,5.0,2.0,3.950819672131148,3.5052631578947366,3.2549019607843137,3.7945205479452055,3.088888888888889,2.6582278481012658,2.7346938775510203,5.307692307692308,-1.25,,4.5,,,,,,,,,,,17.0,18.0,17.0,16.0,17.0,17.0,17.0,76.0,128.0,136.0,107.0,125.0,122.0,74.0,13.0,4.0,0.0,2.0,0.0,0.0,0.0,SEA,NFC West,outdoor,10.0,9.0,WR,59.88235294117647,43.293674,0.4867004593375017,0.5306475531389026,0.3388998,0.6611002,119,17.0
00-0032214,T.Kroft,TE,0.0,1.0,3.0,1.0,0.0,,,4.25,4.5,3.6666666666666665,4.625,3.5,,,,,,,,,,,,,,,,,5.0,9.0,6.0,9.0,4.0,,,6.0,16.0,16.0,25.0,5.0,,,0.0,0.0,0.0,0.0,0.0,,,SF,NFC West,outdoor,9.0,7.0,TE,60.1,64.19551,0.4461222910216718,0.5886295686638342,0.46505824,0.5349418,33,6.6
00-0032227,J.Heuerman,TE,2.0,1.0,,,,,,4.838709677419355,3.0,,,,,,,,,,,,,,,,,,,,10.0,8.0,,,,,,48.0,20.0,,,,,,0.0,0.0,,,,,,DEN,AFC West,outdoor,10.0,4.0,TE,59.0,50.477005,0.5075706269349846,0.5859943703455154,0.40042374,0.5995763,18,9.0
00-0032241,T.Gurley,RB,23.0,14.0,9.0,,,,,9.396825396825395,6.32258064516129,4.92,,,,,4.933566433566433,3.84304932735426,3.476923076923077,,,,,,,,,,,,17.0,15.0,15.0,,,,,88.0,49.0,35.0,,,,,286.0,223.0,195.0,,,,,ATL,NFC South,indoor,10.0,5.0,RB,66.8125,62.227356,0.5462998796009632,0.6501597444089456,0.35734332,0.6426567,47,15.666666666666666
00-0032245,S.Mannion,QB,0.0,0.0,,1.0,,,,,,,,,,,-1.2857142857142858,-0.8333333333333334,,7.0,,,,0.6666666666666666,0.5714285714285714,,0.6111111111111112,,,,3.0,3.0,,1.0,,,,0.0,0.0,,0.0,,,,7.0,6.0,,2.0,,,,MIN,NFC North,indoor,7.0,6.0,QB,63.294117647058826,74.55339,0.4963805129895095,,0.3977695,0.6022305,7,2.333333333333333
00-0032256,C.Walford,TE,,0.0,,,,,,,6.75,,,,,,,,,,,,,,,,,,,,,4.0,,,,,,,8.0,,,,,,,0.0,,,,,,MIA,AFC East,outdoor,5.0,4.0,TE,63.375,42.377514,0.4689797794117647,0.5758160020468585,0.295858,0.70414203,4,4.0
00-0032257,D.Johnson,RB,3.0,5.0,2.0,3.0,0.0,,,7.957446808510638,7.9423076923076925,7.857142857142857,12.75,,,,5.025,5.275862068965517,3.051948051948052,4.647887323943662,2.0,,,,,,,,,,16.0,18.0,11.0,5.0,1.0,,,62.0,73.0,35.0,5.0,0.0,,,40.0,87.0,77.0,71.0,2.0,,,BUF,AFC East,outdoor,7.0,7.0,RB,63.94444444444444,67.04495,0.4973808431754768,0.45690035273368607,0.34578627,0.6542137,51,10.2
00-0032268,M.Mariota,QB,13.0,7.0,2.0,1.0,19.0,1.0,5.0,11.0,,,,,,,5.578125,5.36,9.77777777777778,6.6923076923076925,5.152941176470589,6.5,4.65,0.6888217522658611,0.5962732919254659,0.6071428571428571,0.5,0.6133333333333333,0.6521739130434783,0.7727272727272727,14.0,9.0,1.0,7.0,13.0,2.0,5.0,1.0,0.0,0.0,0.0,0.0,0.0,0.0,64.0,25.0,9.0,13.0,85.0,8.0,20.0,WAS,NFC East,outdoor,14.0,9.0,QB,65.4,53.9981,0.4818996019460416,,0.39831805,0.60168195,51,7.285714285714286
00-0032319,R.Travis,TE,,0.0,,,,,,,7.75,,,,,,,,,,,,,,,,,,,,,3.0,,,,,,,6.0,,,,,,,0.0,,,,,,IND,AFC South,indoor,6.0,,,62.5625,66.20276,0.4919872828517372,0.5734813285148855,0.4225774,0.57742256,3,3.0
00-0032355,C.Rogers,WR,2.0,2.0,,1.0,,,,4.516129032258065,4.3125,,3.4516129032258065,,,,-4.0,18.0,,9.0,,,,,,,,,,,17.0,9.0,,17.0,,,,83.0,28.0,,45.0,,,,1.0,1.0,,1.0,,,,TEN,AFC South,outdoor,13.0,5.0,WR,65.11111111111111,46.797688,0.4759685160613953,0.6702702702702703,0.4641638,0.53583616,43,14.333333333333334
00-0032362,M.Harris,WR,0.0,,,,,,,3.571428571428572,,,,,,,5.0,,,,,,,,,,,,,,11.0,,,,,,,47.0,,,,,,,2.0,,,,,,,WAS,NFC East,outdoor,4.0,2.0,WR,59.9375,48.97035,0.4762050653594771,0.5922288359788359,0.3806048,0.6193952,11,11.0
00-0032371,R.Kelley,RB,0.0,,,,,,,,,,,,,,2.0,,,,,,,,,,,,,,2.0,,,,,,,0.0,,,,,,,4.0,,,,,,,WAS,NFC East,outdoor,4.0,2.0,RB,59.9375,48.97035,0.4762050653594771,0.5922288359788359,0.3806048,0.6193952,2,2.0
00-0032377,J.Ferguson,RB,,0.0,,,,,,,,,,,,,,3.0,,,,,,,,,,,,,,1.0,,,,,,,0.0,,,,,,,3.0,,,,,,WAS,NFC East,outdoor,10.0,3.0,RB,55.1875,33.159893,0.4863314843481252,0.6335489475235391,0.37938845,0.62061155,1,1.0
00-0032385,S.Shepard,WR,4.0,3.0,4.0,1.0,1.0,1.0,1.0,4.681818181818182,3.1403508771929824,3.090909090909091,3.083333333333333,4.230769230769231,3.3,3.09375,11.0,12.0,8.166666666666666,-9.0,,6.0,8.625,,,,,,,,16.0,10.0,12.0,7.0,3.0,10.0,13.0,107.0,83.0,90.0,53.0,24.0,22.0,51.0,3.0,6.0,6.0,1.0,0.0,1.0,8.0,TB,NFC South,outdoor,11.0,8.0,WR,62.66666666666666,61.497734,0.5047483905843039,0.858843537414966,0.39893618,0.60106385,71,10.142857142857142
00-0032392,A.Hooper,TE,4.0,6.0,5.0,3.0,2.0,0.0,3.0,3.3380281690140845,4.466666666666667,3.272727272727273,4.868421052631579,3.1707317073170733,5.68,5.0,,,,,,,,,,,,,,,16.0,13.0,15.0,15.0,17.0,16.0,17.0,88.0,97.0,84.0,61.0,60.0,31.0,59.0,0.0,0.0,0.0,0.0,0.0,0.0,0.0,NE,AFC East,outdoor,14.0,8.0,TE,60.05882352941177,42.244293,0.4656508630283898,0.6714544249430653,0.374143,0.625857,109,15.571428571428571
00-0032393,C.Prosise,RB,0.0,1.0,1.0,,,,,5.666666666666667,6.6,5.2,,,,,-3.0,3.130434782608696,1.9,,,,,,,,,,,,2.0,8.0,5.0,,,,,3.0,12.0,5.0,,,,,1.0,23.0,10.0,,,,,HOU,AFC South,indoor,8.0,,,58.25,47.419857,0.5175263910388717,0.8511029411764706,0.2918455,0.7081545,15,5.0
00-0032394,N.Vannett,TE,3.0,0.0,1.0,1.0,0.0,0.0,3.0,4.733333333333333,2.798076923076923,4.571428571428571,10.22222222222222,4.375,0.0,6.470588235294118,,,,,,,,,,,,,,,16.0,13.0,11.0,7.0,5.0,1.0,12.0,45.0,11.0,21.0,15.0,4.5,1.0,20.0,0.0,0.0,0.0,0.0,0.0,0.0,0.0,TEN,AFC South,outdoor,5.0,8.0,TE,60.588235294117645,39.319504,0.5103836581072058,0.6357900565366905,0.40291262,0.5970874,83,11.857142857142858
00-0032398,C.Moore,WR,1.0,0.0,,2.0,2.0,0.0,,3.1052631578947367,3.333333333333333,,7.142857142857143,5.5625,2.590909090909091,,3.4,0.0,,,1.0,19.5,,,,,,,,,16.0,5.0,,8.0,15.0,15.0,,26.0,6.0,,22.0,74.0,35.0,,5.0,1.0,,0.0,3.0,2.0,,TEN,AFC South,outdoor,7.0,7.0,WR,57.88235294117647,14.859611,0.5134260102389769,0.6773799374822392,0.41463414,0.58536583,59,11.8
00-0032404,T.Ervin,RB,0.0,0.0,0.0,,,,,4.0,8.0,7.636363636363637,,,,,,11.666666666666666,5.153846153846154,,,,,,,,,,,,3.0,4.0,7.0,,,,,3.0,5.0,15.0,,,,,0.0,3.0,13.0,,,,,GB,NFC North,outdoor,5.0,4.0,RB,61.61111111111112,80.96528,0.4482570806100218,0.7016393442622951,0.40396753,0.59603244,14,4.666666666666667
00-0032411,K.Dixon,RB,2.0,,,,,,,10.88888888888889,,,,,,,5.242424242424242,,,,,,,,,,,,,,7.0,,,,,,,10.0,,,,,,,66.0,,,,,,,BAL,AFC North,outdoor,10.0,2.0,RB,69.0,61.59026,0.4967320261437908,0.5044365774931533,0.44927537,0.5507246,7,7.0
00-0032417,P.Perkins,RB,,0.0,,,,,,,10.0,,,,,,,2.4166666666666665,,,,,,,,,,,,,,3.0,,,,,,,1.0,,,,,,,12.0,,,,,,DET,NFC North,indoor,5.0,,,63.1875,55.215973,0.4982289516683866,0.5911059197941531,0.36795253,0.6320475,3,3.0
00-0032423,T.Davis,WR,,0.5,,,,,,,8.928571428571429,,,,,,,18.25,,,,,,,,,,,,,,7.0,,,,,,,5.5,,,,,,,2.0,,,,,,GB,NFC North,outdoor,11.0,,,61.888888888888886,63.932884,0.4777345392347972,0.6899606299212598,0.36355475,0.6364452,14,14.0
00-0032426,A.Collins,RB,8.0,,2.0,2.0,,,,6.466666666666667,,1.0,10.666666666666666,,,,3.6052631578947367,,4.277777777777778,3.8055555555555554,,,,,,,,,,,10.0,,3.0,11.0,,,,21.0,,2.0,10.0,,,,114.0,,18.0,108.0,,,,SEA,NFC West,outdoor,9.0,5.0,RB,55.70588235294117,42.735703,0.5127807985939473,0.6658552631578947,0.39915523,0.6008448,24,8.0
00-0032430,D.Morgan,TE,0.0,,,,,,,5.4,,,,,,,,,,,,,,,,,,,,,5.0,,,,,,,6.0,,,,,,,0.0,,,,,,,MIN,NFC North,indoor,10.0,2.0,TE,62.25,61.79393,0.4912280701754386,0.7013201320132013,0.3323293,0.66767067,5,5.0
00-0032434,B.Allen,QB,,3.0,5.0,2.0,0.0,,1.0,,,,,,,,,3.9,2.076923076923077,-0.1428571428571428,-0.3333333333333333,,1.3333333333333333,,0.4642857142857143,0.6338028169014085,0.5,1.0,,0.5666666666666667,,3.0,5.0,5.0,1.0,,3.0,,0.0,1.0,0.0,0.0,,0.0,,10.0,13.0,7.0,3.0,,3.0,SF,NFC West,outdoor,9.0,8.0,QB,59.64705882352941,63.015938,0.5505412897873287,,0.3964497,0.6035503,17,3.4
00-0032436,J.Driskel,QB,8.0,5.0,3.0,,1.0,2.0,,,9.0,,,7.0,,,5.2,6.863636363636363,4.666666666666667,,3.75,4.714285714285714,,0.5965909090909091,0.5904761904761905,0.546875,,0.7,0.5,,8.0,3.0,3.0,,7.0,1.0,,0.0,1.0,0.0,,1.0,0.0,,25.0,22.0,6.0,,20.0,7.0,,CLE,AFC North,outdoor,5.0,7.0,QB,69.5,56.85959,0.5293142988189428,,0.40207833,0.59792167,22,4.4
00-0032450,D.Washington,RB,0.0,0.0,0.0,0.0,0.0,,,,11.0,,5.0,6.0,,,5.703703703703703,7.5,1.8888888888888888,4.0,3.4545454545454546,,,,,,,,,,4.0,4.0,3.0,3.0,3.0,,,0.0,1.0,0.0,2.0,1.0,,,27.0,8.0,9.0,4.0,11.0,,,NO,NFC South,indoor,14.0,6.0,RB,59.11764705882353,55.139317,0.4955351180719965,0.6618866005593694,0.43880597,0.561194,17,3.4
00-0032464,K.Raymond,WR,,2.0,0.0,4.0,0.0,1.0,2.0,,1.4,4.222222222222222,5.458333333333333,4.638297872340425,6.114285714285714,8.05,,-5.0,-3.0,7.0,5.142857142857143,10.714285714285714,0.0,,,,,,,,,8.0,9.0,16.0,16.0,17.0,11.0,,13.0,16.0,71.0,64.0,44.0,25.0,,1.0,1.0,4.0,7.0,7.0,2.0,DET,NFC North,indoor,5.0,8.0,WR,64.66666666666667,66.82518,0.5130747620685701,0.7933218192285549,0.45017183,0.5498282,77,12.833333333333334
00-0032508,H.Valles,TE,0.0,,,,,,,0.5,,,,,,,,,,,,,,,,,,,,,2.0,,,,,,,3.0,,,,,,,0.0,,,,,,,DET,NFC North,indoor,6.0,,,63.375,57.444054,0.4890579312865497,0.5365129835718071,0.37672585,0.62327415,2,2.0
00-0032540,T.Carson,RB,,0.0,,,,,,,3.5,,,,,,,2.583333333333333,,,,,,,,,,,,,,2.0,,,,,,,2.0,,,,,,,9.0,,,,,,DET,NFC North,indoor,5.0,3.0,RB,63.1875,55.215973,0.4982289516683866,0.5911059197941531,0.36795253,0.6320475,4,4.0
00-0032543,A.Erickson,WR,0.0,0.0,0.0,0.0,,1.0,,3.75,5.27906976744186,5.583333333333333,10.0,,3.625,,7.333333333333333,6.6,1.4,,,,,,1.0,0.0,,,,,11.0,15.0,9.0,4.0,,8.0,,29.0,78.0,17.0,4.0,,29.0,,3.0,5.0,5.0,0.0,,0.0,,LAC,AFC West,outdoor,5.0,7.0,WR,64.47058823529412,61.803616,0.5298216706703321,0.6446234119782215,0.34762773,0.65237224,47,9.4
00-0032562,C.Wick,TE,0.0,,,,,,,,,,,,,,,,,,,,,,,,,,,,1.0,,,,,,,1.0,,,,,,,0.0,,,,,,,SF,NFC West,outdoor,11.0,,,62.0625,43.142384,0.486296547127623,0.613797226752958,0.39879155,0.60120845,1,1.0
00-0032577,D.Foster,RB,,,0.0,,,,,,,3.0,,,,,,,1.0,,,,,,,,,,,,,,2.0,,,,,,,1.0,,,,,,,2.0,,,,,ARI,NFC West,indoor,8.0,4.0,RB,66.75,75.97468,0.4623578323873409,0.679771505376344,0.39325842,0.60674155,2,2.0
00-0032593,B.Wilds,RB,0.0,,,,,,,,,,,,,,2.5,,,,,,,,,,,,,,3.0,,,,,,,0.0,,,,,,,6.0,,,,,,,JAX,AFC South,outdoor,9.0,,,62.5625,41.513588,0.5401294289645683,0.6259163146629287,0.35564435,0.64435565,3,3.0
00-0032599,J.Perkins,TE,0.0,1.0,,,,,,3.2,2.888888888888889,,,,,,,,,,,,,,,,,,,,3.0,3.0,,,,,,11.0,13.0,,,,,,0.0,0.0,,,,,,PHI,NFC East,outdoor,10.0,3.0,TE,68.17647058823529,60.594673,0.4568435217224144,0.6803995710818895,0.38222605,0.61777395,6,3.0
00-0032602,J.McKissic,RB,1.0,1.0,4.0,4.0,0.0,,,3.5,6.970588235294118,6.304878048780488,8.837209302325581,5.62962962962963,,,2.6666666666666665,5.394736842105263,4.252873563218391,4.416666666666667,4.318181818181818,,,,,,,,,,4.0,15.0,17.0,11.0,8.0,,,4.0,42.0,113.0,53.0,40.0,,,3.0,38.0,87.0,48.0,22.0,,,WAS,NFC East,outdoor,14.0,6.0,RB,66.76470588235294,47.573685,0.5201835326493859,0.6079191319465919,0.44052863,0.55947137,55,11.0
00-0032626,G.Allison,WR,2.0,2.0,,0.0,,,,5.3,3.0,,,,,,,7.0,,,,,,,,,,,,,5.0,17.0,,1.0,,,,30.0,59.0,,2.0,,,,0.0,1.0,,0.0,,,,DET,NFC North,indoor,9.0,5.0,WR,62.11764705882353,65.62784,0.5211786675454496,0.6605004737703506,0.3910985,0.6089015,23,7.666666666666667
00-0032634,D.Grinnage,TE,0.0,,,,,,,3.0,,,,,,,,,,,,,,,,,,,,,3.0,,,,,,,8.0,,,,,,,0.0,,,,,,,JAX,AFC South,outdoor,9.0,2.0,TE,62.5625,41.513588,0.5401294289645683,0.6259163146629287,0.35564435,0.64435565,3,3.0
00-0032661,B.Braunecker,TE,0.0,1.0,,,,,,2.8,4.166666666666667,,,,,,,,,,,,,,,,,,,,6.0,4.0,,,,,,7.0,11.0,,,,,,0.0,0.0,,,,,,CHI,NFC North,outdoor,6.0,3.0,TE,63.25,53.135334,0.4952418193154455,0.6674539728682171,0.36067194,0.63932806,10,5.0
00-0032688,R.Chosen,WR,6.0,5.0,3.0,5.0,0.5,1.0,0.0,3.6,3.7115384615384617,5.231578947368421,2.981132075471698,4.329670329670329,7.75,1.0,-4.0,4.0,3.75,12.0,,,,,,,,,,,14.0,16.0,16.0,17.0,12.0,5.0,1.0,94.0,96.0,136.0,110.0,22.0,6.0,4.0,2.0,1.0,4.0,3.0,0.0,0.0,0.0,MIA,AFC East,outdoor,6.0,8.0,WR,63.294117647058826,57.18794,0.4137477488415387,0.6473066407276933,0.3866171,0.6133829,93,13.285714285714286
00-0032707,A.Jones,WR,1.0,,,,,,,2.363636363636364,,,,,,,,,,,,,,,,,,,,,5.0,,,,,,,24.0,,,,,,,0.0,,,,,,,DET,NFC North,indoor,6.0,2.0,WR,63.375,57.444054,0.4890579312865497,0.5365129835718071,0.37672585,0.62327415,5,5.0
00-0032725,S.Anderson,TE,,,0.0,1.0,0.0,,,,,10.0,7.1875,2.0,,,,,,,,,,,,,,,,,,,3.0,11.0,5.0,,,,,11.0,19.0,7.0,,,,,0.0,0.0,0.0,,,ARI,NFC West,indoor,13.0,6.0,TE,67.17647058823529,60.92949,0.5184352172241445,0.6358154586031611,0.34063047,0.6593695,19,6.333333333333333
00-0032728,Te.Jones,WR,,0.0,,,,,,,2.75,,,,,,,,,,,,,,,,,,,,,4.0,,,,,,,10.0,,,,,,,0.0,,,,,,PIT,AFC North,outdoor,7.0,,,57.75,64.751114,0.4857698013415892,0.6038080854135796,0.3917749,0.6082251,4,4.0
00-0032741,P.Barber,RB,6.0,7.0,4.0,2.0,,,,3.2,7.375,2.75,7.3,,,,3.7222222222222223,3.051948051948052,2.74468085106383,3.8545454545454554,,,,,,,,,,,16.0,16.0,14.0,9.0,,,,29.0,24.0,7.0,13.0,,,,234.0,154.0,94.0,55.0,,,,LV,AFC West,indoor,8.0,5.0,RB,63.44444444444444,63.890923,0.5103952692187986,0.5860294117647059,0.34938705,0.65061295,55,13.75
00-0032745,A.Cross,TE,0.0,,,,,,,3.5,,,,,,,,,,,,,,,,,,,,,4.0,,,,,,,5.0,,,,,,,0.0,,,,,,,TB,NFC South,outdoor,5.0,2.0,TE,65.5625,65.32288,0.5088337418300654,0.656084656084656,0.30600572,0.6939943,4,4.0
00-0032760,J.Doctson,WR,2.0,,,,,,,3.0,,,,,,,,,,,,,,,,,,,,,15.0,,,,,,,78.0,,,,,,,0.0,,,,,,,WAS,NFC East,outdoor,4.0,2.0,WR,59.9375,48.97035,0.4762050653594771,0.5922288359788359,0.3806048,0.6193952,15,15.0
00-0032764,D.Henry,RB,12.0,21.0,17.0,12.0,14.0,14.0,21.0,7.666666666666667,11.956521739130435,6.136363636363637,8.88888888888889,12.030303030303031,9.821428571428571,11.36842105263158,4.925581395348837,5.1450777202072535,5.21969696969697,4.179916317991632,4.406876790830945,4.167857142857143,5.970027247956403,0.6666666666666666,1.0,,1.0,1.0,0.6666666666666666,,16.0,18.0,17.0,9.0,16.0,17.0,19.0,18.0,29.0,34.0,20.0,41.0,36.0,24.0,215.0,386.0,396.0,239.0,349.0,280.0,367.0,BAL,AFC North,outdoor,14.0,8.0,RB,61.42105263157895,75.81623,0.5321196437947293,0.6698717948717949,0.48500428,0.5149957,112,16.0
00-0032765,M.Thomas,WR,10.0,9.0,1.0,,3.0,1.0,,4.141843971631205,3.7884615384615374,2.3777777777777778,,1.3125,2.5641025641025643,,,-9.0,1.0,,,,,,,,,,,,18.0,17.0,9.0,,3.0,10.0,,170.0,193.0,66.0,,22.0,64.0,,0.0,1.0,1.0,,0.0,0.0,,NO,NFC South,indoor,11.0,7.0,WR,64.82352941176471,67.97862,0.429164896092596,0.6081107314800435,0.40562615,0.5943739,57,11.4
00-0032775,D.Robinson,WR,4.0,4.0,3.0,3.0,3.0,4.0,7.0,5.043478260869565,3.5428571428571427,3.765957446808511,3.103448275862069,3.3,3.1379310344827585,2.257142857142857,,,,,,23.0,,,,,,,,,15.0,17.0,17.0,17.0,17.0,9.0,19.0,34.0,61.0,64.0,50.0,78.0,45.0,73.0,0.0,0.0,0.0,0.0,0.0,1.0,0.0,LA,NFC West,outdoor,6.0,8.0,WR,60.36842105263158,65.3435,0.5321760283060593,0.6566492450638792,0.4115083,0.58849174,111,15.857142857142858
00-0032778,T.Sharpe,WR,2.0,4.0,0.0,0.0,,,,3.1923076923076925,2.3076923076923075,,2.76,,,,16.0,,,,,,,,,,,,,,14.0,16.0,3.0,14.0,,,,47.0,41.0,3.0,37.0,,,,1.0,0.0,0.0,0.0,,,,ATL,NFC South,indoor,6.0,5.0,WR,58.70588235294117,58.808945,0.4611323579999595,0.42573051948051943,0.36773548,0.63226455,47,11.75
00-0032780,J.Howard,RB,9.0,7.0,2.0,3.0,0.0,,,6.35,6.9,0.0,8.333333333333334,,,,3.730769230769231,4.411764705882353,2.517857142857143,4.72093023255814,1.0,,,,,,,,,,17.0,9.0,7.0,8.0,1.0,,,28.0,14.0,0.5,6.0,0.0,,,260.0,119.0,17.5,86.0,1.0,,,NO,NFC South,indoor,14.0,6.0,RB,59.11764705882353,55.139317,0.4955351180719965,0.6618866005593694,0.43880597,0.561194,49,9.8
00-0032782,W.Smallwood,RB,5.0,0.0,,0.0,,,,8.67741935483871,5.555555555555555,,3.5,,,,3.971428571428572,3.6818181818181817,,5.0,,,,,,,,,,,15.0,11.0,,2.0,,,,39.0,13.0,,5.0,,,,105.0,22.0,,5.0,,,,WAS,NFC East,outdoor,9.0,5.0,RB,62.70588235294117,54.82557,0.5140209231267326,0.606634452135301,0.40337712,0.5966229,28,9.333333333333334
00-0032791,J.Grant,WR,2.0,1.0,1.0,1.0,,,,6.666666666666667,4.578947368421052,4.777777777777778,4.166666666666667,,,,5.0,1.25,6.666666666666667,6.6,,,,,,,,,,,10.0,9.0,14.0,7.0,,,,34.0,33.0,54.0,8.5,,,,1.0,4.0,3.0,2.5,,,,MIA,AFC East,outdoor,14.0,,,63.8235294117647,63.645893,0.4521337946943483,0.6522508591065292,0.3658986,0.6341014,47,11.75
00-0032792,N.Sudfeld,QB,1.0,,0.0,,0.0,,,,,,,,,,-1.0,,6.0,,-0.8,,,0.5,,0.4166666666666667,,,,,2.0,,1.0,,2.0,,,0.0,,0.0,,0.0,,,2.0,,2.0,,5.0,,,DET,NFC North,indoor,6.0,6.0,QB,63.588235294117645,81.938614,0.518699285699832,,0.4199815,0.5800185,5,1.6666666666666667
00-0032795,C.Core,WR,1.0,0.0,,,,,,2.769230769230769,1.0,,,,,,,,,,,,,,,,,,,,10.0,1.0,,,,,,28.0,5.0,,,,,,0.0,0.0,,,,,,NYG,NFC East,outdoor,11.0,3.0,WR,63.1875,59.12354,0.4565206290849673,0.7459280008299616,0.32542038,0.6745796,11,5.5
00-0032813,E.Penny,RB,0.0,0.0,0.0,2.0,,,,6.375,11.0,8.0,4.0,,,,3.571428571428572,2.6,2.5,4.125,,,,,,,,,,,9.0,8.0,6.0,11.0,,,,9.0,4.0,3.0,13.0,,,,7.0,15.0,6.0,24.0,,,,NYG,NFC East,outdoor,10.0,5.0,RB,61.294117647058826,64.325325,0.5276463939548988,0.5438604784890054,0.3637236,0.63627636,34,8.5
00-0032881,T.Lewis,WR,1.0,,0.0,0.0,,,,0.3333333333333333,,0.0,11.0,,,,5.0,,7.0,,,,,,,,,,,,5.0,,4.0,1.0,,,,4.0,,3.0,2.0,,,,2.0,,2.0,0.0,,,,MIA,AFC East,outdoor,14.0,5.0,WR,63.8235294117647,63.645893,0.4521337946943483,0.6522508591065292,0.3658986,0.6341014,10,3.333333333333333
00-0032935,J.Holton,WR,0.0,0.0,,,,,,,3.333333333333333,,,,,,,9.0,,,,,,,,,,,,,1.0,8.0,,,,,,1.0,15.0,,,,,,0.0,1.0,,,,,,PIT,AFC North,outdoor,7.0,3.0,WR,57.75,64.751114,0.4857698013415892,0.6038080854135796,0.3917749,0.6082251,9,4.5
00-0032940,D.Washington,RB,0.0,3.0,0.0,,,,,7.0,6.833333333333333,3.25,,,,,3.8333333333333335,3.583333333333333,2.3690476190476195,,,,,,,,,,,,8.0,16.0,4.0,,,,,1.0,41.0,5.0,,,,,30.0,108.0,15.5,,,,,KC,AFC West,outdoor,10.0,,,64.78947368421052,85.05137,0.5070791012619268,0.7000616712920136,0.32493907,0.6750609,32,10.666666666666666
00-0032945,D.Williams,WR,,1.0,,,,,,,3.4375,,,,,,,,,,,,,,,,,,,,,5.0,,,,,,,29.0,,,,,,,0.0,,,,,,BUF,AFC East,outdoor,6.0,3.0,WR,63.70588235294117,55.79249,0.4605743742285356,0.5556329040491936,0.40443215,0.5955679,5,5.0
00-0032950,C.Wentz,QB,21.0,28.0,21.0,28.0,12.0,3.0,0.0,9.0,,,,,,,2.735294117647059,3.9193548387096775,5.307692307692308,3.771929824561404,3.909090909090909,3.294117647058824,0.0,0.6957605985037406,0.6366612111292962,0.5743707093821511,0.624031007751938,0.6231884057971014,0.7083333333333334,0.631578947368421,11.0,17.0,12.0,17.0,8.0,1.0,2.0,1.0,0.0,0.0,0.0,0.0,0.0,0.0,34.0,62.0,52.0,57.0,22.0,17.0,3.0,KC,AFC West,outdoor,6.0,8.0,QB,61.4,56.569695,0.5115963929431422,,0.35667753,0.64332247,68,9.714285714285714
00-0032951,L.Treadwell,WR,1.0,1.0,2.0,1.0,0.0,0.0,,3.4285714285714284,6.333333333333333,2.1666666666666665,3.696969696969697,1.8333333333333333,0.0,,,,,,,,,,,,,,,,15.0,9.0,4.0,12.0,3.0,1.0,,53.0,16.0,7.0,51.0,10.0,3.0,,0.0,0.0,0.0,0.0,0.0,0.0,,BAL,AFC North,outdoor,13.0,7.0,WR,62.47368421052632,52.56095,0.5421890639912474,0.616148124869055,0.42375737,0.5762426,44,7.333333333333333
00-0032959,C.Peake,WR,0.0,,,,,,,2.0,,,,,,,,,,,,,,,,,,,,,3.0,,,,,,,3.0,,,,,,,0.0,,,,,,,NYJ,AFC East,outdoor,11.0,2.0,WR,59.875,58.43902,0.5000147811317509,0.5613746157224417,0.39457202,0.605428,3,3.0
00-0032964,B.Marshall,RB,0.0,,,,,,,7.0,,,,,,,3.0,,,,,,,,,,,,,,4.0,,,,,,,6.0,,,,,,,3.0,,,,,,,WAS,NFC East,outdoor,4.0,2.0,RB,59.9375,48.97035,0.4762050653594771,0.5922288359788359,0.3806048,0.6193952,4,4.0
00-0032966,C.Coleman,WR,0.0,,,,,,,1.6,,,,,,,5.0,,,,,,,,,,,,,,6.0,,,,,,,8.0,,,,,,,1.0,,,,,,,NYG,NFC East,outdoor,9.0,2.0,WR,61.5625,49.3446,0.5164164624183006,0.3298611111111111,0.35228425,0.64771575,6,6.0
00-0032972,D.Booker,RB,1.0,0.0,3.0,3.0,,,,6.368421052631579,7.333333333333333,4.764705882352941,7.425,,,,5.382352941176471,4.5,4.548387096774194,4.089655172413793,,,,,,,,,,,16.0,6.0,15.0,16.0,,,,51.0,9.0,21.0,45.0,,,,34.0,2.0,93.0,145.0,,,,NYG,NFC East,outdoor,10.0,5.0,RB,61.294117647058826,64.325325,0.5276463939548988,0.5438604784890054,0.3637236,0.63627636,53,13.25
00-0032975,J.Williams,RB,0.0,1.0,0.0,1.0,0.0,0.0,,0.0,12.8,5.75,9.0,5.428571428571429,,,0.0,4.795918367346939,5.0,4.647058823529412,4.108108108108108,-2.0,,,,,,,,,3.0,4.0,1.0,5.0,7.0,1.0,,1.0,5.0,4.0,6.0,10.0,1.0,,3.0,49.0,1.0,17.0,37.0,1.0,,WAS,NFC East,outdoor,14.0,7.0,RB,62.35294117647059,35.964767,0.4979744632631174,0.7082978118783745,0.30471697,0.695283,21,3.5
00-0032977,R.Higgins,WR,4.0,1.0,4.0,1.0,,,,3.743589743589744,2.25,2.409090909090909,1.7083333333333333,,,,,,,,,,,,,,,,,,13.0,6.0,14.0,12.0,,,,53.0,11.0,66.0,47.0,,,,0.0,0.0,0.0,0.0,,,,CLE,AFC North,outdoor,13.0,5.0,WR,61.35294117647059,41.977657,0.5000109847860713,0.6415692007797271,0.42473635,0.5752637,45,11.25
00-0032980,M.Johnson,WR,1.0,2.0,0.0,0.0,0.0,,,4.666666666666667,2.5294117647058822,3.5,10.555555555555555,3.6,,,-2.0,,,-1.0,,,,,,,,,,,4.0,8.0,8.0,7.0,6.0,,,8.0,33.0,28.0,19.0,23.0,,,1.0,0.0,0.0,2.0,0.0,,,NYG,NFC East,outdoor,9.0,6.0,WR,62.78947368421053,43.14891,0.5340883167671501,0.6638888888888889,0.4056999,0.5943001,33,6.6
00-0032986,J.Holtz,TE,,0.0,0.0,,,,,,11.285714285714286,,,,,,,,,,,,,,,,,,,,,5.0,1.0,,,,,,8.0,1.0,,,,,,0.0,0.0,,,,,CHI,NFC North,outdoor,11.0,4.0,TE,63.70588235294117,68.71866,0.4944252210688197,0.5053825179592051,0.3508772,0.64912283,6,3.0
00-0033006,J.Mickens,WR,,,0.0,0.0,,,,,,4.428571428571429,1.5,,,,,,,,,,,,,,,,,,,,2.0,2.0,,,,,,10.0,3.0,,,,,,0.0,0.0,,,,JAX,AFC South,outdoor,7.0,5.0,WR,60.23529411764706,73.20424,0.508349593707452,0.798172757475083,0.34570312,0.6542969,4,2.0
00-0033009,T.Boyd,WR,7.0,5.0,4.0,6.0,5.0,2.0,0.0,5.5,3.8666666666666663,4.430379746835443,5.2682926829268295,4.109375,4.164179104477612,4.846153846153846,1.5,5.75,9.8,8.333333333333334,,5.5,3.0,0.0,,0.5,1.0,1.0,0.0,0.0,14.0,16.0,15.0,20.0,19.0,17.0,15.0,108.0,148.0,110.0,114.0,89.0,98.0,57.0,2.0,4.0,5.0,3.0,0.0,2.0,1.0,TEN,AFC South,outdoor,5.0,8.0,WR,60.588235294117645,39.319504,0.5103836581072058,0.6357900565366905,0.40291262,0.5970874,116,16.571428571428573
00-0033025,J.Richard,RB,1.0,0.0,1.0,0.0,,,,7.338235294117647,6.555555555555555,5.105263157894737,5.769230769230769,,,,4.709090909090909,3.717948717948718,5.590909090909091,4.444444444444445,,,,,,,,,,,16.0,16.0,12.0,9.0,,,,81.0,43.0,23.0,16.0,,,,55.0,39.0,22.0,9.0,,,,LV,AFC West,indoor,8.0,5.0,RB,63.44444444444444,63.890923,0.5103952692187986,0.5860294117647059,0.34938705,0.65061295,53,13.25
00-0033040,T.Hill,WR,14.0,9.0,17.0,12.0,8.0,14.0,6.0,5.791666666666667,4.666666666666667,5.585585585585585,4.32089552238806,4.103174603174603,5.508064516129032,3.6049382716049374,8.130434782608695,3.4,8.058823529411764,9.4,4.111111111111111,2.5,6.625,,,,,,,,18.0,15.0,18.0,20.0,18.0,17.0,17.0,153.0,116.0,166.0,187.0,185.0,179.0,122.0,23.0,10.0,17.0,10.0,9.0,6.0,8.0,MIA,AFC East,outdoor,6.0,8.0,WR,63.294117647058826,57.18794,0.4137477488415387,0.6473066407276933,0.3866171,0.6133829,123,17.571428571428573
00-0033045,E.Elliott,RB,11.0,14.0,8.0,12.0,12.0,5.0,3.0,7.457831325301205,7.314814814814815,6.923076923076923,6.625,5.35,7.333333333333333,8.083333333333334,4.622857142857143,4.5083056478405314,4.012295081967213,4.14859437751004,3.65748031496063,3.489130434782609,3.054054054054054,,,,1.0,,,,17.0,16.0,15.0,18.0,17.0,17.0,15.0,105.0,71.0,71.0,69.0,29.0,65.0,15.0,350.0,301.0,244.0,249.0,254.0,184.0,74.0,DAL,NFC East,indoor,7.0,,,64.41176470588235,66.249146,0.5172044875741835,0.6212507005189932,0.37260273,0.62739724,115,16.428571428571427
00-0033049,D.Jackson,RB,0.0,,,,,,,,,,,,,,2.6666666666666665,,,,,,,,,,,,,,1.0,,,,,,,1.0,,,,,,,6.0,,,,,,,DAL,NFC East,indoor,8.0,2.0,RB,62.72222222222222,38.6368,0.5028057275541795,0.6734348561759729,0.3976971,0.6023029,1,1.0
00-0033054,R.Gathers,TE,0.0,,,,,,,9.0,,,,,,,,,,,,,,,,,,,,,7.0,,,,,,,8.0,,,,,,,0.0,,,,,,,DAL,NFC East,indoor,8.0,2.0,TE,62.72222222222222,38.6368,0.5028057275541795,0.6734348561759729,0.3976971,0.6023029,7,7.0
00-0033060,L.Carroo,WR,1.0,,,,,,,18.0,,,,,,,14.0,,,,,,,,,,,,,,3.0,,,,,,,4.0,,,,,,,1.0,,,,,,,MIA,AFC East,outdoor,11.0,2.0,WR,54.125,24.558413,0.4648585311317509,0.6385836135487575,0.40300232,0.5969977,3,3.0
00-0033077,D.Prescott,QB,32.0,33.0,13.0,40.0,30.0,41.0,12.0,,,1.0,,,,,4.0602409638554215,5.326923076923077,5.166666666666667,3.326923076923077,4.071428571428571,4.704918032786885,4.153846153846154,0.6734348561759729,0.6510067114093959,0.6801801801801802,0.6776212832550861,0.665948275862069,0.6938461538461539,0.6468531468531469,18.0,16.0,5.0,17.0,14.0,18.0,8.0,1.0,0.0,1.0,0.0,0.0,0.0,0.0,83.0,52.0,18.0,52.0,56.0,61.0,13.0,DAL,NFC East,indoor,7.0,8.0,QB,64.41176470588235,66.249146,0.5172044875741835,,0.37260273,0.62739724,96,13.714285714285714
00-0033080,S.DeValve,TE,1.0,0.0,0.0,,,,,3.0,5.083333333333333,,,,,,,,,,,,,,,,,,,,5.0,7.0,1.0,,,,,7.0,18.0,1.0,,,,,0.0,0.0,0.0,,,,,ARI,NFC West,indoor,8.0,4.0,TE,66.75,75.97468,0.4623578323873409,0.679771505376344,0.39325842,0.60674155,13,4.333333333333333
00-0033090,H.Henry,TE,0.0,5.0,4.0,9.0,2.0,6.0,2.0,,2.890909090909091,3.7666666666666666,2.9607843137254903,4.951219512195122,1.8571428571428568,4.0606060606060606,,,,,,,,,,,,,,,1.0,12.0,14.0,17.0,16.0,13.0,16.0,1.0,76.0,93.0,79.0,59.0,61.0,97.0,0.0,0.0,0.0,0.0,0.0,0.0,0.0,NE,AFC East,outdoor,14.0,8.0,TE,60.05882352941177,42.244293,0.4656508630283898,0.6714544249430653,0.374143,0.625857,89,12.714285714285714
00-0033094,M.Hall,WR,1.0,1.0,1.0,0.0,,,,5.7,5.142857142857143,1.7058823529411764,5.0,,,,0.0,7.0,1.0,,,,,,,,,,,,13.0,7.0,11.0,1.0,,,,19.0,11.0,16.0,1.0,,,,2.0,1.0,0.5,0.0,,,,ATL,NFC South,indoor,6.0,5.0,WR,58.70588235294117,58.808945,0.4611323579999595,0.42573051948051943,0.36773548,0.63226455,43,10.75
00-0033095,G.Griffin,TE,1.0,,,0.0,,,,6.0,,,6.75,,,,,,,,,,,,,,,,,,1.0,,,2.0,,,,2.0,,,4.0,,,,0.0,,,0.0,,,,NO,NFC South,indoor,6.0,5.0,TE,61.1764705882353,58.540142,0.4971569639207592,0.5866549372866078,0.44134617,0.55865383,3,1.5
00-0033104,C.Kessler,QB,2.0,,,,,,,,,,,,,,6.473684210526316,,,,,,,0.648854961832061,,,,,,,5.0,,,,,,,0.0,,,,,,,19.0,,,,,,,JAX,AFC South,outdoor,9.0,2.0,QB,62.5625,41.513588,0.5401294289645683,,0.35564435,0.64435565,5,5.0
00-0033106,J.Goff,QB,35.0,24.0,26.0,19.0,29.0,36.0,39.0,,,,,9.0,,2.0,2.5,1.2121212121212122,1.9464285714285716,5.117647058823529,2.5172413793103448,0.5853658536585366,1.75,0.6341829085457271,0.6293929712460063,0.6688963210702341,0.6720647773279352,0.6507666098807495,0.6759776536312849,0.7132987910189983,19.0,16.0,17.0,14.0,17.0,20.0,18.0,0.0,0.0,0.0,0.0,1.0,0.0,1.0,52.0,33.0,56.0,17.0,29.0,41.0,36.0,DET,NFC North,indoor,5.0,8.0,QB,64.66666666666667,66.82518,0.5130747620685701,,0.45017183,0.5498282,121,17.285714285714285
00-0033110,T.Higbee,TE,3.0,3.0,5.0,5.0,3.0,2.0,3.0,6.333333333333333,5.652173913043479,5.0638297872340425,4.571428571428571,5.611111111111111,5.23404255319149,5.55,,,1.0,,,,,,,,,,,,16.0,14.0,17.0,18.0,16.0,16.0,5.0,42.0,89.0,65.0,99.0,108.0,71.0,27.0,0.0,0.0,1.0,0.0,0.0,0.0,0.0,LA,NFC West,outdoor,6.0,8.0,TE,60.36842105263158,65.3435,0.5321760283060593,0.6566492450638792,0.4115083,0.58849174,102,14.571428571428571
00-0033111,P.Cooper,WR,0.0,1.0,0.0,0.0,0.0,,,,2.8,7.0,1.75,6.0,,,,2.0,,3.0,3.75,,,,,,,,,,1.0,11.0,5.0,6.0,2.0,,,1.0,33.0,8.0,11.0,2.0,,,0.0,1.0,0.0,1.0,4.0,,,ARI,NFC West,indoor,13.0,6.0,WR,67.17647058823529,60.92949,0.5184352172241445,0.6358154586031611,0.34063047,0.6593695,25,5.0
00-0033112,T.Hemingway,TE,,,0.0,,,,,,,6.0,,,,,,,,,,,,,,,,,,,,,2.0,,,,,,,2.0,,,,,,,0.0,,,,,WAS,NFC East,outdoor,8.0,4.0,TE,65.3529411764706,51.04338,0.4621299500192234,0.6434010815181226,0.34833482,0.65166515,2,2.0
00-0033114,M.Thomas,WR,,0.0,1.0,0.0,0.0,,,,5.0,2.1538461538461537,3.5,12.0,,,,,1.0,,,,,,,,,,,,,3.0,10.0,8.0,4.0,,,,5.0,21.0,12.0,10.0,,,,0.0,1.0,0.0,0.0,,,CIN,AFC North,outdoor,10.0,,,64.15789473684211,55.943726,0.5360454800572122,0.8398601398601399,0.33388022,0.66611975,25,6.25
00-0033118,K.Drake,RB,9.0,4.0,10.0,3.0,5.0,0.0,,7.981132075471698,8.36525974025974,6.6,8.633333333333333,7.352941176470588,18.0,,4.458333333333333,4.375857218216986,3.99581589958159,4.031746031746032,4.422018348623853,0.0,,,,,,,,,16.0,14.0,15.0,12.0,12.0,2.0,,73.0,34.0,31.0,40.0,26.0,1.5,,120.0,84.0,239.0,63.0,109.0,1.0,,GB,NFC North,outdoor,6.0,7.0,RB,60.8421052631579,77.32212,0.4953945751892631,0.8225552050473186,0.40051904,0.599481,87,14.5
00-0033119,J.Brissett,QB,0.0,22.0,3.0,6.0,14.0,3.0,2.0,,2.0,,,,,,-1.0,4.071428571428571,1.0555555555555556,3.684210526315789,4.959183673469388,6.333333333333333,4.133333333333334,0.5,0.6085011185682326,0.25,0.6266666666666667,0.6395663956639567,0.782608695652174,0.5900621118012422,4.0,15.0,12.0,10.0,14.0,2.0,7.0,0.0,1.0,0.0,0.0,0.0,0.0,0.0,7.0,56.0,18.0,19.0,49.0,3.0,15.0,NE,AFC East,outdoor,14.0,8.0,QB,60.05882352941177,42.244293,0.4656508630283898,,0.374143,0.625857,64,9.142857142857142
00-0033127,W.Fuller,WR,4.0,3.0,8.0,0.0,,,,5.1875,4.444444444444445,5.490566037735849,2.5,,,,,,0.0,,,,,,,,,,,,7.0,12.0,11.0,2.0,,,,45.0,79.0,75.0,8.0,,,,0.0,0.0,1.0,0.0,,,,MIA,AFC East,outdoor,14.0,5.0,WR,63.8235294117647,63.645893,0.4521337946943483,0.6522508591065292,0.3658986,0.6341014,32,8.0
00-0033164,T.Pope,RB,,1.0,0.0,,,,,,5.5,5.5,,,,,,2.0,5.066666666666666,,,,,,,,,,,,,2.0,4.0,,,,,,3.0,10.0,,,,,,10.0,15.0,,,,,LAC,AFC West,outdoor,6.0,4.0,RB,69.8125,71.611534,0.4770879020467836,0.7329598506069095,0.38495973,0.6150403,6,3.0
00-0033215,C.Grayson,WR,,0.0,0.0,2.0,,,,,1.0,,7.0,,,,,,,14.0,,,,,,,,,,,,1.0,2.0,3.0,,,,,1.0,3.0,12.0,,,,,0.0,0.0,1.0,,,,TB,NFC South,outdoor,9.0,4.0,WR,66.47368421052632,85.10158,0.4811745566185846,0.6539842873176207,0.3182898,0.68171024,6,2.0
00-0033217,M.Alie-Cox,TE,2.0,0.0,2.0,4.0,3.0,3.0,1.0,7.142857142857143,7.5,5.428571428571429,6.25,5.2105263157894735,6.153846153846154,4.083333333333333,,,,,,,,,,,,,,,9.0,9.0,15.0,17.0,14.0,13.0,12.0,14.0,11.0,43.0,45.0,28.0,22.0,22.0,0.0,0.0,0.0,0.0,0.0,0.0,0.0,IND,AFC South,indoor,14.0,7.0,TE,60.8235294117647,65.39625,0.4432556304255448,0.56524926686217,0.44970986,0.5502901,89,12.714285714285714
00-0033246,J.Mundt,TE,0.0,0.0,0.0,0.0,1.0,1.0,2.0,5.0,2.5,11.25,2.0,6.45,5.529411764705882,4.857142857142857,,,,,,,,,,,,,,,1.0,5.0,2.0,1.0,14.0,9.0,14.0,1.0,7.0,4.0,1.0,22.0,23.0,30.0,0.0,0.0,0.0,0.0,0.0,0.0,0.0,MIN,NFC North,indoor,6.0,7.0,TE,61.11111111111112,38.288708,0.4694033558842641,0.8299145299145299,0.38454545,0.61545455,46,6.571428571428571
00-0033251,Z.Pascal,WR,2.0,5.0,6.0,3.0,1.0,0.0,,3.103448275862069,5.829268292682927,5.191489361702128,3.1842105263157894,4.888888888888889,3.0,,8.0,8.0,,10.5,0.0,,,,0.0,0.0,,,,,13.0,14.0,17.0,16.0,15.0,9.0,,52.0,72.0,76.0,69.0,23.0,15.0,,3.0,2.0,0.0,2.0,1.0,0.0,,ARI,NFC West,indoor,14.0,6.0,WR,63.0,56.27595,0.5453732370141039,0.6186548460703999,0.40709618,0.59290385,84,14.0
00-0033258,D.Daniels,TE,0.0,0.0,1.0,0.0,,,,,0.0,7.125,4.333333333333333,,,,,,,,,,,,,,,,,,2.0,3.0,8.0,4.0,,,,1.0,3.0,11.0,7.0,,,,0.0,0.0,0.0,0.0,,,,ARI,NFC West,indoor,12.0,4.0,TE,64.77777777777777,63.478325,0.5039267558875402,0.6992121865908274,0.39708406,0.60291594,19,4.75
00-0033266,J.Natson,WR,,,0.0,,,,,,,,,,,,,,3.0,,,,,,,,,,,,,,1.0,,,,,,,0.0,,,,,,,1.0,,,,,CLE,AFC North,outdoor,9.0,3.0,WR,62.55555555555556,77.21316,0.4686926671253297,0.5632854578096949,0.44760212,0.55239785,1,1.0
00-0033275,P.Walker,QB,,,1.0,1.0,3.0,1.0,,,,,,,,,,,-0.4,1.8571428571428568,6.5,2.3076923076923075,,,,0.5714285714285714,0.5454545454545454,0.5943396226415094,0.4864864864864865,,,,4.0,5.0,6.0,5.0,,,,1.0,0.0,0.0,0.0,,,,5.0,7.0,6.0,13.0,,CLE,AFC North,outdoor,5.0,6.0,QB,69.5,56.85959,0.5293142988189428,,0.40207833,0.59792167,20,5.0
00-0033280,C.McCaffrey,RB,14.0,19.0,6.0,2.0,8.5,26.0,0.0,8.02803738317757,8.508620689655173,7.235294117647059,6.972972972972973,8.063920454545453,7.011627906976744,6.533333333333333,5.013698630136986,4.832752613240418,3.8135593220338975,4.4646464646464645,4.7841265149275785,5.217522658610272,4.04,1.0,0.0,,,0.5,,,16.0,16.0,3.0,7.0,20.0,19.0,4.0,124.0,142.0,19.0,41.0,61.0,108.0,19.0,219.0,287.0,59.0,99.0,142.0,331.0,50.0,SF,NFC West,outdoor,9.0,7.0,RB,59.64705882352941,63.015938,0.5505412897873287,0.6356194632790377,0.3964497,0.6035503,105,15.0
00-0033282,C.Samuel,WR,7.0,7.0,5.0,0.0,5.0,5.0,3.0,2.8461538461538463,2.833333333333333,4.155844155844156,6.666666666666667,4.515625,4.193548387096774,5.675675675675675,10.5,6.842105263157895,4.878048780487805,2.75,4.921052631578948,5.571428571428571,2.8,,,,,,,,12.0,16.0,15.0,5.0,17.0,16.0,17.0,65.0,105.0,97.0,9.0,92.0,91.0,54.0,8.0,19.0,41.0,4.0,38.0,7.0,5.0,BUF,AFC East,outdoor,12.0,7.0,WR,60.1,91.19061,0.4954661162710698,0.5498380675371826,0.44009984,0.55990016,98,14.0
00-0033288,G.Kittle,TE,5.0,5.0,2.0,7.0,11.0,7.0,8.0,9.886363636363637,7.053763440860215,6.1875,6.269230769230769,6.285714285714286,7.383561643835616,6.6923076923076925,10.0,4.4,8.5,6.666666666666667,4.0,2.0,,,,,,,,,16.0,17.0,8.0,17.0,18.0,19.0,15.0,136.0,120.0,63.0,108.0,97.0,103.0,94.0,1.0,5.0,2.0,3.0,1.0,1.0,0.0,SF,NFC West,outdoor,9.0,7.0,TE,59.64705882352941,63.015938,0.5505412897873287,0.6356194632790377,0.3964497,0.6035503,110,15.714285714285714
00-0033292,T.Taylor,WR,1.0,,0.0,0.0,0.0,0.0,0.0,3.8846153846153846,,4.3,3.5,7.166666666666667,,2.0,,,,,3.75,-2.0,,,,,,,,,13.0,,7.0,2.0,6.0,3.0,1.0,40.0,,21.0,3.0,10.0,2.0,1.0,0.0,,0.0,0.0,4.0,1.0,0.0,SF,NFC West,outdoor,9.0,7.0,WR,59.64705882352941,63.015938,0.5505412897873287,0.6356194632790377,0.3964497,0.6035503,32,5.333333333333333
00-0033293,A.Jones,RB,9.0,23.0,12.0,10.0,7.0,6.0,7.0,8.5,8.690909090909091,7.576923076923077,8.491803278688524,8.084745762711865,8.735294117647058,7.944444444444445,5.473684210526316,4.468401486988848,5.5656108597285066,4.590163934426229,5.262910798122066,4.87292817679558,4.425373134328358,,,,,,,,12.0,18.0,16.0,16.0,17.0,13.0,18.0,35.0,75.0,71.0,75.0,72.0,50.0,68.0,133.0,269.0,221.0,183.0,213.0,181.0,268.0,MIN,NFC North,indoor,6.0,7.0,RB,61.11111111111112,38.288708,0.4694033558842641,0.8299145299145299,0.38454545,0.61545455,110,15.714285714285714
00-0033295,E.McGuire,RB,4.0,,,,,,,8.894736842105264,,,,,,,3.0,,,,,,,,,,,,,,8.0,,,,,,,31.0,,,,,,,92.0,,,,,,,NYJ,AFC East,outdoor,11.0,1.0,RB,59.875,58.43902,0.5000147811317509,0.5613746157224417,0.39457202,0.605428,8,8.0
00-0033296,A.Armah,RB,2.0,1.0,0.0,1.0,,0.0,,5.0,3.5,4.0,1.0,,9.0,,1.6666666666666667,1.8333333333333333,1.5,4.2,,,,,,,,,,,8.0,6.0,12.0,5.0,,3.0,,1.0,2.0,9.0,1.0,,3.0,,9.0,6.0,6.0,5.0,,0.0,,WAS,NFC East,outdoor,14.0,6.0,RB,62.35294117647059,35.964767,0.4979744632631174,0.7082978118783745,0.30471697,0.695283,34,6.8
00-0033306,V.Bolden,WR,0.0,,,,,,,1.0,,,,,,,,,,,,,,,,,,,,,1.0,,,,,,,4.0,,,,,,,0.0,,,,,,,SF,NFC West,outdoor,11.0,,,62.0625,43.142384,0.486296547127623,0.613797226752958,0.39879155,0.60120845,1,1.0
00-0033307,K.Bourne,WR,4.0,6.0,2.0,8.0,1.0,4.0,1.0,3.5,3.9722222222222223,4.469387755102041,6.564516129032258,4.142857142857143,5.486486486486487,3.357142857142857,,,,10.692307692307692,6.5,4.0,6.0,,,,1.0,,,0.0,16.0,18.0,15.0,18.0,16.0,8.0,12.0,67.0,54.0,74.0,78.0,48.0,55.0,38.0,0.0,0.0,0.0,13.0,6.0,1.0,1.0,NE,AFC East,outdoor,14.0,7.0,WR,60.05882352941177,42.244293,0.4656508630283898,0.6714544249430653,0.374143,0.625857,103,14.714285714285714
00-0033308,M.Breida,RB,5.0,2.0,0.0,3.0,2.0,1.0,,8.703703703703704,6.684210526315789,10.666666666666666,8.714285714285714,4.761904761904762,5.235294117647059,,5.3202614379084965,4.863636363636363,4.305084745762712,4.807692307692308,4.114754098360656,2.7454545454545456,,,,,,,,,14.0,14.0,10.0,7.0,19.0,15.0,,31.0,22.0,10.0,9.0,26.0,21.0,,153.0,132.0,59.0,26.0,61.0,55.0,,NYG,NFC East,outdoor,13.0,6.0,RB,61.70588235294117,0.0,0.4977923470729881,0.6532979608822306,0.36320305,0.63679695,79,13.166666666666666
00-0033319,N.Mullens,QB,13.0,0.0,12.0,1.0,1.0,7.0,0.0,,,,,,,,-0.8888888888888888,-1.0,0.8888888888888888,,2.0,2.5,-0.6666666666666666,0.6423357664233577,,0.647239263803681,0.6666666666666666,0.84,0.6756756756756757,1.0,8.0,1.0,10.0,1.0,4.0,5.0,4.0,0.0,0.0,0.0,0.0,0.0,0.0,0.0,18.0,3.0,9.0,0.0,4.0,10.0,3.0,MIN,NFC North,indoor,6.0,7.0,QB,61.11111111111112,38.288708,0.4694033558842641,,0.38454545,0.61545455,33,4.714285714285714
00-0033338,C.Carter,TE,,1.0,0.0,0.0,,,,,2.5,2.0,4.0,,,,,,,,,,,,,,,,,,,2.0,6.0,2.0,,,,,3.0,7.0,2.0,,,,,0.0,0.0,0.0,,,,MIA,AFC East,outdoor,14.0,4.0,TE,63.8235294117647,63.645893,0.4521337946943483,0.6522508591065292,0.3658986,0.6341014,10,3.333333333333333
00-0033357,T.Hill,QB,3.0,,,9.0,11.0,,,2.5,,,12.5,4.111111111111111,,,5.1,,,5.342857142857143,5.989583333333333,,,0.375,,,0.582089552238806,0.6842105263157895,,,15.0,,,12.0,16.0,,,9.0,,,6.0,13.0,,,40.0,,,70.0,96.0,,,NO,NFC South,indoor,12.0,7.0,TE,60.35294117647059,62.051647,0.4943759340681577,0.5697110849912208,0.39766082,0.6023392,101,14.428571428571429
00-0033357,T.Hill,TE,,8.0,13.0,,,7.0,6.0,,7.428571428571429,3.9,,,4.03030303030303,5.956521739130435,,6.645161290322581,5.186813186813187,,,4.950617283950617,7.128205128205129,,0.5714285714285714,0.7272727272727273,,,0.5454545454545454,0.5,,17.0,17.0,,,16.0,8.0,,24.0,14.0,,,40.0,31.0,,31.0,91.0,,,81.0,39.0,NO,NFC South,indoor,12.0,7.0,TE,60.35294117647059,62.051647,0.4943759340681577,0.5697110849912208,0.39766082,0.6023392,101,14.428571428571429
00-0033367,C.Board,WR,,0.0,0.0,0.0,0.0,,,,3.0,3.0,3.25,0.0,,,,,3.0,6.0,,,,,,,,,,,,2.0,9.0,4.0,1.0,,,,4.0,16.0,6.0,1.0,,,,0.0,1.0,1.0,0.0,,,TEN,AFC South,outdoor,6.0,5.0,WR,57.588235294117645,31.882746,0.4938292964244521,0.5829132359122716,0.4596527,0.5403473,16,4.0
00-0033373,T.Mizzell,RB,1.0,,,,,,,4.25,,,,,,,1.5,,,,,,,,,,,,,,9.0,,,,,,,11.0,,,,,,,10.0,,,,,,,CHI,NFC North,outdoor,5.0,1.0,RB,62.52941176470589,66.348526,0.4291239199498169,0.6788728897715988,0.4035748,0.59642524,9,9.0
00-0033375,T.Patrick,WR,1.0,0.0,6.0,5.0,,,3.0,4.869565217391305,2.375,4.666666666666667,3.811320754716981,,,4.676470588235294,5.666666666666667,,,,,,,,,,,,,,10.0,7.0,15.0,16.0,,,16.0,41.0,31.0,79.0,85.0,,,48.0,3.0,0.0,0.0,0.0,,,0.0,DET,NFC North,indoor,5.0,7.0,WR,64.66666666666667,66.82518,0.5130747620685701,0.7933218192285549,0.45017183,0.5498282,64,12.8
00-0033379,T.White,WR,0.0,,,,,,,0.0,,,,,,,,,,,,,,,,,,,,,1.0,,,,,,,1.0,,,,,,,0.0,,,,,,,BAL,AFC North,outdoor,10.0,1.0,WR,69.0,61.59026,0.4967320261437908,0.5044365774931533,0.44927537,0.5507246,1,1.0
00-0033382,A.Carr,WR,2.0,0.0,1.0,,,,,2.2,4.0,3.6666666666666665,,,,,,,,,,,,,,,,,,,10.0,2.0,4.0,,,,,15.0,4.0,4.0,,,,,0.0,0.0,0.0,,,,,NO,NFC South,indoor,6.0,3.0,WR,64.44444444444444,74.35508,0.4756144173068837,0.6810655147588193,0.44396552,0.5560345,16,5.333333333333333
00-0033386,C.Hollister,WR,,0.0,0.0,0.0,0.0,,,,1.5,2.0,4.25,2.6666666666666665,,,,,,,,,,,,,,,,,,1.0,1.0,3.0,4.0,,,,2.0,1.0,7.0,5.0,,,,0.0,0.0,0.0,0.0,,,TEN,AFC South,outdoor,6.0,5.0,WR,57.588235294117645,31.882746,0.4938292964244521,0.5829132359122716,0.4596527,0.5403473,9,2.25
00-0033387,J.Hollister,TE,0.0,3.0,3.0,1.0,,,,4.0,4.0,3.2,3.4444444444444446,,,,,,,,,,,,,,,,,,2.0,12.0,14.0,6.0,,,,5.0,69.0,45.0,14.0,,,,0.0,0.0,0.0,0.0,,,,JAX,AFC South,outdoor,7.0,4.0,TE,60.23529411764706,73.20424,0.508349593707452,0.798172757475083,0.34570312,0.6542969,34,8.5
00-0033421,A.Auclair,TE,0.0,0.0,0.0,1.0,,,,1.1428571428571428,8.0,,5.0,,,,,,,,,,,,,,,,,,6.0,2.0,1.0,4.0,,,,8.0,3.0,1.0,5.0,,,,0.0,0.0,0.0,0.0,,,,HOU,AFC South,indoor,10.0,4.0,TE,59.1764705882353,51.084877,0.4926962735558619,0.6370896785109983,0.39065605,0.60934395,13,3.25
00-0033434,B.Wilson,WR,0.0,0.0,,,,,,5.0,1.0,,,,,,,,,,,,,,,,,,,,3.0,5.0,,,,,,5.0,11.0,,,,,,0.0,0.0,,,,,,TB,NFC South,outdoor,7.0,,,67.0,56.31063,0.4875381621947024,0.5535143769968052,0.33675373,0.6632463,8,4.0
00-0033439,P.Brown,TE,,0.0,2.0,0.0,0.0,1.0,0.0,,7.0,5.428571428571429,4.608695652173913,6.842857142857143,9.307692307692308,3.75,,,,,,,,,,,,,,,,3.0,8.0,12.0,7.0,9.0,8.0,,3.0,16.0,34.0,10.0,15.0,12.0,,0.0,0.0,0.0,0.0,0.0,0.0,SEA,NFC West,outdoor,10.0,7.0,TE,59.88235294117647,43.293674,0.4867004593375017,0.5306475531389026,0.3388998,0.6611002,54,9.0
00-0033441,K.Hatcher,WR,0.0,,,,,,,8.0,,,,,,,,,,,,,,,,,,,,,1.0,,,,,,,2.0,,,,,,,0.0,,,,,,,LV,AFC West,indoor,,,,61.125,38.68121,,0.5111512959614225,0.37627813,0.6237219,1,1.0
00-0033455,A.Firkser,TE,1.0,3.0,1.0,2.0,0.0,0.0,,5.105263157894737,4.176470588235294,4.341463414634147,3.264705882352941,2.2222222222222223,4.0,,,,,,,,,,,,,,,,8.0,12.0,16.0,16.0,8.0,1.0,,20.0,29.0,55.0,44.0,13.0,1.0,,0.0,0.0,0.0,0.0,0.0,0.0,,DET,NFC North,indoor,9.0,6.0,TE,65.4,71.383415,0.4974600717479974,0.6759776536312849,0.41590214,0.58409786,61,10.166666666666666
00-0033460,J.Ross,WR,7.0,3.0,0.0,1.0,,,0.0,2.8095238095238093,7.071428571428571,1.5,3.636363636363636,,,2.0,2.25,1.3333333333333333,,16.0,,,,,,,,,,,13.0,8.0,2.0,9.0,,,1.0,58.0,56.0,7.0,20.0,,,2.0,4.0,3.0,0.0,1.0,,,0.0,PHI,NFC East,outdoor,5.0,7.0,WR,63.85714285714285,35.011185,0.4905671040345963,0.6468466305366902,0.5152871,0.4847129,33,6.6
00-0033464,J.Chesson,WR,0.0,,,,,,,0.0,,,,,,,-4.0,,,,,,,,,,,,,,3.0,,,,,,,2.0,,,,,,,1.0,,,,,,,WAS,NFC East,outdoor,4.0,1.0,WR,59.9375,48.97035,0.4762050653594771,0.5922288359788359,0.3806048,0.6193952,3,3.0
00-0033466,I.McKenzie,WR,2.0,1.0,7.0,2.0,5.0,0.0,,4.222222222222222,7.483870967741935,6.121212121212121,4.916666666666667,3.272727272727273,6.545454545454546,,6.6,6.125,1.5,6.066666666666666,6.111111111111111,4.666666666666667,,,,1.0,,,,,6.0,13.0,17.0,13.0,16.0,9.0,,30.0,44.0,37.0,30.0,67.0,14.0,,10.0,8.0,12.0,15.0,9.0,3.0,,IND,AFC South,indoor,11.0,6.0,WR,63.94117647058823,58.91931,0.4824763754831138,0.608843537414966,0.40386385,0.59613615,74,12.333333333333334
00-0033471,I.Ford,WR,0.0,0.0,0.0,2.0,,,,,3.739130434782609,2.4285714285714284,5.0,,,,,11.0,,,,,,,,,,,,,1.0,8.0,9.0,10.0,,,,1.0,35.0,44.0,17.0,,,,0.0,1.0,0.0,0.0,,,,MIA,AFC East,outdoor,14.0,4.0,WR,63.8235294117647,63.645893,0.4521337946943483,0.6522508591065292,0.3658986,0.6341014,28,7.0
00-0033474,G.Dieter,WR,0.0,,0.0,,,,,9.5,,5.0,,,,,,,,,,,,,,,,,,,3.0,,1.0,,,,,4.0,,2.0,,,,,0.0,,0.0,,,,,KC,AFC West,outdoor,10.0,3.0,WR,64.78947368421052,85.05137,0.5070791012619268,0.7000616712920136,0.32493907,0.6750609,4,2.0
00-0033481,M.Kemp,WR,0.0,,0.0,0.0,0.0,,,8.0,,10.0,4.0,2.0,,,,,,,,,,,,,,,,,2.0,,1.0,5.0,1.0,,,2.0,,1.0,5.0,1.0,,,0.0,,0.0,0.0,0.0,,,KC,AFC West,outdoor,8.0,5.0,WR,63.35,85.546425,0.4778353973168214,0.6166815210932859,0.3338595,0.6661405,9,2.25
00-0033526,S.Perine,RB,0.0,0.0,3.0,3.0,7.0,1.0,2.0,3.0,,8.090909090909092,8.290322580645162,8.08695652173913,9.24,11.379310344827584,4.0,3.2,4.777777777777778,4.275862068965517,4.146788990825688,4.490566037735849,4.761904761904762,,,,,,,,4.0,1.0,11.0,19.0,19.0,17.0,20.0,4.0,0.0,12.0,38.0,61.0,56.0,38.0,8.0,5.0,63.0,58.0,109.0,53.0,21.0,KC,AFC West,outdoor,6.0,7.0,RB,61.4,56.569695,0.5115963929431422,0.6523858592263792,0.35667753,0.64332247,91,13.0
00-0033528,J.Sprinkle,TE,1.0,1.0,0.0,0.0,,,,4.2,3.5,4.5,6.333333333333333,,,,,,,,,,,,,,,,,,5.0,15.0,4.0,2.0,,,,9.0,40.0,4.0,3.0,,,,0.0,0.0,0.0,0.0,,,,DAL,NFC East,indoor,7.0,4.0,TE,67.33333333333333,70.95983,0.4833467110040897,0.6579595777977558,0.37541255,0.6245875,26,6.5
00-0033530,R.Davis,WR,,0.0,,,,,,,1.0,,,,,,,,,,,,,,,,,,,,,3.0,,,,,,,2.5,,,,,,,0.0,,,,,,WAS,NFC East,outdoor,10.0,,,55.1875,33.159893,0.4863314843481252,0.6335489475235391,0.37938845,0.62061155,6,6.0
00-0033536,M.Williams,WR,11.0,2.0,5.0,9.0,4.0,1.0,0.5,2.82,3.816326530612245,3.375,5.4605263157894735,5.142857142857143,5.684210526315789,2.4,4.0,2.0,1.0,,,3.0,,,,,,,,,18.0,15.0,14.0,16.0,13.0,3.0,14.0,82.0,90.0,85.0,129.0,93.0,26.0,18.0,7.0,1.0,1.0,0.0,0.0,1.0,0.0,NYJ,AFC East,outdoor,12.0,,,59.64705882352941,62.289284,0.4854509399218924,0.7014321295143213,0.3382643,0.6617357,107,15.285714285714286
00-0033537,D.Watson,QB,32.0,39.0,36.0,,8.0,8.0,6.0,,6.0,,,,,,5.859813084112149,4.950980392156863,4.933333333333334,,4.861111111111111,5.461538461538462,4.774193548387097,0.6750902527075813,0.6713286713286714,0.7022058823529411,,0.5823529411764706,0.6140350877192983,0.6342592592592593,17.0,17.0,16.0,,6.0,6.0,7.0,0.0,1.0,0.0,,0.0,0.0,0.0,107.0,102.0,90.0,,36.0,26.0,31.0,CLE,AFC North,outdoor,10.0,7.0,QB,65.94117647058823,38.249825,0.5256290958075697,,0.3131133,0.6868867,69,11.5
00-0033550,D.Webb,QB,,,,0.0,2.0,,,,,,,,,,,,,-1.5,6.833333333333333,,,,,,,0.575,,,,,,1.0,1.0,,,,,,0.0,0.0,,,,,,2.0,6.0,,,NYG,NFC East,outdoor,9.0,5.0,QB,62.78947368421053,43.14891,0.5340883167671501,,0.4056999,0.5943001,2,1.0
00-0033553,J.Conner,RB,13.0,7.0,7.0,19.0,8.0,9.0,9.0,9.963636363636365,8.764705882352942,6.8,10.210526315789474,8.173913043478262,8.185185185185185,10.27659574468085,4.525581395348837,4.0,4.211111111111111,3.7427184466019416,4.273224043715847,5.0,4.635593220338983,,,,,,,,13.0,10.0,14.0,16.0,13.0,13.0,16.0,71.0,38.0,48.0,41.0,58.0,33.0,55.0,215.0,116.0,180.0,206.0,183.0,208.0,236.0,ARI,NFC West,indoor,11.0,7.0,RB,60.64705882352941,72.118904,0.5242244885570327,0.8438077634011091,0.40543163,0.5945684,95,13.571428571428571
00-0033555,M.Hollins,WR,,0.0,1.0,4.0,4.0,0.0,6.0,,3.3,1.8125,2.9285714285714284,3.3684210526315788,3.055555555555556,2.9722222222222223,,,,,10.0,,,,,,,1.0,,,,8.0,9.0,13.0,17.0,9.0,19.0,,11.5,25.0,28.0,94.0,30.0,58.0,,0.0,0.0,0.0,4.0,0.0,0.0,BUF,AFC East,outdoor,12.0,7.0,WR,60.1,91.19061,0.4954661162710698,0.5498380675371826,0.44009984,0.55990016,83,13.833333333333334
00-0033556,T.Cohen,RB,9.0,3.0,0.0,,,,,7.148648648648648,5.430379746835443,10.166666666666666,,,,,4.44,3.328125,5.285714285714286,,,,,1.0,,,,,,,17.0,16.0,3.0,,,,,96.0,104.0,9.0,,,,,100.0,64.0,14.0,,,,,CHI,NFC North,outdoor,11.0,3.0,RB,63.70588235294117,68.71866,0.4944252210688197,0.5053825179592051,0.3508772,0.64912283,36,12.0
00-0033559,M.Roberts,TE,3.0,,,,,,,2.555555555555556,,,,,,,,,,,,,,,,,,,,,7.0,,,,,,,20.0,,,,,,,0.0,,,,,,,DET,NFC North,indoor,6.0,1.0,TE,63.375,57.444054,0.4890579312865497,0.5365129835718071,0.37672585,0.62327415,7,7.0
00-0033562,R.Switzer,WR,1.0,0.0,,,,,,3.8055555555555554,2.125,,,,,,3.5,,,,,,,,,,,,,,16.0,3.0,,,,,,44.0,11.0,,,,,,6.0,0.0,,,,,,PIT,AFC North,outdoor,7.0,2.0,WR,57.75,64.751114,0.4857698013415892,0.6038080854135796,0.3917749,0.6082251,19,9.5
00-0033564,J.Butt,TE,0.0,,0.0,,,,,5.5,,1.0,,,,,,,,,,,,,,,,,,,3.0,,3.0,,,,,13.0,,4.0,,,,,0.0,,0.0,,,,,DEN,AFC West,outdoor,5.0,3.0,TE,63.8125,69.34818,0.5577404755761954,0.5984128103837473,0.39666992,0.6033301,6,3.0
00-0033567,B.Hill,RB,0.0,3.0,1.0,,,,,5.0,5.4,6.48,,,,,7.85,4.141025641025641,4.65,,,,,,,,,,,,4.0,10.0,16.0,,,,,2.0,14.0,30.0,,,,,20.0,78.0,100.0,,,,,ATL,NFC South,indoor,10.0,3.0,RB,66.8125,62.227356,0.5462998796009632,0.6501597444089456,0.35734332,0.6426567,30,10.0
00-0033572,J.Agnew,WR,0.0,0.0,0.0,2.0,3.0,1.0,,,1.0,7.769230769230769,4.916666666666667,5.076923076923077,5.428571428571429,,17.0,9.0,5.5,15.857142857142858,6.769230769230769,-0.5,,,,0.0,,,,,1.0,4.0,13.0,9.0,16.0,8.0,,0.0,2.0,20.0,39.0,34.0,21.0,,1.0,1.0,6.0,7.0,13.0,4.0,,JAX,AFC South,outdoor,9.0,6.0,WR,64.82352941176471,64.0079,0.5286191256688434,0.7053726749632009,0.35480943,0.64519054,51,8.5
00-0033573,S.Gibson,WR,0.0,,,,,,,0.0,,,,,,,,,,,,,,,,,,,,,2.0,,,,,,,3.0,,,,,,,0.0,,,,,,,PHI,NFC East,outdoor,9.0,1.0,WR,63.22222222222222,65.25153,0.5329890971983335,0.6291633072706704,0.36115992,0.6388401,2,2.0
00-0033576,E.Saubert,TE,0.0,0.0,0.0,1.0,1.0,0.0,1.0,2.6,9.0,2.333333333333333,3.625,5.0,2.0,3.1818181818181817,,,,,,,,,,,,,,,5.0,2.0,4.0,7.0,11.0,3.0,8.0,9.0,3.0,4.0,12.0,24.0,3.0,14.0,0.0,0.0,0.0,0.0,0.0,0.0,0.0,SF,NFC West,outdoor,9.0,7.0,TE,59.64705882352941,63.015938,0.5505412897873287,0.6356194632790377,0.3964497,0.6035503,40,5.714285714285714
00-0033581,D.Henderson,RB,0.0,,,,,,,,,,,,,,9.5,,,,,,,,,,,,,,1.0,,,,,,,0.0,,,,,,,2.0,,,,,,,NYJ,AFC East,outdoor,11.0,1.0,RB,59.875,58.43902,0.5000147811317509,0.5613746157224417,0.39457202,0.605428,1,1.0
00-0033589,D.Moore,WR,5.0,2.0,6.0,0.0,,2.0,3.0,3.576923076923077,8.947368421052632,4.833333333333333,,,13.0,1.875,5.0,7.75,7.222222222222222,,,,0.0,,,,,,,,14.0,15.0,17.0,1.0,,8.0,14.0,53.0,38.0,48.0,2.0,,11.0,57.0,1.0,4.0,9.0,0.0,,0.0,1.0,CAR,NFC South,outdoor,11.0,7.0,WR,58.05882352941177,64.39622,0.4901164387323556,0.6359375,0.36372846,0.63627154,69,11.5
00-0033591,N.Brown,WR,0.0,,0.0,0.0,3.0,2.0,1.0,3.7142857142857135,,3.357142857142857,4.25,3.4468085106382977,6.757575757575758,2.3714285714285714,,,4.0,,,-1.0,,,,,,,,,7.0,,9.0,9.0,17.0,11.0,11.0,13.0,,24.0,25.0,78.0,56.0,56.0,0.0,,1.0,0.0,0.0,1.0,0.0,WAS,NFC East,outdoor,14.0,7.0,WR,65.4,53.9981,0.4818996019460416,0.7281144781144782,0.39831805,0.60168195,64,10.666666666666666
00-0033594,C.Carson,RB,9.0,9.0,9.0,3.0,,,,7.681818181818182,8.567567567567568,7.0,7.0,,,,4.503846153846154,4.424460431654676,4.828025477707007,4.296296296296297,,,,,,,,,,,15.0,15.0,13.0,4.0,,,,27.0,47.0,48.0,6.0,,,,260.0,278.0,157.0,54.0,,,,SEA,NFC West,outdoor,9.0,4.0,RB,55.70588235294117,42.735703,0.5127807985939473,0.6658552631578947,0.39915523,0.6008448,47,11.75
00-0033597,C.Kelly,QB,0.0,,,,,,,,,,,,,,-1.0,,,,,,,,,,,,,,1.0,,,,,,,0.0,,,,,,,1.0,,,,,,,DEN,AFC West,outdoor,10.0,1.0,QB,62.9375,67.80119,0.5040244990540076,,0.37040716,0.62959284,1,1.0
00-0033604,K.Hogan,WR,,0.0,,,,,,,2.0,,,,,,,,,,,,,,,,,,,,,1.0,,,,,,,1.0,,,,,,,0.0,,,,,,NO,NFC South,indoor,9.0,2.0,WR,61.35294117647059,77.761055,0.4894005847953216,0.7127650330205075,0.3729626,0.6270374,1,1.0
00-0033611,R.Seals-Jones,TE,1.0,4.0,0.0,2.0,,,,2.8529411764705883,6.785714285714286,,5.066666666666666,,,,,,,,,,,,,,,,,,15.0,9.0,1.0,11.0,,,,69.0,22.0,1.0,49.0,,,,0.0,0.0,0.0,0.0,,,,WAS,NFC East,outdoor,9.0,4.0,TE,62.70588235294117,54.82557,0.5140209231267326,0.606634452135301,0.40337712,0.5966229,36,9.0
00-0033627,J.Croom,TE,1.0,,1.0,,,,,6.227272727272728,,0.0,,,,,,,,,,,,,,,,,,,12.0,,1.0,,,,,35.0,,1.0,,,,,0.0,,0.0,,,,,PHI,NFC East,outdoor,9.0,3.0,TE,67.1875,33.699024,0.5190461601307189,0.503769215439696,0.33302325,0.66697675,13,6.5
00-0033633,T.Gentry,WR,,,,,0.0,,,,,,,,,,,,,,,,,,,,,,,,,,,,1.0,,,,,,,1.0,,,,,,,0.0,,,BUF,AFC East,outdoor,7.0,5.0,WR,63.94444444444444,67.04495,0.4973808431754768,0.45690035273368607,0.34578627,0.6542137,1,1.0
00-0033658,B.Jarwin,TE,3.0,3.0,0.0,2.0,,,,4.25,5.064516129032258,0.0,3.4545454545454546,,,,,,,,,,,,,,,,,,14.0,15.0,1.0,8.0,,,,41.0,41.0,1.0,18.0,,,,0.0,0.0,0.0,0.0,,,,DAL,NFC East,indoor,7.0,4.0,TE,67.33333333333333,70.95983,0.4833467110040897,0.6579595777977558,0.37541255,0.6245875,38,9.5
00-0033662,C.Rush,QB,,,,3.0,5.0,0.0,12.0,,,,,,,,,,,-0.8888888888888888,0.6666666666666666,-0.4166666666666667,0.6923076923076923,,,,0.6382978723404256,0.5802469135802469,0.75,0.6071428571428571,,,,4.0,8.0,7.0,12.0,,,,0.0,0.0,0.0,0.0,,,,9.0,9.0,12.0,26.0,DAL,NFC East,indoor,7.0,7.0,QB,64.41176470588235,66.249146,0.5172044875741835,,0.37260273,0.62739724,31,7.75
00-0033681,K.Cole,WR,1.0,3.0,5.0,1.0,1.0,,,3.5789473684210527,4.125,3.163636363636364,3.0357142857142856,2.0,,,,6.0,2.0,,,,,,,,0.0,,,,13.0,11.0,16.0,14.0,9.0,,,70.0,35.0,88.0,51.0,21.0,,,0.0,1.0,1.0,0.0,0.0,,,LV,AFC West,indoor,6.0,5.0,WR,61.64705882352941,67.52364,0.4670804751209049,0.6230619689915038,0.3807252,0.6192748,63,12.6
00-0033696,S.Culkin,TE,0.0,0.0,,,,,,0.0,0.0,,,,,,,,,,,,,,,,,,,,1.0,2.0,,,,,,1.0,2.0,,,,,,0.0,0.0,,,,,,LAC,AFC West,outdoor,12.0,2.0,TE,61.6875,67.878975,0.5137746710526316,0.6632825719120135,0.3566363,0.6433637,3,1.5
00-0033699,A.Ekeler,RB,6.0,11.0,3.0,20.0,20.0,6.0,4.0,10.021739130434783,10.217391304347826,8.75925925925926,8.957142857142857,8.009174311926605,10.450980392156865,10.936170212765957,4.982905982905983,4.21969696969697,4.568965517241379,4.422330097087379,4.377880184331797,3.5083798882681565,4.606060606060606,,,,,,,,16.0,16.0,10.0,16.0,18.0,14.0,15.0,62.0,108.0,65.0,94.0,131.0,74.0,56.0,117.0,132.0,116.0,206.0,217.0,179.0,99.0,WAS,NFC East,outdoor,14.0,7.0,RB,65.4,53.9981,0.4818996019460416,0.7281144781144782,0.39831805,0.60168195,105,15.0
00-0033705,A.Patton,WR,,0.0,,,,,,,4.666666666666667,,,,,,,,,,,,,,,,,,,,,7.0,,,,,,,17.0,,,,,,,0.0,,,,,,LAC,AFC West,outdoor,12.0,2.0,WR,61.6875,67.878975,0.5137746710526316,0.6632825719120135,0.3566363,0.6433637,7,7.0
00-0033720,C.Thompson,TE,,,1.0,0.0,,,,,,0.0,,,,,,,,,,,,,,,,,,,,,2.0,1.0,,,,,,2.0,1.0,,,,,,0.0,0.0,,,,CAR,NFC South,outdoor,13.0,4.0,TE,64.6470588235294,47.072536,0.4963880288957688,0.5638652535204259,0.37852594,0.6214741,3,1.5
00-0033725,C.Clement,RB,2.0,,1.0,1.0,1.0,,,12.0,,6.4,2.833333333333333,12.2,,,3.808823529411765,,3.571428571428572,4.242424242424242,3.6666666666666665,,,,,,,,,,11.0,,8.0,5.0,4.0,,,25.0,,6.0,7.0,7.0,,,68.0,,21.0,33.0,15.0,,,ARI,NFC West,indoor,13.0,5.0,RB,67.17647058823529,60.92949,0.5184352172241445,0.6358154586031611,0.34063047,0.6593695,28,7.0
00-0033733,G.Ward,WR,,1.0,6.0,3.0,,,,,3.419354838709677,3.0943396226415096,2.2857142857142856,,,,,4.0,-2.0,,,,,,,1.0,0.5,,,,,7.0,16.0,7.0,,,,,44.0,79.0,11.0,,,,,2.0,2.0,0.0,,,,PHI,NFC East,outdoor,14.0,4.0,WR,62.77777777777778,68.795845,0.4747181133662042,0.6448245614035089,0.44424778,0.5557522,30,10.0
00-0033742,T.Swoopes,TE,0.0,0.0,,,,,,15.0,7.0,,,,,,,,,,,,,,,,,,,,1.0,1.0,,,,,,1.0,1.0,,,,,,0.0,0.0,,,,,,SEA,NFC West,outdoor,11.0,2.0,TE,63.61111111111112,44.799603,0.5306886156021863,0.658578856152513,0.4,0.6,2,1.0
00-0033757,R.Tonyan,TE,1.0,1.0,12.0,2.0,2.0,0.0,,2.5,2.6,4.466666666666667,5.777777777777778,4.339622641509434,5.181818181818182,,,,,,,,,,,,,,,,5.0,9.0,17.0,8.0,17.0,11.0,,6.0,15.0,67.0,29.0,67.0,17.0,,0.0,0.0,0.0,0.0,0.0,0.0,,CHI,NFC North,outdoor,13.0,6.0,TE,64.05882352941177,43.038048,0.4642693816432662,0.6354280854280854,0.42975205,0.57024795,67,11.166666666666666
00-0033760,J.Davis,RB,0.0,,,,,,,,,,,,,,9.5,,,,,,,,,,,,,,2.0,,,,,,,0.0,,,,,,,2.0,,,,,,,LA,NFC West,outdoor,12.0,1.0,RB,65.42105263157895,69.57601,0.5018874585845419,0.6504247876061968,0.40868866,0.59131134,2,2.0
00-0033773,R.McCarron,WR,0.0,,,,,,,,,,,,,,,,,,,,,,,,,,,,1.0,,,,,,,1.0,,,,,,,0.0,,,,,,,NE,AFC East,outdoor,11.0,1.0,WR,67.73684210526316,89.24453,0.5122469809715207,0.5809352517985611,0.43667445,0.5633256,1,1.0
00-0033789,T.Logan,RB,0.0,0.0,,,,,,5.571428571428571,4.5,,,,,,1.0,3.333333333333333,,,,,,,,,,,,,4.0,5.0,,,,,,7.0,3.0,,,,,,2.0,3.0,,,,,,TB,NFC South,outdoor,7.0,2.0,RB,67.0,56.31063,0.4875381621947024,0.5535143769968052,0.33675373,0.6632463,9,4.5
00-0033798,M.Schreck,TE,,,0.0,,0.0,,,,,,,0.0,,,,,,,,,,,,,,,,,,,1.0,,2.0,,,,,1.0,,2.0,,,,,0.0,,0.0,,,HOU,AFC South,indoor,6.0,5.0,TE,59.47058823529412,62.593353,0.4687478500171998,0.6331156433452884,0.36597428,0.6340257,3,1.5
00-0033838,T.Edmunds,RB,,0.0,,,,,,,7.0,,,,,,,4.181818181818182,,,,,,,,,,,,,,6.0,,,,,,,7.0,,,,,,,22.0,,,,,,PIT,AFC North,outdoor,7.0,2.0,RB,57.75,64.751114,0.4857698013415892,0.6038080854135796,0.3917749,0.6082251,6,6.0
00-0033839,D.Westbrook,WR,5.0,3.0,0.0,0.0,,,,5.484848484848484,4.712121212121212,0.0,1.7,,,,10.88888888888889,5.4,,,,,,0.0,,,,,,,16.0,15.0,1.0,8.0,,,,101.0,101.0,1.0,15.0,,,,9.0,5.0,0.0,0.0,,,,MIN,NFC North,indoor,7.0,4.0,WR,63.294117647058826,74.55339,0.4963805129895095,0.6469597940186175,0.3977695,0.6022305,40,10.0
00-0033840,C.Hansen,WR,,,1.0,,,,,,,2.294117647058824,,,,,,,,,,,,,,,,,,,,,5.0,,,,,,,24.0,,,,,,,0.0,,,,,HOU,AFC South,indoor,8.0,3.0,WR,58.25,47.419857,0.5175263910388717,0.8511029411764706,0.2918455,0.7081545,5,5.0
00-0033854,D.Ogunbowale,RB,,2.0,0.0,2.0,1.0,0.0,1.0,,5.914285714285715,6.3,7.6923076923076925,6.2,4.333333333333333,8.7,,1.5454545454545454,4.53125,3.186046511627907,2.9285714285714284,4.2,3.9375,,,,,,,,,16.0,7.0,10.0,11.0,7.0,17.0,,46.0,20.0,21.0,26.0,8.0,29.0,,11.0,32.0,43.0,42.0,10.0,32.0,HOU,AFC South,indoor,14.0,7.0,RB,62.0,36.51212,0.4967437944706969,0.5956529885703579,0.37011886,0.62988114,68,11.333333333333334
00-0033856,L.Fournette,RB,6.0,3.0,10.0,12.0,6.0,0.0,,9.681818181818182,7.342105263157895,7.0,6.576923076923077,7.77027027027027,,,3.300751879699248,4.347169811320755,4.142857142857143,4.471502590673575,3.5,3.333333333333333,,,,,0.0,0.0,,,8.0,15.0,16.0,15.0,17.0,2.0,,26.0,100.0,68.0,93.0,84.0,0.0,,133.0,265.0,161.0,193.0,194.0,12.0,,BUF,AFC East,outdoor,13.0,6.0,RB,65.10526315789474,84.47906,0.4835217558861033,0.6666666666666666,0.40824574,0.59175426,73,12.166666666666666
00-0033857,J.Smith-Schuster,WR,7.0,3.0,10.0,1.0,3.0,1.0,2.0,5.837837837837838,5.285714285714286,4.090909090909091,4.15,5.420454545454546,3.2413793103448274,9.181818181818182,13.0,,,3.0,,,,,,,,,,,16.0,12.0,17.0,6.0,19.0,11.0,14.0,166.0,70.0,147.0,36.0,113.0,47.0,32.0,1.0,0.0,0.0,3.0,0.0,0.0,0.0,KC,AFC West,outdoor,6.0,7.0,WR,61.4,56.569695,0.5115963929431422,0.6523858592263792,0.35667753,0.64332247,95,13.571428571428571
00-0033858,J.Smith,TE,3.0,4.0,9.0,1.0,0.0,3.0,8.0,9.0,7.317073170731708,5.5813953488372094,8.285714285714286,7.407407407407407,7.14,5.795454545454546,,19.5,2.0,4.444444444444445,5.0,0.0,-0.5,,,,,,0.0,,11.0,18.0,15.0,15.0,12.0,15.0,17.0,30.0,53.0,68.0,45.0,38.0,70.0,111.0,0.0,4.0,2.0,9.0,1.0,1.0,2.0,MIA,AFC East,outdoor,6.0,7.0,TE,63.294117647058826,57.18794,0.4137477488415387,0.6473066407276933,0.3866171,0.6133829,103,14.714285714285714
00-0033859,J.Malone,WR,0.0,,0.0,,,,,0.0,,2.0,,,,,,,12.0,,,,,,,,,,,,3.0,,1.0,,,,,5.0,,6.0,,,,,0.0,,1.0,,,,,NYJ,AFC East,outdoor,10.0,3.0,WR,58.75,47.95657,0.5813607241142071,0.5741963260619978,0.39148936,0.6085106,4,2.0
00-0033869,M.Trubisky,QB,28.0,19.0,18.0,1.0,6.0,6.0,2.0,,,,,,,,6.056338028169014,4.020833333333333,5.694444444444445,1.375,2.0,3.375,-0.1,0.660377358490566,0.6317829457364341,0.6687116564417178,0.75,0.65,0.6261682242990654,0.7307692307692307,15.0,15.0,11.0,6.0,7.0,5.0,9.0,0.0,0.0,0.0,0.0,0.0,0.0,0.0,71.0,48.0,36.0,16.0,19.0,16.0,20.0,BUF,AFC East,outdoor,12.0,7.0,QB,60.1,91.19061,0.4954661162710698,,0.44009984,0.55990016,68,9.714285714285714
00-0033871,C.Davis,WR,4.0,3.0,5.0,4.0,2.0,,,4.107692307692307,4.959183673469388,4.476923076923077,3.794117647058824,3.40625,,,9.166666666666666,,,,,,,,,,,,,,16.0,18.0,15.0,9.0,13.0,,,112.0,81.0,94.0,59.0,64.0,,,6.0,0.0,0.0,0.0,0.0,,,NYJ,AFC East,outdoor,10.0,5.0,WR,62.52941176470589,60.9686,0.5264372002671037,0.5941522177647832,0.35277516,0.64722484,71,14.2
00-0033873,P.Mahomes,QB,56.0,40.0,45.0,51.0,52.0,33.0,35.0,,,,,15.0,,3.0,4.476923076923077,5.268656716417911,4.8,6.30379746835443,5.726027397260274,5.408163265306122,4.8625,0.6533742331288344,0.6560402684563759,0.6609929078014184,0.6730769230769231,0.6778074866310161,0.6769436997319035,0.6731927710843374,18.0,17.0,18.0,20.0,20.0,20.0,19.0,0.0,0.0,2.0,0.0,1.0,0.0,1.0,65.0,67.0,75.0,79.0,73.0,98.0,80.0,KC,AFC West,outdoor,6.0,7.0,QB,61.4,56.569695,0.5115963929431422,,0.35667753,0.64332247,132,18.857142857142858
00-0033879,O.Howard,TE,5.0,1.0,2.0,1.0,2.0,,,6.147058823529412,4.411764705882353,1.5454545454545454,5.375,6.0,,,,,,,,,,,,,,,,,10.0,12.0,4.0,11.0,11.0,,,48.0,53.0,19.0,23.0,23.0,,,0.0,0.0,0.0,0.0,0.0,,,HOU,AFC South,indoor,6.0,5.0,TE,59.47058823529412,62.593353,0.4687478500171998,0.6331156433452884,0.36597428,0.6340257,48,9.6
00-0033881,E.Engram,TE,3.0,3.0,2.0,3.0,5.0,4.0,1.0,8.622222222222222,5.727272727272728,4.555555555555555,4.021739130434782,6.505882352941176,4.526315789473684,3.191489361702128,12.0,2.333333333333333,4.333333333333333,-3.0,6.5,,,,,,,,,,11.0,8.0,16.0,15.0,19.0,17.0,9.0,64.0,68.0,109.0,73.0,115.0,143.0,64.0,3.0,3.0,6.0,1.0,2.0,0.0,0.0,JAX,AFC South,outdoor,12.0,7.0,TE,58.294117647058826,68.956665,0.4698388127180696,0.6291527792710461,0.38345107,0.61654896,95,13.571428571428571
00-0033885,D.Njoku,TE,4.0,1.0,2.0,4.0,4.0,6.0,5.0,5.464285714285714,3.2,5.291666666666667,6.861111111111111,5.724137931034483,7.0227272727272725,3.921875,,,,1.0,-4.0,,,,,,,,,,15.0,3.0,13.0,15.0,14.0,17.0,11.0,88.0,10.0,35.0,53.0,80.0,134.0,97.0,0.0,0.0,0.0,1.0,2.0,0.0,0.0,CLE,AFC North,outdoor,10.0,7.0,TE,65.94117647058823,38.249825,0.5256290958075697,0.5697059826365458,0.3131133,0.6868867,88,12.571428571428571
00-0033891,Z.Jones,WR,7.0,0.0,1.0,2.0,6.0,2.0,0.0,2.5357142857142856,2.807142857142857,4.642857142857143,3.3076923076923075,3.1789473684210527,1.5,2.375,0.0,3.0,,1.5,4.5,,,0.0,,1.0,,,,,16.0,14.0,11.0,16.0,18.0,9.0,6.0,102.0,22.5,20.0,78.0,141.0,64.0,11.0,1.0,0.5,0.0,2.0,4.0,0.0,0.0,ARI,NFC West,indoor,11.0,7.0,WR,60.64705882352941,72.118904,0.5242244885570327,0.8438077634011091,0.40543163,0.5945684,104,14.857142857142858
00-0033893,D.Cook,RB,4.0,15.0,17.0,6.0,10.0,0.0,0.0,9.325,10.306451612903226,9.954545454545457,8.176470588235293,7.955555555555556,7.066666666666666,7.0,4.62406015037594,4.344947735191638,4.990384615384615,4.654618473895583,4.419354838709677,3.0345149253731343,2.5,,,,,,,,11.0,16.0,14.0,13.0,18.0,15.0,2.0,49.0,76.0,54.0,49.0,63.0,10.0,1.0,133.0,287.0,312.0,249.0,279.0,37.5,8.0,DAL,NFC East,indoor,7.0,7.0,RB,64.41176470588235,66.249146,0.5172044875741835,0.6212507005189932,0.37260273,0.62739724,104,14.857142857142858
00-0033895,G.Everett,TE,3.0,2.0,2.0,4.0,5.0,3.0,0.0,4.828571428571428,4.8108108108108105,5.926829268292683,5.1875,6.265625,5.392156862745098,5.125,8.0,0.0,2.0,6.666666666666667,0.0,3.333333333333333,,,,,,,,,18.0,12.0,17.0,15.0,16.0,15.0,9.0,57.0,60.0,64.0,63.0,95.0,70.0,13.0,2.0,1.0,1.0,3.0,1.0,3.0,0.0,CHI,NFC North,outdoor,7.0,7.0,TE,62.294117647058826,26.427608,0.5368157995912503,0.8122775800711743,0.34844193,0.6515581,102,14.571428571428571
00-0033896,A.Shaheen,TE,1.0,0.0,3.0,0.0,,,,2.625,4.222222222222222,8.75,3.4166666666666665,,,,,,,,,,,,,,,,,,5.0,7.0,13.0,7.0,,,,10.0,13.0,22.0,16.0,,,,0.0,0.0,0.0,0.0,,,,MIA,AFC East,outdoor,14.0,4.0,TE,63.8235294117647,63.645893,0.4521337946943483,0.6522508591065292,0.3658986,0.6341014,32,8.0
00-0033897,J.Mixon,RB,9.0,8.0,4.0,18.0,10.0,12.0,14.0,7.744186046511628,9.457142857142856,8.142857142857142,7.433333333333334,7.794117647058823,8.903846153846153,9.846153846153848,4.928270042194093,4.089928057553957,3.596638655462185,4.086350974930362,3.923694779116466,4.023346303501945,4.201388888888889,,,,1.0,,,0.0,14.0,16.0,6.0,20.0,17.0,17.0,16.0,55.0,45.0,26.0,69.0,85.0,64.0,57.0,237.0,278.0,119.0,359.0,249.0,257.0,288.0,HOU,AFC South,indoor,14.0,7.0,RB,62.0,36.51212,0.4967437944706969,0.5956529885703579,0.37011886,0.62988114,106,15.142857142857142
00-0033899,D.Kizer,QB,0.0,,,,,,,,,,,,,,7.8,,,,,,,0.4761904761904761,,,,,,,3.0,,,,,,,0.0,,,,,,,5.0,,,,,,,GB,NFC North,outdoor,7.0,1.0,QB,63.8125,50.325428,0.4782072368421052,,0.2850147,0.7149853,3,3.0
00-0033906,A.Kamara,RB,18.0,7.0,22.0,9.0,4.0,6.0,8.0,7.895833333333333,6.662921348314606,8.636363636363637,9.297872340425531,8.087719298245615,6.68,7.970588235294118,4.444954128440367,4.595505617977528,4.894736842105263,3.7416666666666663,4.022421524663677,3.855555555555556,4.166666666666667,,1.0,,,,,,17.0,15.0,17.0,13.0,15.0,13.0,14.0,122.0,106.0,115.0,67.0,77.0,86.0,89.0,218.0,178.0,228.0,240.0,223.0,180.0,228.0,NO,NFC South,indoor,12.0,7.0,RB,60.35294117647059,62.051647,0.4943759340681577,0.5697110849912208,0.39766082,0.6023392,104,14.857142857142858
00-0033908,C.Kupp,WR,6.0,10.0,3.0,22.0,7.0,5.0,6.0,7.575,5.723404255319149,5.541666666666667,5.910112359550562,5.506666666666667,5.109375,3.835616438356164,6.25,2.0,8.25,3.8333333333333335,5.777777777777778,-3.0,5.0,,0.0,,0.0,0.0,,,8.0,16.0,16.0,21.0,9.0,13.0,14.0,55.0,134.0,133.0,233.0,98.0,104.0,108.0,4.0,2.0,4.0,6.0,9.0,1.0,2.0,LA,NFC West,outdoor,6.0,7.0,WR,60.36842105263158,65.3435,0.5321760283060593,0.6566492450638792,0.4115083,0.58849174,97,13.857142857142858
00-0033911,T.Taylor,WR,1.0,0.0,0.0,,,,,4.351351351351352,,,,,,,,,,,,,,,,,,,,,13.0,1.0,1.0,,,,,56.0,1.0,1.0,,,,,0.0,0.0,0.0,,,,,CLE,AFC North,outdoor,9.0,3.0,WR,62.55555555555556,77.21316,0.4686926671253297,0.5632854578096949,0.44760212,0.55239785,15,5.0
00-0033921,C.Godwin,WR,7.0,9.0,8.0,6.0,3.0,4.0,5.0,4.152542372881356,6.709302325581396,4.7407407407407405,5.979591836734694,4.973684210526316,4.461538461538462,7.0,,8.0,6.0,5.25,1.6666666666666667,9.5,2.0,,,,,,0.0,,16.0,14.0,16.0,14.0,16.0,19.0,7.0,95.0,121.0,116.0,127.0,155.0,143.0,62.0,0.0,1.0,1.0,4.0,3.0,4.0,1.0,TB,NFC South,outdoor,11.0,7.0,WR,62.66666666666666,61.497734,0.5047483905843039,0.858843537414966,0.39893618,0.60106385,102,14.571428571428571
00-0033923,K.Hunt,RB,14.0,3.0,14.0,5.0,4.0,11.0,9.0,13.0,7.45945945945946,7.6,7.909090909090909,6.714285714285714,5.85,8.884615384615385,4.552486187845304,4.162790697674419,4.34433962264151,4.948717948717949,3.804878048780488,3.055944055944056,3.706140350877193,,,,,,,,11.0,8.0,18.0,8.0,17.0,16.0,16.0,35.0,44.0,53.0,27.0,44.0,27.0,35.0,181.0,43.0,212.0,78.0,123.0,143.0,228.0,KC,AFC West,outdoor,6.0,7.0,RB,61.4,56.569695,0.5115963929431422,0.6523858592263792,0.35667753,0.64332247,94,13.428571428571429
00-0033925,D.Foreman,RB,1.0,,1.0,3.0,5.0,5.0,0.0,5.0,,3.0,13.77777777777778,5.4,5.909090909090909,8.0,0.25,,4.318181818181818,4.613138686131387,4.502463054187192,3.8990825688073394,3.267605633802817,,,,,,,,2.0,,5.0,10.0,16.0,9.0,10.0,3.0,,1.0,11.0,9.0,16.0,8.0,8.0,,22.0,137.0,203.0,109.0,71.0,CLE,AFC North,outdoor,10.0,7.0,RB,65.94117647058823,38.249825,0.5256290958075697,0.5697059826365458,0.3131133,0.6868867,52,8.666666666666666
00-0033932,K.Golladay,WR,5.0,11.0,2.0,0.0,1.0,,,5.0,4.676923076923077,1.9,3.216216216216216,1.8333333333333333,,,8.0,,,,,,,,,,,,,,15.0,16.0,5.0,14.0,6.0,,,119.0,116.0,32.0,76.0,17.0,,,1.0,0.0,0.0,0.0,0.0,,,NYG,NFC East,outdoor,9.0,5.0,WR,62.78947368421053,43.14891,0.5340883167671501,0.6638888888888889,0.4056999,0.5943001,56,11.2
00-0033933,C.Williams,WR,1.0,0.0,,,,,,0.9411764705882352,,,,,,,9.0,,,,,,,,,,,,,,10.0,1.0,,,,,,46.0,1.0,,,,,,1.0,0.0,,,,,,IND,AFC South,indoor,6.0,2.0,WR,62.5625,66.20276,0.4919872828517372,0.5734813285148855,0.4225774,0.57742256,11,5.5
00-0033936,C.Beathard,QB,9.0,,6.0,0.0,0.0,1.0,,,,,,,,,3.631578947368421,,4.666666666666667,2.0,-1.0,4.375,,0.6035502958579881,,0.6346153846153846,1.0,0.6363636363636364,0.7547169811320755,,5.0,,6.0,2.0,4.0,6.0,,0.0,,0.0,0.0,0.0,0.0,,19.0,,6.0,1.0,4.0,8.0,,JAX,AFC South,outdoor,9.0,6.0,QB,64.82352941176471,64.0079,0.5286191256688434,,0.35480943,0.64519054,23,4.6
00-0033943,J.Reynolds,WR,5.0,1.0,2.0,1.0,3.0,6.0,0.5,4.513513513513513,6.619047619047619,4.509090909090909,4.102631578947369,3.026315789473684,4.354166666666667,1.4583333333333333,8.25,4.6,5.0,,,,,,,,,,,,14.0,16.0,17.0,10.0,12.0,19.0,8.0,71.0,43.0,85.0,24.5,59.0,78.0,12.0,4.0,5.0,1.0,0.0,0.0,0.0,0.0,JAX,AFC South,outdoor,12.0,7.0,WR,58.294117647058826,68.956665,0.4698388127180696,0.6291527792710461,0.38345107,0.61654896,114,16.285714285714285
00-0033948,J.Williams,RB,3.0,6.0,3.0,3.0,17.0,1.0,1.0,8.481481481481481,6.9523809523809526,7.0,6.0,5.416666666666667,4.833333333333333,5.888888888888889,3.834710743801653,4.225225225225225,4.297101449275362,3.9281045751633994,4.068702290076335,2.8867924528301887,3.4166666666666665,,,,,,,,16.0,16.0,16.0,13.0,17.0,13.0,13.0,41.0,49.0,39.0,28.0,16.0,20.0,11.0,121.0,111.0,138.0,153.0,262.0,106.0,48.0,NO,NFC South,indoor,12.0,7.0,RB,60.35294117647059,62.051647,0.4943759340681577,0.5697110849912208,0.39766082,0.6023392,104,14.857142857142858
00-0033949,J.Dobbs,QB,0.0,,0.0,,2.0,9.5,4.0,,,,,,,,2.75,,10.0,,5.5,5.461347517730497,2.6666666666666665,0.5,,0.8,,0.5882352941176471,0.6284793108599314,0.6808510638297872,5.0,,1.0,,2.0,13.0,2.0,0.0,,0.0,,0.0,0.0,0.0,4.0,,2.0,,8.0,38.5,9.0,SF,NFC West,outdoor,9.0,7.0,QB,59.64705882352941,63.015938,0.5505412897873287,,0.3964497,0.6035503,36,7.2
00-0033950,W.Gallman,RB,1.0,3.0,6.0,0.0,,,,5.785714285714286,9.454545454545457,4.761904761904762,20.0,,,,3.450980392156863,3.793103448275862,4.639455782312925,3.7142857142857135,,,,,,,,,,,13.0,9.0,14.0,6.0,,,,22.0,15.0,27.0,3.0,,,,51.0,29.0,147.0,28.0,,,,ATL,NFC South,indoor,6.0,,,58.70588235294117,58.808945,0.4611323579999595,0.42573051948051943,0.36773548,0.63226455,42,10.5
00-0033951,M.Mack,RB,11.0,8.0,0.0,0.0,2.0,,,6.7368421052631575,5.714285714285714,10.333333333333334,2.0,14.25,,,4.833333333333333,4.417004048582996,6.5,3.607142857142857,5.25,,,,,,,,,,14.0,14.0,1.0,5.0,5.0,,,29.0,17.0,3.0,5.0,10.0,,,228.0,247.0,4.0,28.0,16.0,,,DEN,AFC West,outdoor,9.0,5.0,RB,62.94117647058823,29.676945,0.4720785527833424,0.603413796348579,0.38037384,0.61962616,39,7.8
00-0033953,J.Leggett,TE,1.0,,,,,,,3.5,,,,,,,,,,,,,,,,,,,,,13.0,,,,,,,25.0,,,,,,,0.0,,,,,,,NYJ,AFC East,outdoor,11.0,1.0,TE,59.875,58.43902,0.5000147811317509,0.5613746157224417,0.39457202,0.605428,13,13.0
00-0033955,J.McNichols,RB,0.0,,1.0,1.0,,,5.0,,,4.25,9.107142857142858,,,3.6666666666666665,2.0,,4.333333333333333,3.804878048780488,,,4.5,,,,,,,,1.0,,16.0,13.0,,,16.0,0.0,,17.0,38.0,,,12.0,2.0,,48.0,41.0,,,60.0,WAS,NFC East,outdoor,14.0,7.0,RB,65.4,53.9981,0.4818996019460416,0.7281144781144782,0.39831805,0.60168195,46,11.5
00-0033957,R.Adams,WR,,,,0.0,,,,,,,,,,,,,,,,,,,,,,,,,,,,1.0,,,,,,,1.0,,,,,,,0.0,,,,CHI,NFC North,outdoor,10.0,4.0,WR,62.76470588235294,36.133533,0.5124269728531248,0.6353197022688548,0.38238052,0.6176195,1,1.0
00-0033958,N.Peterman,QB,2.0,,0.0,0.0,1.0,0.0,,,,,,,,,5.0,,9.0,1.0,3.5,-2.0,,0.5432098765432098,,0.6,,0.56,,,4.0,,1.0,1.0,3.0,1.0,,0.0,,0.0,0.0,0.0,0.0,,10.0,,1.0,2.0,2.0,2.0,,CHI,NFC North,outdoor,13.0,6.0,QB,64.05882352941177,43.038048,0.4642693816432662,,0.42975205,0.57024795,10,2.0
00-0033968,S.Coley,WR,0.0,,,,,,,,,,,,,,,,,,,,,,,,,,,,1.0,,,,,,,1.0,,,,,,,0.0,,,,,,,MIN,NFC North,indoor,10.0,,,62.25,61.79393,0.4912280701754386,0.7013201320132013,0.3323293,0.66767067,1,1.0
00-0033994,F.Brown,WR,,0.0,,,,,,,0.0,,,,,,,,,,,,,,,,,,,,,2.0,,,,,,,3.0,,,,,,,0.0,,,,,,DEN,AFC West,outdoor,10.0,2.0,WR,59.0,50.477005,0.5075706269349846,0.5859943703455154,0.40042374,0.5995763,2,2.0
00-0034011,D.Arnold,TE,1.0,1.0,4.0,0.0,0.0,,,2.5,2.75,5.580645161290323,4.9107142857142865,7.777777777777778,,,,,,,,,,,,,,,,,8.0,5.0,14.0,10.0,10.0,,,21.0,7.0,45.0,26.0,13.0,,,0.0,0.0,0.0,0.0,0.0,,,JAX,AFC South,outdoor,11.0,5.0,TE,62.94736842105263,77.579346,0.4780565965998587,0.6457937584803257,0.3779264,0.6220736,62,12.4
00-0034034,R.Davis,WR,,0.0,,,,,,,0.0,,,,,,,,,,,,,,,,,,,,,1.0,,,,,,,1.0,,,,,,,0.0,,,,,,TEN,AFC South,outdoor,11.0,2.0,WR,57.578947368421055,23.713654,0.529395922727355,0.640622195095681,0.45063984,0.54936016,1,1.0
00-0034052,B.Zylstra,WR,0.0,0.0,0.0,1.0,,,,8.0,1.25,5.0,6.555555555555555,,,,,,1.0,,,,,,,,0.0,,,,2.0,4.0,5.0,9.0,,,,2.0,12.0,4.0,25.0,,,,0.0,0.0,1.0,0.0,,,,CAR,NFC South,outdoor,13.0,3.0,WR,64.6470588235294,47.072536,0.4963880288957688,0.5638652535204259,0.37852594,0.6214741,20,5.0
00-0034054,R.Cracraft,WR,0.0,,0.0,,2.0,1.0,0.0,1.0,,1.8333333333333333,,2.888888888888889,5.727272727272728,1.5714285714285714,,,,,,,,,,,,,,,1.0,,3.0,,8.0,7.0,4.0,2.0,,9.0,,14.0,15.0,9.0,0.0,,0.0,,0.0,0.0,0.0,MIA,AFC East,outdoor,6.0,7.0,WR,63.294117647058826,57.18794,0.4137477488415387,0.6473066407276933,0.3866171,0.6133829,23,4.6
00-0034073,R.Dwelley,TE,0.0,2.0,1.0,1.0,1.0,0.0,0.0,0.5,2.6666666666666665,5.631578947368421,1.25,14.333333333333334,12.0,4.0,,,,,,,,,,,,,,,2.0,6.0,10.0,3.0,4.0,2.0,1.0,2.0,22.0,24.0,5.0,5.0,2.0,1.0,0.0,0.0,0.0,0.0,0.0,0.0,0.0,ATL,NFC South,indoor,12.0,6.0,TE,63.11764705882353,67.74269,0.5062640742571539,0.6249132765689057,0.444548,0.555452,28,4.0
00-0034081,S.Mitchell,WR,,0.0,0.0,,,,,,7.0,2.0,,,,,,,,,,,,,,,,,,,,2.0,3.0,,,,,,6.0,8.0,,,,,,0.0,0.0,,,,,HOU,AFC South,indoor,8.0,2.0,WR,58.25,47.419857,0.5175263910388717,0.8511029411764706,0.2918455,0.7081545,5,2.5
00-0034101,M.Flanagan,TE,0.0,,,,,,,7.0,,,,,,,,,,,,,,,,,,,,,1.0,,,,,,,1.0,,,,,,,0.0,,,,,,,WAS,NFC East,outdoor,4.0,0.0,TE,59.9375,48.97035,0.4762050653594771,0.5922288359788359,0.3806048,0.6193952,1,1.0
00-0034104,C.Sims,WR,,0.0,1.0,2.0,0.0,,,,4.0,6.974358974358975,2.8,2.25,,,,,5.0,7.0,,,,,,,,,,,,2.0,12.0,10.0,12.0,,,,3.0,61.0,23.0,18.0,,,,0.0,1.0,1.0,0.0,,,WAS,NFC East,outdoor,14.0,4.0,WR,66.76470588235294,47.573685,0.5201835326493859,0.6079191319465919,0.44052863,0.55947137,36,9.0
00-0034109,P.Lindsay,RB,10.0,7.0,1.0,1.0,0.0,,,8.514285714285714,6.942857142857143,5.571428571428571,11.833333333333332,1.8333333333333333,,,5.401041666666667,4.513392857142857,4.254237288135593,2.8657894736842104,3.2666666666666666,,,,,,,,,,15.0,16.0,11.0,14.0,3.0,,,47.0,48.0,14.0,2.5,8.0,,,192.0,224.0,118.0,44.0,15.0,,,IND,AFC South,indoor,14.0,4.0,RB,64.70588235294117,36.989517,0.4991207835043202,0.6330611524121114,0.37363636,0.62636364,73,14.6
00-0034115,J.Wilson,RB,0.0,5.0,10.0,2.0,3.5,0.0,0.0,8.083333333333334,9.25,8.538461538461538,6.142857142857143,6.811538461538461,5.2,6.333333333333333,4.03030303030303,3.888888888888889,4.761904761904762,3.721518987341772,4.750925069380203,4.585365853658536,3.5625,,,,,,,,6.0,9.0,11.0,6.0,17.0,10.0,7.0,15.0,6.0,28.0,8.0,20.5,19.0,3.0,66.0,27.0,126.0,79.0,93.0,41.0,16.0,MIA,AFC East,outdoor,6.0,6.0,RB,63.294117647058826,57.18794,0.4137477488415387,0.6473066407276933,0.3866171,0.6133829,83,11.857142857142858
00-0034131,K.Benkert,QB,,,,0.0,,,,,,,,,,,,,,-0.5,,,,,,,,,,,,,,1.0,,,,,,,0.0,,,,,,,2.0,,,,GB,NFC North,outdoor,13.0,3.0,QB,61.388888888888886,65.72473,0.4825656188401286,,0.3846154,0.61538464,1,1.0
00-0034132,C.Blake,WR,,0.0,0.0,0.0,,,,,2.1818181818181817,2.0,0.5,,,,,,,,,,,,,,,,,,,6.0,7.0,6.0,,,,,24.0,18.0,9.0,,,,,0.0,0.0,0.0,,,,ATL,NFC South,indoor,6.0,3.0,WR,58.70588235294117,58.808945,0.4611323579999595,0.42573051948051943,0.36773548,0.63226455,19,6.333333333333333
00-0034159,W.Dissly,TE,2.0,4.0,2.0,1.0,3.0,1.0,2.0,11.625,3.0434782608695654,6.8,6.809523809523809,5.411764705882353,7.0588235294117645,6.096153846153846,,7.0,,,,,,,,,,,,,4.0,6.0,15.0,12.0,15.0,12.0,16.0,14.0,27.0,31.0,26.0,38.0,22.0,69.0,0.0,1.0,0.0,0.0,0.0,0.0,0.0,LAC,AFC West,outdoor,5.0,6.0,TE,58.44444444444444,46.232723,0.4612792875434774,0.6227611940298508,0.40779468,0.59220535,80,11.428571428571429
00-0034164,T.Cannon,RB,1.0,,0.0,0.0,,,,6.941176470588236,,4.333333333333333,,,,,2.973684210526316,,3.3,0.75,,,,,,,,,,,11.0,,5.0,2.0,,,,25.0,,3.0,0.0,,,,38.0,,10.0,1.5,,,,SF,NFC West,outdoor,6.0,3.0,RB,59.8,64.19551,0.52906162464986,0.622712976890469,0.46237457,0.53762543,20,6.666666666666667
00-0034169,M.Baugh,TE,,,0.0,,,,,,,2.0,,,,,,,,,,,,,,,,,,,,,1.0,,,,,,,1.0,,,,,,,0.0,,,,,WAS,NFC East,outdoor,8.0,2.0,TE,65.3529411764706,51.04338,0.4621299500192234,0.6434010815181226,0.34833482,0.65166515,1,1.0
00-0034177,T.Boyle,QB,,0.0,0.0,3.0,0.0,1.0,0.5,,,,,,,,,-1.4,-0.6923076923076923,6.5,-1.0,1.25,2.0,,0.75,,0.648936170212766,0.25,0.6233766233766234,0.5384615384615384,,3.0,8.0,4.0,1.0,3.0,3.0,,0.0,0.0,0.0,0.0,0.0,0.0,,5.0,13.0,2.0,2.0,4.0,1.5,NYG,NFC East,outdoor,11.0,6.0,QB,61.8235294117647,51.111824,0.5490849384129296,,0.36346337,0.63653666,25,4.166666666666667
00-0034184,G.Edwards,RB,2.0,2.0,6.0,,3.0,13.0,4.0,8.5,6.428571428571429,10.333333333333334,,18.0,11.428571428571429,3.6666666666666665,5.110344827586207,5.375,4.95679012345679,,4.767676767676767,4.123222748815166,3.583333333333333,,,,,,,,12.0,17.0,18.0,,10.0,19.0,12.0,2.0,7.0,13.0,,3.0,16.0,5.0,145.0,136.0,162.0,,99.0,211.0,108.0,LAC,AFC West,outdoor,5.0,6.0,RB,58.44444444444444,46.232723,0.4612792875434774,0.6227611940298508,0.40779468,0.59220535,88,14.666666666666666
00-0034192,N.Keizer,TE,,,0.0,,,,,,,6.666666666666667,,,,,,,,,,,,,,,,,,,,,8.0,,,,,,,10.0,,,,,,,0.0,,,,,KC,AFC West,outdoor,10.0,2.0,TE,64.78947368421052,85.05137,0.5070791012619268,0.7000616712920136,0.32493907,0.6750609,8,8.0
00-0034193,K.Rader,TE,,,0.0,0.0,,0.0,,,,,2.0,,4.0,,,,,,,,,,,,,,,,,,1.0,2.0,,2.0,,,,1.0,3.0,,3.0,,,,0.0,0.0,,0.0,,TEN,AFC South,outdoor,7.0,5.0,TE,57.88235294117647,14.859611,0.5134260102389769,0.6773799374822392,0.41463414,0.58536583,5,1.6666666666666667
00-0034201,D.Turner,RB,0.0,0.0,,,,,,7.0,,,,,,,4.0,1.5,,,,,,,,,,,,,2.0,1.0,,,,,,2.0,0.0,,,,,,1.0,4.0,,,,,,MIA,AFC East,outdoor,5.0,1.0,RB,63.375,42.377514,0.4689797794117647,0.5758160020468585,0.295858,0.70414203,3,1.5
00-0034207,J.Badet,WR,,,0.0,,,,,,,,,,,,,,,,,,,,,,,,,,,,1.0,,,,,,,1.0,,,,,,,0.0,,,,,WAS,NFC East,outdoor,8.0,2.0,WR,65.3529411764706,51.04338,0.4621299500192234,0.6434010815181226,0.34833482,0.65166515,1,1.0
00-0034208,M.Boone,RB,0.0,3.0,1.0,0.0,0.0,0.0,0.0,2.5,8.666666666666666,8.5,12.0,9.0,4.714285714285714,2.0,4.2727272727272725,5.571428571428571,5.363636363636363,8.75,4.25,4.6,3.923076923076923,,,,,,,,6.0,5.0,5.0,2.0,8.0,7.0,5.0,3.0,4.0,2.0,2.0,15.0,9.0,3.0,11.0,49.0,11.0,4.0,24.0,5.0,13.0,CAR,NFC South,outdoor,11.0,6.0,RB,58.05882352941177,64.39622,0.4901164387323556,0.6359375,0.36372846,0.63627154,38,5.428571428571429
00-0034221,R.Thomas,RB,0.0,,,,,,,6.0,,,,,,,3.75,,,,,,,,,,,,,,5.0,,,,,,,4.0,,,,,,,8.0,,,,,,,MIN,NFC North,indoor,10.0,0.0,RB,62.25,61.79393,0.4912280701754386,0.7013201320132013,0.3323293,0.66767067,5,5.0
00-0034253,D.Hilliard,RB,0.0,2.0,0.0,2.0,4.0,,,10.0,8.583333333333334,2.0,5.090909090909091,7.190476190476191,,,,3.769230769230769,5.333333333333333,6.25,6.590909090909091,,,0.0,,,,,,,6.0,6.0,2.0,8.0,11.0,,,10.0,15.0,1.0,29.0,26.0,,,0.0,13.0,9.0,56.0,22.0,,,TEN,AFC South,outdoor,6.0,4.0,RB,57.588235294117645,31.882746,0.4938292964244521,0.5829132359122716,0.4596527,0.5403473,33,6.6
00-0034256,D.Scott,WR,,0.0,,,,,,,7.0,,,,,,,5.0,,,,,,,,,,,,,,2.0,,,,,,,3.0,,,,,,,1.0,,,,,,NYG,NFC East,outdoor,11.0,1.0,WR,63.1875,59.12354,0.4565206290849673,0.7459280008299616,0.32542038,0.6745796,2,2.0
00-0034258,D.Willies,WR,0.0,,,,,,,10.666666666666666,,,,,,,,,,,,,,,,,,,,,1.0,,,,,,,5.0,,,,,,,0.0,,,,,,,CLE,AFC North,outdoor,11.0,0.0,WR,63.5,62.76318,0.498953227124183,0.5659888646816751,0.367126,0.632874,1,1.0
00-0034267,J.Scott,WR,,0.0,0.0,,,,,,6.0,3.0,,,,,,,,,,,,,,,,,,,,1.0,1.0,,,,,,3.0,1.0,,,,,,0.0,0.0,,,,,NYJ,AFC East,outdoor,10.0,2.0,WR,58.75,47.95657,0.5813607241142071,0.5741963260619978,0.39148936,0.6085106,2,1.0
00-0034268,J.Moore,WR,0.0,,,,,,,3.0,,,,,,,,,,,,,,,,,,,,,2.0,,,,,,,3.0,,,,,,,0.0,,,,,,,GB,NFC North,outdoor,7.0,0.0,WR,63.8125,50.325428,0.4782072368421052,0.5496530270399617,0.2850147,0.7149853,2,2.0
00-0034270,T.Conklin,TE,0.0,0.0,1.0,3.0,3.0,0.0,4.0,6.2,3.111111111111111,6.631578947368421,5.344262295081967,4.896551724137931,4.032786885245901,5.137254901960785,,,,,1.5,0.0,0.0,,,,,,,,4.0,7.0,7.0,17.0,17.0,17.0,16.0,7.0,12.0,26.0,87.0,87.0,87.0,72.0,0.0,0.0,0.0,0.0,2.0,1.0,1.0,NYJ,AFC East,outdoor,12.0,6.0,TE,59.64705882352941,62.289284,0.4854509399218924,0.7014321295143213,0.3382643,0.6617357,85,12.142857142857142
00-0034272,M.Valdes-Scantling,WR,2.0,2.0,7.0,3.0,4.0,2.0,2.0,5.605263157894737,5.888888888888889,7.268292682926829,5.615384615384615,3.2857142857142856,3.413793103448276,5.529411764705882,14.5,4.5,3.25,,-3.0,,4.0,,,,,,,,15.0,16.0,16.0,11.0,20.0,20.0,13.0,73.0,57.0,77.0,55.0,92.0,55.0,22.0,2.0,2.0,4.0,0.0,1.0,0.0,0.5,NO,NFC South,indoor,12.0,6.0,WR,60.35294117647059,62.051647,0.4943759340681577,0.5697110849912208,0.39766082,0.6023392,124,17.714285714285715
00-0034273,D.Ratley,WR,0.0,1.0,0.0,,,,,3.923076923076923,3.9166666666666665,2.5,,,,,,,,,,,,,,,,,,,5.0,9.0,5.0,,,,,20.0,24.0,10.0,,,,,0.0,0.0,0.0,,,,,NYG,NFC East,outdoor,11.0,,,59.375,39.797707,0.4859579248366013,0.615530303030303,0.3736842,0.6263158,19,6.333333333333333
00-0034279,E.St. Brown,WR,0.0,,1.0,0.0,1.0,0.0,,5.714285714285714,,8.0,6.444444444444445,4.666666666666667,1.4,,5.0,,7.0,3.75,9.0,,,,,,,,,,11.0,,10.0,10.0,16.0,5.0,,36.0,,16.0,17.0,38.0,6.0,,1.0,,1.0,4.0,6.0,0.0,,CHI,NFC North,outdoor,13.0,5.0,WR,64.05882352941177,43.038048,0.4642693816432662,0.6354280854280854,0.42975205,0.57024795,52,10.4
00-0034286,R.James,WR,1.0,1.0,1.0,,4.0,0.0,,11.22222222222222,17.166666666666668,8.391304347826088,,3.235294117647059,5.545454545454546,,,-0.5,,,3.0,,,,,,,,,,7.0,7.0,7.0,,16.0,11.0,,14.0,10.0,35.0,,86.0,18.0,,0.0,2.0,0.0,,2.0,0.0,,KC,AFC West,outdoor,10.0,5.0,WR,62.95238095238095,82.73301,0.5123642439431914,0.5956147070088089,0.33282906,0.66717094,48,9.6
00-0034297,B.Pringle,WR,,1.0,1.0,8.0,2.0,0.0,,,5.25,4.2631578947368425,4.018518518518518,1.4,2.2142857142857144,,,,,,,,,,,,,,,,,6.0,9.0,19.0,8.0,12.0,,,16.0,27.0,77.0,16.0,22.0,,,0.0,0.0,0.0,0.0,0.0,,WAS,NFC East,outdoor,14.0,5.0,WR,62.35294117647059,35.964767,0.4979744632631174,0.7082978118783745,0.30471697,0.695283,54,10.8
00-0034301,D.Williams,RB,2.0,4.0,2.0,8.0,1.0,,,11.333333333333334,11.933333333333334,8.36,9.25531914893617,3.75,,,3.3125,3.4390243902439024,4.537313432835821,3.875862068965517,4.857142857142857,,,,,,,,,,4.0,9.0,16.0,18.0,5.0,,,3.0,19.0,38.0,57.0,8.0,,,16.0,41.0,67.0,145.0,21.0,,,ARI,NFC West,indoor,13.0,4.0,RB,67.17647058823529,60.92949,0.5184352172241445,0.6358154586031611,0.34063047,0.6593695,52,10.4
00-0034309,C.Beebe,WR,0.0,0.0,2.0,,,,,3.0,33.0,3.65,,,,,,,,,,,,,,,,,,,2.0,2.0,10.0,,,,,4.0,2.0,30.0,,,,,0.0,0.0,0.0,,,,,MIN,NFC North,indoor,7.0,2.0,WR,64.0,54.833126,0.4902471405228758,0.6763565891472868,0.4375,0.5625,14,4.666666666666667
00-0034317,K.Kirkwood,WR,3.0,,0.0,0.0,0.0,1.0,,3.2666666666666666,,9.0,5.333333333333333,2.0,0.2,,,,,,,,,,,,,,,,8.0,,1.0,3.0,3.0,7.0,,23.0,,2.0,7.0,4.0,9.0,,0.0,,0.0,0.0,0.0,0.0,,NO,NFC South,indoor,11.0,5.0,WR,64.82352941176471,67.97862,0.429164896092596,0.6081107314800435,0.40562615,0.5943739,22,4.4
00-0034319,D.Yelder,TE,,0.0,0.0,0.0,,,,,10.5,4.285714285714286,2.0,,,,,,,,,,,,,,,,,,,4.0,6.0,1.0,,,,,5.0,11.0,1.0,,,,,0.0,0.0,0.0,,,,TB,NFC South,outdoor,9.0,,,66.47368421052632,85.10158,0.4811745566185846,0.6539842873176207,0.3182898,0.68171024,11,3.6666666666666665
00-0034331,J.Samuels,RB,3.0,2.0,0.0,0.0,,,,8.26923076923077,7.787234042553192,6.222222222222222,5.666666666666667,,,,4.571428571428571,2.6515151515151514,3.111111111111111,1.8,,,,,0.8,,,,,,9.0,13.0,8.0,2.0,,,,29.0,57.0,14.0,4.0,,,,56.0,66.0,9.0,5.0,,,,HOU,AFC South,indoor,10.0,3.0,RB,59.1764705882353,51.084877,0.4926962735558619,0.6370896785109983,0.39065605,0.60934395,32,8.0
00-0034339,T.Quinn,WR,1.0,1.0,,,,,,1.8888888888888888,2.3461538461538463,,,,,,0.0,,,,,,,,,,,,,,2.0,12.0,,,,,,10.0,47.0,,,,,,1.0,0.0,,,,,,WAS,NFC East,outdoor,10.0,1.0,WR,55.1875,33.159893,0.4863314843481252,0.6335489475235391,0.37938845,0.62061155,14,7.0
00-0034343,J.Rosen,QB,11.0,1.0,,0.0,,,,,,,,,,,6.0,4.333333333333333,,,,,,0.5521628498727735,0.5321100917431193,,0.1818181818181818,,,,14.0,5.0,,3.0,,,,0.0,0.0,,0.0,,,,23.0,3.0,,0.0,,,,ATL,NFC South,indoor,6.0,3.0,QB,58.70588235294117,58.808945,0.4611323579999595,,0.36773548,0.63226455,22,7.333333333333333
00-0034348,C.Sutton,WR,4.0,6.0,0.0,2.0,2.0,10.0,9.0,3.880952380952381,4.888888888888889,2.333333333333333,2.327586206896552,2.296875,2.6440677966101696,2.2209302325581395,-1.0,5.666666666666667,,,5.0,,,,1.0,,1.0,,,1.0,16.0,16.0,1.0,17.0,15.0,16.0,17.0,84.0,124.0,6.0,98.0,109.0,90.0,144.0,1.0,3.0,0.0,0.0,1.0,0.0,0.0,DEN,AFC West,outdoor,14.0,6.0,WR,60.0,81.61123,0.5030988418759317,0.6604414261460102,0.37685186,0.62314814,98,14.0
00-0034349,K.Johnson,RB,4.0,4.0,3.0,,,,,8.34375,11.6,9.63157894736842,,,,,5.432203389830509,3.566371681415929,3.480769230769231,,,,,,,,,,,,10.0,8.0,14.0,,,,,39.0,15.0,26.0,,,,,118.0,113.0,52.0,,,,,DET,NFC North,indoor,5.0,2.0,RB,61.375,56.65728,0.4953022875816993,0.6388213530655391,0.34928718,0.65071285,32,10.666666666666666
00-0034351,D.Goedert,TE,5.0,5.0,3.0,4.0,4.0,4.0,3.0,5.142857142857143,5.4,4.391304347826087,6.774193548387097,6.661971830985915,5.174603174603175,6.5423728813559325,,,,,,1.0,6.5,,,,,,,,15.0,16.0,11.0,16.0,15.0,15.0,14.0,48.0,95.0,65.0,88.0,87.0,89.0,72.0,0.0,0.0,0.0,0.0,0.0,1.0,2.0,PHI,NFC East,outdoor,5.0,6.0,TE,63.85714285714285,35.011185,0.4905671040345963,0.6468466305366902,0.5152871,0.4847129,102,14.571428571428571
00-0034353,A.Miller,WR,7.0,2.0,2.0,0.5,,,0.0,4.916666666666667,4.173076923076923,2.92156862745098,1.0,,,2.8,4.333333333333333,-1.0,4.666666666666667,,,,,1.0,,,,,,,15.0,16.0,17.0,3.0,,,3.0,59.0,85.0,79.0,6.0,,,5.0,6.0,1.0,3.0,0.0,,,0.0,BAL,AFC North,outdoor,14.0,6.0,WR,61.42105263157895,75.81623,0.5321196437947293,0.6698717948717949,0.48500428,0.5149957,57,11.4
00-0034358,D.Guice,RB,,3.0,,,,,,,12.285714285714286,,,,,,,5.833333333333333,,,,,,,,,,,,,,5.0,,,,,,,9.0,,,,,,,42.0,,,,,,WAS,NFC East,outdoor,10.0,1.0,RB,55.1875,33.159893,0.4863314843481252,0.6335489475235391,0.37938845,0.62061155,5,5.0
00-0034364,J.Akins,TE,0.0,2.0,1.0,0.0,5.0,0.0,2.0,6.947368421052632,6.833333333333333,4.648648648648648,3.375,7.297297297297297,3.8666666666666663,4.675,,,4.0,3.0,,,,,,,,,,,14.0,16.0,13.0,12.0,15.0,13.0,16.0,28.0,55.0,49.0,33.0,54.0,23.0,58.0,0.0,0.0,1.0,1.0,0.0,0.0,0.0,CLE,AFC North,outdoor,10.0,6.0,TE,65.94117647058823,38.249825,0.5256290958075697,0.5697059826365458,0.3131133,0.6868867,99,14.142857142857142
00-0034365,I.Thomas,TE,2.0,1.0,1.0,0.0,0.0,0.0,0.0,4.388888888888889,4.8125,3.9,5.111111111111111,8.666666666666666,6.6,2.0,,,,,,,,,,,,,,,10.0,9.0,13.0,14.0,13.0,7.0,3.0,49.0,30.0,31.0,30.0,30.0,9.0,6.0,0.0,0.0,0.0,0.0,0.0,0.0,0.0,CAR,NFC South,outdoor,11.0,6.0,TE,58.05882352941177,64.39622,0.4901164387323556,0.6359375,0.36372846,0.63627154,69,9.857142857142858
00-0034366,K.Coutee,WR,2.0,1.0,3.0,0.0,0.0,,,6.641025641025641,6.363636363636363,4.484848484848484,0.0,8.0,,,0.0,7.0,,,,,,,,,,,,,7.0,8.0,8.0,1.0,1.0,,,55.0,36.0,40.0,1.0,1.0,,,3.0,2.0,0.0,0.0,0.0,,,IND,AFC South,indoor,14.0,4.0,WR,64.70588235294117,36.989517,0.4991207835043202,0.6330611524121114,0.37363636,0.62636364,25,5.0
00-0034367,N.Hines,RB,4.0,,,3.0,1.0,,,5.53968253968254,,,7.15,6.4,,,3.840909090909091,,,4.928571428571429,0.75,,,,,,,,,,17.0,,,17.0,18.0,,,81.0,,,57.0,20.0,,,88.0,,,56.0,12.0,,,IND,AFC South,indoor,14.0,,,64.70588235294117,36.989517,0.4991207835043202,0.6330611524121114,0.37363636,0.62636364,103,20.6
00-0034367,N.Miller-Hines,RB,,2.0,7.0,,,,,,7.159090909090909,7.40625,,,,,,3.826923076923077,4.789473684210527,,,,,,,,,,,,,16.0,17.0,,,,,,58.0,79.0,,,,,,52.0,95.0,,,,,IND,AFC South,indoor,14.0,,,64.70588235294117,36.989517,0.4991207835043202,0.6330611524121114,0.37363636,0.62636364,103,20.6
00-0034369,K.Lauletta,QB,0.0,,,,,,,,,,,,,,-2.0,,,,,,,0.0,,,,,,,1.0,,,,,,,0.0,,,,,,,1.0,,,,,,,NYG,NFC East,outdoor,9.0,0.0,QB,61.5625,49.3446,0.5164164624183006,,0.35228425,0.64771575,1,1.0
00-0034370,D.Hamilton,WR,2.0,1.0,2.0,,,,,2.2333333333333334,4.571428571428571,4.130434782608695,,,,,,,,,,,,,,,,,,,8.0,12.0,12.0,,,,,46.0,52.0,44.0,,,,,0.0,0.0,0.0,,,,,DEN,AFC West,outdoor,5.0,2.0,WR,63.8125,69.34818,0.5577404755761954,0.5984128103837473,0.39666992,0.6033301,32,10.666666666666666
00-0034378,I.Smith,RB,4.0,1.0,1.0,1.0,,,,5.925925925925926,6.545454545454546,4.764705882352941,,,,,3.5,4.818181818181818,4.253968253968254,4.0,,,,,,,,,,,13.0,7.0,14.0,1.0,,,,32.0,14.0,26.0,0.0,,,,90.0,22.0,63.0,1.0,,,,DAL,NFC East,indoor,7.0,3.0,RB,67.33333333333333,70.95983,0.4833467110040897,0.6579595777977558,0.37541255,0.6245875,35,8.75
00-0034383,D.Schultz,TE,0.0,0.0,4.0,8.0,8.0,6.0,2.0,5.6923076923076925,1.0,4.428571428571429,4.376470588235295,3.217391304347826,4.046153846153846,4.016949152542373,,,,,,,,,,,,,,,8.0,2.0,16.0,18.0,17.0,17.0,19.0,19.0,2.0,89.0,112.0,107.0,97.0,93.0,0.0,0.0,0.0,0.0,0.0,0.0,0.0,HOU,AFC South,indoor,14.0,6.0,TE,62.0,36.51212,0.4967437944706969,0.5956529885703579,0.37011886,0.62988114,97,13.857142857142858
00-0034386,J.Watson,WR,0.0,2.0,0.0,,2.0,3.0,2.0,0.0,0.9333333333333332,2.7142857142857144,,3.388888888888889,2.1515151515151514,3.090909090909091,,,,,,,,,,,,,,,3.0,6.0,3.0,,19.0,19.0,17.0,3.0,26.0,11.0,,37.0,63.0,32.0,0.0,0.0,0.0,,0.0,0.0,0.0,KC,AFC West,outdoor,6.0,6.0,WR,61.4,56.569695,0.5115963929431422,0.6523858592263792,0.35667753,0.64332247,67,11.166666666666666
00-0034393,T.Fumagalli,TE,,1.0,1.0,,,,,,2.333333333333333,7.5,,,,,,,,,,,,,,,,,,,,6.0,7.0,,,,,,9.0,15.0,,,,,,0.0,0.0,,,,,DEN,AFC West,outdoor,5.0,2.0,TE,63.8125,69.34818,0.5577404755761954,0.5984128103837473,0.39666992,0.6033301,13,6.5
00-0034395,D.Fountain,WR,,,0.0,,,,,,,0.0,,,,,,,,,,,,,,,,,,,,,2.0,,,,,,,3.0,,,,,,,0.0,,,,,IND,AFC South,indoor,7.0,2.0,WR,64.0,86.04723,0.4483042959185738,0.4611629881154499,0.42922795,0.57077205,2,2.0
00-0034400,J.Wilkins,RB,1.0,2.0,1.0,,0.0,,,6.5625,4.571428571428571,11.916666666666666,,7.333333333333333,,,5.564516129032258,6.019607843137255,3.6666666666666665,,4.461538461538462,,,,,,,,,,15.0,12.0,12.0,,4.0,,,18.0,11.0,16.0,,8.0,,,62.0,51.0,84.0,,13.0,,,IND,AFC South,indoor,14.0,4.0,RB,64.70588235294117,36.989517,0.4991207835043202,0.6330611524121114,0.37363636,0.62636364,43,10.75
00-0034401,M.White,QB,,,,5.0,4.0,1.0,0.0,,,,,,,,,,,-0.2,1.5,-1.125,,,,,0.6666666666666666,0.5885714285714285,0.8333333333333334,0.2727272727272727,,,,4.0,4.0,6.0,1.0,,,,0.0,0.0,0.0,0.0,,,,5.0,6.0,8.0,0.0,BUF,AFC East,outdoor,12.0,6.0,QB,60.1,91.19061,0.4954661162710698,,0.44009984,0.55990016,15,3.75
00-0034406,D.Cain,WR,,0.0,,,,,,,2.475,,,,,,,,,,,,,,,,,,,,,11.0,,,,,,,10.0,,,,,,,0.0,,,,,,PIT,AFC North,outdoor,7.0,1.0,WR,57.75,64.751114,0.4857698013415892,0.6038080854135796,0.3917749,0.6082251,22,22.0
00-0034407,R.McCloud,WR,0.0,,0.0,0.0,2.0,0.0,1.0,5.6,,5.25,3.0,6.571428571428571,6.285714285714286,5.403225806451613,2.0,,16.25,7.5,19.5,10.0,7.9,,,,,,,,7.0,,11.0,15.0,14.0,9.0,17.0,6.0,,22.0,68.0,25.0,18.0,87.0,2.0,,4.0,2.0,4.0,3.0,10.0,ATL,NFC South,indoor,12.0,6.0,WR,63.11764705882353,67.74269,0.5062640742571539,0.6249132765689057,0.444548,0.555452,73,12.166666666666666
00-0034411,R.Gage,WR,0.0,1.0,5.0,4.0,5.0,,,3.1666666666666665,3.0816326530612246,3.9027777777777777,3.757575757575758,3.4716981132075477,,,,3.0,4.5,,,,,,,0.5,,,,,5.0,14.0,16.0,13.0,14.0,,,10.0,74.0,109.0,94.0,78.0,,,0.0,4.0,2.0,0.0,0.0,,,TB,NFC South,outdoor,11.0,4.0,WR,68.22222222222223,91.18739,0.5095879677407025,0.580134890835767,0.30781758,0.6921824,62,12.4
00-0034412,L.Falk,QB,,0.0,,,,,,,,,,,,,,,,,,,,,0.6438356164383562,,,,,,,3.0,,,,,,,0.0,,,,,,,0.0,,,,,,NYJ,AFC East,outdoor,4.0,1.0,QB,59.0625,35.185875,0.4572610294117647,,0.38201058,0.6179894,3,3.0
00-0034414,B.Scott,RB,,5.0,2.0,8.0,5.0,0.0,,,11.148148148148149,7.24,7.142857142857143,5.666666666666667,10.75,,,4.029850746268656,4.675,4.625,4.028985507246377,4.3,,,,,,,,,,9.0,16.0,10.0,16.0,10.0,,,29.0,36.0,17.0,7.0,6.0,,,67.0,80.0,88.0,69.0,20.0,,PHI,NFC East,outdoor,10.0,5.0,RB,64.33333333333333,61.29359,0.4776942355889724,0.6550572881098717,0.40241796,0.59758204,61,12.2
00-0034418,C.Wilson,WR,,0.0,3.0,6.0,0.0,3.0,2.0,,2.2,6.647058823529412,5.62,3.923076923076923,2.44,4.45,,,-4.0,5.5,8.0,,,,,1.0,1.0,,,1.0,,3.0,10.0,15.0,10.0,12.0,10.0,,8.0,28.0,71.0,19.0,45.0,27.0,,0.0,3.0,2.0,1.0,0.0,0.0,NO,NFC South,indoor,12.0,6.0,WR,60.35294117647059,62.051647,0.4943759340681577,0.5697110849912208,0.39766082,0.6023392,60,10.0
00-0034419,B.Berrios,WR,,0.0,3.0,4.0,3.0,1.0,0.0,,14.5,5.837837837837838,5.739130434782608,5.111111111111111,3.1481481481481484,,,,9.666666666666666,5.714285714285714,10.11111111111111,11.0,,,,,,1.0,,,,6.0,13.0,15.0,15.0,14.0,3.0,,13.0,55.0,65.0,32.0,34.0,4.0,,0.0,3.0,7.0,9.0,1.0,0.0,MIA,AFC East,outdoor,6.0,6.0,WR,63.294117647058826,57.18794,0.4137477488415387,0.6473066407276933,0.3866171,0.6133829,66,11.0
00-0034420,J.Thomas,TE,4.0,0.0,0.5,,,,,4.75,6.0,0.0,,,,,,,,,,,,,,,,,,,14.0,2.0,2.0,,,,,27.0,4.0,1.0,,,,,0.0,0.0,0.0,,,,,NE,AFC East,outdoor,5.0,,,60.5,48.901985,0.5174820476436188,0.5942028985507246,0.48347107,0.5165289,20,6.666666666666667
00-0034426,J.Wims,WR,0.0,1.0,1.0,,,,,0.5,2.5,0.8571428571428571,,,,,,,2.0,,,,,,,,,,,,2.0,11.0,10.0,,,,,5.0,39.0,16.0,,,,,0.0,0.0,1.0,,,,,CHI,NFC North,outdoor,11.0,2.0,WR,63.70588235294117,68.71866,0.4944252210688197,0.5053825179592051,0.3508772,0.64912283,23,7.666666666666667
00-0034427,Da.Williams,RB,0.0,,,,,,,,,,,,,,4.5,,,,,,,,,,,,,,3.0,,,,,,,0.0,,,,,,,8.0,,,,,,,JAX,AFC South,outdoor,9.0,0.0,RB,62.5625,41.513588,0.5401294289645683,0.6259163146629287,0.35564435,0.64435565,3,3.0
00-0034432,B.Scarbrough,RB,,1.0,0.0,,,,,,8.0,,,,,,,4.235955056179775,5.166666666666667,,,,,,,,,,,,,6.0,1.0,,,,,,4.0,0.0,,,,,,89.0,6.0,,,,,SEA,NFC West,outdoor,6.0,2.0,RB,62.52941176470589,47.5592,0.4505630425544831,0.7376068376068377,0.33960488,0.6603951,7,3.5
00-0034438,L.Woodside,QB,,,0.0,0.0,,0.0,,,,,,,,,,,1.4285714285714286,-1.0,,6.0,,,,0.3333333333333333,,,0.75,,,,5.0,4.0,,1.0,,,,0.0,0.0,,0.0,,,,7.0,6.0,,1.0,,ATL,NFC South,indoor,11.0,5.0,QB,63.70588235294117,55.99648,0.4276270260426151,,0.44413665,0.5558633,10,3.333333333333333
00-0034439,R.Izzo,TE,,1.0,0.0,,,,,,8.333333333333334,5.230769230769231,,,,,,,,,,,,,,,,,,,,4.0,10.0,,,,,,9.0,20.0,,,,,,0.0,0.0,,,,,NE,AFC East,outdoor,5.0,2.0,TE,60.5,48.901985,0.5174820476436188,0.5942028985507246,0.48347107,0.5165289,14,7.0
00-0034440,J.Jackson,RB,2.0,0.0,0.0,2.0,2.0,,,10.055555555555555,4.222222222222222,11.63157894736842,7.5,9.166666666666666,,,4.056603773584905,6.896551724137931,4.576271186440678,5.352941176470588,4.047619047619048,,,,,,,,,,10.0,7.0,8.0,13.0,12.0,,,23.0,11.0,24.0,25.0,19.0,,,53.0,29.0,59.0,68.0,42.0,,,DET,NFC North,indoor,6.0,4.0,RB,63.588235294117645,81.938614,0.518699285699832,0.6507666098807495,0.4199815,0.5800185,50,10.0
00-0034449,B.Howell,RB,,0.0,0.0,0.0,,,,,,7.0,,,,,,2.0,4.0,2.2,,,,,,,,,,,,2.0,2.0,1.0,,,,,0.0,2.0,0.0,,,,,5.0,16.0,5.0,,,,LA,NFC West,outdoor,11.0,3.0,RB,62.333333333333336,73.662445,0.504073442242394,0.46373144399460187,0.38502672,0.61497325,5,1.6666666666666667
00-0034457,J.Adams,RB,3.0,0.0,2.0,,,,,9.285714285714286,,4.0,,,,,4.239669421487603,1.5,5.413793103448276,,,,,,,,,,,,13.0,2.0,6.0,,,,,13.0,0.0,8.0,,,,,121.0,8.0,29.0,,,,,NYJ,AFC East,outdoor,10.0,2.0,RB,58.75,47.95657,0.5813607241142071,0.5741963260619978,0.39148936,0.6085106,21,7.0
00-0034487,T.Sherfield,WR,1.0,0.0,0.0,1.0,2.0,1.0,1.0,2.0,2.5,5.4,2.555555555555556,4.6,4.416666666666667,4.2,,,,,,,,,,,,,,,7.0,7.0,2.0,10.0,17.0,10.0,9.0,28.0,13.0,7.0,22.0,53.0,25.0,12.0,0.0,0.0,0.0,0.0,0.0,0.0,0.0,MIN,NFC North,indoor,6.0,6.0,WR,61.11111111111112,38.288708,0.4694033558842641,0.8299145299145299,0.38454545,0.61545455,62,8.857142857142858
00-0034489,J.Tolliver,WR,0.0,,,,,,,4.666666666666667,,,,,,,,,,,,,,,,,,,,,3.0,,,,,,,6.0,,,,,,,0.0,,,,,,,ARI,NFC West,indoor,9.0,0.0,WR,56.0,32.12704,0.5097340471276229,0.6304828547194959,0.3716518,0.62834823,3,3.0
00-0034499,J.Davis,WR,0.0,,,,,,,1.0,,,,,,,,,,,,,,,,,,,,,3.0,,,,,,,8.0,,,,,,,0.0,,,,,,,NYG,NFC East,outdoor,9.0,0.0,WR,61.5625,49.3446,0.5164164624183006,0.3298611111111111,0.35228425,0.64771575,3,3.0
00-0034509,K.Ford,RB,0.0,,,,,,,7.333333333333333,,,,,,,3.761904761904762,,,,,,,,,,,,,,2.0,,,,,,,5.0,,,,,,,21.0,,,,,,,BUF,AFC East,outdoor,11.0,0.0,RB,62.5625,53.941257,0.5155121259029928,0.5674639111420721,0.4035964,0.5964036,2,2.0
00-0034510,R.Foster,WR,3.0,0.0,0.0,,,,,6.185185185185185,10.666666666666666,16.0,,,,,,14.5,,,,,,,,,,,,,11.0,10.0,3.0,,,,,44.0,18.0,6.0,,,,,0.0,2.0,0.0,,,,,WAS,NFC East,outdoor,8.0,2.0,WR,65.3529411764706,51.04338,0.4621299500192234,0.6434010815181226,0.34833482,0.65166515,24,8.0
00-0034512,C.Phillips,WR,0.0,,,,,,,7.0,,,,,,,,,,,,,,,,,,,,,1.0,,,,,,,1.0,,,,,,,0.0,,,,,,,BUF,AFC East,outdoor,11.0,0.0,WR,62.5625,53.941257,0.5155121259029928,0.5674639111420721,0.4035964,0.5964036,1,1.0
00-0034521,A.Lazard,WR,0.0,3.0,4.0,8.0,6.0,1.0,6.0,0.0,3.710526315789474,6.325,4.243902439024391,4.133333333333334,2.4347826086956523,4.1891891891891895,,13.0,8.5,10.666666666666666,0.0,,,,,,,,,0.0,1.0,13.0,12.0,15.0,15.0,13.0,12.0,1.0,56.0,60.0,61.0,100.0,49.0,61.0,0.0,2.0,2.0,3.0,2.0,0.0,0.0,NYJ,AFC East,outdoor,12.0,6.0,WR,59.64705882352941,62.289284,0.4854509399218924,0.7014321295143213,0.3382643,0.6617357,81,11.571428571428571
00-0034532,J.Franks,TE,0.0,,,,,,,7.0,,,,,,,,,,,,,,,,,,,,,3.0,,,,,,,3.0,,,,,,,0.0,,,,,,,CIN,AFC North,outdoor,9.0,,,58.3125,60.68,0.5162377450980392,0.607884495641345,0.35369775,0.6463022,3,3.0
00-0034560,J.Jones,WR,0.0,,,,,,,1.0,,,,,,,0.0,,,,,,,,,,,,,,2.0,,,,,,,0.5,,,,,,,0.5,,,,,,,LAC,AFC West,outdoor,8.0,,,59.44444444444444,64.76624,0.4853036731261705,0.4583333333333333,0.39252338,0.60747665,4,4.0
00-0034565,D.Newsome,RB,0.0,,,,,,,9.5,,,,,,,4.454545454545454,,,,,,,,,,,,,,3.0,,,,,,,2.0,,,,,,,11.0,,,,,,,LAC,AFC West,outdoor,8.0,0.0,RB,59.44444444444444,64.76624,0.4853036731261705,0.4583333333333333,0.39252338,0.60747665,3,3.0
00-0034575,D.Wells,TE,,,,,,0.0,,,,,,,-5.0,,,,,,,,,,,,,,,,,,,,,1.0,,,,,,,2.0,,,,,,,0.0,,TB,NFC South,outdoor,5.0,5.0,TE,60.94736842105263,56.716423,0.4953687107345246,0.3203732503888025,0.36873922,0.6312608,1,1.0
00-0034577,K.Allen,QB,3.0,19.0,5.0,1.0,2.0,0.0,0.0,,,,,,,,3.8,3.3125,3.7142857142857135,5.5,2.1666666666666665,-1.0,,0.6451612903225806,0.6196319018404908,0.6896551724137931,0.631578947368421,0.5897435897435898,,1.0,2.0,13.0,4.0,2.0,2.0,6.0,1.0,0.0,0.0,0.0,0.0,0.0,0.0,0.0,5.0,32.0,7.0,2.0,6.0,13.0,0.0,PIT,AFC North,outdoor,9.0,6.0,QB,61.66666666666666,38.71519,0.5053905187806117,,0.43963963,0.5603604,30,4.285714285714286
00-0034578,R.Bonnafon,RB,,1.0,1.0,0.0,0.0,,,,8.666666666666666,10.0,4.5,,,,,7.25,5.75,4.0,2.6666666666666665,,,,,,,,,,,8.0,2.0,1.0,1.0,,,,9.0,2.0,2.0,0.0,,,,16.0,12.0,1.0,3.0,,,WAS,NFC East,outdoor,14.0,4.0,RB,66.76470588235294,47.573685,0.5201835326493859,0.6079191319465919,0.44052863,0.55947137,12,3.0
00-0034593,C.Lacy,WR,0.0,0.0,,,,,,,3.0,,,,,,,,,,,,,,,,,,,,1.0,3.0,,,,,,1.0,10.0,,,,,,0.0,0.0,,,,,,DET,NFC North,indoor,5.0,1.0,WR,63.1875,55.215973,0.4982289516683866,0.5911059197941531,0.36795253,0.6320475,4,2.0
00-0034597,R.Nall,RB,,0.0,1.0,0.0,,,,,,5.875,0.0,,,,,4.0,0.0,4.0,,,,,,,,,,,,1.0,7.0,2.0,,,,,0.0,9.0,1.0,,,,,2.0,4.0,1.0,,,,CHI,NFC North,outdoor,10.0,3.0,RB,62.76470588235294,36.133533,0.5124269728531248,0.6353197022688548,0.38238052,0.6176195,10,3.333333333333333
00-0034613,T.Hudson,TE,,0.0,0.0,,0.0,1.0,1.0,,1.0,4.0,,5.9,3.7948717948717943,5.105263157894737,,,,,,,1.0,,,,,,,,,4.0,5.0,,6.0,12.0,9.0,,5.0,8.0,,15.0,50.0,23.0,,0.0,0.0,,0.0,0.0,1.0,CIN,AFC North,outdoor,12.0,6.0,TE,62.88235294117647,56.04726,0.466805566395805,0.7055214723926381,0.323667,0.676333,36,7.2
00-0034614,G.Igwebuike,RB,,,,1.0,0.0,,,,,,9.142857142857142,0.0,,,,,,6.555555555555555,1.3333333333333333,,,,,,,,,,,,,8.0,1.0,,,,,,10.0,1.0,,,,,,18.0,3.0,,,SEA,NFC West,outdoor,11.0,4.0,RB,60.94444444444444,52.258717,0.4727038183694529,0.6985172981878089,0.36645398,0.63354605,9,4.5
00-0034621,S.Wilson,RB,0.0,,,,,,,1.6666666666666667,,,,,,,4.833333333333333,,,,,,,,,,,,,,5.0,,,,,,,5.0,,,,,,,6.0,,,,,,,TB,NFC South,outdoor,5.0,0.0,RB,65.5625,65.32288,0.5088337418300654,0.656084656084656,0.30600572,0.6939943,5,5.0
00-0034631,V.Smith,WR,1.0,1.0,0.0,0.0,,,,1.2,6.176470588235294,1.0,,,,,,17.333333333333332,,,,,,,,,,,,,5.0,13.0,2.0,1.0,,,,12.0,31.0,3.0,1.0,,,,0.0,3.0,0.0,0.0,,,,NYJ,AFC East,outdoor,6.0,3.0,WR,60.94117647058823,45.408787,0.5025814247267535,0.6275260060508102,0.34362933,0.65637064,21,5.25
00-0034646,B.Powell,WR,0.0,,2.0,0.0,0.0,1.0,0.0,10.454545454545457,,2.833333333333333,,7.666666666666667,3.586206896551724,1.7142857142857142,4.0,,3.5,,4.705882352941177,3.4,,,,,,,,,4.0,,10.0,1.0,16.0,13.0,7.0,17.0,,18.0,0.0,32.0,44.0,10.0,1.0,,2.0,0.0,17.0,5.0,0.0,MIN,NFC North,indoor,6.0,6.0,WR,61.11111111111112,38.288708,0.4694033558842641,0.8299145299145299,0.38454545,0.61545455,51,8.5
00-0034652,C.Batson,WR,0.0,,1.0,1.0,,,,6.75,,3.4615384615384617,0.5,,,,1.0,,5.0,7.5,,,,,,,,,,,6.0,,10.0,3.0,,,,11.0,,14.0,5.0,,,,1.0,,4.0,2.0,,,,TEN,AFC South,outdoor,13.0,3.0,WR,65.11111111111111,46.797688,0.4759685160613953,0.6702702702702703,0.4641638,0.53583616,19,6.333333333333333
00-0034653,D.Burnett,WR,0.0,0.0,0.0,,,,,2.5,2.0,1.3333333333333333,,,,,,,,,,,,,,,,,,,5.0,2.0,1.0,,,,,15.0,5.0,4.0,,,,,0.0,0.0,0.0,,,,,PHI,NFC East,outdoor,9.0,2.0,WR,67.1875,33.699024,0.5190461601307189,0.503769215439696,0.33302325,0.66697675,8,2.6666666666666665
00-0034654,D.Dawkins,RB,,0.0,,,,,,,,,,,,,,2.363636363636364,,,,,,,,,,,,,,2.0,,,,,,,1.0,,,,,,,11.0,,,,,,TEN,AFC South,outdoor,11.0,1.0,RB,57.578947368421055,23.713654,0.529395922727355,0.640622195095681,0.45063984,0.54936016,2,2.0
00-0034660,R.Gafford,WR,,1.0,0.0,,,,,,8.5,,,,,,,,,,,,,,,,,,,,,2.0,2.0,,,,,,2.0,2.0,,,,,,0.0,0.0,,,,,LV,AFC West,indoor,6.0,2.0,WR,64.0,74.42612,0.5318519951840385,0.6267523256884959,0.4111328,0.5888672,4,2.0
00-0034672,E.Wolf,TE,,,,0.0,,,,,,,3.0,,,,,,,,,,,,,,,,,,,,,1.0,,,,,,,2.0,,,,,,,0.0,,,,NO,NFC South,indoor,6.0,3.0,TE,61.1764705882353,58.540142,0.4971569639207592,0.5866549372866078,0.44134617,0.55865383,1,1.0
00-0034676,J.Washington,WR,1.0,3.0,5.0,3.0,0.0,,,3.3125,4.204545454545454,4.6,3.1538461538461537,,,,,,,6.5,,,,,,,,,,,12.0,15.0,17.0,16.0,1.0,,,38.0,80.0,62.0,47.0,1.0,,,0.0,0.0,0.0,2.0,0.0,,,DAL,NFC East,indoor,9.0,,,64.63157894736842,77.74025,0.5006418264443359,0.6230975947211579,0.44869706,0.5513029,61,12.2
00-0034681,C.Edmonds,RB,2.0,5.0,5.0,2.0,1.5,0.0,,6.05,8.75,6.150943396226415,7.534883720930233,7.383333333333333,8.411764705882353,,3.466666666666667,5.05,4.618556701030927,5.0,3.832417582417583,3.45,,,,,,,,,16.0,10.0,16.0,13.0,13.0,15.0,,23.0,21.0,67.0,54.0,12.0,21.0,,60.0,60.0,97.0,124.0,34.0,60.0,,TB,NFC South,outdoor,5.0,5.0,RB,60.94736842105263,56.716423,0.4953687107345246,0.3203732503888025,0.36873922,0.6312608,96,16.0
00-0034686,A.Tate,WR,0.0,1.0,0.0,1.0,,,,0.5,3.35,4.142857142857143,7.0,,,,,,,,,,,,,,,,,,4.0,12.0,8.0,4.0,,,,12.0,80.0,22.0,4.0,,,,0.0,0.0,0.0,0.0,,,,CIN,AFC North,outdoor,10.0,3.0,WR,61.23809523809524,31.679588,0.4998666133119914,0.5996978851963746,0.38024884,0.61975116,28,7.0
00-0034705,J.Franklin,WR,,0.0,,,,,,,,,,,,,,11.0,,,,,,,,,,,,,,1.0,,,,,,,0.0,,,,,,,1.0,,,,,,TB,NFC South,outdoor,7.0,,,67.0,56.31063,0.4875381621947024,0.5535143769968052,0.33675373,0.6632463,1,1.0
00-0034710,D.Kidsy,WR,0.0,,,,,,,2.0,,,,,,,,,,,,,,,,,,,,,1.0,,,,,,,2.0,,,,,,,0.0,,,,,,,WAS,NFC East,outdoor,4.0,0.0,WR,59.9375,48.97035,0.4762050653594771,0.5922288359788359,0.3806048,0.6193952,1,1.0
00-0034735,C.McElroy,TE,,0.0,,0.0,,,,,0.0,,,,,,,,,,,,,,,,,,,,,1.0,,1.0,,,,,1.0,,1.0,,,,,0.0,,0.0,,,,TB,NFC South,outdoor,9.0,3.0,TE,66.47368421052632,85.10158,0.4811745566185846,0.6539842873176207,0.3182898,0.68171024,2,1.0
00-0034747,M.Ateman,WR,1.0,0.0,,,,,,2.066666666666667,3.8,,,,,,,,,,,,,,,,,,,,6.0,4.0,,,,,,31.0,10.0,,,,,,0.0,0.0,,,,,,LV,AFC West,indoor,,,,61.3125,69.91976,,0.6518518518518519,0.4240571,0.57594293,10,5.0
00-0034750,R.Penny,RB,2.0,4.0,0.0,6.0,2.0,0.0,,8.11111111111111,11.375,,10.333333333333334,7.0,6.0,,5.033707865168539,5.6923076923076925,3.090909090909091,6.294117647058823,6.0701754385964914,3.0,,,,,,,,,13.0,9.0,3.0,10.0,5.0,3.0,,12.0,11.0,0.0,8.0,5.0,1.0,,89.0,65.0,11.0,119.0,57.0,11.0,,PHI,NFC East,outdoor,10.0,5.0,RB,64.33333333333333,61.29359,0.4776942355889724,0.6550572881098717,0.40241796,0.59758204,43,7.166666666666667
00-0034753,M.Andrews,TE,3.0,10.0,7.0,9.0,5.0,6.0,11.0,5.486486486486487,4.382352941176471,3.136363636363636,4.205607476635514,3.423076923076923,4.617021276595745,3.548387096774193,,,,0.0,2.0,0.0,1.625,,,,,,,,17.0,16.0,16.0,17.0,16.0,11.0,19.0,57.0,105.0,105.0,153.0,123.0,63.0,79.0,0.0,0.0,0.0,1.0,4.0,1.0,8.0,BAL,AFC North,outdoor,14.0,6.0,TE,61.42105263157895,75.81623,0.5321196437947293,0.6698717948717949,0.48500428,0.5149957,112,16.0
00-0034764,M.Gallup,WR,3.0,6.0,5.0,2.0,5.0,2.0,,4.926829268292683,5.045454545454546,4.271186440677966,3.5142857142857142,2.636363636363636,3.525,,,,,,,,,,,,,,,,17.0,14.0,16.0,9.0,16.0,17.0,,83.0,113.0,105.0,62.0,83.0,63.0,,0.0,0.0,0.0,0.0,0.0,0.0,,DAL,NFC East,indoor,7.0,5.0,WR,66.38888888888889,63.447044,0.4414879792072774,0.7219230769230769,0.36903766,0.6309624,89,14.833333333333334
00-0034765,T.Smith,WR,5.0,5.0,6.0,3.0,1.0,,,3.933333333333333,6.388888888888889,4.405405405405405,3.53125,3.473684210526316,,,5.0,,3.0,,,,,,,,,,,,15.0,11.0,14.0,10.0,9.0,,,48.0,26.0,53.0,50.0,27.0,,,1.0,0.0,1.0,0.0,0.0,,,NO,NFC South,indoor,14.0,4.0,WR,59.11764705882353,55.139317,0.4955351180719965,0.6618866005593694,0.43880597,0.561194,59,11.8
00-0034766,C.Herndon,TE,4.0,0.0,3.0,1.0,,,,4.538461538461538,5.0,4.129032258064516,7.75,,,,,,,,,,,,,,,,,,14.0,1.0,11.0,5.0,,,,56.0,2.0,45.0,7.0,,,,0.0,0.0,0.0,0.0,,,,MIN,NFC North,indoor,7.0,3.0,TE,63.294117647058826,74.55339,0.4963805129895095,0.6469597940186175,0.3977695,0.6022305,31,7.75
00-0034771,M.Rudolph,QB,,13.0,2.0,1.0,,5.0,10.0,,,,,,,,,2.0,-0.8571428571428571,10.6,,2.0,4.24,,0.6219081272084805,0.5813953488372093,0.603448275862069,,0.6814159292035398,0.6403508771929824,,10.0,4.0,2.0,,5.0,8.0,,0.0,0.0,0.0,,0.0,0.0,,21.0,7.0,5.0,,12.0,25.0,TEN,AFC South,outdoor,5.0,6.0,QB,60.588235294117645,39.319504,0.5103836581072058,,0.40291262,0.5970874,29,5.8
00-0034772,A.Callaway,WR,5.0,0.0,0.0,,,,,5.488372093023256,5.5,1.5,,,,,3.5,,,,,,,,,,,,,,16.0,4.0,3.0,,,,,79.0,15.0,4.0,,,,,2.0,0.0,0.0,,,,,MIA,AFC East,outdoor,7.0,,,63.0625,67.24978,0.4562841309769522,0.6633862843858969,0.3776016,0.62239844,23,7.666666666666667
00-0034775,C.Kirk,WR,3.0,3.0,6.0,5.0,10.0,3.0,1.0,5.232558139534884,4.1940298507462686,3.6458333333333335,2.903614457831325,4.141414141414141,4.333333333333333,4.185185185185185,11.666666666666666,9.3,1.5,11.0,4.833333333333333,6.0,,,,,1.0,0.0,0.5,,12.0,13.0,14.0,18.0,19.0,12.0,8.0,68.0,107.0,79.0,114.0,161.0,85.0,47.0,3.0,10.0,2.0,1.0,6.0,1.0,0.0,JAX,AFC South,outdoor,12.0,6.0,WR,58.294117647058826,68.956665,0.4698388127180696,0.6291527792710461,0.38345107,0.61654896,96,13.714285714285714
00-0034777,D.Chark,WR,0.0,8.0,5.0,2.0,3.0,5.0,1.0,3.2142857142857144,4.328767123287672,3.1132075471698117,3.4285714285714284,4.4,2.4,2.6,,10.0,,,,,,,,,,,,,10.0,15.0,13.0,3.0,11.0,14.0,5.0,32.0,118.0,93.0,22.0,52.0,66.0,14.0,0.0,2.0,0.0,0.0,0.0,0.0,0.0,LAC,AFC West,outdoor,5.0,6.0,WR,58.44444444444444,46.232723,0.4612792875434774,0.6227611940298508,0.40779468,0.59220535,71,10.142857142857142
00-0034788,J.Graham,TE,,1.0,0.0,,,,,,8.11111111111111,4.666666666666667,,,,,,,,,,,,,,,,,,,,5.0,4.0,,,,,,10.0,5.0,,,,,,0.0,0.0,,,,,ATL,NFC South,indoor,10.0,2.0,TE,66.8125,62.227356,0.5462998796009632,0.6501597444089456,0.35734332,0.6426567,9,4.5
00-0034791,N.Chubb,RB,10.0,8.0,13.0,9.0,13.0,0.0,4.0,9.05,8.833333333333334,9.909090909090908,9.15,9.592592592592592,5.0,6.2,5.1875,5.0602006688963215,5.484162895927602,5.521929824561403,5.049668874172186,6.071428571428571,3.2549019607843137,,,,,,,,16.0,16.0,14.0,14.0,17.0,2.0,8.0,29.0,49.0,27.0,25.0,37.0,4.0,11.0,192.0,299.0,221.0,228.0,302.0,28.0,102.0,CLE,AFC North,outdoor,10.0,6.0,RB,65.94117647058823,38.249825,0.5256290958075697,0.5697059826365458,0.3131133,0.6868867,87,12.428571428571429
00-0034796,L.Jackson,QB,13.0,44.0,34.0,18.0,20.0,34.0,49.0,,,,,,14.0,,4.801282051282051,6.88265306122449,6.385869565217392,5.7669172932330826,6.821428571428571,5.838323353293413,6.46875,0.5678391959798995,0.6434782608695652,0.6438679245283019,0.643979057591623,0.6226993865030674,0.6647286821705426,0.6730769230769231,17.0,16.0,17.0,12.0,12.0,18.0,19.0,2.0,0.0,0.0,0.0,0.0,1.0,0.0,156.0,196.0,184.0,133.0,112.0,167.0,160.0,BAL,AFC North,outdoor,14.0,6.0,QB,61.42105263157895,75.81623,0.5321196437947293,,0.48500428,0.5149957,111,15.857142857142858
00-0034798,D.Smythe,TE,0.0,0.0,2.0,0.0,2.0,0.0,0.0,1.1666666666666667,1.4285714285714286,4.6923076923076925,4.705882352941177,3.4375,3.736842105263158,1.7777777777777777,,,,1.5,0.5,,,,,,,,,,6.0,8.0,13.0,15.0,13.0,14.0,13.0,11.0,14.0,29.0,41.0,21.0,47.0,17.0,0.0,0.0,0.0,2.0,2.0,0.0,0.0,MIA,AFC East,outdoor,6.0,6.0,TE,63.294117647058826,57.18794,0.4137477488415387,0.6473066407276933,0.3866171,0.6133829,82,11.714285714285714
00-0034799,K.Ballage,RB,1.0,3.0,1.5,0.0,,,,8.444444444444445,6.214285714285714,7.86111111111111,5.0,,,,5.305555555555555,1.8243243243243243,3.8143939393939394,3.0625,,,,,,,,,,,10.0,12.0,11.0,9.0,,,,11.0,24.0,18.5,7.0,,,,36.0,74.0,45.5,16.0,,,,PIT,AFC North,outdoor,7.0,3.0,RB,64.77777777777777,68.4622,0.5249673748641757,0.6245284522607726,0.3516295,0.6483705,53,13.25
00-0034808,J.Kelly,RB,0.0,0.0,,0.0,,,,13.5,,,,,,,2.740740740740741,3.0,,6.5,,,,,,,,,,,3.0,1.0,,1.0,,,,3.0,0.0,,0.0,,,,27.0,3.0,,2.0,,,,CLE,AFC North,outdoor,13.0,3.0,RB,61.35294117647059,41.977657,0.5000109847860713,0.6415692007797271,0.42473635,0.5752637,5,1.6666666666666667
00-0034816,R.Jones,RB,1.0,6.0,8.0,4.0,1.0,,,6.0,9.483870967741936,5.607142857142857,7.7,23.0,,,1.9130434782608696,4.209302325581396,4.920704845814978,4.237623762376238,3.888888888888889,,,,,,,,,,6.0,16.0,17.0,15.0,6.0,,,9.0,40.0,44.0,13.0,1.0,,,23.0,172.0,227.0,101.0,18.0,,,KC,AFC West,outdoor,8.0,4.0,RB,63.35,85.546425,0.4778353973168214,0.6166815210932859,0.3338595,0.6661405,60,12.0
00-0034827,D.Moore,WR,2.0,4.0,4.0,4.0,7.0,9.0,6.0,7.654545454545454,4.482758620689655,5.787878787878788,4.537634408602151,2.952380952380953,5.614583333333333,6.0,13.23076923076923,6.666666666666667,11.0,6.0,5.3,5.25,5.357142857142857,,,0.0,,,,0.0,16.0,15.0,15.0,17.0,17.0,17.0,17.0,82.0,135.0,118.0,163.0,118.0,136.0,140.0,13.0,6.0,2.0,8.0,10.0,4.0,14.0,CHI,NFC North,outdoor,7.0,6.0,WR,62.294117647058826,26.427608,0.5368157995912503,0.8122775800711743,0.34844193,0.6515581,114,16.285714285714285
00-0034829,M.Gesicki,TE,0.0,5.0,6.0,2.0,6.0,2.0,2.0,4.363636363636363,3.431372549019608,3.150943396226415,3.0273972602739727,2.9411764705882355,3.034482758620689,3.769230769230769,,,,,,,,,,,0.0,,,,14.0,15.0,15.0,17.0,18.0,15.0,16.0,32.0,89.0,85.0,112.0,58.0,45.0,83.0,0.0,0.0,0.0,0.0,0.0,0.0,0.0,CIN,AFC North,outdoor,12.0,6.0,TE,62.88235294117647,56.04726,0.466805566395805,0.7055214723926381,0.323667,0.676333,110,15.714285714285714
00-0034830,H.Hurst,TE,1.0,3.0,6.0,3.0,3.0,1.0,0.0,5.6923076923076925,4.911764705882353,4.375,3.423076923076923,3.784615384615385,3.7222222222222223,2.5,0.0,,,,,,,,,,,,,,10.0,17.0,16.0,12.0,16.0,9.0,7.0,24.0,45.0,88.0,31.0,85.0,32.0,13.0,1.0,0.0,0.0,0.0,0.0,0.0,0.0,LAC,AFC West,outdoor,5.0,6.0,TE,58.44444444444444,46.232723,0.4612792875434774,0.6227611940298508,0.40779468,0.59220535,87,12.428571428571429
00-0034837,C.Ridley,WR,10.0,7.0,9.0,2.0,,8.0,5.0,5.6875,2.1904761904761907,3.055555555555556,2.935483870967742,,2.5526315789473686,3.609375,4.5,17.0,0.2,,,2.555555555555556,6.875,,,,,,,,16.0,13.0,15.0,5.0,,17.0,17.0,92.0,93.0,143.0,52.0,,136.0,120.0,6.0,2.0,5.0,0.0,,9.0,8.0,TEN,AFC South,outdoor,5.0,6.0,WR,60.588235294117645,39.319504,0.5103836581072058,0.6357900565366905,0.40291262,0.5970874,83,13.833333333333334
00-0034838,R.Freeman,RB,5.0,4.0,0.0,0.0,0.0,2.0,,4.214285714285714,6.023255813953488,5.25,6.404761904761904,6.5,14.0,,4.007692307692308,3.757575757575758,4.857142857142857,3.147619047619048,2.8536585365853657,4.142857142857143,,,,,,,,,14.0,16.0,11.0,11.0,4.0,9.0,,20.0,50.0,13.0,8.0,8.0,2.0,,130.0,132.0,35.0,28.0,41.0,77.0,,LA,NFC West,outdoor,10.0,5.0,RB,63.66666666666666,68.289696,0.5285269273401368,0.6040597079173097,0.40837696,0.591623,76,12.666666666666666
00-0034844,S.Barkley,RB,15.0,8.0,0.0,4.0,12.0,10.0,20.0,8.43956043956044,8.423076923076923,9.166666666666666,7.268292682926829,8.21875,5.512195121951219,7.326086956521739,5.007662835249042,4.622119815668203,1.7894736842105263,3.6604938271604937,4.555910543130991,3.8947368421052633,5.743119266055046,,,,,,,,16.0,13.0,2.0,13.0,18.0,14.0,20.0,121.0,73.0,9.0,57.0,85.0,60.0,58.0,261.0,217.0,19.0,162.0,313.0,247.0,436.0,PHI,NFC East,outdoor,5.0,6.0,RB,63.85714285714285,35.011185,0.4905671040345963,0.6468466305366902,0.5152871,0.4847129,96,13.714285714285714
00-0034845,S.Michel,RB,12.0,7.0,2.0,5.0,0.0,,,7.5,9.214285714285714,15.714285714285714,5.875,5.111111111111111,,,4.525,3.727969348659004,5.6835443037974684,3.952991452991453,2.9444444444444446,,,,,,,,,,16.0,17.0,8.0,21.0,10.0,,,14.0,22.0,9.0,37.0,13.0,,,280.0,261.0,79.0,234.0,36.0,,,LAC,AFC West,outdoor,8.0,4.0,RB,66.94444444444444,70.019165,0.4429566563467492,0.6716082659478886,0.3195021,0.68049794,72,14.4
00-0034854,K.Hodge,WR,0.0,0.0,0.0,0.0,1.0,0.0,1.0,0.0,2.25,2.090909090909091,2.8461538461538463,4.6923076923076925,5.928571428571429,12.714285714285714,,,,,,0.0,,,,,,,,,3.0,7.0,7.0,10.0,9.0,13.0,6.0,3.0,10.0,17.0,27.0,20.0,23.0,12.0,0.0,0.0,0.0,0.0,0.0,1.0,0.0,ATL,NFC South,indoor,12.0,6.0,WR,63.11764705882353,67.74269,0.5062640742571539,0.6249132765689057,0.444548,0.555452,55,7.857142857142857
00-0034855,B.Mayfield,QB,27.0,26.0,31.0,18.0,5.5,35.0,46.0,,,1.0,,,,,3.358974358974359,5.035714285714286,2.8870967741935485,3.6216216216216215,2.8583333333333334,2.9393939393939394,5.985074626865671,0.6378600823045267,0.594392523364486,0.6265709156193896,0.6052631578947368,0.6066644088206518,0.640746500777605,0.717687074829932,14.0,16.0,18.0,14.0,12.0,19.0,18.0,1.0,0.0,2.0,0.0,0.0,0.0,0.0,39.0,28.0,62.0,37.0,15.5,66.0,67.0,TB,NFC South,outdoor,11.0,6.0,QB,62.66666666666666,61.497734,0.5047483905843039,,0.39893618,0.60106385,123,17.571428571428573
00-0034857,J.Allen,QB,18.0,30.0,52.0,51.0,46.0,51.0,46.0,,4.0,17.0,,,,,7.089887640449438,5.101694915254237,4.456692913385827,6.453237410071942,5.941176470588236,5.114503816793893,4.854961832061068,0.5266457680250783,0.5818540433925049,0.6835260115606936,0.6454802259887006,0.6280864197530864,0.6666666666666666,0.6460176991150443,12.0,17.0,19.0,19.0,18.0,19.0,19.0,1.0,1.0,1.0,0.0,0.0,0.0,0.0,89.0,118.0,127.0,139.0,136.0,131.0,131.0,BUF,AFC East,outdoor,12.0,6.0,QB,60.1,91.19061,0.4954661162710698,,0.44009984,0.55990016,123,17.571428571428573
00-0034860,D.Pettis,WR,5.0,2.0,0.5,1.0,3.0,,1.0,7.592592592592593,2.090909090909091,1.5,3.8,3.3157894736842106,,3.0,-2.0,,,,18.5,,,,1.0,,1.0,,,,9.0,9.0,3.0,2.0,14.0,,8.0,45.0,24.0,3.0,16.0,41.0,,28.0,1.0,0.0,0.0,0.0,2.0,,0.0,NO,NFC South,indoor,12.0,6.0,WR,60.35294117647059,62.051647,0.4943759340681577,0.5697110849912208,0.39766082,0.6023392,48,8.0
00-0034867,M.Turner,WR,0.0,1.0,,3.0,,,,7.0,6.733333333333333,,5.923076923076923,,,,,,,,,,,,,,,,,,2.0,11.0,,8.0,,,,3.0,25.0,,17.0,,,,0.0,0.0,,0.0,,,,DAL,NFC East,indoor,7.0,3.0,WR,67.33333333333333,70.95983,0.4833467110040897,0.6579595777977558,0.37541255,0.6245875,21,7.0
00-0034869,S.Darnold,QB,18.0,21.0,11.0,14.0,9.0,3.0,37.0,,,,,,,,3.13953488372093,1.878787878787879,5.864864864864865,4.625,4.076923076923077,0.7142857142857143,3.2535211267605635,0.5772946859903382,0.6190476190476191,0.5961538461538461,0.5985221674876847,0.5857142857142857,0.6086956521739131,0.6598290598290598,13.0,13.0,12.0,12.0,6.0,10.0,18.0,0.0,0.0,0.0,0.0,0.0,0.0,0.0,43.0,33.0,37.0,48.0,26.0,21.0,71.0,MIN,NFC North,indoor,6.0,6.0,QB,61.11111111111112,38.288708,0.4694033558842641,,0.38454545,0.61545455,84,12.0
00-0034899,J.Wolford,QB,,,0.0,0.0,1.0,,,,,,,,,,,,8.285714285714286,-0.5,4.0,,,,,0.5681818181818182,0.25,0.6129032258064516,,,,,2.0,2.0,2.0,,,,,0.0,0.0,0.0,,,,,7.0,2.0,8.0,,,LA,NFC West,outdoor,7.0,4.0,QB,58.05882352941177,28.25827,0.5079716303446042,,0.3809524,0.61904764,6,2.0
00-0034922,I.Hyman,WR,,0.0,,,,,,,0.5,,,,,,,,,,,,,,,,,,,,,2.0,,,,,,,4.0,,,,,,,0.0,,,,,,TB,NFC South,outdoor,7.0,0.0,WR,67.0,56.31063,0.4875381621947024,0.5535143769968052,0.33675373,0.6632463,2,2.0
00-0034928,S.Sims,WR,,5.0,2.0,,0.0,0.0,0.0,,5.0588235294117645,4.233333333333333,,4.285714285714286,9.0,7.0,,9.444444444444445,11.0,,5.384615384615385,1.0,7.5,,0.0,,,,,,,13.0,12.0,,11.0,3.0,3.0,,56.0,41.0,,23.0,3.0,0.5,,9.0,2.0,,13.0,1.0,1.0,HOU,AFC South,indoor,14.0,,,62.0,36.51212,0.4967437944706969,0.5956529885703579,0.37011886,0.62988114,45,9.0
00-0034930,T.Benson,WR,,,,0.0,,,,,,,5.9,,,,,,,,,,,,,,,,,,,,,7.0,,,,,,,22.0,,,,,,,0.0,,,,DET,NFC North,indoor,9.0,2.0,WR,62.11764705882353,65.62784,0.5211786675454496,0.6605004737703506,0.3910985,0.6089015,7,7.0
00-0034955,B.Rypien,QB,,,2.0,0.0,2.0,0.0,,,,,,,,,,,-1.0,,1.1666666666666667,6.333333333333333,,,,0.675,0.0,0.6022727272727273,0.4736842105263157,,,,2.0,1.0,4.0,2.0,,,,0.0,0.0,0.0,0.0,,,,5.0,0.0,6.0,3.0,,LA,NFC West,outdoor,10.0,,,63.66666666666666,68.289696,0.5285269273401368,,0.40837696,0.591623,9,2.25
00-0034960,J.Meyers,WR,,0.0,2.0,2.0,6.0,11.0,4.0,,4.384615384615385,3.6610169491525424,2.539325842696629,3.5522388059701493,3.408450704225352,3.367816091954023,,,4.5,9.0,4.5,6.0,11.5,,,1.0,1.0,,0.6666666666666666,,,11.0,12.0,17.0,14.0,16.0,15.0,,41.0,81.0,135.0,96.0,106.0,129.0,,0.0,2.0,1.0,2.0,4.0,2.0,LV,AFC West,indoor,10.0,5.0,WR,62.0,51.68756,0.5222465043809061,0.6363027515532962,0.33301708,0.66698295,85,14.166666666666666
00-0034970,I.Smith,TE,,2.0,5.0,,3.0,1.0,0.0,,3.769230769230769,4.2,,3.5,3.6666666666666665,0.0,,,,,,,,,,,,,,,,15.0,12.0,,9.0,9.0,1.0,,50.0,43.0,,38.0,26.0,1.0,,0.0,0.0,,0.0,0.0,0.0,HOU,AFC South,indoor,14.0,5.0,TE,62.0,36.51212,0.4967437944706969,0.5956529885703579,0.37011886,0.62988114,46,9.2
00-0034972,A.Mattison,RB,,1.0,3.0,4.0,6.0,3.0,5.0,,7.818181818181818,8.307692307692308,7.4375,8.0,6.033333333333333,8.722222222222221,,4.575471698113208,4.520833333333333,3.664179104477612,3.824324324324324,3.888888888888889,3.1818181818181817,,,,,,,,,15.0,13.0,16.0,18.0,16.0,14.0,,14.0,15.0,39.0,19.0,44.0,48.0,,106.0,96.0,134.0,74.0,180.0,132.0,LV,AFC West,indoor,10.0,5.0,RB,62.0,51.68756,0.5222465043809061,0.6363027515532962,0.33301708,0.66698295,92,15.333333333333334
00-0034975,J.Hill,RB,,2.0,0.0,,0.0,4.0,5.0,,8.916666666666666,5.4,,6.571428571428571,8.176470588235293,9.75,,3.8793103448275854,5.0,,5.346938775510204,4.56,4.915254237288136,,,,,,,,,16.0,7.0,,14.0,18.0,17.0,,20.0,6.0,,14.0,48.0,57.0,,58.0,12.0,,49.0,100.0,59.0,BAL,AFC North,outdoor,14.0,5.0,RB,61.42105263157895,75.81623,0.5321196437947293,0.6698717948717949,0.48500428,0.5149957,72,14.4
00-0034981,F.Moreau,TE,,5.0,2.0,3.0,2.0,1.0,5.0,,4.619047619047619,7.285714285714286,6.3,7.181818181818182,4.571428571428571,4.9375,,,,,,,,,,,,,,,,11.0,7.0,13.0,14.0,11.0,15.0,,25.0,9.0,47.0,54.0,25.0,43.0,,0.0,0.0,0.0,0.0,0.0,0.0,NO,NFC South,indoor,12.0,5.0,TE,60.35294117647059,62.051647,0.4943759340681577,0.5697110849912208,0.39766082,0.6023392,71,11.833333333333334
00-0034983,H.Renfrow,WR,,4.0,2.0,9.0,2.0,0.0,,,6.142857142857143,6.035714285714286,4.387387387387387,4.138888888888889,6.08,,,,,1.0,,,,,,,,,,,,13.0,16.0,18.0,10.0,13.0,,,71.0,77.0,139.0,50.0,37.0,,,0.0,0.0,3.0,0.0,0.0,,LV,AFC West,indoor,13.0,4.0,WR,58.64705882352941,56.400406,0.4903226925445101,0.6064992917426199,0.39217654,0.6078235,70,14.0
00-0034988,K.Smith,TE,,3.0,0.0,0.0,,,,,2.935483870967742,4.944444444444445,3.6666666666666665,,,,,,,,,,,,,,,,,,,7.0,13.0,2.0,,,,,42.0,21.0,3.0,,,,,0.0,0.0,0.0,,,,NYG,NFC East,outdoor,10.0,2.0,TE,61.294117647058826,64.325325,0.5276463939548988,0.5438604784890054,0.3637236,0.63627636,22,7.333333333333333
00-0034995,D.Williams,RB,,0.0,0.0,,,,,,,,,,,,,2.2,4.0,,,,,,,,,,,,,2.0,1.0,,,,,,0.0,0.0,,,,,,5.0,2.0,,,,,GB,NFC North,outdoor,5.0,1.0,RB,61.61111111111112,80.96528,0.4482570806100218,0.7016393442622951,0.40396753,0.59603244,3,1.5
00-0035006,O.Johnson,WR,,3.0,0.0,,,,,,2.333333333333333,3.5,,,,,,6.0,,,,,,,,,,,,,,14.0,8.0,,,,,,48.0,19.0,,,,,,1.0,0.0,,,,,MIN,NFC North,indoor,7.0,1.0,WR,64.0,54.833126,0.4902471405228758,0.6763565891472868,0.4375,0.5625,22,11.0
00-0035013,J.Hilliman,RB,,0.0,,,,,,,3.333333333333333,,,,,,,3.033333333333333,,,,,,,,,,,,,,3.0,,,,,,,4.0,,,,,,,30.0,,,,,,NYG,NFC East,outdoor,11.0,0.0,RB,63.1875,59.12354,0.4565206290849673,0.7459280008299616,0.32542038,0.6745796,3,3.0
00-0035021,A.Dulin,WR,,0.0,0.0,2.0,1.0,,1.0,,11.5,9.333333333333334,3.8461538461538463,2.333333333333333,,21.5,,,5.5,10.666666666666666,4.0,,9.0,,,,,,,,,2.0,7.0,14.0,7.0,,9.0,,2.0,6.0,22.0,22.0,,8.0,,0.0,2.0,3.0,2.0,,5.0,IND,AFC South,indoor,14.0,5.0,WR,60.8235294117647,65.39625,0.4432556304255448,0.56524926686217,0.44970986,0.5502901,39,7.8
00-0035022,P.Hart,WR,,,0.0,0.0,0.0,,,,,4.0,5.857142857142857,4.0,,,,,19.0,,,,,,,,,,,,,,1.0,9.0,3.0,,,,,1.0,12.0,4.0,,,,,1.0,0.0,0.0,,,SEA,NFC West,outdoor,11.0,3.0,WR,60.94444444444444,52.258717,0.4727038183694529,0.6985172981878089,0.36645398,0.63354605,13,4.333333333333333
00-0035025,H.Hentges,TE,,1.0,,,,,,,5.875,,,,,,,,,,,,,,,,,,,,,5.0,,,,,,,14.0,,,,,,,0.0,,,,,,WAS,NFC East,outdoor,10.0,0.0,TE,55.1875,33.159893,0.4863314843481252,0.6335489475235391,0.37938845,0.62061155,5,5.0
00-0035039,S.Carlson,TE,,1.0,0.0,,,,,,4.2,11.0,,,,,,,,,,,,,,,,,,,,6.0,3.0,,,,,,7.0,2.0,,,,,,0.0,0.0,,,,,CLE,AFC North,outdoor,9.0,1.0,TE,62.55555555555556,77.21316,0.4686926671253297,0.5632854578096949,0.44760212,0.55239785,9,4.5
00-0035040,D.Blough,QB,,5.0,0.0,0.0,2.0,,,,5.0,,,,,,,3.875,18.0,6.0,1.25,,,,0.5402298850574713,0.6,,0.6551724137931034,,,,5.0,1.0,1.0,2.0,,,,1.0,0.0,0.0,0.0,,,,8.0,1.0,1.0,4.0,,,ARI,NFC West,indoor,13.0,3.0,QB,67.17647058823529,60.92949,0.5184352172241445,,0.34063047,0.6593695,9,2.25
00-0035045,D.Montgomery,WR,,,,0.0,,1.0,,,,,5.0,,9.333333333333334,,,,,,,,,,,,,,,,,,,1.0,,2.0,,,,,6.0,,8.0,,,,,0.0,,0.0,,IND,AFC South,indoor,11.0,4.0,WR,63.94117647058823,58.91931,0.4824763754831138,0.608843537414966,0.40386385,0.59613615,3,1.5
00-0035100,J.Browning,QB,,,,,,15.0,0.0,,,,,,0.0,,,,,,,4.703703703703703,-1.0,,,,,,0.7037037037037037,,,,,,,9.0,2.0,,,,,,1.0,0.0,,,,,,27.0,2.0,CIN,AFC North,outdoor,12.0,5.0,QB,62.88235294117647,56.04726,0.466805566395805,,0.323667,0.676333,11,5.5
00-0035101,D.Davis,WR,,,,0.0,,,,,,,13.0,,,,,,,,,,,,,,,,,,,,,2.0,,,,,,,3.0,,,,,,,0.0,,,,HOU,AFC South,indoor,10.0,2.0,WR,59.1764705882353,51.084877,0.4926962735558619,0.6370896785109983,0.39065605,0.60934395,2,2.0
00-0035102,B.Dillon,TE,,,0.0,,,,,,,1.0,,,,,,,,,,,,,,,,,,,,,1.0,,,,,,,1.0,,,,,,,0.0,,,,,MIN,NFC North,indoor,7.0,1.0,TE,64.0,54.833126,0.4902471405228758,0.6763565891472868,0.4375,0.5625,1,1.0
00-0035104,A.Hollins,WR,,0.0,,,,,,,3.0,,,,,,,,,,,,,,,,,,,,,3.0,,,,,,,5.0,,,,,,,0.0,,,,,,MIN,NFC North,indoor,12.0,0.0,WR,59.833333333333336,57.92812,0.5018215132056721,0.6299603174603174,0.46610957,0.5338904,3,3.0
00-0035120,K.Doss,WR,,0.0,,,,0.0,,,5.181818181818182,,,,2.333333333333333,,,,,,,,,,,,,,,,,6.0,,,,2.0,,,14.0,,,,13.0,,,0.0,,,,0.0,,LAC,AFC West,outdoor,5.0,4.0,WR,64.47058823529412,61.803616,0.5298216706703321,0.6446234119782215,0.34762773,0.65237224,8,4.0
00-0035126,A.Wesley,WR,,,,3.0,,,,,,,3.210526315789474,,,,,,,,,,,,,,,,,,,,,9.0,,,,,,,34.0,,,,,,,0.0,,,,ARI,NFC West,indoor,12.0,2.0,WR,64.77777777777777,63.478325,0.5039267558875402,0.6992121865908274,0.39708406,0.60291594,9,9.0
00-0035140,M.Hardman,WR,,6.0,5.0,4.0,6.0,0.5,1.0,,10.833333333333334,7.489795918367347,8.671641791044776,6.037037037037037,3.736842105263158,8.25,,2.2,14.166666666666666,7.214285714285714,6.333333333333333,-0.6666666666666666,12.4,,,,,,,,,18.0,19.0,20.0,9.0,10.0,7.0,,47.0,75.0,92.0,37.0,15.5,14.0,,5.0,6.0,14.0,6.0,1.5,5.0,KC,AFC West,outdoor,6.0,5.0,WR,61.4,56.569695,0.5115963929431422,0.6523858592263792,0.35667753,0.64332247,93,15.5
00-0035146,T.McSorley,QB,,0.0,1.0,,0.0,,,,,,,,,,,1.0,3.4,,4.066666666666666,,,,,0.3,,0.5421686746987951,,,,1.0,2.0,,5.0,,,,0.0,0.0,,0.0,,,,1.0,5.0,,15.0,,,ARI,NFC West,indoor,13.0,3.0,QB,67.17647058823529,60.92949,0.5184352172241445,,0.34063047,0.6593695,8,2.6666666666666665
00-0035148,D.Thompson,RB,,1.0,2.0,,,,,,6.888888888888889,12.571428571428571,,,,,,3.4615384615384617,3.592592592592593,,,,,,,,,,,,,12.0,5.0,,,,,,12.0,11.0,,,,,,39.0,27.0,,,,,KC,AFC West,outdoor,10.0,1.0,RB,64.78947368421052,85.05137,0.5070791012619268,0.7000616712920136,0.32493907,0.6750609,17,8.5
00-0035161,J.Lovett,QB,,,0.0,,,,,,,,,,,,,,2.0,,,,,,,,,,,,,,1.0,,,,,,,0.0,,,,,,,3.0,,,,,GB,NFC North,outdoor,5.0,1.0,QB,61.61111111111112,80.96528,0.4482570806100218,,0.40396753,0.59603244,1,1.0
00-0035164,C.Thompson,WR,,,,,,0.0,,,,,,,4.0,,,,,,,,,,,,,,,,,,,,,1.0,,,,,,,1.0,,,,,,,0.0,,SEA,NFC West,outdoor,5.0,4.0,WR,57.88235294117647,62.07746,0.4971306582488517,0.6394367682733888,0.35365853,0.64634144,1,1.0
00-0035181,D.Shepherd,WR,,0.0,0.0,,,,,,3.0,3.6,,,,,,,,,,,,,,,,,,,,1.0,6.0,,,,,,2.0,8.0,,,,,,0.0,0.0,,,,,GB,NFC North,outdoor,5.0,1.0,WR,61.61111111111112,80.96528,0.4482570806100218,0.7016393442622951,0.40396753,0.59603244,7,3.5
00-0035184,D.Ozigbo,RB,,0.0,0.0,0.0,0.0,0.0,,,6.666666666666667,4.333333333333333,3.0,7.0,5.0,,,3.0,1.0,-3.0,1.3333333333333333,1.6666666666666667,,,,,,,,,,1.0,4.0,1.0,3.0,1.0,,,5.0,9.0,1.0,1.0,1.0,,,9.0,1.0,1.0,3.0,3.0,,DET,NFC North,indoor,9.0,4.0,RB,65.4,71.383415,0.4974600717479974,0.6759776536312849,0.41590214,0.58409786,10,2.0
00-0035187,A.Walter,RB,,,0.0,1.0,,,,,,33.0,6.5,,,,,,3.0,3.8846153846153846,,,,,,,,,,,,,1.0,4.0,,,,,,1.0,3.0,,,,,,1.0,26.0,,,,NYJ,AFC East,outdoor,6.0,2.0,RB,60.94117647058823,45.408787,0.5025814247267535,0.6275260060508102,0.34362933,0.65637064,5,2.5
00-0035208,O.Zaccheaus,WR,,1.0,1.0,3.0,3.0,2.0,3.0,,21.0,3.15,3.096774193548387,4.825,4.727272727272728,6.153846153846154,,,0.0,2.0,3.5,,8.0,,,,,,,,,4.0,9.0,15.0,16.0,12.0,18.0,,5.0,32.0,53.0,61.0,21.0,74.0,,0.0,1.0,1.0,2.0,0.0,1.0,WAS,NFC East,outdoor,14.0,5.0,WR,65.4,53.9981,0.4818996019460416,0.7281144781144782,0.39831805,0.60168195,74,12.333333333333334
00-0035215,D.Harty,WR,,0.0,1.0,3.0,0.0,1.0,,,5.285714285714286,6.75,6.833333333333333,4.0,6.294117647058823,,,7.75,7.0,8.2,,0.0,,,,,,,,,,9.0,11.0,13.0,2.0,14.0,,,7.0,33.0,59.0,2.0,23.0,,,4.0,7.0,5.0,0.0,4.0,,BUF,AFC East,outdoor,13.0,4.0,WR,65.10526315789474,84.47906,0.4835217558861033,0.6666666666666666,0.40824574,0.59175426,49,9.8
00-0035216,D.Johnson,WR,,5.0,7.0,9.0,0.0,6.0,1.0,,5.169491525423729,4.262626262626263,4.794642857142857,2.744186046511628,5.072727272727272,2.1777777777777776,,10.25,5.0,10.6,3.571428571428572,,3.0,,,,,,,,,16.0,16.0,17.0,17.0,14.0,12.0,,92.0,160.0,179.0,147.0,94.0,22.666666666666668,,4.0,3.0,5.0,7.0,0.0,0.6666666666666666,CAR,NFC South,outdoor,11.0,,,58.05882352941177,64.39622,0.4901164387323556,0.6359375,0.36372846,0.63627154,116,19.33333333333333
00-0035217,B.Snell,RB,,2.0,4.0,0.0,1.0,,,,7.333333333333333,8.363636363636363,8.5,9.0,,,,3.9444444444444446,3.371681415929204,2.973684210526316,4.5,,,,,,,,,,,11.0,16.0,14.0,3.0,,,,4.0,16.0,6.0,2.0,,,,108.0,113.0,38.0,20.0,,,PIT,AFC North,outdoor,9.0,3.0,RB,64.76470588235294,62.6784,0.5080252534450312,0.6399100257069409,0.41689372,0.5831063,44,11.0
00-0035222,Z.Gentry,TE,,0.0,,0.0,0.0,,,,2.0,,6.3478260869565215,5.368421052631579,,,,,,,,,,,,,,,,,,1.0,,11.0,14.0,,,,1.0,,29.0,23.0,,,,0.0,,0.0,0.0,,,PIT,AFC North,outdoor,9.0,3.0,TE,64.76470588235294,62.6784,0.5080252534450312,0.6399100257069409,0.41689372,0.5831063,26,8.666666666666666
00-0035228,K.Murray,QB,,24.0,37.0,29.0,17.0,13.0,26.0,,,,,,,,,5.858695652173913,6.157894736842105,4.766666666666667,6.2388059701492535,5.545454545454546,7.333333333333333,,0.6419294990723562,0.6720430107526881,0.683495145631068,0.6641025641025641,0.6567164179104478,0.6876155268022182,,16.0,16.0,15.0,11.0,8.0,17.0,,0.0,0.0,0.0,0.0,0.0,0.0,,92.0,133.0,90.0,67.0,44.0,78.0,ARI,NFC West,indoor,11.0,5.0,QB,60.64705882352941,72.118904,0.5242244885570327,,0.40543163,0.5945684,83,13.833333333333334
00-0035229,T.Hockenson,TE,,2.0,6.0,4.0,3.0,5.0,1.0,,6.25,4.91044776119403,3.262295081967213,5.940659340659341,3.536842105263158,3.8260869565217392,,,0.0,,,,,,,,,,,,,12.0,16.0,12.0,18.0,15.0,11.0,,59.0,101.0,84.0,70.0,127.0,67.0,,0.0,1.0,0.0,0.0,0.0,0.0,MIN,NFC North,indoor,6.0,5.0,TE,61.11111111111112,38.288708,0.4694033558842641,0.8299145299145299,0.38454545,0.61545455,102,17.0
00-0035232,D.Haskins,QB,,7.0,6.0,,,,,,,,,,,,,5.05,2.3,,,,,,0.5862068965517241,0.6141078838174274,,,,,,9.0,7.0,,,,,,0.0,0.0,,,,,,20.0,20.0,,,,,WAS,NFC East,outdoor,8.0,1.0,QB,65.3529411764706,51.04338,0.4621299500192234,,0.34833482,0.65166515,16,8.0
00-0035243,M.Sanders,RB,,6.0,6.0,0.0,13.0,1.0,3.0,,8.056603773584905,7.535714285714286,8.10344827586207,4.904761904761905,5.851851851851852,6.25,,4.595854922279793,5.286585365853658,5.347222222222222,4.819727891156463,3.3488372093023258,3.727272727272727,,,,,,,,,17.0,12.0,13.0,20.0,16.0,11.0,,68.0,52.0,37.0,28.0,41.0,30.0,,193.0,164.0,144.0,294.0,129.0,55.0,CAR,NFC South,outdoor,11.0,5.0,RB,58.05882352941177,64.39622,0.4901164387323556,0.6359375,0.36372846,0.63627154,89,14.833333333333334
00-0035246,J.Arcega-Whiteside,WR,,1.0,0.0,0.0,,,,,1.6,2.75,14.5,,,,,,,,,,,,,,,,,,,8.0,5.0,3.0,,,,,22.0,8.0,5.0,,,,,0.0,0.0,0.0,,,,PHI,NFC East,outdoor,14.0,2.0,WR,62.77777777777778,68.795845,0.4747181133662042,0.6448245614035089,0.44424778,0.5557522,16,5.333333333333333
00-0035249,J.Oliver,TE,,0.0,,0.0,2.0,2.0,3.0,,1.6666666666666667,,2.7777777777777777,5.625,7.363636363636363,5.913043478260869,,,,,,,,,,,,,,,,3.0,,10.0,13.0,12.0,12.0,,6.0,,15.0,27.0,28.0,29.0,,0.0,,0.0,0.0,0.0,0.0,MIN,NFC North,indoor,6.0,5.0,TE,61.11111111111112,38.288708,0.4694033558842641,0.8299145299145299,0.38454545,0.61545455,50,10.0
00-0035250,D.Singletary,RB,,4.0,2.0,11.0,6.0,6.0,4.0,,7.514285714285714,6.630434782608695,6.382978723404255,7.116279069767442,6.973684210526316,8.476190476190476,,5.079268292682927,4.3604651162790695,4.565420560747664,4.6217616580310885,4.142857142857143,3.8672566371681416,,,,,,1.0,,,13.0,19.0,19.0,18.0,19.0,15.0,,48.0,59.0,59.0,60.0,47.0,24.0,,164.0,172.0,214.0,193.0,238.0,113.0,NYG,NFC East,outdoor,11.0,5.0,RB,61.8235294117647,51.111824,0.5490849384129296,0.6072841901459796,0.36346337,0.63653666,103,17.166666666666668
00-0035251,W.Grier,QB,,0.0,,,,,,,,,,,,,,3.142857142857143,,,,,,,0.5384615384615384,,,,,,,2.0,,,,,,,0.0,,,,,,,7.0,,,,,,CAR,NFC South,outdoor,7.0,0.0,QB,67.0625,42.586494,0.5361492733058135,,0.33271202,0.667288,2,2.0
00-0035259,T.Wesco,TE,,0.0,0.0,0.0,0.0,0.0,,,20.0,0.0,9.666666666666666,6.0,12.0,,,2.0,0.0,,,,,,,,,,,,,3.0,2.0,4.0,4.0,3.0,,,3.0,2.0,5.0,4.0,3.0,,,1.0,1.0,0.0,0.0,0.0,,TEN,AFC South,outdoor,7.0,4.0,TE,57.88235294117647,14.859611,0.5134260102389769,0.6773799374822392,0.41463414,0.58536583,16,3.2
00-0035261,T.Pollard,RB,,3.0,5.0,2.0,12.0,7.0,5.0,,9.0,8.285714285714286,8.658536585365853,8.431818181818182,5.709677419354839,5.390243902439025,,5.290697674418604,4.306930693069307,5.470149253731344,5.168224299065421,3.9737827715355807,4.15,,,,,,,,,14.0,16.0,16.0,18.0,18.0,16.0,,20.0,40.0,48.0,61.0,76.0,57.0,,86.0,101.0,134.0,214.0,267.0,260.0,TEN,AFC South,outdoor,5.0,5.0,RB,60.588235294117645,39.319504,0.5103836581072058,0.6357900565366905,0.40291262,0.5970874,98,16.333333333333332
00-0035264,J.Stidham,QB,,0.0,2.0,,4.0,2.0,0.0,,,,,,,,,-1.0,1.0,,6.0,0.8888888888888888,1.25,,0.5,0.5,,0.6385542168674698,0.6060606060606061,,,3.0,5.0,,3.0,2.0,2.0,,0.0,0.0,,0.0,0.0,0.0,,2.0,7.0,,14.0,9.0,4.0,DEN,AFC West,outdoor,14.0,5.0,QB,60.0,81.61123,0.5030988418759317,,0.37685186,0.62314814,15,3.0
00-0035268,R.Armstead,RB,,2.0,,0.0,,,,,8.0,,6.666666666666667,,,,,3.085714285714286,,5.333333333333333,,,,,,,,,,,,14.0,,2.0,,,,,24.0,,4.0,,,,,35.0,,15.0,,,,JAX,AFC South,outdoor,7.0,2.0,RB,60.23529411764706,73.20424,0.508349593707452,0.798172757475083,0.34570312,0.6542969,16,8.0
00-0035273,Q.Ollison,RB,,4.0,0.0,1.0,,,,,3.0,,1.75,,,,,2.272727272727273,3.0,5.0,,,,,,,,,,,,6.0,1.0,6.0,,,,,2.0,0.0,6.0,,,,,22.0,1.0,21.0,,,,ATL,NFC South,indoor,6.0,2.0,RB,58.70588235294117,58.808945,0.4611323579999595,0.42573051948051943,0.36773548,0.63226455,13,4.333333333333333
00-0035275,J.Scarlett,RB,,0.0,,,,,,,,,,,,,,2.25,,,,,,,,,,,,,,1.0,,,,,,,0.0,,,,,,,4.0,,,,,,CAR,NFC South,outdoor,7.0,0.0,RB,67.0625,42.586494,0.5361492733058135,0.5732970643703393,0.33271202,0.667288,1,1.0
00-0035282,E.Stick,QB,,,0.0,,,4.0,,,,,,,,,,,-2.0,,,5.333333333333333,,,,1.0,,,0.6379310344827587,,,,1.0,,,5.0,,,,0.0,,,0.0,,,,1.0,,,27.0,,LAC,AFC West,outdoor,5.0,4.0,QB,64.47058823529412,61.803616,0.5298216706703321,,0.34762773,0.65237224,6,3.0
00-0035287,K.Johnson,WR,,1.0,0.0,,,,,,2.0476190476190474,3.333333333333333,,,,,,3.0,,,,,,,,,,,,,,10.0,8.0,,,,,,42.0,23.0,,,,,,1.0,0.0,,,,,ARI,NFC West,indoor,8.0,1.0,WR,66.75,75.97468,0.4623578323873409,0.679771505376344,0.39325842,0.60674155,18,9.0
00-0035289,G.Minshew,QB,,21.0,17.0,4.0,4.0,18.0,9.0,,,8.0,,,,,,5.134328358208955,5.275862068965517,2.333333333333333,0.1111111111111111,2.9411764705882355,3.0526315789473686,,0.6063829787234043,0.6605504587155964,0.6833333333333333,0.5789473684210527,0.6224489795918368,0.6633986928104575,,14.0,9.0,3.0,6.0,16.0,10.0,,0.0,1.0,0.0,0.0,0.0,0.0,,67.0,29.0,9.0,9.0,34.0,19.0,LV,AFC West,indoor,10.0,5.0,QB,62.0,51.68756,0.5222465043809061,,0.33301708,0.66698295,58,9.666666666666666
00-0035291,T.Williams,RB,,,0.0,0.0,0.0,0.0,,,,8.2,11.0,4.0,5.0,,,,6.038461538461538,3.4,5.0,4.6,,,,,,,,,,,6.0,2.0,4.0,14.0,,,,5.0,2.0,3.0,9.0,,,,26.0,15.0,6.0,15.0,,CIN,AFC North,outdoor,7.0,4.0,RB,60.70588235294117,50.93355,0.5632717896240024,0.7240656181295452,0.3265504,0.67344964,26,6.5
00-0035297,K.Harmon,WR,,0.0,,,,,,,3.1333333333333333,,,,,,,,,,,,,,1.0,,,,,,,13.0,,,,,,,44.0,,,,,,,0.0,,,,,,WAS,NFC East,outdoor,10.0,0.0,WR,55.1875,33.159893,0.4863314843481252,0.6335489475235391,0.37938845,0.62061155,13,13.0
00-0035298,S.Miller,WR,,1.0,4.0,1.0,0.0,2.0,0.0,,2.769230769230769,3.135135135135135,1.3,1.434782608695652,7.272727272727272,6.6,,8.0,3.8,17.333333333333332,8.0,,,,,,,,,,,9.0,18.0,7.0,11.0,9.0,4.0,,26.0,59.0,16.0,40.0,16.0,9.0,,2.0,5.0,3.0,1.0,0.0,0.0,PIT,AFC North,outdoor,9.0,5.0,WR,61.66666666666666,38.71519,0.5053905187806117,0.7651389593550934,0.43963963,0.5603604,58,9.666666666666666
00-0035308,T.Sweeney,TE,,0.0,,1.0,0.0,,,,4.75,,1.5555555555555556,8.0,,,,,,,,,,,,,,,,,,5.0,,7.0,1.0,,,,13.0,,12.0,1.0,,,,0.0,,0.0,0.0,,,BUF,AFC East,outdoor,7.0,3.0,TE,63.94444444444444,67.04495,0.4973808431754768,0.45690035273368607,0.34578627,0.6542137,13,4.333333333333333
00-0035311,M.Gaskin,RB,,1.0,5.0,7.0,0.0,,0.0,,6.571428571428571,9.46341463414634,5.1020408163265305,5.0,,13.0,,3.6944444444444446,4.112676056338028,3.53757225433526,2.6,,-0.3333333333333333,,,,,,,,,7.0,10.0,17.0,2.0,,2.0,,12.0,47.0,63.0,6.0,,1.0,,36.0,142.0,173.0,10.0,,3.0,MIN,NFC North,indoor,6.0,,,61.11111111111112,38.288708,0.4694033558842641,0.8299145299145299,0.38454545,0.61545455,38,7.6
00-0035313,T.Godwin,WR,,,0.0,,,,,,,1.0,,,,,,,3.0,,,,,,,,,,,,,,2.0,,,,,,,6.0,,,,,,,1.0,,,,,JAX,AFC South,outdoor,8.0,1.0,WR,62.5625,58.80053,0.5273948120915033,0.6087055786712391,0.30669332,0.6933067,2,2.0
00-0035329,D.Parham,TE,,,3.0,3.0,1.0,4.0,,,,5.6,6.9,3.142857142857143,4.666666666666667,,,,,,,,,,,,,,,,,,10.0,12.0,7.0,13.0,,,,20.0,27.0,17.0,41.0,,,,0.0,0.0,0.0,0.0,,LAC,AFC West,outdoor,5.0,4.0,TE,64.47058823529412,61.803616,0.5298216706703321,0.6446234119782215,0.34762773,0.65237224,42,10.5
00-0035341,T.Irwin,WR,,,0.0,0.0,4.0,1.0,0.0,,,1.0,2.5,3.647058823529412,4.4,1.3333333333333333,,,,,11.0,,,,,,,,,,,,1.0,2.0,11.0,10.0,4.0,,,2.0,5.0,27.0,32.0,10.0,,,0.0,0.0,1.0,0.0,0.0,CIN,AFC North,outdoor,12.0,,,62.88235294117647,56.04726,0.466805566395805,0.7055214723926381,0.323667,0.676333,28,5.6
00-0035342,P.Laird,RB,,1.0,0.0,0.0,,,,,7.6521739130434785,4.0,6.666666666666667,,,,,2.7096774193548385,5.538461538461538,4.0,,,,,,,,,,,,8.0,9.0,3.0,,,,,30.0,12.0,3.0,,,,,62.0,13.0,1.0,,,,MIA,AFC East,outdoor,14.0,2.0,RB,63.8235294117647,63.645893,0.4521337946943483,0.6522508591065292,0.3658986,0.6341014,20,6.666666666666667
00-0035345,C.Myarick,TE,,,,1.0,1.0,,,,,,2.6666666666666665,5.428571428571429,,,,,,,,,,,,,,,,,,,,4.0,7.0,,,,,,6.0,8.0,,,,,,0.0,0.0,,,NYG,NFC East,outdoor,9.0,3.0,TE,62.78947368421053,43.14891,0.5340883167671501,0.6638888888888889,0.4056999,0.5943001,11,5.5
00-0035350,P.Williams,WR,,3.0,4.0,0.0,,,,,1.90625,2.333333333333333,6.333333333333333,,,,,,,7.0,,,,,,,,,,,,8.0,8.0,6.0,,,,,60.0,35.0,16.0,,,,,0.0,0.0,1.0,,,,MIA,AFC East,outdoor,14.0,2.0,WR,63.8235294117647,63.645893,0.4521337946943483,0.6522508591065292,0.3658986,0.6341014,22,7.333333333333333
00-0035356,T.Jackson,TE,,,,1.0,,,,,,,2.333333333333333,,,,,,,,,,,,,,,,,,,,,3.0,,,,,,,7.0,,,,,,,0.0,,,,PHI,NFC East,outdoor,14.0,2.0,TE,62.77777777777778,68.795845,0.4747181133662042,0.6448245614035089,0.44424778,0.5557522,3,3.0
00-0035359,D.Sills,WR,,,,0.0,0.0,,,,,,1.0,3.636363636363636,,,,,,,,,,,,,,,,,,,,4.0,7.0,,,,,,6.0,17.0,,,,,,0.0,0.0,,,NYG,NFC East,outdoor,9.0,3.0,WR,62.78947368421053,43.14891,0.5340883167671501,0.6638888888888889,0.4056999,0.5943001,11,5.5
00-0035374,M.Walker,WR,,0.0,,,,,,,3.5,,,,,,,,,,,,,,,,,,,,,2.0,,,,,,,3.0,,,,,,,0.0,,,,,,JAX,AFC South,outdoor,10.0,0.0,WR,63.5,61.131565,0.4841747828517372,0.6322513184215313,0.32086614,0.67913383,2,2.0
00-0035399,S.Morgan,WR,,0.0,,0.0,0.0,,,,3.333333333333333,,10.0,,,,,,,3.0,,,,,,,,,,,,5.0,,3.0,1.0,,,,10.0,,4.0,1.0,,,,0.0,,1.0,0.0,,,CIN,AFC North,outdoor,10.0,3.0,WR,64.15789473684211,55.943726,0.5360454800572122,0.8398601398601399,0.33388022,0.66611975,9,3.0
00-0035401,D.Willis,WR,,0.0,,,,,,,1.7777777777777777,,,,,,,,,,,,,,,,,,,,,7.0,,,,,,,16.0,,,,,,,0.0,,,,,,CIN,AFC North,outdoor,9.0,0.0,WR,64.8125,51.699203,0.5365510513415893,0.5329806687565308,0.3490839,0.6509161,7,7.0
00-0035406,L.Humphrey,WR,,0.0,1.0,2.0,0.0,3.0,1.0,,,5.25,7.769230769230769,7.5,7.615384615384615,6.193548387096774,,,,,,,,,,,,,,,,1.0,3.0,7.0,3.0,11.0,14.0,,1.0,6.0,18.0,4.0,19.0,45.0,,0.0,0.0,0.0,0.0,0.0,0.0,DEN,AFC West,outdoor,14.0,5.0,WR,60.0,81.61123,0.5030988418759317,0.6604414261460102,0.37685186,0.62314814,39,6.5
00-0035414,J.Guyton,WR,,0.0,3.0,3.0,0.0,1.0,,,,6.392857142857143,4.806451612903226,3.5,3.2,,,,0.0,4.857142857142857,,,,,,,,,,,,1.0,16.0,16.0,2.0,7.0,,,2.0,55.0,48.0,4.0,21.0,,,0.0,2.0,7.0,0.0,0.0,,LAC,AFC West,outdoor,5.0,4.0,WR,64.47058823529412,61.803616,0.5298216706703321,0.6446234119782215,0.34762773,0.65237224,42,8.4
00-0035428,D.Helm,TE,,,,0.0,,,,,,,2.0,,,,,,,,,,,,,,,,,,,,,2.0,,,,,,,2.0,,,,,,,0.0,,,,LV,AFC West,indoor,8.0,2.0,TE,63.44444444444444,63.890923,0.5103952692187986,0.5860294117647059,0.34938705,0.65061295,2,2.0
00-0035432,J.Moore,WR,,0.0,,0.0,0.0,,,,3.0,,8.666666666666666,0.0,,,,,,,,,,,,,,,,,,4.0,,1.0,1.0,,,,5.0,,4.0,2.0,,,,0.0,,0.0,0.0,,,LAC,AFC West,outdoor,8.0,3.0,WR,66.94444444444444,70.019165,0.4429566563467492,0.6716082659478886,0.3195021,0.68049794,6,2.0
00-0035448,D.Crockett,RB,,,,0.0,,,,,,,,,,,,,,2.333333333333333,,,,,,,,,,,,,,1.0,,,,,,,0.0,,,,,,,3.0,,,,DEN,AFC West,outdoor,11.0,2.0,RB,60.70588235294117,56.299927,0.4724776184983797,0.42420589603688197,0.41375968,0.5862403,1,1.0
00-0035457,T.Johnson,WR,,,3.0,0.0,0.0,,,,,2.95,4.5,10.0,,,,,5.666666666666667,,,,,,,,,,,,,,11.0,4.0,1.0,,,,,26.0,5.0,1.0,,,,,3.0,0.0,0.0,,,HOU,AFC South,indoor,6.0,,,59.47058823529412,62.593353,0.4687478500171998,0.6331156433452884,0.36597428,0.6340257,16,5.333333333333333
00-0035480,M.Taylor,WR,,,1.0,0.0,,0.0,,,,9.4,4.0,,3.5,,,,9.0,,,,,,,,,,,,,,6.0,1.0,,2.0,,,,6.0,3.0,,4.0,,,,1.0,0.0,,0.0,,NYJ,AFC East,outdoor,7.0,4.0,WR,61.70588235294117,32.38125,0.4925520259703469,0.4465029012263667,0.33746424,0.6625357,9,3.0
00-0035489,W.Hills,RB,,2.0,,,,,,,1.5,,,,,,,2.1,,,,,,,,,,,,,,1.0,,,,,,,2.0,,,,,,,10.0,,,,,,DET,NFC North,indoor,5.0,0.0,RB,63.1875,55.215973,0.4982289516683866,0.5911059197941531,0.36795253,0.6320475,1,1.0
00-0035500,G.Dortch,WR,,,,0.0,2.0,2.0,3.0,,,,10.333333333333334,5.634615384615385,6.333333333333333,7.945945945945946,,,,24.0,6.285714285714286,5.0,6.2,,,,,,,,,,,2.0,11.0,9.0,17.0,,,,3.0,64.0,41.0,50.0,,,,1.0,7.0,1.0,5.0,ARI,NFC West,indoor,11.0,5.0,WR,60.64705882352941,72.118904,0.5242244885570327,0.8438077634011091,0.40543163,0.5945684,39,9.75
00-0035510,J.Smith,WR,,0.0,0.0,0.0,0.0,,,,0.0,2.8823529411764706,1.875,4.625,,,,,,-1.0,,,,,,,,,,,,1.0,8.0,8.0,7.0,,,,2.0,37.0,17.0,11.0,,,,0.0,0.0,1.0,0.0,,,NYJ,AFC East,outdoor,10.0,3.0,WR,62.52941176470589,60.9686,0.5264372002671037,0.5941522177647832,0.35277516,0.64722484,24,6.0
00-0035527,A.Isabella,WR,,1.0,2.0,0.0,0.0,0.0,,,15.555555555555555,3.9047619047619047,7.0,2.5,,,,3.75,-6.0,,1.0,,,,,,,,,,,9.0,11.0,1.0,3.0,1.0,,,13.0,35.0,1.0,2.5,1.0,,,4.0,1.0,0.0,0.5,0.0,,BUF,AFC East,outdoor,13.0,4.0,WR,65.10526315789474,84.47906,0.4835217558861033,0.6666666666666666,0.40824574,0.59175426,28,5.6
00-0035529,H.Butler,WR,,,0.0,,,,,,,,,,,,,,,,,,,,,,,,,,,,1.0,,,,,,,1.0,,,,,,,0.0,,,,,PHI,NFC East,outdoor,9.0,,,67.1875,33.699024,0.5190461601307189,0.503769215439696,0.33302325,0.66697675,1,1.0
00-0035535,D.Slayton,WR,,8.0,3.0,2.0,2.0,4.0,2.0,,4.0,3.18,2.5,6.019607843137255,5.96,3.1794871794871797,,,-0.5,-13.0,3.0,,8.5,,,,,,,,,14.0,16.0,13.0,15.0,17.0,16.0,,84.0,96.0,58.0,84.0,79.0,71.0,,0.0,2.0,1.0,1.0,0.0,2.0,NYG,NFC East,outdoor,11.0,5.0,WR,61.8235294117647,51.111824,0.5490849384129296,0.6072841901459796,0.36346337,0.63653666,91,15.166666666666666
00-0035537,T.Johnson,RB,,0.0,1.0,4.0,1.0,1.0,5.0,,3.875,8.0625,9.823529411764708,6.083333333333333,8.875,8.363636363636363,,4.333333333333333,4.703703703703703,3.901639344262295,5.333333333333333,4.4,5.032786885245901,,,,,,,,,15.0,10.0,15.0,10.0,9.0,20.0,,31.0,10.5,55.0,24.0,10.0,29.0,,63.0,27.0,61.0,30.0,45.0,61.0,BUF,AFC East,outdoor,12.0,5.0,RB,60.1,91.19061,0.4954661162710698,0.5498380675371826,0.44009984,0.55990016,89,14.833333333333334
00-0035539,I.Nauta,TE,,0.0,0.0,,,,,,4.0,0.0,,,,,,,,,,,,,,,,,,,,2.0,2.0,,,,,,3.0,2.0,,,,,,0.0,0.0,,,,,DET,NFC North,indoor,5.0,,,61.375,56.65728,0.4953022875816993,0.6388213530655391,0.34928718,0.65071285,4,2.0
00-0035544,T.Kennedy,WR,,,,1.0,0.0,,0.0,,,,2.833333333333333,9.125,,,,,,,,,,,,,1.0,,,,,,,6.0,5.0,,1.0,,,,10.0,15.0,,1.0,,,,0.0,0.0,,0.0,DET,NFC North,indoor,5.0,5.0,WR,64.66666666666667,66.82518,0.5130747620685701,0.7933218192285549,0.45017183,0.5498282,12,4.0
00-0035547,J.Fortson,TE,,,,2.0,2.0,,0.0,,,,1.8,4.444444444444445,,2.0,,,,,,,,,,,,,,,,,,4.0,10.0,,3.0,,,,5.0,14.0,,3.0,,,,0.0,0.0,,0.0,KC,AFC West,outdoor,6.0,5.0,TE,61.4,56.569695,0.5115963929431422,0.6523858592263792,0.35667753,0.64332247,17,5.666666666666667
00-0035548,V.Bryant,WR,,1.0,,,,,,,0.0,,,,,,,,,,,,,,,,,,,,,1.0,,,,,,,1.0,,,,,,,0.0,,,,,,DAL,NFC East,indoor,8.0,0.0,WR,66.3125,84.14538,0.4613459967320261,0.6510067114093959,0.39585298,0.604147,1,1.0
00-0035551,T.Brooks-James,RB,,0.0,0.0,,,,,,,,,,,,,0.875,1.3333333333333333,,,,,,,,,,,,,3.0,1.0,,,,,,0.0,0.0,,,,,,8.0,3.0,,,,,ATL,NFC South,indoor,10.0,1.0,RB,66.8125,62.227356,0.5462998796009632,0.6501597444089456,0.35734332,0.6426567,4,2.0
00-0035553,C.Jones,TE,,0.0,,,,,,,2.0,,,,,,,,,,,,,,,,,,,,,1.0,,,,,,,1.0,,,,,,,0.0,,,,,,JAX,AFC South,outdoor,10.0,0.0,TE,63.5,61.131565,0.4841747828517372,0.6322513184215313,0.32086614,0.67913383,1,1.0
00-0035562,J.Horsted,TE,,1.0,,2.0,0.0,0.0,,,3.75,,0.0,2.0,2.0,,,,,,,,,,,,,,,,,5.0,,3.0,2.0,1.0,,,10.0,,3.0,4.0,1.0,,,0.0,,0.0,0.0,0.0,,LV,AFC West,indoor,13.0,4.0,TE,58.64705882352941,56.400406,0.4903226925445101,0.6064992917426199,0.39217654,0.6078235,11,2.75
00-0035567,C.Reynolds,RB,,,0.0,0.0,0.0,2.0,0.0,,,2.0,7.857142857142857,12.0,11.8,14.0,,,4.0,4.181818181818182,4.434782608695652,4.285714285714286,4.483870967741935,,,,,,,,,,1.0,5.0,6.0,7.0,7.0,,,1.0,8.0,10.0,5.0,5.0,,,1.0,55.0,23.0,42.0,31.0,DET,NFC North,indoor,5.0,5.0,RB,64.66666666666667,66.82518,0.5130747620685701,0.7933218192285549,0.45017183,0.5498282,26,5.2
00-0035572,P.Hesse,TE,,,,0.0,0.0,,,,,,4.2,4.0,,,,,,,,,,,,,,,,,,,,4.0,9.0,,,,,,6.0,11.0,,,,,,0.0,0.0,,,ATL,NFC South,indoor,14.0,3.0,TE,58.8235294117647,47.362667,0.4559734110362411,0.6240579710144927,0.512,0.488,13,6.5
00-0035577,D.Hodges,QB,,5.0,,,,,,,,,,,,,,3.238095238095238,,,,,,,0.625,,,,,,,8.0,,,,,,,0.0,,,,,,,21.0,,,,,,PIT,AFC North,outdoor,7.0,0.0,QB,57.75,64.751114,0.4857698013415892,,0.3917749,0.6082251,8,8.0
00-0035590,R.Ridley,WR,,0.0,0.0,,,,,,2.5,3.5,,,,,,,,,,,,,,,,,,,,3.0,3.0,,,,,,7.0,6.0,,,,,,0.0,0.0,,,,,CHI,NFC North,outdoor,11.0,1.0,WR,63.70588235294117,68.71866,0.4944252210688197,0.5053825179592051,0.3508772,0.64912283,6,3.0
00-0035592,T.Fulgham,WR,,0.0,4.0,,,,,,,2.631578947368421,,,,,,,,,,,,,,,,,,,,2.0,12.0,,,,,,3.0,67.0,,,,,,0.0,0.0,,,,,PHI,NFC East,outdoor,9.0,1.0,WR,67.1875,33.699024,0.5190461601307189,0.503769215439696,0.33302325,0.66697675,14,7.0
00-0035593,J.Winfree,WR,,,,0.0,0.0,0.0,,,,,3.875,5.0,,,,,,,,,,,,,,,,,,,,5.0,3.0,1.0,,,,,13.0,4.0,1.0,,,,,0.0,0.0,0.0,,IND,AFC South,indoor,11.0,4.0,WR,63.94117647058823,58.91931,0.4824763754831138,0.608843537414966,0.40386385,0.59613615,9,3.0
00-0035594,T.Homer,RB,,0.0,1.0,1.0,1.0,0.0,0.0,,6.714285714285714,10.22222222222222,8.0,8.0625,,3.333333333333333,,4.34375,3.52,8.428571428571429,3.8947368421052633,,3.8333333333333335,,,,,,,,,6.0,9.0,12.0,8.0,1.0,4.0,,17.0,10.0,20.0,18.0,1.0,3.0,,32.0,25.0,21.0,19.0,0.0,6.0,CHI,NFC North,outdoor,7.0,5.0,RB,62.294117647058826,26.427608,0.5368157995912503,0.8122775800711743,0.34844193,0.6515581,40,6.666666666666667
00-0035596,K.Whyte,RB,,0.0,,,,,,,11.0,,,,,,,5.083333333333333,,,,,,,,,,,,,,6.0,,,,,,,1.0,,,,,,,24.0,,,,,,PIT,AFC North,outdoor,7.0,0.0,RB,57.75,64.751114,0.4857698013415892,0.6038080854135796,0.3917749,0.6082251,6,6.0
00-0035597,J.Ursua,WR,,0.0,,,,,,,0.0,,,,,,,,,,,,,,,,,,,,,1.0,,,,,,,1.0,,,,,,,0.0,,,,,,SEA,NFC West,outdoor,11.0,0.0,WR,63.61111111111112,44.799603,0.5306886156021863,0.658578856152513,0.4,0.6,1,1.0
00-0035602,A.Bachman,WR,,,,0.0,,,0.0,,,,,,,3.333333333333333,,,,-3.0,,,,,,,,,,,,,,1.0,,,1.0,,,,0.0,,,3.0,,,,1.0,,,0.0,LV,AFC West,indoor,10.0,5.0,WR,62.0,51.68756,0.5222465043809061,0.6363027515532962,0.33301708,0.66698295,2,1.0
00-0035603,K.Blanton,TE,,,,1.0,0.0,,,,,,6.2727272727272725,11.5,,,,,,,,,,,,,,,,,,,,6.0,2.0,,,,,,14.0,2.0,,,,,,0.0,0.0,,,LA,NFC West,outdoor,7.0,,,58.05882352941177,28.25827,0.5079716303446042,0.6218134141863946,0.3809524,0.61904764,8,4.0
00-0035621,N.Webster,WR,,,,,0.0,,,,,,,2.0,,,,,,,,,,,,,,,,,,,,,1.0,,,,,,,3.0,,,,,,,0.0,,,CHI,NFC North,outdoor,14.0,3.0,WR,57.94117647058823,12.246025,0.554348529917643,0.49767416545718435,0.48324874,0.5167513,1,1.0
00-0035624,N.Harry,TE,,2.0,2.0,,,,,,3.2142857142857144,3.1818181818181817,,,,,,9.333333333333334,0.0,,,,,,,,,,,,,8.0,13.0,,,,,,31.0,57.0,,,,,,6.0,2.0,,,,,CHI,NFC North,outdoor,14.0,3.0,WR,57.94117647058823,12.246025,0.554348529917643,0.49767416545718435,0.48324874,0.5167513,36,9.0
00-0035624,N.Harry,WR,,,,0.0,1.0,,,,,,2.083333333333333,2.2857142857142856,,,,,,,,,,,,,,,,,,,,9.0,6.0,,,,,,22.0,9.0,,,,,,0.0,0.0,,,CHI,NFC North,outdoor,14.0,3.0,WR,57.94117647058823,12.246025,0.554348529917643,0.49767416545718435,0.48324874,0.5167513,36,9.0
00-0035628,D.Johnson,RB,,0.0,0.0,3.0,0.0,0.0,0.0,,7.166666666666667,4.0,7.263157894736842,2.6666666666666665,13.6,8.416666666666666,,5.25,5.03030303030303,5.34,4.25,2.6341463414634148,4.46875,,,,,,,,,3.0,8.0,12.0,3.0,15.0,12.0,,7.0,4.0,25.0,3.0,12.0,19.0,,4.0,33.0,100.0,4.0,41.0,32.0,JAX,AFC South,outdoor,12.0,5.0,RB,58.294117647058826,68.956665,0.4698388127180696,0.6291527792710461,0.38345107,0.61654896,53,8.833333333333334
00-0035631,D.Sample,TE,,0.0,1.0,0.0,0.0,2.0,1.0,,2.6,4.95,6.833333333333333,0.0,7.863636363636363,4.05,,,,,,,-4.0,,,,,,,,,4.0,16.0,9.0,2.0,14.0,11.0,,6.0,53.0,17.0,2.0,27.0,22.0,,0.0,0.0,0.0,0.0,0.0,1.0,CIN,AFC North,outdoor,12.0,5.0,TE,62.88235294117647,56.04726,0.466805566395805,0.7055214723926381,0.323667,0.676333,56,9.333333333333334
00-0035639,P.Campbell,WR,,1.0,0.0,1.0,3.0,0.0,1.0,,5.888888888888889,3.0,1.7,4.380952380952381,3.25,1.5,,8.5,8.0,,11.6,,,,,,,,,,,7.0,2.0,6.0,17.0,8.0,4.0,,24.0,9.0,20.0,91.0,27.0,8.0,,4.0,2.0,0.0,5.0,0.0,0.0,PHI,NFC East,outdoor,5.0,5.0,WR,63.85714285714285,35.011185,0.4905671040345963,0.6468466305366902,0.5152871,0.4847129,44,7.333333333333333
00-0035640,D.Metcalf,WR,,8.0,12.0,12.0,8.0,8.0,5.0,,4.869565217391305,4.352272727272728,4.373333333333333,2.61,5.5606060606060606,3.984848484848485,,5.5,,6.0,,,,,,,,,,,,18.0,17.0,17.0,18.0,16.0,15.0,,114.0,140.0,129.0,154.0,119.0,108.0,,2.0,0.0,1.0,0.0,0.0,0.0,SEA,NFC West,outdoor,10.0,5.0,WR,59.88235294117647,43.293674,0.4867004593375017,0.5306475531389026,0.3388998,0.6611002,101,16.833333333333332
00-0035644,N.Fant,TE,,3.0,3.0,4.0,4.0,0.0,1.0,,8.25,6.080645161290323,4.691176470588236,4.549019607843137,5.53125,5.770833333333333,,-4.0,,,,,,,,,,,,,,16.0,14.0,16.0,18.0,14.0,14.0,,66.0,93.0,90.0,65.0,43.0,64.0,,3.0,0.0,0.0,0.0,0.0,0.0,SEA,NFC West,outdoor,10.0,5.0,TE,59.88235294117647,43.293674,0.4867004593375017,0.5306475531389026,0.3388998,0.6611002,92,15.333333333333334
00-0035645,G.Olszewski,WR,,0.0,1.0,0.0,0.0,0.0,,,8.0,7.0,7.0,2.6,0.0,,,,4.6,9.0,4.875,,,,,,,,,,,2.0,6.0,4.0,10.0,2.0,,,4.0,5.0,3.0,7.0,0.5,,,0.0,5.0,1.0,8.0,0.0,,PIT,AFC North,outdoor,6.0,,,59.44444444444444,61.0524,0.5349711424530825,0.6426515079576585,0.4327103,0.5672897,26,5.2
00-0035652,R.Finley,QB,,2.0,2.0,,,,,,,,,,,,,7.7,6.0,,,,,,0.4712643678160919,0.53125,,,,,,3.0,4.0,,,,,,0.0,0.0,,,,,,10.0,11.0,,,,,CIN,AFC North,outdoor,9.0,1.0,QB,64.375,49.075466,0.5099571078431373,,0.3699029,0.6300971,7,3.5
00-0035657,D.Harris,RB,,0.0,2.0,15.0,3.0,1.0,,,,11.0,7.105263157894737,5.0588235294117645,8.0,,,3.0,5.043795620437956,4.545023696682464,4.358490566037736,4.086956521739131,,,,,,,,,,1.0,10.0,16.0,11.0,6.0,,,0.0,7.0,22.0,23.0,2.0,,,4.0,137.0,211.0,106.0,23.0,,BUF,AFC East,outdoor,13.0,4.0,RB,65.10526315789474,84.47906,0.4835217558861033,0.6666666666666666,0.40824574,0.59175426,44,8.8
00-0035659,T.McLaurin,WR,,7.0,4.0,5.0,5.0,4.0,16.0,,3.7413793103448274,5.236559139784946,3.987012987012987,4.961038961038961,4.430379746835443,4.395833333333333,,,15.0,12.0,4.142857142857143,,1.0,,,,,,,,,14.0,16.0,17.0,17.0,17.0,20.0,,93.0,141.0,130.0,120.0,132.0,140.0,,0.0,2.0,1.0,7.0,0.0,2.0,WAS,NFC East,outdoor,14.0,5.0,WR,65.4,53.9981,0.4818996019460416,0.7281144781144782,0.39831805,0.60168195,101,16.833333333333332
00-0035660,K.Warring,TE,,,0.0,,,,,,,2.6666666666666665,,,,,,,,,,,,,,,,,,,,,4.0,,,,,,,7.0,,,,,,,0.0,,,,,HOU,AFC South,indoor,8.0,1.0,TE,58.25,47.419857,0.5175263910388717,0.8511029411764706,0.2918455,0.7081545,4,4.0
00-0035662,M.Brown,WR,,7.0,8.0,6.0,3.0,4.0,0.0,,4.660377358490566,4.753623188405797,4.263736263736264,3.5223880597014925,3.215686274509804,5.142857142857143,,,6.666666666666667,5.0,1.0,11.5,,,,,,,,,,15.0,18.0,16.0,12.0,13.0,5.0,,82.0,116.0,146.0,107.0,101.0,28.0,,0.0,3.0,1.0,1.0,2.0,0.0,KC,AFC West,outdoor,6.0,5.0,WR,61.4,56.569695,0.5115963929431422,0.6523858592263792,0.35667753,0.64332247,79,13.166666666666666
00-0035664,D.Henderson,RB,,0.0,6.0,8.0,3.0,2.0,,,9.25,9.75,6.25,6.470588235294118,13.4,,,3.769230769230769,4.521739130434782,4.542483660130719,4.042857142857143,2.4347826086956523,,,,,,,,,,7.0,15.0,13.0,10.0,4.0,,,6.0,24.0,45.0,22.0,14.0,,,39.0,138.0,153.0,70.0,46.0,,LA,NFC West,outdoor,10.0,4.0,RB,63.66666666666666,68.289696,0.5285269273401368,0.6040597079173097,0.40837696,0.591623,49,9.8
00-0035671,J.Sternberger,TE,,1.0,1.0,,,,,,2.0,5.5,,,,,,,,,,,,,,,,,,,,3.0,8.0,,,,,,4.0,15.0,,,,,,0.0,0.0,,,,,GB,NFC North,outdoor,5.0,1.0,TE,61.61111111111112,80.96528,0.4482570806100218,0.7016393442622951,0.40396753,0.59603244,11,5.5
00-0035676,A.Brown,WR,,9.0,12.0,6.0,12.0,7.0,9.0,,8.824561403508772,5.9605263157894735,3.676470588235294,5.97029702970297,4.462264150943396,5.075949367088608,,17.25,,5.0,,,,,,,0.0,,,,,19.0,15.0,14.0,20.0,17.0,17.0,,94.0,116.0,114.0,167.0,158.0,120.0,,4.0,0.0,2.0,0.0,0.0,0.0,PHI,NFC East,outdoor,5.0,5.0,WR,63.85714285714285,35.011185,0.4905671040345963,0.6468466305366902,0.5152871,0.4847129,102,17.0
00-0035685,D.Montgomery,RB,,7.0,10.0,7.0,6.0,15.0,13.0,,6.24,7.333333333333333,6.5,8.323529411764707,8.363636363636363,10.13888888888889,,3.673553719008265,4.250965250965251,3.773333333333333,3.985074626865672,4.6434108527131785,4.182291666666667,,,,0.0,,,1.0,,16.0,16.0,13.0,16.0,17.0,15.0,,35.0,69.0,51.0,40.0,31.0,38.0,,242.0,259.0,225.0,201.0,258.0,192.0,DET,NFC North,indoor,5.0,5.0,RB,64.66666666666667,66.82518,0.5130747620685701,0.7933218192285549,0.45017183,0.5498282,93,15.5
00-0035689,D.Knox,TE,,2.0,5.0,11.0,7.0,3.0,1.0,,5.206896551724138,6.029411764705882,5.285714285714286,3.857142857142857,4.208333333333333,4.269230769230769,,9.0,,,,,,,,,,,,,,16.0,14.0,17.0,17.0,12.0,17.0,,52.0,57.0,80.0,77.0,39.0,39.0,,1.0,0.0,0.0,0.0,0.0,0.0,BUF,AFC East,outdoor,12.0,5.0,TE,60.1,91.19061,0.4954661162710698,0.5498380675371826,0.44009984,0.55990016,93,15.5
00-0035700,J.Jacobs,RB,,7.0,12.0,9.0,12.0,6.0,17.0,,9.15,7.212121212121212,7.5344827586206895,7.056603773584905,7.918918918918919,11.205128205128204,,4.75206611570248,3.901098901098901,4.152173913043479,4.8617647058823525,3.4549356223175964,4.420062695924765,,,,,,,,,13.0,15.0,16.0,17.0,13.0,18.0,,27.0,45.0,69.0,64.0,54.0,46.0,,242.0,273.0,230.0,340.0,233.0,319.0,GB,NFC North,outdoor,10.0,5.0,RB,60.05555555555556,77.791176,0.5411923053821919,0.6847808507197153,0.48103607,0.51896393,92,15.333333333333334
00-0035703,M.Boykin,WR,,3.0,4.0,0.0,0.0,0.0,,,0.75,3.863636363636364,0.0,0.0,0.6666666666666666,,,,,,,,,,,,,,,,,13.0,15.0,1.0,3.0,4.0,,,29.0,38.0,1.0,3.0,4.0,,,0.0,0.0,0.0,0.0,0.0,,PIT,AFC North,outdoor,6.0,4.0,WR,59.44444444444444,61.0524,0.5349711424530825,0.6426515079576585,0.4327103,0.5672897,36,7.2
00-0035704,D.Lock,QB,,7.0,19.0,4.0,,3.0,8.0,,,,6.0,,,,,4.0,3.636363636363636,5.3,,2.8,7.388888888888889,,0.6410256410256411,0.5733634311512416,0.6036036036036037,,0.631578947368421,0.5911602209944752,,5.0,13.0,6.0,,4.0,7.0,,0.0,0.0,1.0,,0.0,0.0,,18.0,44.0,10.0,,5.0,18.0,NYG,NFC East,outdoor,11.0,5.0,QB,61.8235294117647,51.111824,0.5490849384129296,,0.36346337,0.63653666,35,7.0
00-0035710,D.Jones,QB,,26.0,12.0,12.0,24.0,3.0,10.0,,,,3.0,,,,,6.2,6.507692307692308,4.806451612903226,5.664335664335664,5.15,3.955223880597015,,0.6187363834422658,0.625,0.6426592797783933,0.6666666666666666,0.675,0.6334310850439883,,13.0,14.0,11.0,18.0,6.0,10.0,,0.0,0.0,1.0,0.0,0.0,0.0,,45.0,65.0,62.0,143.0,40.0,67.0,NYG,NFC East,outdoor,11.0,,,61.8235294117647,51.111824,0.5490849384129296,,0.36346337,0.63653666,72,12.0
00-0035715,D.Gore,RB,,,,2.0,,0.0,,,,,11.25,,,,,,,4.796296296296297,,8.666666666666666,,,,,,,,,,,,9.0,,2.0,,,,,9.0,,0.0,,,,,54.0,,3.0,,WAS,NFC East,outdoor,14.0,4.0,RB,62.35294117647059,35.964767,0.4979744632631174,0.7082978118783745,0.30471697,0.695283,11,5.5
00-0035719,D.Samuel,WR,,6.0,1.0,17.0,6.0,12.0,4.0,,8.223880597014926,12.06060606060606,10.735632183908049,9.391304347826088,8.780821917808218,8.254901960784315,,13.05,3.25,5.837209302325581,4.836363636363636,5.5813953488372094,3.238095238095238,,,,0.5,,0.0,,,18.0,7.0,19.0,16.0,18.0,14.0,,99.0,44.0,135.0,116.0,111.0,81.0,,20.0,8.0,86.0,55.0,43.0,42.0,SF,NFC West,outdoor,9.0,5.0,WR,59.64705882352941,63.015938,0.5505412897873287,0.6356194632790377,0.3964497,0.6035503,92,15.333333333333334
00-0035752,C.Streveler,QB,,,1.0,0.0,0.0,,,,,,,,,,,,3.75,2.0,6.0,,,,,0.6875,0.6666666666666666,0.6666666666666666,,,,,2.0,2.0,1.0,,,,,0.0,0.0,0.0,,,,,4.0,3.0,9.0,,,NYJ,AFC East,outdoor,10.0,2.0,QB,62.52941176470589,60.9686,0.5264372002671037,,0.35277516,0.64722484,5,1.6666666666666667
00-0035760,J.Patrick,RB,,,,0.0,,,,,,,,,,,,,,6.0,,,,,,,,,,,,,,1.0,,,,,,,0.0,,,,,,,2.0,,,,SF,NFC West,outdoor,6.0,,,59.8,64.19551,0.52906162464986,0.622712976890469,0.46237457,0.53762543,1,1.0
00-0035771,M.Wilcox,TE,,,,0.0,1.0,0.0,,,,,2.6666666666666665,4.842105263157895,5.333333333333333,,,,,,,,,,,,,,,,,,,1.0,11.0,9.0,,,,,5.0,22.0,12.0,,,,,0.0,0.0,0.0,,CIN,AFC North,outdoor,7.0,3.0,TE,60.70588235294117,50.93355,0.5632717896240024,0.7240656181295452,0.3265504,0.67344964,21,7.0
00-0035806,J.Hasty,RB,,,1.0,1.0,3.0,0.0,1.0,,,6.714285714285714,5.5,7.0,,7.2,,,3.7948717948717943,4.25,4.6,,3.45,,,,,,,,,,6.0,11.0,15.0,1.0,9.0,,,8.0,32.0,28.0,2.0,12.0,,,39.0,16.0,50.0,0.0,20.0,NE,AFC East,outdoor,14.0,4.0,RB,60.05882352941177,42.244293,0.4656508630283898,0.6714544249430653,0.374143,0.625857,42,8.4
00-0035823,B.Ellefson,TE,,,0.0,0.0,0.0,,,,,3.0,,3.6666666666666665,,,,,,,,,,,,,,,,,,,3.0,1.0,2.0,,,,,4.0,1.0,3.0,,,,,0.0,0.0,0.0,,,MIN,NFC North,indoor,7.0,2.0,TE,65.0,61.266075,0.4668252876199212,0.7535777126099706,0.33846155,0.6615385,6,2.0
00-0035831,J.Robinson,RB,,,10.0,8.0,2.5,0.0,,,,7.816326530612245,7.419354838709677,6.222222222222222,1.0,,,,4.458333333333333,4.676829268292683,3.564282673478076,2.0,,,,,,,,,,,14.0,14.0,11.0,1.0,,,,60.0,46.0,7.0,1.0,,,,240.0,164.0,55.0,1.0,,GB,NFC North,outdoor,6.0,,,60.8421052631579,77.32212,0.4953945751892631,0.8225552050473186,0.40051904,0.599481,51,12.75
00-0035835,N.Cottrell,RB,,,,0.0,,,,,,,,,,,,,,3.0,,,,,,,,,,,,,,1.0,,,,,,,0.0,,,,,,,1.0,,,,JAX,AFC South,outdoor,7.0,1.0,RB,60.23529411764706,73.20424,0.508349593707452,0.798172757475083,0.34570312,0.6542969,1,1.0
00-0035844,K.Merritt,WR,,,,0.0,,,,,,,6.0,,,,,,,,,,,,,,,,,,,,,1.0,,,,,,,3.0,,,,,,,0.0,,,,MIA,AFC East,outdoor,14.0,1.0,WR,63.8235294117647,63.645893,0.4521337946943483,0.6522508591065292,0.3658986,0.6341014,1,1.0
00-0035848,D.Harris,WR,,,0.0,,,,,,,6.3,,,,,,,7.666666666666667,,,,,,,,,,,,,,6.0,,,,,,,10.0,,,,,,,6.0,,,,,IND,AFC South,indoor,7.0,0.0,WR,64.0,86.04723,0.4483042959185738,0.4611629881154499,0.42922795,0.57077205,6,6.0
00-0035860,T.Jones,RB,,,0.0,0.0,0.0,1.0,1.0,,,,5.6,6.833333333333334,6.416666666666666,,,,4.333333333333333,2.6296296296296298,3.0,4.166666666666666,13.75,,,,,,,,,,1.0,10.0,3.0,6.0,1.0,,,0.0,8.0,4.0,5.0,0.0,,,3.0,54.0,5.0,13.0,4.0,ARI,NFC West,indoor,11.0,4.0,RB,60.64705882352941,72.118904,0.5242244885570327,0.8438077634011091,0.40543163,0.5945684,30,6.0
00-0035864,K.Hinton,WR,,,0.0,1.0,0.0,,,,,,3.8,5.791666666666667,,,,,3.5,,6.5,,,,,0.1111111111111111,1.0,,,,,,1.0,10.0,11.0,,,,,0.0,23.0,33.0,,,,,2.0,0.0,2.0,,,DEN,AFC West,outdoor,9.0,2.0,WR,62.94117647058823,29.676945,0.4720785527833424,0.603413796348579,0.38037384,0.61962616,22,7.333333333333333
00-0035869,A.Mack,WR,,,0.0,,,,,,,5.285714285714286,,,,,,,,,,,,,,,,,,,,,5.0,,,,,,,11.0,,,,,,,0.0,,,,,NYG,NFC East,outdoor,11.0,0.0,WR,59.375,39.797707,0.4859579248366013,0.615530303030303,0.3736842,0.6263158,5,5.0
00-0035876,A.Baccellia,WR,,,,,0.0,,,,,,,1.5714285714285714,,,,,,,,,,,,,,,,,,,,,5.0,,,,,,,10.0,,,,,,,0.0,,,ARI,NFC West,indoor,13.0,2.0,WR,67.17647058823529,60.92949,0.5184352172241445,0.6358154586031611,0.34063047,0.6593695,5,5.0
00-0035883,M.Ffrench,WR,,,,0.0,,,,,,,,,,,,,,3.0,,,,,,,,,,,,,,1.0,,,,,,,0.0,,,,,,,1.0,,,,LAC,AFC West,outdoor,7.0,1.0,WR,66.05882352941177,79.022446,0.4982369418355578,0.6592261904761905,0.33392698,0.666073,1,1.0
00-0035891,C.White,WR,,,,0.0,0.0,,0.0,,,,2.8,2.0,,6.5,,,,,,,,,,,,,,,,,,3.0,1.0,,1.0,,,,6.0,1.0,,3.0,,,,0.0,0.0,,0.0,SEA,NFC West,outdoor,10.0,4.0,WR,59.88235294117647,43.293674,0.4867004593375017,0.5306475531389026,0.3388998,0.6611002,5,1.6666666666666667
00-0035898,D.Bradwell,RB,,,,0.0,,,,,,,,,,,,,,,,,,,,,,,,,,,,1.0,,,,,,,1.0,,,,,,,0.0,,,,LAC,AFC West,outdoor,7.0,1.0,RB,66.05882352941177,79.022446,0.4982369418355578,0.6592261904761905,0.33392698,0.666073,1,1.0
00-0035912,L.Bellamy,RB,,,0.0,,,,,,,5.0,,,,,,,2.75,,,,,,,,,,,,,,2.0,,,,,,,1.0,,,,,,,4.0,,,,,DEN,AFC West,outdoor,5.0,0.0,RB,63.8125,69.34818,0.5577404755761954,0.5984128103837473,0.39666992,0.6033301,2,2.0
00-0035924,J.Ward,RB,,,1.0,0.0,0.0,0.0,0.0,,,15.0,8.666666666666666,2.0,,,,,,3.6666666666666665,5.0,3.6666666666666665,4.4,,,,,,,,,,1.0,6.0,2.0,1.0,2.0,,,1.0,4.0,3.0,0.0,0.0,,,0.0,9.0,5.0,3.0,5.0,PIT,AFC North,outdoor,9.0,4.0,RB,61.66666666666666,38.71519,0.5053905187806117,0.7651389593550934,0.43963963,0.5603604,12,2.4
00-0035934,T.Jackson,WR,,,,,,0.0,,,,,,,3.5,,,,,,,,,,,,,,,,,,,,,2.0,,,,,,,4.0,,,,,,,0.0,,MIN,NFC North,indoor,13.0,3.0,WR,62.52941176470589,56.138897,0.5089060598439582,0.6623371276453089,0.33301976,0.66698027,2,2.0
00-0035939,B.Perkins,QB,,,,,1.0,,,,,,,,,,,,,,4.7368421052631575,,,,,,,0.5588235294117647,,,,,,,5.0,,,,,,,0.0,,,,,,,19.0,,,LA,NFC West,outdoor,7.0,2.0,QB,58.05882352941177,28.25827,0.5079716303446042,,0.3809524,0.61904764,5,5.0
00-0035956,G.Ricci,TE,,,,0.0,0.0,0.0,,,,,,6.5,3.0,,,,,,,,,,,,,,,,,,,2.0,6.0,1.0,,,,,2.0,9.0,1.0,,,,,0.0,0.0,0.0,,CAR,NFC South,outdoor,7.0,3.0,TE,64.3529411764706,29.54271,0.5166312551852527,0.5919649283517634,0.37568554,0.6243144,9,3.0
00-0035957,R.Smith,RB,,,1.0,0.0,,,,,,5.111111111111111,6.4,,,,,,3.804878048780488,,,,,,,,,,,,,,7.0,1.0,,,,,,11.0,5.0,,,,,,41.0,0.0,,,,CAR,NFC South,outdoor,13.0,,,64.6470588235294,47.072536,0.4963880288957688,0.5638652535204259,0.37852594,0.6214741,8,4.0
00-0035973,P.Taylor,RB,,,,1.0,0.0,0.0,1.0,,,,2.5,17.0,5.363636363636363,6.333333333333333,,,,3.869565217391304,3.1,4.2,4.6923076923076925,,,,,,,,,,,4.0,4.0,11.0,5.0,,,,2.0,1.0,17.0,11.0,,,,23.0,10.0,35.0,39.0,SF,NFC West,outdoor,9.0,4.0,RB,59.64705882352941,63.015938,0.5505412897873287,0.6356194632790377,0.3964497,0.6035503,24,6.0
00-0035976,D.Chisena,WR,,,,,,,0.0,,,,,,,3.0,,,,,,,,,,,,,,,,,,,,,3.0,,,,,,,4.0,,,,,,,0.0,CAR,NFC South,outdoor,11.0,4.0,WR,58.05882352941177,64.39622,0.4901164387323556,0.6359375,0.36372846,0.63627154,3,3.0
00-0035993,T.Huntley,QB,,,0.0,5.0,5.0,3.0,5.0,,,,,,,,,,4.230769230769231,6.25531914893617,3.673076923076923,3.6666666666666665,5.1923076923076925,,,0.5,0.648936170212766,0.6524822695035462,0.5675675675675675,0.6466165413533834,,,3.0,7.0,6.0,5.0,5.0,,,0.0,0.0,0.0,0.0,0.0,,,13.0,47.0,52.0,15.0,26.0,MIA,AFC East,outdoor,6.0,4.0,QB,63.294117647058826,57.18794,0.4137477488415387,,0.3866171,0.6133829,26,5.2
00-0036000,A.Killins,RB,,,0.0,,,,,,,6.0,,,,,,,-12.0,,,,,,,,,,,,,,1.0,,,,,,,1.0,,,,,,,1.0,,,,,PHI,NFC East,outdoor,9.0,0.0,RB,67.1875,33.699024,0.5190461601307189,0.503769215439696,0.33302325,0.66697675,1,1.0
00-0036005,N.Togiai,TE,,,0.0,,0.0,,,,,,,,,,,,,,,,,,,,,,,,,,1.0,,1.0,,,,,1.0,,1.0,,,,,0.0,,0.0,,,PHI,NFC East,outdoor,7.0,2.0,TE,65.7,55.79249,0.4956776745786033,0.6221976330222265,0.4520548,0.5479452,2,1.0
00-0036008,H.Bryant,TE,,,0.0,,,,,,,12.0,,,,,,,,,,,,,,,,,,,,,2.0,,,,,,,3.0,,,,,,,0.0,,,,,DET,NFC North,indoor,5.0,0.0,TE,61.375,56.65728,0.4953022875816993,0.6388213530655391,0.34928718,0.65071285,2,2.0
00-0036020,S.Ahmed,RB,,,3.0,0.0,1.0,2.0,,,,6.454545454545454,10.25,9.75,6.8125,,,,4.253333333333333,2.759259259259259,3.941176470588236,2.772727272727273,,,,,,,,,,,6.0,11.0,7.0,7.0,,,,14.0,19.0,6.0,23.0,,,,75.0,54.0,17.0,22.0,,MIA,AFC East,outdoor,10.0,3.0,RB,60.833333333333336,70.93205,0.4608102500259363,0.7572342793544797,0.4,0.6,31,7.75
00-0036032,S.McKeon,TE,,,,1.0,0.0,0.0,,,,,2.5,3.5,,,,,,,,,,,,,,,,,,,,4.0,2.0,2.0,,,,,6.0,3.0,2.0,,,,,0.0,0.0,0.0,,DAL,NFC East,indoor,7.0,3.0,TE,66.38888888888889,63.447044,0.4414879792072774,0.7219230769230769,0.36903766,0.6309624,8,2.6666666666666665
00-0036040,J.Johnson,TE,,,0.0,4.0,7.0,4.0,3.0,,,5.0,3.230769230769231,3.952380952380953,3.918918918918919,4.24,,,,,,,,,,,,,,,,,5.0,12.0,16.0,13.0,15.0,,,10.0,22.0,65.0,59.0,66.0,,,0.0,0.0,0.0,0.0,0.0,NO,NFC South,indoor,12.0,4.0,TE,60.35294117647059,62.051647,0.4943759340681577,0.5697110849912208,0.39766082,0.6023392,61,12.2
00-0036059,T.Mabry,TE,,,,,1.0,,,,,,,1.0,,,,,,,,,,,,,,,,,,,,,1.0,,,,,,,1.0,,,,,,,0.0,,,SEA,NFC West,outdoor,11.0,2.0,TE,60.94444444444444,52.258717,0.4727038183694529,0.6985172981878089,0.36645398,0.63354605,1,1.0
00-0036069,S.Phillips,RB,,,0.0,0.0,,,,,,4.0,3.5,,,,,,4.5,2.1666666666666665,,,,,,,,,,,,,1.0,2.0,,,,,,1.0,3.0,,,,,,2.0,6.0,,,,HOU,AFC South,indoor,10.0,1.0,RB,59.1764705882353,51.084877,0.4926962735558619,0.6370896785109983,0.39065605,0.60934395,3,1.5
00-0036080,E.Winston,WR,,,,0.0,,,,,,,9.0,,,,,,,,,,,,,,,,,,,,,1.0,,,,,,,1.0,,,,,,,0.0,,,,NO,NFC South,indoor,6.0,1.0,WR,61.1764705882353,58.540142,0.4971569639207592,0.5866549372866078,0.44134617,0.55865383,1,1.0
00-0036096,J.Taylor,RB,,,0.0,2.0,0.0,,0.0,,,8.0,2.5,5.0,,0.5,,,4.782608695652174,1.947368421052632,0.9,,4.4,,,,,,,,,,5.0,5.0,1.0,,3.0,,,2.0,4.0,1.0,,3.0,,,23.0,19.0,10.0,,10.0,HOU,AFC South,indoor,14.0,4.0,RB,62.0,36.51212,0.4967437944706969,0.5956529885703579,0.37011886,0.62988114,14,3.5
00-0036100,I.Zuber,WR,,,0.0,,,,,,,15.0,,,,,,,10.5,,,,,,,,,,,,,,4.0,,,,,,,2.0,,,,,,,2.0,,,,,NE,AFC East,outdoor,5.0,0.0,WR,60.5,48.901985,0.5174820476436188,0.5942028985507246,0.48347107,0.5165289,4,4.0
00-0036110,J.Bradley,WR,,,0.0,0.0,,,,,,2.2,4.0,,,,,,,,,,,,,,,,,,,,1.0,2.0,,,,,,11.0,4.0,,,,,,0.0,0.0,,,,CLE,AFC North,outdoor,13.0,1.0,WR,61.35294117647059,41.977657,0.5000109847860713,0.6415692007797271,0.42473635,0.5752637,3,1.5
00-0036133,J.Proche,WR,,,0.0,0.0,0.0,0.0,0.0,,,8.0,3.4375,2.0,,1.3333333333333333,,,,,,,,,,,,0.0,,,,,3.0,7.0,7.0,2.0,2.0,,,3.0,20.0,17.0,5.0,3.0,,,0.0,0.0,0.0,0.0,0.0,CLE,AFC North,outdoor,10.0,4.0,WR,65.94117647058823,38.249825,0.5256290958075697,0.5697059826365458,0.3131133,0.6868867,21,4.2
00-0036139,R.Dowdle,RB,,,0.0,,,4.0,5.0,,,,,,9.63157894736842,6.974358974358975,,,3.4285714285714284,,,4.087912087912088,4.591489361702128,,,,,,,,,,2.0,,,17.0,16.0,,,0.0,,,25.0,49.0,,,7.0,,,91.0,235.0,DAL,NFC East,indoor,7.0,4.0,RB,64.41176470588235,66.249146,0.5172044875741835,0.6212507005189932,0.37260273,0.62739724,35,11.666666666666666
00-0036142,I.Wright,WR,,,0.0,,,,,,,5.296296296296297,,,,,,,5.333333333333333,,,,,,,0.0,,,,,,,12.0,,,,,,,36.0,,,,,,,3.0,,,,,WAS,NFC East,outdoor,8.0,0.0,WR,65.3529411764706,51.04338,0.4621299500192234,0.6434010815181226,0.34833482,0.65166515,12,12.0
00-0036145,L.Cager,TE,,,0.0,,0.5,1.0,,,,7.0,,5.333333333333333,6.75,,,,,,,,,,,,,,,,,,2.0,,8.0,3.0,,,,6.0,,11.0,5.0,,,,0.0,,0.0,0.0,,NYG,NFC East,outdoor,13.0,3.0,TE,61.70588235294117,0.0,0.4977923470729881,0.6532979608822306,0.36320305,0.63679695,21,7.0
00-0036158,J.Dobbins,RB,,,10.0,,4.0,1.0,9.0,,,6.818181818181818,,7.090909090909091,7.5,6.375,,,5.816993464052287,,5.542857142857143,2.75,4.563725490196078,,,,,,,,,,17.0,,9.0,1.0,14.0,,,30.0,,13.0,3.0,39.0,,,153.0,,105.0,8.0,204.0,LAC,AFC West,outdoor,5.0,4.0,RB,58.44444444444444,46.232723,0.4612792875434774,0.6227611940298508,0.40779468,0.59220535,41,10.25
00-0036165,I.Hodgins,WR,,,,,2.5,3.0,0.0,,,,,3.613095238095238,3.571428571428572,0.5,,,,,,,,,,,,,,,,,,,11.0,14.0,2.0,,,,,29.5,33.0,2.0,,,,,0.0,0.0,0.0,NYG,NFC East,outdoor,11.0,4.0,WR,61.8235294117647,51.111824,0.5490849384129296,0.6072841901459796,0.36346337,0.63653666,38,12.666666666666666
00-0036173,T.Hudson,TE,,,,0.0,,,,,,,8.0,,,,,,,,,,,,,,,,,,,,,4.0,,,,,,,6.0,,,,,,,0.0,,,,TEN,AFC South,outdoor,13.0,1.0,TE,65.11111111111111,46.797688,0.4759685160613953,0.6702702702702703,0.4641638,0.53583616,4,4.0
00-0036176,M.Kinsey,WR,,,,,0.0,0.0,0.0,,,,,0.0,8.0,0.0,,,,,,,,,,,,,,,,,,,1.0,1.0,2.0,,,,,1.0,1.0,2.0,,,,,0.0,0.0,0.0,TEN,AFC South,outdoor,5.0,4.0,WR,60.588235294117645,39.319504,0.5103836581072058,0.6357900565366905,0.40291262,0.5970874,4,1.3333333333333333
00-0036182,N.Westbrook-Ikhine,WR,,,0.0,4.0,3.0,3.0,9.0,,,1.4,3.789473684210526,4.28,3.821428571428572,3.875,,,,,,,,,,,,,,,,,9.0,16.0,15.0,13.0,13.0,,,10.0,58.0,50.0,45.0,60.0,,,0.0,0.0,0.0,0.0,0.0,TEN,AFC South,outdoor,5.0,4.0,WR,60.588235294117645,39.319504,0.5103836581072058,0.6357900565366905,0.40291262,0.5970874,66,13.2
00-0036183,K.Wilkerson,WR,,,,2.0,,,1.0,,,,1.25,,,5.5,,,,,,,,,,,,,,,,,,1.0,,,1.0,,,,8.0,,,3.0,,,,0.0,,,0.0,LV,AFC West,indoor,10.0,4.0,WR,62.0,51.68756,0.5222465043809061,0.6363027515532962,0.33301708,0.66698295,2,1.0
00-0036188,A.Williams,RB,,,2.0,,,,,,,16.0,,,,,,,5.25,,,,,,,,,,,,,,1.0,,,,,,,1.0,,,,,,,12.0,,,,,BUF,AFC East,outdoor,11.0,0.0,RB,62.47368421052632,76.44005,0.5351510872123549,0.6036677676851088,0.33361414,0.6663858,1,1.0
00-0036194,D.Asiasi,TE,,,1.0,,0.0,,,,,3.0,,0.0,,,,,,,,,,,,,,,,,,,4.0,,3.0,,,,,7.0,,4.0,,,,,0.0,,0.0,,,CIN,AFC North,outdoor,10.0,2.0,TE,64.15789473684211,55.943726,0.5360454800572122,0.8398601398601399,0.33388022,0.66611975,7,3.5
00-0036196,G.Davis,WR,,,7.0,11.0,8.0,7.0,2.0,,,3.358974358974359,3.8666666666666663,2.6607142857142856,4.0,1.95,,,0.0,,,-2.0,,,,,,,,,,,19.0,17.0,17.0,16.0,9.0,,,73.0,76.0,106.0,81.0,42.0,,,1.0,0.0,0.0,1.0,0.0,JAX,AFC South,outdoor,12.0,4.0,WR,58.294117647058826,68.956665,0.4698388127180696,0.6291527792710461,0.38345107,0.61654896,78,15.6
00-0036197,J.Fromm,QB,,,,1.0,,,,,,,,,,,,,,8.125,,,,,,,0.45,,,,,,,3.0,,,,,,,0.0,,,,,,,8.0,,,,NYG,NFC East,outdoor,10.0,1.0,QB,61.294117647058826,64.325325,0.5276463939548988,,0.3637236,0.63627636,3,3.0
00-0036208,A.Pierce,RB,,,1.0,,,,,,,,,,,,,,5.666666666666667,,,,,,,,,,,,,,3.0,,,,,,,0.0,,,,,,,6.0,,,,,CHI,NFC North,outdoor,11.0,0.0,RB,63.70588235294117,68.71866,0.4944252210688197,0.5053825179592051,0.3508772,0.64912283,3,3.0
00-0036212,T.Tagovailoa,QB,,,14.0,19.0,25.0,30.0,19.0,,,,,,,,,,3.0277777777777777,3.0476190476190474,2.9166666666666665,2.6052631578947367,2.8823529411764706,,,0.6413793103448275,0.6778350515463918,0.6475,0.6811352253756261,0.7293233082706767,,,10.0,13.0,13.0,18.0,11.0,,,0.0,0.0,0.0,0.0,0.0,,,36.0,42.0,24.0,38.0,17.0,MIA,AFC East,outdoor,6.0,4.0,QB,63.294117647058826,57.18794,0.4137477488415387,,0.3866171,0.6133829,65,13.0
00-0036219,M.Callaway,WR,,,0.0,6.0,1.0,,,,,2.761904761904762,3.130434782608696,2.1875,,,,,,,,,,,,,,,,,,,7.0,17.0,10.0,,,,,29.0,84.0,32.0,,,,,0.0,0.0,0.0,,,NO,NFC South,indoor,14.0,2.0,WR,59.11764705882353,55.139317,0.4955351180719965,0.6618866005593694,0.43880597,0.561194,34,11.333333333333334
00-0036223,J.Taylor,RB,,,13.0,20.0,4.0,8.0,12.0,,,9.894736842105264,10.15,7.428571428571429,9.157894736842104,8.333333333333334,,,4.928853754940712,5.454819277108434,4.484375,4.384615384615385,4.7227722772277225,,,,,,,,,,16.0,17.0,11.0,10.0,14.0,,,43.0,51.0,40.0,23.0,31.0,,,253.0,332.0,192.0,169.0,303.0,IND,AFC South,indoor,14.0,4.0,RB,60.8235294117647,65.39625,0.4432556304255448,0.56524926686217,0.44970986,0.5502901,68,13.6
00-0036225,D.Keene,TE,,,0.0,,,,,,,0.3333333333333333,,,,,,,,,,,,,,,,,,,,,3.0,,,,,,,5.0,,,,,,,0.0,,,,,NE,AFC East,outdoor,5.0,0.0,TE,60.5,48.901985,0.5174820476436188,0.5942028985507246,0.48347107,0.5165289,3,3.0
00-0036226,J.Eason,QB,,,,0.0,0.0,,,,,,,,,,,,,,,,,,,,0.4,0.6,,,,,,1.0,1.0,,,,,,0.0,0.0,,,,,,0.0,0.0,,,CAR,NFC South,outdoor,13.0,,,57.11764705882353,52.180767,0.4646340476335013,,0.47476828,0.5252317,2,1.0
00-0036228,D.Patmon,WR,,,,1.0,0.0,,,,,,1.5,3.5,,,,,,,,,,,,,,,,,,,,4.0,1.0,,,,,,4.0,6.0,,,,,,0.0,0.0,,,IND,AFC South,indoor,14.0,,,64.70588235294117,36.989517,0.4991207835043202,0.6330611524121114,0.37363636,0.62636364,5,2.5
00-0036232,H.Bryant,TE,,,3.0,3.0,1.0,3.0,0.0,,,4.875,3.761904761904762,3.645161290322581,4.176470588235294,7.888888888888889,,,,,8.0,1.6,,,,,,,,,,,13.0,13.0,14.0,14.0,5.0,,,39.0,28.0,42.0,26.0,12.0,,,0.0,0.0,1.0,5.0,0.0,LV,AFC West,indoor,10.0,4.0,TE,62.0,51.68756,0.5222465043809061,0.6363027515532962,0.33301708,0.66698295,59,11.8
00-0036233,D.Peoples-Jones,WR,,,2.0,3.0,3.0,0.0,,,,4.9375,4.294117647058823,3.1311475409836067,2.675,,,,,,2.0,,,,,,,,,,,,9.0,13.0,17.0,12.0,,,,23.0,58.0,96.0,12.5,,,,0.0,0.0,1.0,0.0,,CLE,AFC North,outdoor,5.0,,,69.5,56.85959,0.5293142988189428,0.5528471719840141,0.40207833,0.59792167,63,15.75
00-0036244,C.Parkinson,TE,,,0.0,0.0,2.0,2.0,2.0,,,2.5,4.0,5.535714285714286,3.44,4.941176470588236,,,,,,,,,,,,,,,,,1.0,5.0,15.0,14.0,17.0,,,2.0,8.0,40.0,34.0,53.0,,,0.0,0.0,0.0,0.0,0.0,LA,NFC West,outdoor,6.0,4.0,TE,60.36842105263158,65.3435,0.5321760283060593,0.6566492450638792,0.4115083,0.58849174,52,10.4
00-0036245,M.Perry,RB,,,1.0,,,,,,,3.6666666666666665,,,,,,,1.6666666666666667,,,,,,,,,,,,,,8.0,,,,,,,13.0,,,,,,,3.0,,,,,MIA,AFC East,outdoor,7.0,0.0,RB,63.0625,67.24978,0.4562841309769522,0.6633862843858969,0.3776016,0.62239844,8,8.0
00-0036247,F.Swain,WR,,,2.0,4.0,0.0,,,,,7.214285714285714,8.24,6.75,,,,,,6.4,,,,,,,,,,,,,13.0,16.0,3.0,,,,,22.0,40.0,6.0,,,,,0.0,5.0,0.0,,,DEN,AFC West,outdoor,9.0,2.0,WR,62.94117647058823,29.676945,0.4720785527833424,0.603413796348579,0.38037384,0.61962616,32,10.666666666666666
00-0036250,T.Davis,TE,,,0.0,0.0,0.0,,,,,,3.25,6.75,,,,,,,,,,,,,,,,,,,1.0,4.0,5.0,,,,,2.0,5.0,7.0,,,,,0.0,0.0,0.0,,,GB,NFC North,outdoor,14.0,2.0,TE,60.94117647058823,68.71866,0.5086930128088387,0.6562115621156211,0.41312742,0.5868726,10,3.333333333333333
00-0036251,Z.Moss,RB,,,5.0,5.0,0.5,7.0,3.0,,,5.833333333333333,8.695652173913043,3.6964285714285716,7.0,8.434782608695652,,,4.218487394957983,3.556701030927835,5.0777863777089784,4.33879781420765,3.27027027027027,,,,,,,,,,14.0,14.0,13.0,14.0,8.0,,,22.0,32.0,6.5,37.0,27.0,,,119.0,97.0,46.5,183.0,74.0,CIN,AFC North,outdoor,12.0,4.0,RB,62.88235294117647,56.04726,0.466805566395805,0.7055214723926381,0.323667,0.676333,76,15.2
00-0036252,M.Pittman,WR,,,1.0,6.0,4.0,4.0,3.0,,,7.711111111111111,3.954545454545455,3.474747474747475,4.706422018348624,3.753623188405797,,,9.25,8.8,10.0,,,,,,,,,,,,14.0,17.0,16.0,16.0,16.0,,,71.0,129.0,141.0,156.0,111.0,,,4.0,5.0,3.0,0.0,0.0,IND,AFC South,indoor,14.0,4.0,WR,60.8235294117647,65.39625,0.4432556304255448,0.56524926686217,0.44970986,0.5502901,79,15.8
00-0036254,C.Johnson,WR,,,2.0,0.0,,0.0,0.0,,,3.611111111111111,1.6363636363636365,,4.0,3.0,,,,,,,,,,,,,,,,,10.0,7.0,,1.0,2.0,,,31.0,21.0,,1.0,2.0,,,0.0,0.0,,0.0,0.0,CHI,NFC North,outdoor,7.0,4.0,WR,62.294117647058826,26.427608,0.5368157995912503,0.8122775800711743,0.34844193,0.6515581,20,5.0
00-0036255,D.Mims,WR,,,0.0,0.0,0.0,,,,,4.608695652173913,6.125,6.818181818181818,,,,,,,,,,,,,,,,,,,9.0,10.0,9.0,,,,,44.0,23.0,25.0,,,,,0.0,0.0,0.0,,,NYJ,AFC East,outdoor,10.0,2.0,WR,62.52941176470589,60.9686,0.5264372002671037,0.5941522177647832,0.35277516,0.64722484,28,9.333333333333334
00-0036259,J.Jennings,WR,,,,5.0,1.0,3.0,6.0,,,,3.933333333333333,4.897435897435898,4.413793103448276,3.090909090909091,,,,,,-1.0,,,,,,,1.0,,,,,16.0,18.0,15.0,15.0,,,,47.0,63.0,46.0,113.0,,,,0.0,0.0,1.0,0.0,SF,NFC West,outdoor,9.0,4.0,WR,59.64705882352941,63.015938,0.5505412897873287,0.6356194632790377,0.3964497,0.6035503,64,16.0
00-0036261,B.Aiyuk,WR,,,7.0,5.0,8.0,8.0,0.0,,,4.816666666666666,5.953846153846154,4.75,4.630952380952381,4.28,,,12.833333333333334,3.4,11.5,,,,,,,,,,,,12.0,19.0,20.0,19.0,7.0,,,96.0,99.0,124.0,125.0,47.0,,,6.0,5.0,2.0,0.0,0.0,SF,NFC West,outdoor,9.0,4.0,WR,59.64705882352941,63.015938,0.5505412897873287,0.6356194632790377,0.3964497,0.6035503,77,15.4
00-0036264,J.Love,QB,,,,2.0,1.0,41.0,26.0,,,,,,,,,,,2.25,-1.0,4.446428571428571,3.4444444444444446,,,,0.5806451612903226,0.6666666666666666,0.6451104100946372,0.62882096069869,,,,6.0,4.0,19.0,16.0,,,,0.0,0.0,0.0,0.0,,,,12.0,1.0,56.0,27.0,GB,NFC North,outdoor,10.0,4.0,QB,60.05555555555556,77.791176,0.5411923053821919,,0.48103607,0.51896393,45,11.25
00-0036265,A.Dillon,RB,,,2.0,8.0,7.0,2.0,,,,9.0,9.117647058823527,7.25,10.5,,,,5.2,4.268041237113402,4.139784946236559,3.443820224719101,,,,,,,,,,,11.0,18.0,17.0,15.0,,,,3.0,37.0,43.0,28.0,,,,55.0,194.0,186.0,178.0,,GB,NFC North,outdoor,6.0,3.0,RB,60.8421052631579,77.32212,0.4953945751892631,0.8225552050473186,0.40051904,0.599481,61,15.25
00-0036268,L.Shenault,WR,,,5.0,0.0,2.0,0.0,0.0,,,5.137931034482759,6.238095238095238,12.22222222222222,8.5,9.2,,,5.055555555555555,3.727272727272727,7.222222222222222,4.583333333333333,1.0,,,,,,,,,,14.0,16.0,13.0,8.0,6.0,,,79.0,100.0,32.0,10.0,5.0,,,18.0,11.0,9.0,12.0,1.0,SEA,NFC West,outdoor,10.0,,,59.88235294117647,43.293674,0.4867004593375017,0.5306475531389026,0.3388998,0.6611002,57,11.4
00-0036269,L.Perine,RB,,,2.0,0.0,,0.0,,,,6.090909090909091,,,10.666666666666666,,,,3.625,3.875,,3.5,,,,,,,,,,,9.0,2.0,,2.0,,,,15.0,0.0,,5.0,,,,64.0,8.0,,22.0,,KC,AFC West,outdoor,10.0,3.0,RB,62.95238095238095,82.73301,0.5123642439431914,0.5956147070088089,0.33282906,0.66717094,13,4.333333333333333
00-0036271,Q.Watkins,WR,,,1.0,1.0,3.0,1.0,,,,8.285714285714286,5.711111111111111,4.5,3.388888888888889,,,,,3.0,0.3333333333333333,,,,,,,,,,,,4.0,18.0,18.0,6.0,,,,13.0,69.0,54.0,25.0,,,,0.0,1.0,3.0,0.0,,PHI,NFC East,outdoor,10.0,3.0,WR,64.33333333333333,61.29359,0.4776942355889724,0.6550572881098717,0.40241796,0.59758204,46,11.5
00-0036275,D.Swift,RB,,,10.0,7.0,8.0,6.0,6.0,,,7.630434782608695,8.096774193548388,9.458333333333334,6.813953488372093,9.642857142857142,,,4.5701754385964914,4.086092715231788,5.474747474747475,4.531380753138075,3.790513833992095,,,,0.0,,,,,,13.0,13.0,14.0,17.0,17.0,,,57.0,78.0,70.0,53.0,52.0,,,114.0,151.0,99.0,239.0,253.0,CHI,NFC North,outdoor,7.0,4.0,RB,62.294117647058826,26.427608,0.5368157995912503,0.8122775800711743,0.34844193,0.6515581,74,14.8
00-0036277,Q.Cephus,WR,,,2.0,2.0,0.0,,,,,4.25,6.333333333333333,2.0,,,,,,,,,,,,,,,,,,,11.0,5.0,1.0,,,,,35.0,22.0,3.0,,,,,0.0,0.0,0.0,,,DET,NFC North,indoor,6.0,2.0,WR,63.588235294117645,81.938614,0.518699285699832,0.6507666098807495,0.4199815,0.5800185,17,5.666666666666667
00-0036278,J.Huntley,RB,,,0.0,0.0,,,,,,1.0,,,,,,,3.8,3.923076923076923,,,,,,,,,,,,,3.0,1.0,,,,,,2.0,1.0,,,,,,5.0,13.0,,,,PHI,NFC East,outdoor,14.0,1.0,RB,62.77777777777778,68.795845,0.4747181133662042,0.6448245614035089,0.44424778,0.5557522,4,2.0
00-0036290,C.Kmet,TE,,,2.0,0.0,7.0,6.0,4.0,,,4.870967741935484,4.1,5.72,3.9726027397260273,3.851063829787234,,,-3.0,0.0,4.5,0.6666666666666666,,,,,,,,,,,14.0,17.0,17.0,15.0,14.0,,,48.0,93.0,69.0,90.0,55.0,,,1.0,1.0,2.0,3.0,0.0,CHI,NFC North,outdoor,7.0,4.0,TE,62.294117647058826,26.427608,0.5368157995912503,0.8122775800711743,0.34844193,0.6515581,77,15.4
00-0036297,D.Evans,RB,,,1.0,0.0,0.0,0.5,0.0,,,14.5,7.5,31.0,9.857142857142858,,,,3.6666666666666665,3.5,4.571428571428571,5.75,1.0,,,,,,,,,,5.0,1.0,3.0,6.0,1.0,,,4.0,2.0,1.0,6.0,0.0,,,15.0,2.0,14.0,16.0,3.0,CHI,NFC North,outdoor,7.0,4.0,RB,62.294117647058826,26.427608,0.5368157995912503,0.8122775800711743,0.34844193,0.6515581,22,4.4
00-0036308,I.Coulter,WR,,,,0.0,,,,,,,,,,,,,,,,,,,,,,,,,,,,1.0,,,,,,,1.0,,,,,,,0.0,,,,CHI,NFC North,outdoor,10.0,1.0,WR,62.76470588235294,36.133533,0.5124269728531248,0.6353197022688548,0.38238052,0.6176195,1,1.0
00-0036309,D.Mooney,WR,,,4.0,5.0,2.0,1.0,5.0,,,4.163934426229508,4.703703703703703,4.2,5.838709677419355,4.296875,,,5.0,5.333333333333333,2.0,2.5,,,,,,,,0.0,,,16.0,17.0,11.0,14.0,16.0,,,98.0,140.0,61.0,61.0,106.0,,,4.0,6.0,1.0,2.0,0.0,ATL,NFC South,indoor,12.0,4.0,WR,63.11764705882353,67.74269,0.5062640742571539,0.6249132765689057,0.444548,0.555452,74,14.8
00-0036312,J.Luton,QB,,,3.0,,,,,,,,,,,,,,13.0,,,,,,,0.5454545454545454,,,,,,,3.0,,,,,,,0.0,,,,,,,1.0,,,,,JAX,AFC South,outdoor,8.0,0.0,QB,62.5625,58.80053,0.5273948120915033,,0.30669332,0.6933067,3,3.0
00-0036322,J.Jefferson,WR,,,7.0,10.0,9.0,5.0,10.0,,,5.1477272727272725,4.537037037037037,4.592592592592593,3.823529411764706,4.611111111111111,,,2.0,2.333333333333333,6.0,-12.0,3.0,,,,0.5,1.0,0.0,1.0,,,16.0,17.0,18.0,10.0,18.0,,,125.0,167.0,193.0,100.0,162.0,,,1.0,6.0,4.0,1.0,1.0,MIN,NFC North,indoor,6.0,4.0,WR,61.11111111111112,38.288708,0.4694033558842641,0.8299145299145299,0.38454545,0.61545455,79,15.8
00-0036326,C.Claypool,WR,,,13.0,2.0,1.0,0.5,,,,5.104477611940299,4.919354838709677,3.118303571428571,3.125,,,,1.6,6.857142857142857,5.4375,,,,,,,1.0,,,,,17.0,16.0,15.0,7.0,,,,116.0,112.0,39.5,10.5,,,,10.0,14.0,4.5,0.0,,CHI,NFC North,outdoor,13.0,,,64.05882352941177,43.038048,0.4642693816432662,0.6354280854280854,0.42975205,0.57024795,77,19.25
00-0036328,A.Gibson,RB,,,11.0,10.0,5.0,3.0,1.0,,,8.157894736842104,7.928571428571429,6.456521739130435,7.854166666666667,9.26086956521739,,,4.489130434782608,4.01937984496124,3.664429530201342,4.076923076923077,4.483333333333333,,,,,,,,,,15.0,16.0,15.0,16.0,17.0,,,47.0,52.0,58.0,59.0,29.0,,,184.0,258.0,149.0,65.0,120.0,NE,AFC East,outdoor,14.0,4.0,RB,60.05882352941177,42.244293,0.4656508630283898,0.6714544249430653,0.374143,0.625857,79,15.8
00-0036331,D.Duvernay,WR,,,0.0,2.0,4.0,0.0,0.0,,,5.9,4.2727272727272725,4.297297297297297,4.25,5.727272727272728,,,17.5,7.142857142857143,7.0,3.75,0.75,,,,,,,,,,14.0,15.0,14.0,6.0,10.0,,,26.0,47.0,49.0,9.0,16.0,,,4.0,7.0,12.0,4.0,4.0,JAX,AFC South,outdoor,12.0,4.0,WR,58.294117647058826,68.956665,0.4698388127180696,0.6291527792710461,0.38345107,0.61654896,59,11.8
00-0036332,J.Deguara,TE,,,0.0,2.0,0.0,0.0,0.0,,,11.0,8.16,4.846153846153846,4.875,4.0,,,,,,,,,,,,,,,,,1.0,13.0,9.0,4.0,3.0,,,2.0,34.0,15.0,8.0,3.0,,,0.0,0.0,0.0,0.0,0.0,JAX,AFC South,outdoor,12.0,4.0,TE,58.294117647058826,68.956665,0.4698388127180696,0.6291527792710461,0.38345107,0.61654896,30,6.0
00-0036336,A.McFarland,RB,,,0.0,0.0,0.0,0.0,,,,7.833333333333333,11.0,7.5,3.5,,,,3.4242424242424243,1.0,5.0,,,,,,,,,,,,11.0,2.0,1.0,1.0,,,,9.0,1.0,2.0,2.0,,,,33.0,3.0,6.0,0.0,,PIT,AFC North,outdoor,6.0,3.0,RB,59.44444444444444,61.0524,0.5349711424530825,0.6426515079576585,0.4327103,0.5672897,15,3.75
00-0036340,A.Gandy-Golden,WR,,,0.0,,,,,,,1.0,,,,,,,22.0,,,,,,,,,,,,,,4.0,,,,,,,7.0,,,,,,,1.0,,,,,WAS,NFC East,outdoor,8.0,0.0,WR,65.3529411764706,51.04338,0.4621299500192234,0.6434010815181226,0.34833482,0.65166515,4,4.0
00-0036345,K.Osborn,WR,,,,7.0,6.0,3.0,1.0,,,,3.58,4.903225806451613,3.8541666666666665,2.2857142857142856,,,,10.0,2.0,,,,,,,,,,,,,17.0,18.0,15.0,6.0,,,,82.0,93.0,75.0,18.0,,,,1.0,3.0,0.0,0.0,NE,AFC East,outdoor,14.0,,,60.05882352941177,42.244293,0.4656508630283898,0.6714544249430653,0.374143,0.625857,56,14.0
00-0036355,J.Herbert,QB,,,36.0,41.0,26.0,23.0,26.0,,,,,2.5,17.0,,,,4.254545454545455,4.7936507936507935,2.789473684210526,4.384615384615385,4.434782608695652,,,0.6655462184873949,0.6592261904761905,0.6765498652291105,0.6513157894736842,0.6455223880597015,,,15.0,17.0,18.0,13.0,18.0,,,0.0,0.0,2.0,1.0,0.0,,,55.0,63.0,57.0,52.0,69.0,LAC,AFC West,outdoor,5.0,4.0,QB,58.44444444444444,46.232723,0.4612792875434774,,0.40779468,0.59220535,81,16.2
00-0036357,H.Ruggs,WR,,,2.0,2.0,,,,,,5.576923076923077,4.541666666666667,,,,,,5.444444444444445,5.333333333333333,,,,,,,,,,,,,13.0,7.0,,,,,,43.0,36.0,,,,,,9.0,3.0,,,,LV,AFC West,indoor,8.0,1.0,WR,63.44444444444444,63.890923,0.5103952692187986,0.5860294117647059,0.34938705,0.65061295,20,10.0
00-0036358,C.Lamb,WR,,,6.0,6.0,10.0,14.0,6.0,,,4.202702702702703,5.65,4.56198347107438,4.965277777777778,5.316831683168317,,,8.2,8.1,4.416666666666667,7.866666666666666,5.0,,,,,,,,,,16.0,17.0,19.0,18.0,15.0,,,111.0,125.0,175.0,198.0,152.0,,,10.0,10.0,12.0,15.0,14.0,DAL,NFC East,indoor,7.0,4.0,WR,64.41176470588235,66.249146,0.5172044875741835,0.6212507005189932,0.37260273,0.62739724,85,17.0
00-0036360,C.Edwards-Helaire,RB,,,6.0,6.0,6.0,2.0,0.0,,,8.179487179487179,8.619047619047619,8.470588235294118,11.761904761904765,11.666666666666666,,,4.459183673469388,4.643939393939394,4.253521126760563,3.4074074074074074,3.5384615384615383,,,,,,,,,,15.0,12.0,10.0,19.0,2.0,,,59.0,27.0,23.0,26.0,5.0,,,196.0,132.0,71.0,81.0,13.0,NO,NFC South,indoor,12.0,4.0,RB,60.35294117647059,62.051647,0.4943759340681577,0.5697110849912208,0.39766082,0.6023392,58,11.6
00-0036364,L.Bowden,WR,,,0.0,,,0.0,,,,4.0,,,5.181818181818182,,,,3.555555555555556,,,6.4,,,,0.5,,,,,,,9.0,,,8.0,,,,37.0,,,16.0,,,,9.0,,,5.0,,NO,NFC South,indoor,11.0,3.0,WR,64.82352941176471,67.97862,0.429164896092596,0.6081107314800435,0.40562615,0.5943739,17,8.5
00-0036365,B.Edwards,WR,,,1.0,3.0,0.0,,,,,7.272727272727272,5.567567567567568,3.0,,,,,,0.0,,,,,,,,,,,,,9.0,17.0,4.0,,,,,15.0,65.0,5.0,,,,,0.0,1.0,0.0,,,ATL,NFC South,indoor,14.0,,,58.8235294117647,47.362667,0.4559734110362411,0.6240579710144927,0.512,0.488,30,10.0
00-0036370,J.Kelley,RB,,,2.0,0.0,2.0,2.0,0.0,,,7.521739130434782,6.2,6.133333333333334,4.875,,,,3.189189189189189,3.090909090909091,4.039473684210527,3.7850467289719623,2.0,,,,,,,,,,13.0,8.0,13.0,17.0,1.0,,,23.0,6.0,26.0,12.0,0.0,,,111.0,33.0,76.0,107.0,1.0,TEN,AFC South,outdoor,5.0,4.0,RB,60.588235294117645,39.319504,0.5103836581072058,0.6357900565366905,0.40291262,0.5970874,52,10.4
00-0036377,J.Reed,WR,,,1.0,,,,,,,,,,,,,,5.8,,,,,,,,,,,,,,3.0,,,,,,,1.0,,,,,,,5.0,,,,,LAC,AFC West,outdoor,6.0,0.0,WR,69.8125,71.611534,0.4770879020467836,0.7329598506069095,0.38495973,0.6150403,3,3.0
00-0036382,K.Hill,WR,,,0.0,0.0,,,,,,2.571428571428572,4.0,,,,,,,,,,,,,,,,,,,,5.0,1.0,,,,,,11.0,3.0,,,,,,0.0,0.0,,,,LAC,AFC West,outdoor,7.0,1.0,WR,66.05882352941177,79.022446,0.4982369418355578,0.6592261904761905,0.33392698,0.666073,6,3.0
00-0036383,E.Benjamin,RB,,,,1.0,0.6666666666666666,,,,,,9.875,10.625,,,,,,3.3157894736842106,2.6182539682539683,,,,,,,,,,,,,8.0,12.0,,,,,,9.0,11.333333333333334,,,,,,38.0,25.666666666666668,,,HOU,AFC South,indoor,6.0,,,59.47058823529412,62.593353,0.4687478500171998,0.6331156433452884,0.36597428,0.6340257,44,22.0
00-0036384,B.DiNucci,QB,,,0.0,,,,,,,,,,,,,,3.6666666666666665,,,,,,,0.5348837209302325,,,,,,,2.0,,,,,,,0.0,,,,,,,6.0,,,,,DAL,NFC East,indoor,10.0,0.0,QB,69.4375,59.955154,0.4526399101307189,,0.36273628,0.6372637,2,2.0
00-0036387,J.Reagor,WR,,,1.0,2.0,1.0,0.0,0.0,,,5.580645161290323,4.588235294117647,3.5,2.571428571428572,3.7142857142857135,,,6.5,3.2,6.25,17.0,-1.0,,,,,,,,,,11.0,18.0,10.0,9.0,7.0,,,54.0,60.0,13.0,23.0,12.0,,,4.0,10.0,4.0,1.0,3.0,LAC,AFC West,outdoor,5.0,4.0,WR,58.44444444444444,46.232723,0.4612792875434774,0.6227611940298508,0.40779468,0.59220535,55,11.0
00-0036389,J.Hurts,QB,,,9.0,27.0,43.0,39.0,42.0,,,9.0,,,,,,,5.619047619047619,5.598639455782313,4.515,3.8607594936708862,4.478260869565218,,,0.5202702702702703,0.6063157894736843,0.6654478976234004,0.6579406631762653,0.6924778761061947,,,14.0,16.0,18.0,18.0,19.0,,,1.0,1.0,0.0,0.0,0.0,,,63.0,147.0,200.0,158.0,184.0,PHI,NFC East,outdoor,5.0,4.0,QB,63.85714285714285,35.011185,0.4905671040345963,,0.5152871,0.4847129,85,17.0
00-0036398,J.Hightower,WR,,,0.0,,,,,,,5.7,,,,,,,1.0,,,,,,,,,,,,,,10.0,,,,,,,29.0,,,,,,,1.0,,,,,PHI,NFC East,outdoor,9.0,0.0,WR,67.1875,33.699024,0.5190461601307189,0.503769215439696,0.33302325,0.66697675,10,10.0
00-0036407,J.Jeudy,WR,,,3.0,0.0,6.0,2.0,4.0,,,5.461538461538462,4.684210526315789,5.91044776119403,5.981481481481482,4.3,,,,1.5,10.0,,,,,,,,,,,,16.0,10.0,15.0,16.0,17.0,,,113.0,56.0,100.0,87.0,145.0,,,0.0,2.0,4.0,0.0,0.0,CLE,AFC North,outdoor,10.0,4.0,WR,65.94117647058823,38.249825,0.5256290958075697,0.5697059826365458,0.3131133,0.6868867,74,14.8
00-0036410,T.Higgins,WR,,,6.0,8.0,8.0,5.0,10.0,,,4.626865671641791,4.554347826086956,3.67816091954023,5.595238095238095,3.1232876712328768,,,5.6,,,,,,,,,,,,,,15.0,18.0,17.0,12.0,12.0,,,108.0,140.0,130.0,76.0,109.0,,,5.0,0.0,0.0,0.0,0.0,CIN,AFC North,outdoor,12.0,4.0,WR,62.88235294117647,56.04726,0.466805566395805,0.7055214723926381,0.323667,0.676333,74,14.8
00-0036412,K.Hamler,WR,,,3.0,0.0,0.0,,,,,4.133333333333334,3.2,3.2857142857142856,,,,,4.444444444444445,,11.5,,,,,,,,,,,,12.0,3.0,6.0,,,,,56.0,10.0,14.0,,,,,9.0,0.0,2.0,,,DEN,AFC West,outdoor,9.0,2.0,WR,62.94117647058823,29.676945,0.4720785527833424,0.603413796348579,0.38037384,0.61962616,21,7.0
00-0036414,C.Akers,RB,,,5.0,0.0,7.0,1.0,2.5,,,9.571428571428571,5.818181818181818,10.461538461538462,7.090909090909091,4.975,,,4.429319371727749,2.430555555555556,4.180851063829787,2.4748803827751193,4.272282608695653,,,,,,,,,,13.0,5.0,15.0,7.0,16.0,,,17.0,13.0,18.0,6.0,9.0,,,191.0,72.0,188.0,30.0,54.5,MIN,NFC North,indoor,6.0,4.0,RB,61.11111111111112,38.288708,0.4694033558842641,0.8299145299145299,0.38454545,0.61545455,79,15.8
00-0036415,V.Jefferson,WR,,,2.0,6.0,3.0,0.0,3.0,,,2.24,4.610169491525424,1.5833333333333333,1.2083333333333335,3.0,,,-1.0,11.666666666666666,,4.0,,,,,,,,,,,14.0,21.0,10.0,14.0,16.0,,,38.0,106.0,44.0,21.5,42.0,,,1.0,3.0,0.0,0.5,0.0,PIT,AFC North,outdoor,9.0,4.0,WR,61.66666666666666,38.71519,0.5053905187806117,0.7651389593550934,0.43963963,0.5603604,89,17.8
00-0036422,A.Trautman,TE,,,1.0,2.0,1.0,3.0,2.0,,,7.5,4.111111111111111,6.833333333333333,4.454545454545454,7.0,,,,,,,,,,,,,,,,,11.0,11.0,12.0,16.0,14.0,,,19.0,43.0,22.0,35.0,23.0,,,0.0,0.0,0.0,0.0,0.0,DEN,AFC West,outdoor,14.0,4.0,TE,60.0,81.61123,0.5030988418759317,0.6604414261460102,0.37685186,0.62314814,64,12.8
00-0036423,A.Okwuegbunam,TE,,,1.0,2.0,1.0,0.0,,,,6.636363636363637,7.424242424242424,5.9,,,,,,,,,,,,,,,,,,,4.0,13.0,6.0,1.0,,,,15.0,40.0,18.0,1.0,,,,0.0,0.0,0.0,0.0,,PHI,NFC East,outdoor,10.0,3.0,TE,64.33333333333333,61.29359,0.4776942355889724,0.6550572881098717,0.40241796,0.59758204,24,6.0
00-0036424,B.Hopkins,TE,,,,0.0,0.0,0.0,,,,,5.6,4.714285714285714,6.4,,,,,,,,,,,,,,,,,,,2.0,7.0,4.0,,,,,5.0,11.0,7.0,,,,,0.0,0.0,0.0,,LA,NFC West,outdoor,10.0,3.0,TE,63.66666666666666,68.289696,0.5285269273401368,0.6040597079173097,0.40837696,0.591623,13,4.333333333333333
00-0036425,D.Dallas,RB,,,3.0,2.0,0.0,0.0,1.0,,,6.470588235294118,5.238095238095238,7.411764705882353,5.166666666666667,6.666666666666667,,,3.176470588235294,4.181818181818182,4.853658536585366,3.6,5.444444444444445,,,,,0.0,,,,,8.0,11.0,12.0,10.0,7.0,,,20.0,23.0,19.0,9.0,3.0,,,34.0,33.0,41.0,10.0,9.0,ARI,NFC West,indoor,11.0,4.0,RB,60.64705882352941,72.118904,0.5242244885570327,0.8438077634011091,0.40543163,0.5945684,48,9.6
00-0036427,T.Johnson,WR,,,2.0,0.0,,1.0,1.0,,,5.214285714285714,4.048780487804878,,0.5,7.038461538461538,,,,,,,,,,,,,,,,,13.0,17.0,,1.0,11.0,,,21.0,64.0,,3.0,41.0,,,0.0,0.0,,0.0,0.0,LA,NFC West,outdoor,6.0,4.0,WR,60.36842105263158,65.3435,0.5321760283060593,0.6566492450638792,0.4115083,0.58849174,42,10.5
00-0036429,C.Woerner,TE,,,0.0,0.0,0.0,0.0,0.0,,,8.333333333333334,1.8,,6.666666666666667,3.0,,,,,,,,,,,,,,,,,3.0,5.0,2.0,3.0,8.0,,,4.0,7.0,2.0,3.0,12.0,,,0.0,0.0,0.0,0.0,0.0,ATL,NFC South,indoor,12.0,4.0,TE,63.11764705882353,67.74269,0.5062640742571539,0.6249132765689057,0.444548,0.555452,21,4.2
00-0036433,T.Stevens,TE,,,0.0,,,,,,,,,,,,,,6.0,,,,,,,,,,,,,,1.0,,,,,,,0.0,,,,,,,4.0,,,,,CAR,NFC South,outdoor,13.0,,,61.375,64.057785,0.5279175266597868,0.6312427409988386,0.36456212,0.6354379,1,1.0
00-0036438,S.Sullivan,TE,,,,0.0,0.0,0.0,0.0,,,,,10.5,0.6666666666666666,,,,,,,,,,,,,,,,,,,1.0,4.0,10.0,1.0,,,,1.0,6.0,24.0,1.0,,,,0.0,0.0,0.0,0.0,CAR,NFC South,outdoor,11.0,4.0,TE,58.05882352941177,64.39622,0.4901164387323556,0.6359375,0.36372846,0.63627154,16,4.0
00-0036439,T.Cleveland,WR,,,0.0,0.0,0.0,,,,,3.0,,8.5,,,,,,,,,,,,,,,,,,,5.0,1.0,3.0,,,,,9.0,1.0,7.0,,,,,0.0,0.0,0.0,,,DEN,AFC West,outdoor,9.0,,,62.94117647058823,29.676945,0.4720785527833424,0.603413796348579,0.38037384,0.61962616,9,3.0
00-0036442,J.Burrow,QB,,,16.0,41.0,45.0,15.0,45.0,,,,,,,,,,3.8378378378378377,2.92156862745098,3.633333333333333,2.838709677419355,4.785714285714286,,,0.6534653465346535,0.6993957703927492,0.6797202797202797,0.6684931506849315,0.7055214723926381,,,10.0,20.0,19.0,10.0,17.0,,,0.0,0.0,0.0,0.0,0.0,,,37.0,51.0,90.0,31.0,42.0,CIN,AFC North,outdoor,12.0,4.0,QB,62.88235294117647,56.04726,0.466805566395805,,0.323667,0.676333,76,15.2
00-0036450,K.Vaughn,RB,,,1.0,3.0,0.0,0.0,0.0,,,4.6,4.0,9.666666666666666,0.5,,,,4.193548387096774,4.39622641509434,3.117647058823529,1.75,2.0,,,,,,,,,,7.0,7.0,5.0,5.0,1.0,,,11.0,10.0,4.0,5.0,0.0,,,31.0,53.0,17.0,24.0,2.0,SF,NFC West,outdoor,9.0,4.0,RB,59.64705882352941,63.015938,0.5505412897873287,0.6356194632790377,0.3964497,0.6035503,25,5.0
00-0036456,D.Dafney,TE,,,1.0,0.0,,,,,,5.0,15.5,,,,,,,,,,,,,,,,,,,,2.0,5.0,,,,,,2.0,6.0,,,,,,0.0,0.0,,,,GB,NFC North,outdoor,13.0,1.0,TE,61.388888888888886,65.72473,0.4825656188401286,0.6349654377880185,0.3846154,0.61538464,7,3.5
00-0036457,T.Williams,RB,,,,1.0,0.0,,,,,,7.888888888888889,6.0,,,,,,5.285714285714286,,,,,,,,,,,,,,7.0,1.0,,,,,,12.0,1.0,,,,,,35.0,0.0,,,ARI,NFC West,indoor,13.0,2.0,RB,67.17647058823529,60.92949,0.5184352172241445,0.6358154586031611,0.34063047,0.6593695,8,4.0
00-0036463,C.Blair,WR,,,,,,,0.0,,,,,,,0.0,,,,,,,,,,,,,,,,,,,,,2.0,,,,,,,2.0,,,,,,,0.0,ATL,NFC South,indoor,12.0,4.0,WR,63.11764705882353,67.74269,0.5062640742571539,0.6249132765689057,0.444548,0.555452,2,2.0
00-0036482,M.Strachan,WR,,,,0.0,0.0,0.0,,,,,0.0,4.333333333333333,8.0,,,,,,,,,,,,,,,,,,,2.0,5.0,2.0,,,,,3.0,9.0,3.0,,,,,0.0,0.0,0.0,,CAR,NFC South,outdoor,7.0,2.0,WR,64.3529411764706,29.54271,0.5166312551852527,0.5919649283517634,0.37568554,0.6243144,9,3.0
00-0036491,T.Black,WR,,,,0.0,,,,,,,0.0,,,,,,,,,,,,,,,,,,,,,1.0,,,,,,,2.0,,,,,,,0.0,,,,NYJ,AFC East,outdoor,6.0,0.0,WR,60.94117647058823,45.408787,0.5025814247267535,0.6275260060508102,0.34362933,0.65637064,1,1.0
00-0036493,D.Jackson,RB,,,,1.0,2.0,0.0,,,,,,7.6,4.0,,,,,2.3846153846153846,3.4705882352941178,1.5384615384615383,,,,,,,,,,,,3.0,12.0,2.0,,,,,0.0,34.0,3.0,,,,,13.0,68.0,7.0,,NYG,NFC East,outdoor,13.0,2.0,RB,61.70588235294117,0.0,0.4977923470729881,0.6532979608822306,0.36320305,0.63679695,19,6.333333333333333
00-0036497,T.Jones,WR,,,,,0.0,0.0,0.0,,,,,7.0,2.8181818181818183,5.666666666666667,,,,,,,,,,,,,,,,,,,4.0,9.0,3.0,,,,,4.0,18.0,5.0,,,,,0.0,0.0,0.0,JAX,AFC South,outdoor,12.0,3.0,WR,58.294117647058826,68.956665,0.4698388127180696,0.6291527792710461,0.38345107,0.61654896,16,5.333333333333333
00-0036510,K.Yeboah,TE,,,,0.0,,0.0,1.0,,,,1.5,,10.0,6.8,,,,,,,,,,,,,,,,,,2.0,,2.0,6.0,,,,3.0,,4.0,8.0,,,,0.0,,0.0,0.0,NYJ,AFC East,outdoor,12.0,3.0,TE,59.64705882352941,62.289284,0.4854509399218924,0.7014321295143213,0.3382643,0.6617357,10,3.333333333333333
00-0036523,T.Ragas,RB,,,,0.0,,,,,,,6.5,,,,,,,9.0,,,,,,,,,,,,,,1.0,,,,,,,2.0,,,,,,,1.0,,,,LV,AFC West,indoor,8.0,0.0,RB,63.44444444444444,63.890923,0.5103952692187986,0.5860294117647059,0.34938705,0.65061295,1,1.0
00-0036527,D.Turner,WR,,,,,0.0,,2.0,,,,,,,5.1875,,,,,6.5,,6.6,,,,,,,,,,,,2.0,,10.0,,,,,1.0,,29.0,,,,,4.0,,5.0,LV,AFC West,indoor,10.0,3.0,WR,62.0,51.68756,0.5222465043809061,0.6363027515532962,0.33301708,0.66698295,12,6.0
00-0036534,S.Zylstra,TE,,,,0.0,4.0,,0.0,,,,2.0,1.181818181818182,,13.0,,,,,,,,,,,,,,,,,,2.0,8.0,,1.0,,,,7.0,15.0,,1.0,,,,0.0,0.0,,0.0,DET,NFC North,indoor,5.0,3.0,TE,64.66666666666667,66.82518,0.5130747620685701,0.7933218192285549,0.45017183,0.5498282,11,3.6666666666666665
00-0036543,S.Brown,RB,,,,,0.0,,,,,,,6.0,,,,,,,4.777777777777778,,,,,,,,,,,,,,2.0,,,,,,,4.0,,,,,,,9.0,,,CAR,NFC South,outdoor,13.0,1.0,RB,57.11764705882353,52.180767,0.4646340476335013,0.5894309528171041,0.47476828,0.5252317,2,2.0
00-0036550,R.Bateman,WR,,,,1.0,2.0,1.0,11.0,,,,3.5434782608695654,8.866666666666667,1.7777777777777777,3.862745098039216,,,,,,18.0,,,,,,,,,,,,12.0,6.0,17.0,18.0,,,,68.0,28.0,62.0,79.0,,,,0.0,0.0,1.0,0.0,BAL,AFC North,outdoor,14.0,3.0,WR,61.42105263157895,75.81623,0.5321196437947293,0.6698717948717949,0.48500428,0.5149957,53,13.25
00-0036554,N.Collins,WR,,,,1.0,2.0,9.0,8.0,,,,3.9696969696969697,3.864864864864865,7.043956043956044,5.4,,,,,,5.5,,,,,,,,,,,,14.0,10.0,17.0,14.0,,,,60.0,66.0,126.0,115.0,,,,0.0,0.0,2.0,0.0,HOU,AFC South,indoor,14.0,3.0,WR,62.0,36.51212,0.4967437944706969,0.5956529885703579,0.37011886,0.62988114,55,13.75
00-0036555,C.Hubbard,RB,,,,6.0,2.0,5.0,11.0,,,,6.88,11.857142857142858,6.897435897435898,5.697674418604652,,,,3.558139534883721,4.905263157894737,3.7899159663865545,4.78,,,,,,,,,,,16.0,12.0,17.0,15.0,,,,37.0,17.0,44.0,54.0,,,,172.0,95.0,238.0,250.0,CAR,NFC South,outdoor,11.0,3.0,RB,58.05882352941177,64.39622,0.4901164387323556,0.6359375,0.36372846,0.63627154,60,15.0
00-0036556,B.Jordan,TE,,,,3.0,0.0,3.0,0.0,,,,4.95,5.571428571428571,10.88888888888889,1.5,,,,,,,,,,,,,,,,,,8.0,9.0,11.0,2.0,,,,28.0,28.0,23.0,3.0,,,,0.0,0.0,0.0,0.0,HOU,AFC South,indoor,14.0,3.0,TE,62.0,36.51212,0.4967437944706969,0.5956529885703579,0.37011886,0.62988114,30,7.5
00-0036567,E.Mitchell,RB,,,,7.0,3.0,3.0,,,,,8.0,7.6,4.333333333333333,,,,,4.320610687022901,4.882352941176471,3.654320987654321,,,,,,,,,,,,14.0,7.0,13.0,,,,,29.0,7.0,8.0,,,,,262.0,68.0,81.0,,SF,NFC West,outdoor,9.0,2.0,RB,59.6,64.16513,0.5173775124084722,0.6431159420289856,0.44630873,0.55369127,34,11.333333333333334
00-0036569,G.Brightwell,RB,,,,0.0,1.0,0.0,,,,,5.0,7.0,10.6,,,,,4.0,4.71875,2.111111111111111,,,,,,,,,,,,2.0,9.0,3.0,,,,,1.0,8.0,7.0,,,,,1.0,32.0,9.0,,NYG,NFC East,outdoor,13.0,2.0,RB,61.70588235294117,0.0,0.4977923470729881,0.6532979608822306,0.36320305,0.63679695,14,4.666666666666667
00-0036572,S.Smith,WR,,,,0.0,2.0,,,,,,11.833333333333334,4.409090909090909,,,,,,-3.0,,,,,,,,,,,,,,5.0,15.0,,,,,,11.0,41.0,,,,,,1.0,0.0,,,CAR,NFC South,outdoor,13.0,1.0,WR,57.11764705882353,52.180767,0.4646340476335013,0.5894309528171041,0.47476828,0.5252317,20,10.0
00-0036582,N.McCrary,RB,,,,0.0,,,,,,,,,,,,,,-1.0,,,,,,,,,,,,,,1.0,,,,,,,0.0,,,,,,,1.0,,,,BAL,AFC North,outdoor,8.0,0.0,RB,69.23529411764706,46.537148,0.524644367550942,0.6643050759347963,0.36873406,0.63126594,1,1.0
00-0036590,Q.Morris,TE,,,,,1.0,1.0,1.0,,,,,5.0,2.5,4.4,,,,,,,,,,,,,,,,,,,8.0,2.0,5.0,,,,,14.0,3.0,8.0,,,,,0.0,0.0,0.0,BUF,AFC East,outdoor,12.0,3.0,TE,60.1,91.19061,0.4954661162710698,0.5498380675371826,0.44009984,0.55990016,15,5.0
00-0036613,J.Waddle,WR,,,,7.0,8.0,4.0,2.0,,,,4.221153846153846,6.615384615384615,5.6891891891891895,4.068965517241379,,,,1.5,8.5,5.25,3.0,,,,,,,,,,,16.0,18.0,15.0,15.0,,,,140.0,124.0,109.0,83.0,,,,2.0,4.0,4.0,4.0,MIA,AFC East,outdoor,6.0,3.0,WR,63.294117647058826,57.18794,0.4137477488415387,0.6473066407276933,0.3866171,0.6133829,64,16.0
00-0036620,D.Eskridge,WR,,,,1.0,0.0,0.0,0.0,,,,3.2,6.571428571428571,,9.666666666666666,,,,14.75,5.0,2.5,,,,,,,,,,,,8.0,8.0,3.0,3.0,,,,20.0,13.0,1.0,3.0,,,,4.0,2.0,2.0,0.0,MIA,AFC East,outdoor,6.0,3.0,WR,63.294117647058826,57.18794,0.4137477488415387,0.6473066407276933,0.3866171,0.6133829,22,5.5
00-0036626,D.Brown,WR,,,,0.0,2.0,1.0,2.0,,,,2.833333333333333,6.2,6.333333333333333,7.0227272727272725,,,,-4.0,15.0,0.0,8.666666666666666,,,,,,1.0,0.0,,,,9.0,7.0,13.0,18.0,,,,25.0,14.0,23.0,58.0,,,,1.0,1.0,1.0,3.0,WAS,NFC East,outdoor,14.0,3.0,WR,65.4,53.9981,0.4818996019460416,0.7281144781144782,0.39831805,0.60168195,47,11.75
00-0036627,D.Fitzpatrick,WR,,,,1.0,,,,,,,0.6,,,,,,,,,,,,,,,,,,,,,3.0,,,,,,,8.0,,,,,,,0.0,,,,TEN,AFC South,outdoor,13.0,0.0,WR,65.11111111111111,46.797688,0.4759685160613953,0.6702702702702703,0.4641638,0.53583616,3,3.0
00-0036628,J.Bates,TE,,,,1.0,1.0,0.0,0.0,,,,6.95,3.857142857142857,3.421052631578948,4.909090909090909,,,,,,,,,,,,,,,,,,11.0,9.0,14.0,13.0,,,,25.0,22.0,28.0,18.0,,,,0.0,0.0,0.0,0.0,WAS,NFC East,outdoor,14.0,3.0,TE,65.4,53.9981,0.4818996019460416,0.7281144781144782,0.39831805,0.60168195,47,11.75
00-0036630,T.Wallace,WR,,,,0.0,0.0,0.0,1.0,,,,7.0,2.25,0.0,11.76923076923077,,,,,,,,,,,,,,,,,,4.0,5.0,2.0,10.0,,,,6.0,7.0,2.0,15.0,,,,0.0,0.0,0.0,0.0,BAL,AFC North,outdoor,14.0,3.0,WR,61.42105263157895,75.81623,0.5321196437947293,0.6698717948717949,0.48500428,0.5149957,21,5.25
00-0036635,I.Smith-Marsette,WR,,,,2.0,0.0,1.0,0.0,,,,3.4,5.0,6.0,,,,,,-1.0,9.25,,,,,,,,,,,,3.0,3.0,7.0,1.0,,,,6.0,4.0,10.0,0.0,,,,0.0,1.0,8.0,0.0,NYG,NFC East,outdoor,11.0,3.0,WR,61.8235294117647,51.111824,0.5490849384129296,0.6072841901459796,0.36346337,0.63653666,14,3.5
00-0036637,N.Gray,TE,,,,1.0,2.0,2.0,5.0,,,,2.555555555555556,6.516129032258065,4.666666666666667,4.863636363636363,,,,,0.5,1.0,-4.0,,,,,,,,,,,9.0,20.0,20.0,18.0,,,,14.0,38.0,52.0,53.0,,,,0.0,2.0,1.0,1.0,KC,AFC West,outdoor,6.0,3.0,TE,61.4,56.569695,0.5115963929431422,0.6523858592263792,0.35667753,0.64332247,67,16.75
00-0036640,Z.Davidson,TE,,,,,,,0.0,,,,,,,2.0,,,,,,,,,,,,,,,,,,,,,2.0,,,,,,,2.0,,,,,,,0.0,BUF,AFC East,outdoor,12.0,3.0,TE,60.1,91.19061,0.4954661162710698,0.5498380675371826,0.44009984,0.55990016,2,2.0
00-0036646,S.Fehoko,WR,,,,,0.0,1.0,0.0,,,,,3.333333333333333,7.0,2.6666666666666665,,,,,,,,,,,,,,,,,,,2.0,1.0,5.0,,,,,4.0,2.0,16.0,,,,,0.0,0.0,0.0,LAC,AFC West,outdoor,5.0,3.0,WR,58.44444444444444,46.232723,0.4612792875434774,0.6227611940298508,0.40779468,0.59220535,8,2.6666666666666665
00-0036650,L.Rountree,RB,,,,1.0,0.0,,,,,,0.0,15.5,,,,,,2.4166666666666665,1.4615384615384617,,,,,,,,,,,,,8.0,2.0,,,,,,2.0,2.0,,,,,,36.0,13.0,,,LAC,AFC West,outdoor,8.0,1.0,RB,66.94444444444444,70.019165,0.4429566563467492,0.6716082659478886,0.3195021,0.68049794,10,5.0
00-0036652,R.McMath,WR,,,,0.0,0.0,,,,,,4.5,3.5,,,,,,,4.0,,,,,,,,,,,,,5.0,4.0,,,,,,6.0,8.0,,,,,,0.0,1.0,,,TEN,AFC South,outdoor,6.0,1.0,WR,57.588235294117645,31.882746,0.4938292964244521,0.5829132359122716,0.4596527,0.5403473,9,4.5
00-0036654,D.Felton,RB,,,,2.0,0.0,,,,,,11.166666666666666,5.5,,,,,,3.4285714285714284,-4.0,,,,,,,,,,,,,11.0,4.0,,,,,,21.0,4.0,,,,,,7.0,1.0,,,CLE,AFC North,outdoor,9.0,1.0,RB,64.6470588235294,51.29986,0.5109472065399947,0.6109596684202137,0.44040036,0.55959964,15,7.5
00-0036657,S.Williams,WR,,,,0.0,,,,,,,4.0,,,,,,,,,,,,,,,,,,,,,1.0,,,,,,,1.0,,,,,,,0.0,,,,DEN,AFC West,outdoor,11.0,0.0,WR,60.70588235294117,56.299927,0.4724776184983797,0.42420589603688197,0.41375968,0.5862403,1,1.0
00-0036669,K.Hill,RB,,,,0.0,0.0,,,,,,7.0,,,,,,,2.4,7.0,,,,,,,,,,,,,4.0,1.0,,,,,,2.0,0.0,,,,,,10.0,1.0,,,GB,NFC North,outdoor,14.0,1.0,RB,60.94117647058823,68.71866,0.5086930128088387,0.6562115621156211,0.41312742,0.5868726,5,2.5
00-0036670,J.Jefferson,RB,,,,2.0,,,0.0,,,,5.25,,,10.0,,,,4.933333333333334,,,3.6666666666666665,,,,,,,,,,,4.0,,,2.0,,,,5.0,,,1.0,,,,15.0,,,6.0,DET,NFC North,indoor,5.0,3.0,RB,64.66666666666667,66.82518,0.5130747620685701,0.7933218192285549,0.45017183,0.5498282,6,3.0
00-0036671,D.Milne,WR,,,,0.0,1.0,,,,,,4.333333333333333,2.1666666666666665,,,,,,1.0,,,,,,,,,,,,,,9.0,7.0,,,,,,14.0,7.0,,,,,,1.0,0.0,,,WAS,NFC East,outdoor,14.0,1.0,WR,66.76470588235294,47.573685,0.5201835326493859,0.6079191319465919,0.44052863,0.55947137,16,8.0
00-0036692,M.Forristall,TE,,,,,0.0,,,,,,,,,,,,,,,,,,,,,,,,,,,,1.0,,,,,,,1.0,,,,,,,0.0,,,CLE,AFC North,outdoor,9.0,1.0,TE,64.6470588235294,51.29986,0.5109472065399947,0.6109596684202137,0.44040036,0.55959964,1,1.0
00-0036698,M.Sargent,RB,,,,0.0,,,,,,,,,,,,,,2.1666666666666665,,,,,,,,,,,,,,4.0,,,,,,,0.3333333333333333,,,,,,,1.6666666666666667,,,,TEN,AFC South,outdoor,13.0,,,65.11111111111111,46.797688,0.4759685160613953,0.6702702702702703,0.4641638,0.53583616,12,12.0
00-0036741,J.Stoll,TE,,,,0.0,0.0,0.0,0.0,,,,5.0,4.083333333333333,5.0,1.0,,,,,,,,,,,,,,,,,,3.0,10.0,5.0,2.0,,,,5.0,15.0,8.0,3.0,,,,0.0,0.0,0.0,0.0,PHI,NFC East,outdoor,5.0,,,63.85714285714285,35.011185,0.4905671040345963,0.6468466305366902,0.5152871,0.4847129,20,5.0
00-0036754,B.Wright,TE,,,,2.0,4.0,1.0,2.0,,,,5.333333333333333,9.166666666666666,5.428571428571429,5.769230769230769,,,,,,,,,,,,,,,,,,7.0,13.0,9.0,10.0,,,,17.0,24.0,15.0,16.0,,,,0.0,0.0,0.0,0.0,DET,NFC North,indoor,5.0,3.0,TE,64.66666666666667,66.82518,0.5130747620685701,0.7933218192285549,0.45017183,0.5498282,39,9.75
00-0036755,J.Patterson,RB,,,,2.0,0.0,,,,,,7.5,,,,,,,3.911764705882353,4.588235294117647,,,,,,,,,,,,,14.0,1.0,,,,,,11.0,1.0,,,,,,68.0,17.0,,,WAS,NFC East,outdoor,14.0,1.0,RB,66.76470588235294,47.573685,0.5201835326493859,0.6079191319465919,0.44052863,0.55947137,15,7.5
00-0036768,J.Hardy,RB,,,,1.0,,,,,,,,,,,,,,7.25,,,,,,,,,,,,,,2.0,,,,,,,0.0,,,,,,,4.0,,,,DAL,NFC East,indoor,7.0,0.0,RB,67.33333333333333,70.95983,0.4833467110040897,0.6579595777977558,0.37541255,0.6245875,2,2.0
00-0036810,C.Johnson,WR,,,,,0.0,,,,,,,2.4,,,,,,,,,,,,,,,,,,,,,3.0,,,,,,,7.0,,,,,,,0.0,,,SEA,NFC West,outdoor,11.0,1.0,WR,60.94444444444444,52.258717,0.4727038183694529,0.6985172981878089,0.36645398,0.63354605,3,3.0
00-0036825,F.Franks,TE,,,,0.0,0.0,,0.0,,,,,,,0.0,,,,2.0,0.0,,,,,,0.0,,,,,,,3.0,2.0,,3.0,,,,0.0,2.0,,3.0,,,,3.0,1.0,,0.0,CAR,NFC South,outdoor,11.0,3.0,TE,58.05882352941177,64.39622,0.4901164387323556,0.6359375,0.36372846,0.63627154,8,2.6666666666666665
00-0036829,C.Huntley,RB,,,,,1.0,,,,,,,4.5,,,,,,,4.815789473684211,,,,,,,,,,,,,,12.0,,,,,,,2.0,,,,,,,76.0,,,ATL,NFC South,indoor,14.0,1.0,RB,58.8235294117647,47.362667,0.4559734110362411,0.6240579710144927,0.512,0.488,12,12.0
00-0036841,A.Trammell,WR,,,,,0.0,0.0,0.0,,,,,0.0,8.75,4.5,,,,,,,,,,,,,,,,,,,2.0,2.0,1.0,,,,,4.0,7.0,3.0,,,,,0.0,0.0,0.0,JAX,AFC South,outdoor,12.0,3.0,WR,58.294117647058826,68.956665,0.4698388127180696,0.6291527792710461,0.38345107,0.61654896,5,1.6666666666666667
00-0036842,K.Nwangwu,RB,,,,0.0,0.0,0.0,0.0,,,,4.75,10.5,,,,,,4.6923076923076925,1.5555555555555556,2.6,,,,,,,,,,,,6.0,3.0,3.0,1.0,,,,5.0,2.0,0.0,0.0,,,,13.0,9.0,5.0,0.0,NYJ,AFC East,outdoor,12.0,3.0,RB,59.64705882352941,62.289284,0.4854509399218924,0.7014321295143213,0.3382643,0.6617357,13,3.25
00-0036849,T.Atwell,WR,,,,,2.0,4.0,0.0,,,,,3.333333333333333,3.15,2.9302325581395348,,,,,3.7777777777777777,6.2,3.5,,,,,,,0.0,,,,,12.0,15.0,16.0,,,,,35.0,68.0,63.0,,,,,9.0,5.0,2.0,LA,NFC West,outdoor,6.0,3.0,WR,60.36842105263158,65.3435,0.5321760283060593,0.6566492450638792,0.4115083,0.58849174,43,14.333333333333334
00-0036857,C.Evans,RB,,,,2.0,1.0,0.0,,,,,7.25,2.6666666666666665,0.0,,,,,4.7368421052631575,,6.0,,,,,,,,,,,,12.0,4.0,1.0,,,,,19.0,4.0,1.0,,,,,19.0,0.0,2.0,,CIN,AFC North,outdoor,7.0,2.0,RB,60.70588235294117,50.93355,0.5632717896240024,0.7240656181295452,0.3265504,0.67344964,17,5.666666666666667
00-0036858,J.Camp,WR,,,,,0.0,,,,,,,0.0,,,,,,,,,,,,,,,,,,,,,1.0,,,,,,,1.0,,,,,,,0.0,,,HOU,AFC South,indoor,6.0,1.0,WR,59.47058823529412,62.593353,0.4687478500171998,0.6331156433452884,0.36597428,0.6340257,1,1.0
00-0036860,J.Funk,RB,,,,0.0,,0.0,,,,,,,12.0,,,,,2.5,,5.0,,,,,,,,,,,,3.0,,1.0,,,,,0.0,,1.0,,,,,4.0,,2.0,,IND,AFC South,indoor,11.0,,,63.94117647058823,58.91931,0.4824763754831138,0.608843537414966,0.40386385,0.59613615,4,2.0
00-0036862,B.Skowronek,WR,,,,0.0,1.0,1.0,0.0,,,,4.615384615384615,3.641025641025641,3.4444444444444446,5.8,,,,,17.0,4.5,,,,,,,,,,,,9.0,14.0,10.0,4.0,,,,26.0,61.0,13.0,5.0,,,,0.0,1.0,2.0,0.0,PIT,AFC North,outdoor,9.0,3.0,WR,61.66666666666666,38.71519,0.5053905187806117,0.7651389593550934,0.43963963,0.5603604,37,9.25
00-0036875,R.Stevenson,RB,,,,5.0,6.0,4.0,8.0,,,,9.944444444444445,7.072463768115942,6.868421052631579,7.181818181818182,,,,4.48936170212766,4.9523809523809526,3.967948717948718,3.869565217391304,,,,,,,,,,,13.0,17.0,12.0,15.0,,,,22.0,88.0,51.0,41.0,,,,141.0,210.0,156.0,207.0,NE,AFC East,outdoor,14.0,3.0,RB,60.05882352941177,42.244293,0.4656508630283898,0.6714544249430653,0.374143,0.625857,57,14.25
00-0036876,K.Granson,TE,,,,0.0,0.0,1.0,0.0,,,,6.909090909090909,4.096774193548387,4.266666666666667,7.785714285714286,,,,,0.0,2.0,,,,,,,,,,,,10.0,13.0,15.0,14.0,,,,15.0,40.0,50.0,31.0,,,,0.0,1.0,1.0,0.0,IND,AFC South,indoor,14.0,3.0,TE,60.8235294117647,65.39625,0.4432556304255448,0.56524926686217,0.44970986,0.5502901,52,13.0
00-0036877,J.Darden,WR,,,,0.0,0.0,,0.0,,,,4.0,8.0,,9.0,,,,11.0,2.0,,,,,,,,,,,,,7.0,3.0,,1.0,,,,12.0,2.0,,1.0,,,,1.0,1.0,,0.0,CLE,AFC North,outdoor,10.0,,,65.94117647058823,38.249825,0.5256290958075697,0.5697059826365458,0.3131133,0.6868867,11,3.6666666666666665
00-0036879,S.Ehlinger,QB,,,,0.0,3.0,,,,,,,,,,,,,3.0,5.117647058823529,,,,,,,0.6336633663366337,,,,,,3.0,4.0,,,,,,0.0,0.0,,,,,,3.0,17.0,,,IND,AFC South,indoor,14.0,1.0,QB,64.70588235294117,36.989517,0.4991207835043202,,0.37363636,0.62636364,7,3.5
00-0036887,L.Farrell,TE,,,,0.0,0.0,0.0,0.0,,,,4.0,9.0,7.384615384615385,2.5,,,,,,,,,,,,,,,,,,8.0,4.0,9.0,10.0,,,,11.0,4.0,15.0,17.0,,,,0.0,0.0,0.0,0.0,JAX,AFC South,outdoor,12.0,3.0,TE,58.294117647058826,68.956665,0.4698388127180696,0.6291527792710461,0.38345107,0.61654896,31,7.75
00-0036893,N.Harris,RB,,,,10.0,10.0,8.0,6.0,,,,6.684210526315789,5.048780487804878,5.967741935483871,9.692307692307692,,,,3.852664576802508,3.801470588235294,4.01498127340824,3.940520446096654,,,,,1.0,,,,,,18.0,17.0,18.0,18.0,,,,96.0,53.0,41.0,51.0,,,,319.0,272.0,267.0,269.0,PIT,AFC North,outdoor,9.0,3.0,RB,61.66666666666666,38.71519,0.5053905187806117,0.7651389593550934,0.43963963,0.5603604,71,17.75
00-0036894,P.Freiermuth,TE,,,,7.0,2.0,2.0,7.0,,,,4.1875,4.4603174603174605,4.837837837837838,4.176470588235294,,,,,,,,,,,,,,,,,,17.0,15.0,12.0,18.0,,,,84.0,98.0,55.0,82.0,,,,0.0,0.0,0.0,0.0,PIT,AFC North,outdoor,9.0,3.0,TE,61.66666666666666,38.71519,0.5053905187806117,0.7651389593550934,0.43963963,0.5603604,62,15.5
00-0036898,D.Mills,QB,,,,16.0,19.0,2.0,0.0,,,,,,,,,,,2.4444444444444446,3.375,1.0,3.6666666666666665,,,,0.6675126903553299,0.6096033402922756,0.475,0.5555555555555556,,,,13.0,15.0,6.0,4.0,,,,0.0,0.0,0.0,0.0,,,,18.0,32.0,5.0,3.0,HOU,AFC South,indoor,14.0,3.0,QB,62.0,36.51212,0.4967437944706969,,0.37011886,0.62988114,38,9.5
00-0036900,J.Chase,WR,,,,14.0,11.0,7.0,17.0,,,,7.754716981132075,4.859813084112149,5.41,6.196850393700787,,,,4.076923076923077,1.8333333333333333,-2.0,10.666666666666666,,,,,,1.0,,,,,21.0,15.0,16.0,17.0,,,,163.0,162.0,145.0,175.0,,,,13.0,6.0,3.0,3.0,CIN,AFC North,outdoor,12.0,3.0,WR,62.88235294117647,56.04726,0.466805566395805,0.7055214723926381,0.323667,0.676333,69,17.25
00-0036906,K.Herbert,RB,,,,2.0,5.0,3.0,0.5,,,,7.214285714285714,9.0,6.9,3.875,,,,4.203883495145631,5.666666666666667,4.628787878787879,3.0357142857142856,,,,,,,,,,,14.0,13.0,12.0,8.0,,,,16.0,12.0,31.0,5.5,,,,103.0,129.0,132.0,18.0,CHI,NFC North,outdoor,7.0,,,62.294117647058826,26.427608,0.5368157995912503,0.8122775800711743,0.34844193,0.6515581,55,13.75
00-0036907,D.Newsome,WR,,,,0.0,,,,,,,7.5,,,,,,,,,,,,,,,,,,,,,3.0,,,,,,,5.0,,,,,,,0.0,,,,CHI,NFC North,outdoor,10.0,0.0,WR,62.76470588235294,36.133533,0.5124269728531248,0.6353197022688548,0.38238052,0.6176195,3,3.0
00-0036910,C.Saunders,WR,,,,0.0,,,,,,,0.0,,,,,,,,,,,,,,,,,,,,,1.0,,,,,,,2.0,,,,,,,0.0,,,,CAR,NFC South,outdoor,13.0,0.0,WR,64.6470588235294,47.072536,0.4963880288957688,0.5638652535204259,0.37852594,0.6214741,1,1.0
00-0036912,D.Smith,WR,,,,5.0,8.0,7.0,9.0,,,,3.794117647058824,4.954545454545454,3.786516853932584,4.333333333333333,,,,,,,1.0,,,,,,,,,,,18.0,20.0,17.0,17.0,,,,115.0,158.0,124.0,106.0,,,,0.0,0.0,0.0,1.0,PHI,NFC East,outdoor,5.0,3.0,WR,63.85714285714285,35.011185,0.4905671040345963,0.6468466305366902,0.5152871,0.4847129,72,18.0
00-0036913,K.Toney,WR,,,,0.0,2.0,1.0,0.0,,,,5.846153846153846,4.904761904761905,4.7407407407407405,,,,,2.0,11.833333333333332,2.8181818181818183,-2.0,,,,0.3333333333333333,,0.0,,,,,9.0,12.0,13.0,2.0,,,,57.0,15.0,38.0,1.0,,,,3.0,4.0,11.0,2.0,CLE,AFC North,outdoor,10.0,3.0,WR,65.94117647058823,38.249825,0.5256290958075697,0.5697059826365458,0.3131133,0.6868867,48,12.0
00-0036918,J.Harris,WR,,,,,0.0,,,,,,,2.0,,,,,,,,,,,,,,,,,,,,,1.0,,,,,,,1.0,,,,,,,0.0,,,LA,NFC West,outdoor,7.0,1.0,WR,58.05882352941177,28.25827,0.5079716303446042,0.6218134141863946,0.3809524,0.61904764,1,1.0
00-0036919,K.Gainwell,RB,,,,7.0,5.0,2.0,1.0,,,,7.421052631578948,6.633333333333334,5.8125,7.473684210526316,,,,4.304347826086956,4.895348837209302,4.170454545454546,3.772727272727273,,,,,,1.0,,,,,17.0,20.0,17.0,20.0,,,,55.0,38.0,39.0,25.0,,,,69.0,86.0,88.0,88.0,PHI,NFC East,outdoor,5.0,3.0,RB,63.85714285714285,35.011185,0.4905671040345963,0.6468466305366902,0.5152871,0.4847129,74,18.5
00-0036924,M.Carter,RB,,,,4.0,3.0,0.5,1.0,,,,9.47222222222222,6.682926829268292,3.5444444444444443,6.636363636363637,,,,4.346938775510204,3.526315789473684,5.761363636363637,3.742857142857143,,,,,,,,,,,14.0,16.0,15.0,3.0,,,,55.0,54.0,15.5,11.0,,,,147.0,114.0,15.0,35.0,ARI,NFC West,indoor,11.0,3.0,RB,60.64705882352941,72.118904,0.5242244885570327,0.8438077634011091,0.40543163,0.5945684,63,15.75
00-0036928,K.Trask,QB,,,,,0.0,0.0,0.0,,,,,,,,,,,,,-1.0,-0.8,,,,,0.3333333333333333,0.0,1.0,,,,,1.0,2.0,3.0,,,,,0.0,0.0,0.0,,,,,0.0,1.0,5.0,TB,NFC South,outdoor,11.0,3.0,QB,62.66666666666666,61.497734,0.5047483905843039,,0.39893618,0.60106385,6,2.0
00-0036929,I.Book,QB,,,,0.0,,,,,,,,,,,,,,2.0,,,,,,,0.6,,,,,,,1.0,,,,,,,0.0,,,,,,,3.0,,,,NO,NFC South,indoor,6.0,0.0,QB,61.1764705882353,58.540142,0.4971569639207592,,0.44134617,0.55865383,1,1.0
00-0036936,R.Moore,WR,,,,1.0,1.0,2.0,,,,,7.694915254237288,6.853658536585366,5.4,,,,,4.222222222222222,-0.8333333333333334,6.357142857142857,,,,,,,,,,,,15.0,8.0,17.0,,,,,70.0,56.0,62.0,,,,,18.0,6.0,28.0,,ARI,NFC West,indoor,14.0,2.0,WR,63.0,56.27595,0.5453732370141039,0.6186548460703999,0.40709618,0.59290385,40,13.333333333333334
00-0036945,J.Fields,QB,,,,9.0,25.0,20.0,10.0,,,,,,,,,,,5.833333333333333,7.14375,5.298387096774194,4.661290322580645,,,,0.5888888888888889,0.6037735849056604,0.6135135135135135,0.654320987654321,,,,12.0,15.0,13.0,11.0,,,,0.0,0.0,0.0,0.0,,,,72.0,160.0,124.0,62.0,PIT,AFC North,outdoor,9.0,3.0,QB,61.66666666666666,38.71519,0.5053905187806117,,0.43963963,0.5603604,51,12.75
00-0036946,K.Mond,QB,,,,0.0,,,,,,,,,,,,,,,,,,,,,0.6666666666666666,,,,,,,1.0,,,,,,,0.0,,,,,,,0.0,,,,MIN,NFC North,indoor,7.0,0.0,QB,63.294117647058826,74.55339,0.4963805129895095,,0.3977695,0.6022305,1,1.0
00-0036950,A.Williams,RB,,,,,1.0,,,,,,,6.538461538461538,,,,,,,4.954545454545454,,,,,,,,,,,,,,14.0,,,,,,,14.0,,,,,,,22.0,,,ATL,NFC South,indoor,14.0,1.0,RB,58.8235294117647,47.362667,0.4559734110362411,0.6240579710144927,0.512,0.488,14,14.0
00-0036951,F.Darby,WR,,,,0.0,0.0,,,,,,11.0,1.0,,,,,,,,,,,,,,,,,,,,2.0,1.0,,,,,,4.0,1.0,,,,,,0.0,0.0,,,ATL,NFC South,indoor,14.0,1.0,WR,58.8235294117647,47.362667,0.4559734110362411,0.6240579710144927,0.512,0.488,3,1.5
00-0036955,T.Marshall,WR,,,,0.0,1.0,0.0,0.0,,,,3.7058823529411766,4.714285714285714,2.526315789473684,1.3333333333333333,,,,,,,,,,,,,,,,,,12.0,13.0,8.0,5.0,,,,30.0,47.0,33.0,6.0,,,,0.0,0.0,0.0,0.0,LV,AFC West,indoor,10.0,3.0,WR,62.0,51.68756,0.5222465043809061,0.6363027515532962,0.33301708,0.66698295,38,9.5
00-0036959,M.Bandy,WR,,,,,0.0,,,,,,,2.5,,,,,,,,,,,,,,,,,,,,,7.0,,,,,,,21.0,,,,,,,0.0,,,LAC,AFC West,outdoor,8.0,1.0,WR,66.94444444444444,70.019165,0.4429566563467492,0.6716082659478886,0.3195021,0.68049794,7,7.0
00-0036963,A.St. Brown,WR,,,,6.0,6.0,11.0,13.0,,,,4.711111111111111,5.009433962264151,5.609929078014185,3.845528455284553,,,,8.714285714285714,10.555555555555555,5.2,3.0,,,,,,,1.0,,,,16.0,16.0,19.0,18.0,,,,119.0,146.0,198.0,151.0,,,,7.0,9.0,5.0,2.0,DET,NFC North,indoor,5.0,3.0,WR,64.66666666666667,66.82518,0.5130747620685701,0.7933218192285549,0.45017183,0.5498282,69,17.25
00-0036970,K.Pitts,TE,,,,1.0,2.0,3.0,4.0,,,,4.602941176470588,4.642857142857143,2.5283018867924527,5.787234042553192,,,,,,-4.0,,,,,,,,,,,,17.0,10.0,17.0,17.0,,,,110.0,59.0,90.0,74.0,,,,0.0,0.0,1.0,0.0,ATL,NFC South,indoor,12.0,3.0,TE,63.11764705882353,67.74269,0.5062640742571539,0.6249132765689057,0.444548,0.555452,61,15.25
00-0036971,T.Lawrence,QB,,,,14.0,35.0,25.0,14.0,,,,,,,,,,,4.575342465753424,4.924242424242424,4.842857142857143,4.576923076923077,,,,0.5963455149501661,0.655223880597015,0.6560283687943262,0.6056338028169014,,,,17.0,19.0,16.0,10.0,,,,0.0,0.0,0.0,0.0,,,,73.0,66.0,70.0,26.0,JAX,AFC South,outdoor,12.0,3.0,QB,58.294117647058826,68.956665,0.4698388127180696,,0.38345107,0.61654896,62,15.5
00-0036972,M.Jones,QB,,,,24.0,15.0,10.0,9.0,,,,,,,,,,,3.1956521739130435,2.1702127659574466,3.692307692307693,3.2857142857142856,,,,0.6726296958855098,0.6515837104072398,0.6492753623188405,0.6526717557251909,,,,18.0,14.0,11.0,10.0,,,,0.0,0.0,0.0,0.0,,,,46.0,47.0,26.0,28.0,JAX,AFC South,outdoor,12.0,3.0,QB,58.294117647058826,68.956665,0.4698388127180696,,0.38345107,0.61654896,53,13.25
00-0036973,T.Etienne,RB,,,,,6.0,12.0,2.0,,,,,10.256410256410255,9.017241379310343,7.589743589743589,,,,,5.184,3.775280898876405,3.72,,,,,,,,,,,,19.0,17.0,15.0,,,,,49.0,73.0,52.0,,,,,250.0,267.0,150.0,JAX,AFC South,outdoor,12.0,3.0,RB,58.294117647058826,68.956665,0.4698388127180696,0.6291527792710461,0.38345107,0.61654896,51,17.0
00-0036980,E.Moore,WR,,,,6.0,1.0,2.0,1.0,,,,4.813953488372093,2.5135135135135136,3.278688524590164,2.180327868852459,,,,10.8,1.0,1.2222222222222223,1.0,,,,,,,,,,,11.0,14.0,17.0,17.0,,,,77.0,65.0,106.0,102.0,,,,5.0,5.0,9.0,1.0,CLE,AFC North,outdoor,10.0,3.0,WR,65.94117647058823,38.249825,0.5256290958075697,0.5697059826365458,0.3131133,0.6868867,59,14.75
00-0036984,T.Sermon,RB,,,,1.0,0.0,0.0,2.0,,,,6.0,,2.0,6.1875,,,,4.073170731707317,9.5,4.571428571428571,2.8392857142857144,,,,,,,,,,,5.0,1.0,8.0,14.0,,,,4.0,0.0,6.0,19.0,,,,41.0,2.0,35.0,56.0,IND,AFC South,indoor,14.0,3.0,RB,60.8235294117647,65.39625,0.4432556304255448,0.56524926686217,0.44970986,0.5502901,28,7.0
00-0036988,J.Palmer,WR,,,,4.0,3.0,2.0,1.0,,,,3.0303030303030303,3.527027027027027,5.157894736842105,2.58974358974359,,,,6.0,4.0,6.0,,,,,,,,,,,,15.0,17.0,10.0,15.0,,,,49.0,113.0,61.0,65.0,,,,1.0,1.0,1.0,0.0,LAC,AFC West,outdoor,5.0,3.0,WR,58.44444444444444,46.232723,0.4612792875434774,0.6227611940298508,0.40779468,0.59220535,57,14.25
00-0036991,A.Rodgers,WR,,,,0.0,0.5,0.0,,,,,6.0,3.5416666666666665,,,,,,11.0,3.5,,,,,,,,,,,,,4.0,9.0,1.0,,,,,8.0,12.5,2.0,,,,,1.0,1.0,0.0,,IND,AFC South,indoor,11.0,2.0,WR,63.94117647058823,58.91931,0.4824763754831138,0.608843537414966,0.40386385,0.59613615,23,7.666666666666667
00-0036997,J.Williams,RB,,,,7.0,0.0,5.0,4.0,,,,7.976744186046512,7.375,6.404255319148936,7.555555555555555,,,,4.448275862068965,4.340425531914893,3.566820276497696,3.712328767123288,,,,,,,,,,,17.0,4.0,16.0,18.0,,,,53.0,22.0,58.0,72.0,,,,203.0,47.0,217.0,146.0,DEN,AFC West,outdoor,14.0,3.0,RB,60.0,81.61123,0.5030988418759317,0.6604414261460102,0.37685186,0.62314814,55,13.75
00-0036999,A.Schwartz,WR,,,,1.0,1.0,,,,,,1.0,6.75,,,,,,6.5,14.25,,,,,,,,,,,,,12.0,6.0,,,,,,23.0,10.0,,,,,,6.0,4.0,,,CLE,AFC North,outdoor,9.0,1.0,WR,64.6470588235294,51.29986,0.5109472065399947,0.6109596684202137,0.44040036,0.55959964,18,9.0
00-0037004,H.Long,TE,,,,0.0,0.0,,0.0,,,,4.0,,,3.75,,,,,,,,,,,,,,,,,,3.0,1.0,,8.0,,,,3.0,1.0,,11.0,,,,0.0,0.0,,0.0,LA,NFC West,outdoor,6.0,3.0,TE,60.36842105263158,65.3435,0.5321760283060593,0.6566492450638792,0.4115083,0.58849174,12,4.0
00-0037005,T.Tremble,TE,,,,2.0,3.0,3.0,2.0,,,,3.5,3.263157894736842,4.130434782608695,5.434782608695652,,,,3.6666666666666665,,,,,,,,,,,,,,14.0,14.0,13.0,10.0,,,,35.0,32.0,32.0,32.0,,,,3.0,0.0,0.0,0.0,CAR,NFC South,outdoor,11.0,3.0,TE,58.05882352941177,64.39622,0.4901164387323556,0.6359375,0.36372846,0.63627154,51,12.75
00-0037011,T.McKitty,TE,,,,0.0,0.0,,,,,,5.666666666666667,4.75,,,,,,,,,,,,,,,,,,,,6.0,9.0,,,,,,8.0,20.0,,,,,,0.0,0.0,,,LAC,AFC West,outdoor,8.0,1.0,TE,66.94444444444444,70.019165,0.4429566563467492,0.6716082659478886,0.3195021,0.68049794,15,7.5
00-0037012,T.Lance,QB,,,,6.0,0.0,,0.0,,,,,,,,,,,4.421052631578948,4.1875,,3.727272727272727,,,,0.5774647887323944,0.4838709677419355,,0.6097560975609756,,,,6.0,2.0,,4.0,,,,0.0,0.0,,0.0,,,,38.0,16.0,,11.0,DAL,NFC East,indoor,7.0,3.0,QB,64.41176470588235,66.249146,0.5172044875741835,,0.37260273,0.62739724,12,4.0
00-0037013,Z.Wilson,QB,,,,13.0,8.0,8.0,,,,,,0.0,,,,,,6.379310344827586,3.642857142857143,5.861111111111111,,,,,0.556135770234987,0.5454545454545454,0.6005434782608695,,,,,13.0,9.0,12.0,,,,,1.0,1.0,0.0,,,,,29.0,28.0,36.0,,NYJ,AFC East,outdoor,7.0,2.0,QB,61.70588235294117,32.38125,0.4925520259703469,,0.33746424,0.6625357,34,11.333333333333334
00-0037055,L.McCutcheon,WR,,,,,0.0,,,,,,,,,,,,,,,,,,,,,,,,,,,,2.0,,,,,,,5.0,,,,,,,0.0,,,LA,NFC West,outdoor,7.0,0.0,WR,58.05882352941177,28.25827,0.5079716303446042,0.6218134141863946,0.3809524,0.61904764,2,2.0
00-0037077,S.Howell,QB,,,,,2.0,26.0,0.0,,,,,,3.0,,,,,,7.0,5.479166666666667,2.0,,,,,0.5789473684210527,0.6339869281045751,0.3571428571428571,,,,,1.0,17.0,1.0,,,,,0.0,1.0,0.0,,,,,5.0,48.0,1.0,SEA,NFC West,outdoor,10.0,2.0,QB,59.88235294117647,43.293674,0.4867004593375017,,0.3388998,0.6611002,19,6.333333333333333
00-0037078,C.Turner,TE,,,,,0.0,0.0,,,,,,3.5,4.545454545454546,,,,,,,,,,,,,,,,,,,,5.0,7.0,,,,,,9.0,15.0,,,,,,0.0,0.0,,WAS,NFC East,outdoor,14.0,1.0,TE,62.35294117647059,35.964767,0.4979744632631174,0.7082978118783745,0.30471697,0.695283,12,6.0
00-0037085,T.Badie,RB,,,,,1.0,,0.0,,,,,31.0,,1.3333333333333333,,,,,0.0,,7.230769230769231,,,,,,,,,,,,1.0,,4.0,,,,,1.0,,3.0,,,,,1.0,,13.0,DEN,AFC West,outdoor,14.0,2.0,RB,60.0,81.61123,0.5030988418759317,0.6604414261460102,0.37685186,0.62314814,5,2.5
00-0037086,G.Calcaterra,TE,,,,,0.0,0.0,1.0,,,,,8.2,8.0,5.04,,,,,,,,,,,,,,,,,,,5.0,2.0,14.0,,,,,9.0,4.0,31.0,,,,,0.0,0.0,0.0,PHI,NFC East,outdoor,5.0,2.0,TE,63.85714285714285,35.011185,0.4905671040345963,0.6468466305366902,0.5152871,0.4847129,21,7.0
00-0037087,T.Ebner,RB,,,,,0.0,,,,,,,-0.5,,,,,,,2.25,,,,,,,,,,,,,,7.0,,,,,,,8.0,,,,,,,24.0,,,CHI,NFC North,outdoor,14.0,0.0,RB,57.94117647058823,12.246025,0.554348529917643,0.49767416545718435,0.48324874,0.5167513,7,7.0
00-0037091,B.Melton,WR,,,,,,2.0,0.0,,,,,,2.111111111111111,0.7777777777777778,,,,,,7.0,6.75,,,,,,,,,,,,,6.0,12.0,,,,,,27.0,20.0,,,,,,3.0,8.0,GB,NFC North,outdoor,10.0,2.0,WR,60.05555555555556,77.791176,0.5411923053821919,0.6847808507197153,0.48103607,0.51896393,18,9.0
00-0037093,D.Young,WR,,,,,0.0,,0.0,,,,,8.0,,,,,,,,,,,,,,,,,,,,,2.0,,1.0,,,,,3.0,,1.0,,,,,0.0,,0.0,SEA,NFC West,outdoor,10.0,2.0,WR,59.88235294117647,43.293674,0.4867004593375017,0.5306475531389026,0.3388998,0.6611002,3,1.5
00-0037098,S.Toure,WR,,,,,1.0,0.0,,,,,,2.2,2.25,,,,,,,,,,,,,,,,,,,,4.0,8.0,,,,,,10.0,18.0,,,,,,0.0,0.0,,GB,NFC North,outdoor,6.0,1.0,WR,60.8421052631579,77.32212,0.4953945751892631,0.8225552050473186,0.40051904,0.599481,12,6.0
00-0037112,J.Tonges,TE,,,,,0.0,,,,,,,,,,,,,,,,,,,,,,,,,,,,1.0,,,,,,,1.0,,,,,,,0.0,,,CHI,NFC North,outdoor,14.0,0.0,TE,57.94117647058823,12.246025,0.554348529917643,0.49767416545718435,0.48324874,0.5167513,1,1.0
00-0037120,T.Goodson,RB,,,,,,0.0,2.0,,,,,,8.5,6.090909090909091,,,,,,6.6923076923076925,4.78125,,,,,,,,,,,,,6.0,9.0,,,,,,9.0,15.0,,,,,,13.0,32.0,IND,AFC South,indoor,14.0,2.0,RB,60.8235294117647,65.39625,0.4432556304255448,0.56524926686217,0.44970986,0.5502901,15,7.5
00-0037132,B.Covey,WR,,,,,,0.0,0.0,,,,,,6.5,4.0,,,,,,,,,,,,,,,,,,,,2.0,3.0,,,,,,6.0,8.0,,,,,,0.0,0.0,PHI,NFC East,outdoor,5.0,2.0,WR,63.85714285714285,35.011185,0.4905671040345963,0.6468466305366902,0.5152871,0.4847129,5,2.5
00-0037156,I.Charles,WR,,,,,,0.0,0.0,,,,,,,,,,,,,,,,,,,,,,,,,,,1.0,1.0,,,,,,1.0,1.0,,,,,,0.0,0.0,NYJ,AFC East,outdoor,12.0,2.0,WR,59.64705882352941,62.289284,0.4854509399218924,0.7014321295143213,0.3382643,0.6617357,2,1.0
00-0037157,Z.Knight,RB,,,,,1.0,0.0,,,,,,10.153846153846152,13.0,,,,,,3.5294117647058822,4.333333333333333,,,,,,,,,,,,,7.0,2.0,,,,,,14.0,1.0,,,,,,85.0,3.0,,DET,NFC North,indoor,9.0,1.0,RB,65.4,71.383415,0.4974600717479974,0.6759776536312849,0.41590214,0.58409786,9,4.5
00-0037168,A.Rogers,TE,,,,,0.0,,,,,,,11.4,,,,,,,13.0,,,,,,,,,,,,,,5.0,,,,,,,6.0,,,,,,,2.0,,,WAS,NFC East,outdoor,14.0,0.0,TE,66.76470588235294,47.573685,0.5201835326493859,0.6079191319465919,0.44052863,0.55947137,5,5.0
00-0037175,A.Brown,QB,,,,,0.0,,,,,,,,,,,,,,-1.6666666666666667,,,,,,,0.4489795918367347,,,,,,,2.0,,,,,,,0.0,,,,,,,3.0,,,BAL,AFC North,outdoor,10.0,0.0,QB,60.888888888888886,55.380417,0.5155276535565494,,0.45620438,0.54379565,2,2.0
00-0037197,I.Pacheco,RB,,,,,6.0,12.0,1.0,,,,,12.947368421052632,7.75,9.2,,,,,4.961352657004831,4.363636363636363,3.6145833333333335,,,,,,,,,,,,20.0,18.0,10.0,,,,,21.0,61.0,21.0,,,,,207.0,286.0,96.0,KC,AFC West,outdoor,6.0,2.0,RB,61.4,56.569695,0.5115963929431422,0.6523858592263792,0.35667753,0.64332247,48,16.0
00-0037216,J.Ross,WR,,,,,,0.0,0.0,,,,,,2.5,,,,,,,,,,,,,,,,,,,,,5.0,1.0,,,,,,11.0,1.0,,,,,,0.0,0.0,KC,AFC West,outdoor,6.0,2.0,WR,61.4,56.569695,0.5115963929431422,0.6523858592263792,0.35667753,0.64332247,6,3.0
00-0037228,J.Warren,RB,,,,,1.0,4.0,1.0,,,,,8.035714285714286,7.984126984126984,8.166666666666666,,,,,4.922077922077922,5.235668789808917,4.237704918032787,,,,,,,,,,,,16.0,18.0,16.0,,,,,33.0,76.0,52.0,,,,,77.0,157.0,122.0,PIT,AFC North,outdoor,9.0,2.0,RB,61.66666666666666,38.71519,0.5053905187806117,0.7651389593550934,0.43963963,0.5603604,50,16.666666666666668
00-0037231,K.Austin,WR,,,,,,,0.0,,,,,,,3.363636363636364,,,,,,,9.0,,,,,,,,,,,,,,8.0,,,,,,,22.0,,,,,,,1.0,NO,NFC South,indoor,12.0,2.0,WR,60.35294117647059,62.051647,0.4943759340681577,0.5697110849912208,0.39766082,0.6023392,8,8.0
00-0037238,D.London,WR,,,,,4.0,2.0,9.0,,,,,3.111111111111111,2.7246376811594204,3.27,,,,,,,-3.0,,,,,,1.0,,,,,,17.0,16.0,17.0,,,,,117.0,110.0,158.0,,,,,0.0,0.0,1.0,ATL,NFC South,indoor,12.0,2.0,WR,63.11764705882353,67.74269,0.5062640742571539,0.6249132765689057,0.444548,0.555452,50,16.666666666666668
00-0037239,C.Olave,WR,,,,,4.0,5.0,1.0,,,,,2.9166666666666665,3.9885057471264367,3.78125,,,,,,,7.0,,,,,,,,,,,,15.0,16.0,8.0,,,,,119.0,138.0,44.0,,,,,0.0,0.0,1.0,NO,NFC South,indoor,12.0,2.0,WR,60.35294117647059,62.051647,0.4943759340681577,0.5697110849912208,0.39766082,0.6023392,39,13.0
00-0037240,J.Williams,WR,,,,,1.0,5.0,9.0,,,,,5.0,3.633333333333333,8.423728813559322,,,,,40.0,17.75,10.166666666666666,,,,,,,0.0,,,,,6.0,15.0,16.0,,,,,9.0,51.0,95.0,,,,,1.0,4.0,12.0,DET,NFC North,indoor,5.0,2.0,WR,64.66666666666667,66.82518,0.5130747620685701,0.7933218192285549,0.45017183,0.5498282,37,12.333333333333334
00-0037247,G.Pickens,WR,,,,,5.0,5.0,4.0,,,,,2.0,5.735294117647059,3.6875,,,,,8.0,8.25,-3.0,,,,,,,,,,,,17.0,18.0,15.0,,,,,84.0,117.0,108.0,,,,,3.0,4.0,2.0,PIT,AFC North,outdoor,9.0,2.0,WR,61.66666666666666,38.71519,0.5053905187806117,0.7651389593550934,0.43963963,0.5603604,50,16.666666666666668
00-0037248,J.Cook,RB,,,,,4.0,6.0,21.0,,,,,6.285714285714286,8.538461538461538,8.842105263157896,,,,,5.273584905660377,4.622710622710622,4.926923076923077,,,,,,,,,,,,18.0,19.0,19.0,,,,,32.0,63.0,44.0,,,,,106.0,273.0,260.0,BUF,AFC East,outdoor,12.0,2.0,RB,60.1,91.19061,0.4954661162710698,0.5498380675371826,0.44009984,0.55990016,56,18.666666666666668
00-0037252,G.Dulcich,TE,,,,,2.0,0.0,0.0,,,,,4.696969696969697,1.6666666666666667,3.0,,,,,,,,,,,,,,,,,,,10.0,2.0,3.0,,,,,55.0,4.0,12.0,,,,,0.0,0.0,0.0,DEN,AFC West,outdoor,14.0,,,60.0,81.61123,0.5030988418759317,0.6604414261460102,0.37685186,0.62314814,15,5.0
00-0037256,R.White,RB,,,,,3.0,10.0,9.0,,,,,6.592592592592593,9.55072463768116,9.924528301886792,,,,,3.838235294117647,3.7357859531772575,4.23448275862069,,,,,,,,,,,,17.0,19.0,16.0,,,,,64.0,78.0,59.0,,,,,136.0,299.0,145.0,TB,NFC South,outdoor,11.0,2.0,RB,62.66666666666666,61.497734,0.5047483905843039,0.858843537414966,0.39893618,0.60106385,52,17.333333333333332
00-0037257,D.Bell,WR,,,,,0.0,3.0,0.0,,,,,2.875,4.0,2.6666666666666665,,,,,,,,,,,,,,,,,,,14.0,10.0,1.0,,,,,35.0,31.0,3.0,,,,,0.0,0.0,0.0,CLE,AFC North,outdoor,10.0,2.0,WR,65.94117647058823,38.249825,0.5256290958075697,0.5697059826365458,0.3131133,0.6868867,25,8.333333333333334
00-0037258,D.Pierce,RB,,,,,5.0,2.0,2.0,,,,,6.566666666666666,7.3076923076923075,2.5,,,,,4.2681818181818185,2.810810810810811,6.913043478260869,,,,,,,,,,,,13.0,14.0,11.0,,,,,39.0,17.0,5.0,,,,,220.0,148.0,46.0,HOU,AFC South,indoor,14.0,2.0,RB,62.0,36.51212,0.4967437944706969,0.5956529885703579,0.37011886,0.62988114,38,12.666666666666666
00-0037261,K.Shakir,WR,,,,,1.0,4.0,4.0,,,,,5.6,6.836734693877551,7.404255319148936,,,,,,10.0,2.0,,,,,,,,,,,,12.0,18.0,18.0,,,,,27.0,57.0,120.0,,,,,0.0,1.0,2.0,BUF,AFC East,outdoor,12.0,2.0,WR,60.1,91.19061,0.4954661162710698,0.5498380675371826,0.44009984,0.55990016,48,16.0
00-0037263,T.Allgeier,RB,,,,,4.0,5.0,3.0,,,,,10.5,12.055555555555555,7.153846153846154,,,,,4.928571428571429,3.672043010752688,4.700729927007299,,,,,,,,,,,,16.0,17.0,17.0,,,,,17.0,23.0,13.0,,,,,210.0,186.0,137.0,ATL,NFC South,indoor,12.0,2.0,RB,63.11764705882353,67.74269,0.5062640742571539,0.6249132765689057,0.444548,0.555452,50,16.666666666666668
00-0037265,S.Conner,RB,,,,,1.0,,,,,,,,,,,,,,3.5,,,,,,,,,,,,,,5.0,,,,,,,0.0,,,,,,,12.0,,,JAX,AFC South,outdoor,11.0,0.0,RB,62.94736842105263,77.579346,0.4780565965998587,0.6457937584803257,0.3779264,0.6220736,5,5.0
00-0037267,J.Ford,RB,,,,,0.0,9.0,3.0,,,,,,6.854166666666667,7.945945945945946,,,,,1.5,3.896713615023474,5.432692307692308,,,,,,,,,,,,2.0,18.0,14.0,,,,,0.0,67.0,43.0,,,,,8.0,213.0,104.0,CLE,AFC North,outdoor,10.0,2.0,RB,65.94117647058823,38.249825,0.5256290958075697,0.5697059826365458,0.3131133,0.6868867,34,11.333333333333334
00-0037272,M.Washington,WR,,,,,0.0,,,,,,,3.25,,,,,,,6.0,,,,,,,,,,,,,,9.0,,,,,,,9.0,,,,,,,5.0,,,DEN,AFC West,outdoor,9.0,0.0,WR,62.94117647058823,29.676945,0.4720785527833424,0.603413796348579,0.38037384,0.61962616,9,9.0
00-0037273,K.Philips,WR,,,,,0.0,0.0,,,,,,2.625,5.266666666666667,,,,,,,,,,,,,,,,,,,,4.0,8.0,,,,,,13.0,22.0,,,,,,0.0,0.0,,TEN,AFC South,outdoor,7.0,1.0,WR,57.88235294117647,14.859611,0.5134260102389769,0.6773799374822392,0.41463414,0.58536583,12,6.0
00-0037276,T.Chandler,RB,,,,,0.0,3.0,0.0,,,,,,9.80952380952381,8.833333333333334,,,,,3.333333333333333,4.519607843137255,3.25,,,,,,,,,,,,1.0,13.0,10.0,,,,,0.0,25.0,6.0,,,,,6.0,102.0,56.0,MIN,NFC North,indoor,6.0,2.0,RB,61.11111111111112,38.288708,0.4694033558842641,0.8299145299145299,0.38454545,0.61545455,24,8.0
00-0037277,T.Quitoriano,TE,,,,,2.0,0.0,,,,,,7.571428571428571,9.0,,,,,,,,,,,,,,,,,,,,7.0,3.0,,,,,,14.0,3.0,,,,,,0.0,0.0,,HOU,AFC South,indoor,7.0,1.0,TE,61.31578947368421,56.820095,0.4898520811833505,0.5855513664744617,0.38454935,0.6154506,10,5.0
00-0037282,J.Mitchell,TE,,,,,1.0,0.0,,,,,,5.636363636363637,6.0,,,,,,,,,,,,,,,,,,,,8.0,2.0,,,,,,11.0,2.0,,,,,,0.0,0.0,,DET,NFC North,indoor,9.0,1.0,TE,65.4,71.383415,0.4974600717479974,0.6759776536312849,0.41590214,0.58409786,10,5.0
00-0037286,K.Harris,RB,,,,,1.0,1.0,,,,,,,19.666666666666668,,,,,,2.888888888888889,4.0625,,,,,,,,,,,,,5.0,4.0,,,,,,0.0,3.0,,,,,,18.0,16.0,,NE,AFC East,outdoor,11.0,1.0,RB,59.76470588235294,46.68542,0.5140518539717229,0.6241659830462127,0.382874,0.617126,9,4.5
00-0037291,J.Nailor,WR,,,,,1.0,0.0,6.0,,,,,7.444444444444445,7.0,3.6774193548387095,,,,,,,-1.3333333333333333,,,,,,,,,,,,5.0,2.0,16.0,,,,,13.0,6.0,47.0,,,,,0.0,0.0,3.0,MIN,NFC North,indoor,6.0,2.0,WR,61.11111111111112,38.288708,0.4694033558842641,0.8299145299145299,0.38454545,0.61545455,23,7.666666666666667
00-0037292,A.Ogletree,TE,,,,,,2.0,1.0,,,,,,3.333333333333333,5.555555555555555,,,,,,,,,,,,,,,,,,,,10.0,11.0,,,,,,21.0,14.0,,,,,,0.0,0.0,IND,AFC South,indoor,14.0,2.0,TE,60.8235294117647,65.39625,0.4432556304255448,0.56524926686217,0.44970986,0.5502901,21,10.5
00-0037299,K.Ingram,RB,,,,,1.0,0.0,,,,,,8.0,7.75,,,,,,2.2222222222222223,2.1142857142857143,,,,,,,,,,,,,10.0,7.0,,,,,,5.0,4.0,,,,,,27.0,35.0,,ARI,NFC West,indoor,14.0,,,63.0,56.27595,0.5453732370141039,0.6186548460703999,0.40709618,0.59290385,17,8.5
00-0037300,M.Woods,WR,,,,,0.0,,0.0,,,,,3.4,,5.0,,,,,-5.0,,,,,,,,,,,,,,6.0,,5.0,,,,,10.0,,17.0,,,,,1.0,,0.0,CLE,AFC North,outdoor,10.0,2.0,WR,65.94117647058823,38.249825,0.5256290958075697,0.5697059826365458,0.3131133,0.6868867,11,5.5
00-0037304,C.Heyward,TE,,,,,1.0,0.0,1.0,,,,,5.166666666666667,3.9166666666666665,1.1666666666666667,,,,,13.5,0.0,,,,,,,0.0,,,,,,8.0,12.0,5.0,,,,,17.0,35.0,8.0,,,,,2.0,1.0,0.0,PIT,AFC North,outdoor,9.0,2.0,TE,61.66666666666666,38.71519,0.5053905187806117,0.7651389593550934,0.43963963,0.5603604,25,8.333333333333334
00-0037306,J.FitzPatrick,TE,,,,,,0.0,0.0,,,,,,10.0,0.0,,,,,,,,,,,,,,,,,,,,1.0,1.0,,,,,,1.0,1.0,,,,,,0.0,0.0,GB,NFC North,outdoor,10.0,2.0,TE,60.05555555555556,77.791176,0.5411923053821919,0.6847808507197153,0.48103607,0.51896393,2,1.0
00-0037311,K.Kieft,TE,,,,,1.0,1.0,,,,,,4.428571428571429,2.0,,,,,,,,,,,,,,,,,,,,9.0,3.0,,,,,,11.0,5.0,,,,,,0.0,0.0,,TB,NFC South,outdoor,5.0,1.0,TE,60.94736842105263,56.716423,0.4953687107345246,0.3203732503888025,0.36873922,0.6312608,12,6.0
00-0037317,N.Muse,TE,,,,,,0.0,,,,,,,10.0,,,,,,,,,,,,,,,,,,,,,1.0,,,,,,,1.0,,,,,,,0.0,,MIN,NFC North,indoor,13.0,1.0,TE,62.52941176470589,56.138897,0.5089060598439582,0.6623371276453089,0.33301976,0.66698027,1,1.0
00-0037324,C.Oladokun,QB,,,,,,,0.0,,,,,,,,,,,,,,5.0,,,,,,,,,,,,,,1.0,,,,,,,0.0,,,,,,,1.0,KC,AFC West,outdoor,6.0,2.0,QB,61.4,56.569695,0.5115963929431422,,0.35667753,0.64332247,1,1.0
00-0037327,S.Thompson,QB,,,,,2.0,,0.0,,,,,,,,,,,,1.5,,4.0,,,,,0.52,,0.6363636363636364,,,,,8.0,,2.0,,,,,0.0,,0.0,,,,,16.0,,1.0,MIA,AFC East,outdoor,6.0,2.0,QB,63.294117647058826,57.18794,0.4137477488415387,,0.3866171,0.6133829,10,5.0
00-0037331,Z.Horvath,RB,,,,,2.0,,,,,,,0.2,,,,,,,2.0,,,,,,,,,,,,,,8.0,,,,,,,8.0,,,,,,,4.0,,,LAC,AFC West,outdoor,8.0,0.0,RB,66.94444444444444,70.019165,0.4429566563467492,0.6716082659478886,0.3195021,0.68049794,8,8.0
00-0037348,T.Conner,WR,,,,,0.0,,0.0,,,,,,,1.6666666666666667,,,,,,,,,,,,,,,,,,,2.0,,2.0,,,,,3.0,,4.0,,,,,0.0,,0.0,MIA,AFC East,outdoor,6.0,2.0,WR,63.294117647058826,57.18794,0.4137477488415387,0.6473066407276933,0.3866171,0.6133829,4,2.0
00-0037355,B.Sanders,WR,,,,,0.0,,,,,,,1.5,,,,,,,,,,,,,,,,,,,,,2.0,,,,,,,3.0,,,,,,,0.0,,,MIA,AFC East,outdoor,11.0,0.0,WR,59.16666666666666,65.135864,0.5395740167411994,0.5959177215189874,0.35211268,0.64788735,2,2.0
00-0037382,B.Johnson,WR,,,,,1.0,4.0,0.0,,,,,2.1666666666666665,4.684210526315789,4.0,,,,,,,,,,,,,,,,,,,4.0,10.0,1.0,,,,,14.0,30.0,1.0,,,,,0.0,0.0,0.0,PIT,AFC North,outdoor,9.0,2.0,WR,61.66666666666666,38.71519,0.5053905187806117,0.7651389593550934,0.43963963,0.5603604,15,5.0
00-0037387,J.Virgil,WR,,,,,1.0,,,,,,,21.5,,,,,,,,,,,,,,,,,,,,,4.0,,,,,,,5.0,,,,,,,0.0,,,DEN,AFC West,outdoor,9.0,0.0,WR,62.94117647058823,29.676945,0.4720785527833424,0.603413796348579,0.38037384,0.61962616,4,4.0
00-0037410,J.Corbin,RB,,,,,,0.0,,,,,,,4.333333333333333,,,,,,,1.0,,,,,,,,,,,,,,1.0,,,,,,,3.0,,,,,,,1.0,,NYG,NFC East,outdoor,13.0,1.0,RB,61.70588235294117,0.0,0.4977923470729881,0.6532979608822306,0.36320305,0.63679695,1,1.0
00-0037420,K.Lassiter,WR,,,,,,0.0,,,,,,,3.0,,,,,,,,,,,,,,,,,,,,,1.0,,,,,,,1.0,,,,,,,0.0,,CIN,AFC North,outdoor,7.0,1.0,WR,60.70588235294117,50.93355,0.5632717896240024,0.7240656181295452,0.3265504,0.67344964,1,1.0
00-0037422,K.Pryor,WR,,,,,,,0.0,,,,,,,0.0,,,,,,,,,,,,,,,,,,,,,1.0,,,,,,,1.0,,,,,,,0.0,CIN,AFC North,outdoor,12.0,2.0,WR,62.88235294117647,56.04726,0.466805566395805,0.7055214723926381,0.323667,0.676333,1,1.0
00-0037429,R.Blackshear,RB,,,,,3.0,0.0,0.0,,,,,10.5,6.333333333333333,,,,,,3.347826086956522,3.2857142857142856,5.333333333333333,,,,,,,,,,,,10.0,8.0,3.0,,,,,12.0,7.0,0.0,,,,,23.0,14.0,15.0,CAR,NFC South,outdoor,11.0,2.0,RB,58.05882352941177,64.39622,0.4901164387323556,0.6359375,0.36372846,0.63627154,21,7.0
00-0037450,T.McAllister,RB,,,,,,,0.0,,,,,,,,,,,,,,5.5,,,,,,,,,,,,,,1.0,,,,,,,0.0,,,,,,,2.0,LV,AFC West,indoor,10.0,2.0,RB,62.0,51.68756,0.5222465043809061,0.6363027515532962,0.33301708,0.66698295,1,1.0
00-0037451,R.Williams,TE,,,,,,0.0,,,,,,,,,,,,,,,,,,,,,,,,,,,,1.0,,,,,,,2.0,,,,,,,0.0,,PIT,AFC North,outdoor,6.0,1.0,TE,59.44444444444444,61.0524,0.5349711424530825,0.6426515079576585,0.4327103,0.5672897,1,1.0
00-0037475,S.Smartt,TE,,,,,0.0,1.0,0.0,,,,,1.75,5.090909090909091,4.125,,,,,,,,,,,,,,,,,,,3.0,12.0,7.0,,,,,5.0,21.0,19.0,,,,,0.0,0.0,0.0,LAC,AFC West,outdoor,5.0,2.0,TE,58.44444444444444,46.232723,0.4612792875434774,0.6227611940298508,0.40779468,0.59220535,22,7.333333333333333
00-0037487,D.Thompkins,WR,,,,,0.0,1.0,0.0,,,,,6.4,4.555555555555555,7.0,,,,,13.0,7.333333333333333,3.5,,,,,,,,,,,,2.0,14.0,4.0,,,,,10.0,27.0,4.0,,,,,2.0,9.0,2.0,CAR,NFC South,outdoor,11.0,2.0,WR,58.05882352941177,64.39622,0.4901164387323556,0.6359375,0.36372846,0.63627154,20,6.666666666666667
00-0037506,C.Fotheringham,TE,,,,,,0.0,,,,,,,5.0,,,,,,,,,,,,,,,,,,,,,1.0,,,,,,,1.0,,,,,,,0.0,,LV,AFC West,indoor,13.0,1.0,TE,58.64705882352941,56.400406,0.4903226925445101,0.6064992917426199,0.39217654,0.6078235,1,1.0
00-0037509,S.McCormick,RB,,,,,,,0.0,,,,,,,4.833333333333333,,,,,,,4.6923076923076925,,,,,,,,,,,,,,4.0,,,,,,,7.0,,,,,,,39.0,LV,AFC West,indoor,10.0,2.0,RB,62.0,51.68756,0.5222465043809061,0.6363027515532962,0.33301708,0.66698295,4,4.0
00-0037524,T.Martin,WR,,,,,,,1.0,,,,,,,5.0,,,,,,,,,,,,,,,,,,,,,1.0,,,,,,,2.0,,,,,,,0.0,TEN,AFC South,outdoor,5.0,2.0,WR,60.588235294117645,39.319504,0.5103836581072058,0.6357900565366905,0.40291262,0.5970874,1,1.0
00-0037525,J.Mason,RB,,,,,1.0,3.0,3.0,,,,,,7.666666666666667,5.363636363636363,,,,,6.0,5.15,5.15686274509804,,,,,,,,,,,,9.0,9.0,12.0,,,,,0.0,4.0,14.0,,,,,45.0,40.0,153.0,SF,NFC West,outdoor,9.0,2.0,RB,59.64705882352941,63.015938,0.5505412897873287,0.6356194632790377,0.3964497,0.6035503,30,10.0
00-0037539,L.Krull,TE,,,,,,1.0,0.0,,,,,,6.25,3.35,,,,,,,,,,,,,,,,,,,,7.0,11.0,,,,,,14.0,24.0,,,,,,0.0,0.0,DEN,AFC West,outdoor,14.0,2.0,TE,60.0,81.61123,0.5030988418759317,0.6604414261460102,0.37685186,0.62314814,18,9.0
00-0037545,R.Shaheed,WR,,,,,3.0,5.0,3.0,,,,,6.25,3.282608695652174,5.3,,,,,14.25,5.285714285714286,4.833333333333333,,,,,,,,,,,,11.0,15.0,6.0,,,,,34.0,75.0,41.0,,,,,4.0,7.0,6.0,NO,NFC South,indoor,12.0,2.0,WR,60.35294117647059,62.051647,0.4943759340681577,0.5697110849912208,0.39766082,0.6023392,32,10.666666666666666
00-0037557,R.Rivers,RB,,,,,0.0,0.0,0.0,,,,,11.0,11.0,11.6,,,,,2.333333333333333,3.942857142857143,4.28,,,,,,,,,,,,2.0,8.0,6.0,,,,,5.0,8.0,6.0,,,,,9.0,35.0,25.0,LA,NFC West,outdoor,6.0,2.0,RB,60.36842105263158,65.3435,0.5321760283060593,0.6566492450638792,0.4115083,0.58849174,16,5.333333333333333
00-0037563,M.Davis,RB,,,,,1.0,,,,,,,10.833333333333334,,,,,,,4.2368421052631575,,,,,,,,,,,,,,6.0,,,,,,,7.0,,,,,,,38.0,,,DAL,NFC East,indoor,9.0,0.0,RB,64.63157894736842,77.74025,0.5006418264443359,0.6230975947211579,0.44869706,0.5513029,6,6.0
00-0037569,P.Hendershot,TE,,,,,3.0,0.0,0.0,,,,,4.2727272727272725,7.0,6.4,,,,,2.0,0.0,,,,,,,,,,,,,9.0,7.0,4.0,,,,,16.0,7.0,5.0,,,,,1.0,1.0,0.0,KC,AFC West,outdoor,6.0,2.0,TE,61.4,56.569695,0.5115963929431422,0.6523858592263792,0.35667753,0.64332247,20,6.666666666666667
00-0037570,D.Houston,WR,,,,,0.0,,,,,,,3.0,,,,,,,,,,,,,,,,,,,,,2.0,,,,,,,6.0,,,,,,,0.0,,,DAL,NFC East,indoor,9.0,0.0,WR,64.63157894736842,77.74025,0.5006418264443359,0.6230975947211579,0.44869706,0.5513029,2,2.0
00-0037594,J.Chestnut,RB,,,,,0.0,,0.0,,,,,13.0,,7.0,,,,,1.3333333333333333,,4.636363636363637,,,,,,,,,,,,3.0,,7.0,,,,,3.0,,3.0,,,,,9.0,,22.0,TEN,AFC South,outdoor,5.0,2.0,RB,60.588235294117645,39.319504,0.5103836581072058,0.6357900565366905,0.40291262,0.5970874,10,5.0
00-0037609,A.Shampklin,RB,,,,,,,0.0,,,,,,,,,,,,,,2.833333333333333,,,,,,,,,,,,,,3.0,,,,,,,0.0,,,,,,,6.0,PIT,AFC North,outdoor,9.0,2.0,RB,61.66666666666666,38.71519,0.5053905187806117,0.7651389593550934,0.43963963,0.5603604,3,3.0
00-0037614,J.Metchie,WR,,,,,,0.0,1.0,,,,,,5.2105263157894735,2.6333333333333333,,,,,,6.5,,,,,,,,,,,,,,15.0,12.0,,,,,,33.0,47.0,,,,,,2.0,0.0,HOU,AFC South,indoor,14.0,2.0,WR,62.0,36.51212,0.4967437944706969,0.5956529885703579,0.37011886,0.62988114,27,13.5
00-0037617,H.Haskins,RB,,,,,0.0,,3.0,,,,,5.2727272727272725,,14.0,,,,,3.72,,2.685714285714285,,,,,,,,,,,,7.0,,12.0,,,,,12.0,,4.0,,,,,25.0,,35.0,LAC,AFC West,outdoor,5.0,2.0,RB,58.44444444444444,46.232723,0.4612792875434774,0.6227611940298508,0.40779468,0.59220535,19,9.5
00-0037654,T.Fisk,TE,,,,,,0.0,0.0,,,,,,6.0,2.875,,,,,,,,,,,,,,,,,,,,1.0,8.0,,,,,,1.0,9.0,,,,,,0.0,0.0,LAC,AFC West,outdoor,5.0,2.0,TE,58.44444444444444,46.232723,0.4612792875434774,0.6227611940298508,0.40779468,0.59220535,9,4.5
00-0037664,A.Pierce,WR,,,,,2.0,2.0,7.0,,,,,2.756097560975609,3.03125,3.189189189189189,,,,,,,,,,,,,,,,,,,16.0,17.0,16.0,,,,,78.0,65.0,69.0,,,,,0.0,0.0,0.0,IND,AFC South,indoor,14.0,2.0,WR,60.8235294117647,65.39625,0.4432556304255448,0.56524926686217,0.44970986,0.5502901,49,16.333333333333332
00-0037666,J.Tolbert,WR,,,,,0.0,2.0,7.0,,,,,1.0,1.5454545454545454,3.3877551020408165,,,,,,,,,,,,,,,,,,,2.0,14.0,17.0,,,,,3.0,38.0,79.0,,,,,0.0,0.0,0.0,DAL,NFC East,indoor,7.0,2.0,WR,64.41176470588235,66.249146,0.5172044875741835,0.6212507005189932,0.37260273,0.62739724,33,11.0
00-0037708,M.Alexander,WR,,,,,0.0,,,,,,,4.0,,,,,,,,,,,,,,,,,,,,,1.0,,,,,,,1.0,,,,,,,0.0,,,DET,NFC North,indoor,6.0,2.0,WR,63.588235294117645,81.938614,0.518699285699832,0.6507666098807495,0.4199815,0.5800185,1,1.0
00-0037740,G.Wilson,WR,,,,,4.0,3.0,7.0,,,,,4.626506024096385,3.442105263157895,4.376237623762377,,,,,1.0,0.0,2.5,,,,,0.0,0.0,,,,,,17.0,17.0,17.0,,,,,147.0,168.0,153.0,,,,,4.0,4.0,2.0,NYJ,AFC East,outdoor,12.0,2.0,WR,59.64705882352941,62.289284,0.4854509399218924,0.7014321295143213,0.3382643,0.6617357,51,17.0
00-0037741,J.Dotson,WR,,,,,7.0,4.0,1.0,,,,,3.914285714285714,2.346938775510204,4.045454545454546,,,,,-3.5,,13.0,,,,,,,,,,,,12.0,17.0,16.0,,,,,61.0,83.0,38.0,,,,,2.0,0.0,1.0,PHI,NFC East,outdoor,5.0,2.0,WR,63.85714285714285,35.011185,0.4905671040345963,0.6468466305366902,0.5152871,0.4847129,45,15.0
00-0037742,T.Burks,WR,,,,,1.0,0.0,0.0,,,,,5.0,4.4375,1.25,,,,,11.75,3.6,0.5,,,,,,,,,,,,11.0,9.0,5.0,,,,,54.0,30.0,8.0,,,,,4.0,5.0,2.0,TEN,AFC South,outdoor,5.0,2.0,WR,60.588235294117645,39.319504,0.5103836581072058,0.6357900565366905,0.40291262,0.5970874,25,8.333333333333334
00-0037744,T.McBride,TE,,,,,1.0,3.0,3.0,,,,,4.0344827586206895,5.185185185185185,4.621621621621622,,,,,,,2.0,,,,,,,,,,,,9.0,17.0,16.0,,,,,39.0,106.0,147.0,,,,,0.0,0.0,1.0,ARI,NFC West,indoor,11.0,2.0,TE,60.64705882352941,72.118904,0.5242244885570327,0.8438077634011091,0.40543163,0.5945684,42,14.0
00-0037745,V.Jones,RB,,,,,,0.0,0.0,,,,,,3.75,13.0,,,,,,6.375,2.75,,,,,,,,,,,,,10.0,2.0,,,,,,7.0,0.5,,,,,,8.0,1.5,CAR,NFC South,outdoor,11.0,2.0,RB,58.05882352941177,64.39622,0.4901164387323556,0.6359375,0.36372846,0.63627154,23,7.666666666666667
00-0037745,V.Jones,WR,,,,,2.0,,,,,,,5.285714285714286,,,,,,,11.444444444444445,,,,,,,,,,,,,,9.0,,,,,,,14.0,,,,,,,9.0,,,CAR,NFC South,outdoor,11.0,2.0,RB,58.05882352941177,64.39622,0.4901164387323556,0.6359375,0.36372846,0.63627154,23,7.666666666666667
00-0037746,B.Robinson,RB,,,,,3.0,9.0,10.0,,,,,8.0,11.38888888888889,8.625,,,,,3.887804878048781,4.117977528089888,4.161434977578475,,,,,,,,,,,,12.0,15.0,17.0,,,,,12.0,43.0,30.0,,,,,205.0,178.0,223.0,WAS,NFC East,outdoor,14.0,2.0,RB,65.4,53.9981,0.4818996019460416,0.7281144781144782,0.39831805,0.60168195,44,14.666666666666666
00-0037755,J.Woods,TE,,,,,3.0,,,,,,,4.8,,,,,,,,,,,,,,,,,,,,,12.0,,,,,,,40.0,,,,,,,0.0,,,IND,AFC South,indoor,14.0,0.0,TE,64.70588235294117,36.989517,0.4991207835043202,0.6330611524121114,0.37363636,0.62636364,12,12.0
00-0037801,K.Turpin,WR,,,,,0.0,4.0,2.0,,,,,2.5,3.25,8.387096774193548,,,,,5.666666666666667,10.0,5.75,,,,,,,,,,,,6.0,12.0,15.0,,,,,3.0,18.0,52.0,,,,,3.0,11.0,16.0,DAL,NFC East,indoor,7.0,5.0,WR,64.41176470588235,66.249146,0.5172044875741835,0.6212507005189932,0.37260273,0.62739724,33,11.0
00-0037805,J.Ruckert,TE,,,,,0.0,0.0,0.0,,,,,1.0,3.1875,4.666666666666667,,,,,,,,,,,,,,,,,,,2.0,10.0,13.0,,,,,2.0,22.0,28.0,,,,,0.0,0.0,0.0,NYJ,AFC East,outdoor,12.0,2.0,TE,59.64705882352941,62.289284,0.4854509399218924,0.7014321295143213,0.3382643,0.6617357,25,8.333333333333334
00-0037809,C.Okonkwo,TE,,,,,3.0,1.0,2.0,,,,,7.875,4.814814814814815,4.788461538461538,,,,,0.6666666666666666,3.0,17.0,,,,,,,,,,,,15.0,17.0,16.0,,,,,46.0,77.0,70.0,,,,,3.0,2.0,1.0,TEN,AFC South,outdoor,5.0,2.0,TE,60.588235294117645,39.319504,0.5103836581072058,0.6357900565366905,0.40291262,0.5970874,48,16.0
00-0037816,R.Doubs,WR,,,,,3.0,9.0,4.0,,,,,4.547619047619048,3.0434782608695654,2.8541666666666665,,,,,11.0,,,,,,,,,,,,,,13.0,19.0,14.0,,,,,67.0,108.0,74.0,,,,,1.0,0.0,0.0,GB,NFC North,outdoor,10.0,2.0,WR,60.05555555555556,77.791176,0.5411923053821919,0.6847808507197153,0.48103607,0.51896393,46,15.333333333333334
00-0037827,T.Davis-Price,RB,,,,,0.0,0.0,0.0,,,,,,,,,,,,2.911764705882353,3.5,2.333333333333333,,,,,,,,,,,,5.0,1.0,1.0,,,,,2.0,0.0,0.0,,,,,34.0,6.0,3.0,PHI,NFC East,outdoor,5.0,2.0,RB,63.85714285714285,35.011185,0.4905671040345963,0.6468466305366902,0.5152871,0.4847129,7,2.333333333333333
00-0037828,D.Gray,WR,,,,,0.0,,,,,,,4.0,,,,,,,9.0,,,,,,,,,,,,,,5.0,,,,,,,7.0,,,,,,,1.0,,,SF,NFC West,outdoor,9.0,0.0,WR,60.1,64.19551,0.4461222910216718,0.5886295686638342,0.46505824,0.5349418,5,5.0
00-0037834,B.Purdy,QB,,,,,18.0,36.0,25.0,,,,,,,,,,,,1.2758620689655171,4.113207547169812,4.893939393939394,,,,,0.6652360515021459,0.677536231884058,0.6593406593406593,,,,,12.0,19.0,15.0,,,,,0.0,0.0,0.0,,,,,29.0,53.0,66.0,SF,NFC West,outdoor,9.0,2.0,QB,59.64705882352941,63.015938,0.5505412897873287,,0.3964497,0.6035503,46,15.333333333333334
00-0037837,C.Austin,WR,,,,,,3.0,4.0,,,,,,4.111111111111111,4.135135135135135,,,,,,5.181818181818182,,,,,,,,,,,,,,15.0,18.0,,,,,,32.0,60.0,,,,,,11.0,0.0,PIT,AFC North,outdoor,9.0,2.0,WR,61.66666666666666,38.71519,0.5053905187806117,0.7651389593550934,0.43963963,0.5603604,33,16.5
00-0037838,I.Likely,TE,,,,,3.0,6.0,7.0,,,,,4.194444444444445,7.029411764705882,6.061224489795919,,,,,,,,,,,,,,,,,,,14.0,15.0,17.0,,,,,60.0,46.0,67.0,,,,,0.0,0.0,0.0,BAL,AFC North,outdoor,14.0,2.0,TE,61.42105263157895,75.81623,0.5321196437947293,0.6698717948717949,0.48500428,0.5149957,46,15.333333333333334
00-0037840,K.Williams,RB,,,,,0.0,15.0,17.0,,,,,8.88888888888889,8.636363636363637,5.684210526315789,,,,,3.971428571428572,5.0,4.219373219373219,,,,,,,,,,,,8.0,13.0,18.0,,,,,12.0,49.0,45.0,,,,,35.0,241.0,351.0,LA,NFC West,outdoor,6.0,2.0,RB,60.36842105263158,65.3435,0.5321760283060593,0.6566492450638792,0.4115083,0.58849174,39,13.0
00-0038040,Z.White,RB,,,,,0.0,1.0,1.0,,,,,,6.266666666666667,8.333333333333334,,,,,4.117647058823529,4.336538461538462,2.815384615384616,,,,,,,,,,,,11.0,13.0,8.0,,,,,0.0,19.0,8.0,,,,,17.0,104.0,65.0,LV,AFC West,indoor,10.0,2.0,RB,62.0,51.68756,0.5222465043809061,0.6363027515532962,0.33301708,0.66698295,32,10.666666666666666
00-0038041,J.Ferguson,TE,,,,,2.0,8.0,0.0,,,,,7.8,5.580246913580247,5.237288135593221,,,,,,,,,,,,,,,,,,,12.0,18.0,14.0,,,,,23.0,114.0,86.0,,,,,0.0,0.0,0.0,DAL,NFC East,indoor,7.0,2.0,TE,64.41176470588235,66.249146,0.5172044875741835,0.6212507005189932,0.37260273,0.62739724,44,14.666666666666666
00-0038045,I.Spiller,RB,,,,,0.0,0.0,,,,,,7.666666666666667,6.5,,,,,,2.2777777777777777,2.5945945945945947,,,,,,,,,,,,,5.0,9.0,,,,,,3.0,6.0,,,,,,18.0,37.0,,LAC,AFC West,outdoor,5.0,1.0,RB,64.47058823529412,61.803616,0.5298216706703321,0.6446234119782215,0.34762773,0.65237224,14,7.0
00-0038046,C.Kolar,TE,,,,,0.0,1.0,1.0,,,,,5.0,2.125,8.444444444444445,,,,,,,2.0,,,,,,,,,,,,1.0,7.0,7.0,,,,,6.0,10.0,11.0,,,,,0.0,0.0,1.0,BAL,AFC North,outdoor,14.0,2.0,TE,61.42105263157895,75.81623,0.5321196437947293,0.6698717948717949,0.48500428,0.5149957,15,5.0
00-0038090,S.Moore,WR,,,,,1.0,1.0,0.0,,,,,6.37037037037037,5.190476190476191,,,,,,6.2,7.666666666666667,,,,,,,,,,,,,17.0,13.0,2.0,,,,,42.0,38.0,3.0,,,,,5.0,3.0,0.0,KC,AFC West,outdoor,6.0,2.0,WR,61.4,56.569695,0.5115963929431422,0.6523858592263792,0.35667753,0.64332247,32,10.666666666666666
00-0038092,E.Ezukanma,WR,,,,,0.0,0.0,0.0,,,,,7.0,,,,,,,,4.4,,,,,,,,,,,,,1.0,2.0,1.0,,,,,1.0,1.0,2.0,,,,,0.0,5.0,0.0,MIA,AFC East,outdoor,6.0,2.0,WR,63.294117647058826,57.18794,0.4137477488415387,0.6473066407276933,0.3866171,0.6133829,4,1.3333333333333333
00-0038098,P.Strong,RB,,,,,1.0,1.0,0.0,,,,,5.428571428571429,14.6,8.785714285714286,,,,,10.0,4.619047619047619,4.153846153846154,,,,,,,,,,,,4.0,13.0,11.0,,,,,7.0,8.0,22.0,,,,,10.0,63.0,26.0,CLE,AFC North,outdoor,10.0,2.0,RB,65.94117647058823,38.249825,0.5256290958075697,0.5697059826365458,0.3131133,0.6868867,28,9.333333333333334
00-0038102,K.Pickett,QB,,,,,10.0,7.0,3.0,,,,,,,,,,,,4.3090909090909095,1.2857142857142858,0.5714285714285714,,,,,0.6298200514138818,0.6203703703703703,0.5813953488372093,,,,,13.0,12.0,7.0,,,,,0.0,0.0,0.0,,,,,55.0,42.0,14.0,PHI,NFC East,outdoor,5.0,2.0,QB,63.85714285714285,35.011185,0.4905671040345963,,0.5152871,0.4847129,32,10.666666666666666
00-0038104,T.Thornton,WR,,,,,3.0,0.0,0.0,,,,,2.863636363636364,3.8461538461538463,6.0,,,,,5.333333333333333,17.0,,,,,,,,,,,,,12.0,9.0,4.0,,,,,45.0,23.0,8.0,,,,,3.0,3.0,0.0,NE,AFC East,outdoor,14.0,,,60.05882352941177,42.244293,0.4656508630283898,0.6714544249430653,0.374143,0.625857,25,8.333333333333334
00-0038108,B.Zappe,QB,,,,,5.0,7.0,1.0,,,,,2.0,,,,,,,0.0,4.882352941176471,1.0,,,,,0.7065217391304348,0.5990566037735849,0.5161290322580645,,,,,4.0,10.0,1.0,,,,,1.0,0.0,0.0,,,,,10.0,17.0,2.0,CLE,AFC North,outdoor,10.0,2.0,QB,65.94117647058823,38.249825,0.5256290958075697,,0.3131133,0.6868867,15,5.0
00-0038115,D.Bellinger,TE,,,,,4.0,0.0,0.0,,,,,4.818181818181818,5.36,3.7857142857142856,,,,,2.0,,,,,,,,,,,,,,13.0,13.0,7.0,,,,,40.0,28.0,17.0,,,,,1.0,0.0,0.0,NYG,NFC East,outdoor,11.0,2.0,TE,61.8235294117647,51.111824,0.5490849384129296,0.6072841901459796,0.36346337,0.63653666,33,11.0
00-0038117,W.Robinson,WR,,,,,1.0,2.0,3.0,,,,,5.478260869565218,4.783333333333333,3.881720430107527,,,,,-0.5,9.666666666666666,6.0,,,,,,,,,,,,6.0,15.0,17.0,,,,,31.0,78.0,140.0,,,,,2.0,9.0,3.0,NYG,NFC East,outdoor,11.0,2.0,WR,61.8235294117647,51.111824,0.5490849384129296,0.6072841901459796,0.36346337,0.63653666,38,12.666666666666666
00-0038120,B.Hall,RB,,,,,5.0,9.0,8.0,,,,,8.736842105263158,8.539473684210526,8.701754385964913,,,,,5.7875,4.457399103139013,4.1913875598086126,,,,,,,,,,,,7.0,17.0,16.0,,,,,31.0,95.0,76.0,,,,,80.0,223.0,209.0,NYJ,AFC East,outdoor,12.0,2.0,RB,59.64705882352941,62.289284,0.4854509399218924,0.7014321295143213,0.3382643,0.6617357,40,13.333333333333334
00-0038122,D.Ridder,QB,,,,,2.0,17.0,2.0,,,,,,0.0,,,,,,4.0,3.641509433962264,4.0,,,,,0.6347826086956522,0.6417525773195877,0.611764705882353,,,,,4.0,15.0,5.0,,,,,0.0,1.0,0.0,,,,,16.0,53.0,9.0,LV,AFC West,indoor,10.0,2.0,QB,62.0,51.68756,0.5222465043809061,,0.33301708,0.66698295,24,8.0
00-0038124,C.Watson,WR,,,,,9.0,5.0,2.0,,,,,6.439024390243903,4.033333333333333,5.137931034482759,,,,,11.428571428571429,2.75,5.75,,,,,,,,,,,,14.0,11.0,14.0,,,,,66.0,56.0,53.0,,,,,7.0,4.0,4.0,GB,NFC North,outdoor,10.0,2.0,WR,60.05555555555556,77.791176,0.5411923053821919,0.6847808507197153,0.48103607,0.51896393,39,13.0
00-0038128,M.Willis,QB,,,,,1.0,0.0,4.0,,,,,,,,,,,,4.555555555555555,4.2,6.9,,,,,0.5081967213114754,0.8,0.7407407407407407,,,,,7.0,2.0,6.0,,,,,0.0,0.0,0.0,,,,,27.0,5.0,20.0,GB,NFC North,outdoor,10.0,2.0,QB,60.05555555555556,77.791176,0.5411923053821919,,0.48103607,0.51896393,15,5.0
00-0038129,C.Otton,TE,,,,,2.0,5.0,4.0,,,,,4.695652173913044,5.033333333333333,5.409836065573771,,,,,,,-4.0,,,,,,,,,,,,15.0,18.0,15.0,,,,,72.0,86.0,89.0,,,,,0.0,0.0,1.0,TB,NFC South,outdoor,11.0,2.0,TE,62.66666666666666,61.497734,0.5047483905843039,0.858843537414966,0.39893618,0.60106385,48,16.0
00-0038134,K.Walker,RB,,,,,10.0,9.0,8.0,,,,,8.0,10.93103448275862,7.891304347826087,,,,,4.580246913580247,4.132420091324201,3.7450980392156863,,,,,,,,,,,,16.0,15.0,11.0,,,,,36.0,37.0,53.0,,,,,243.0,219.0,153.0,SEA,NFC West,outdoor,10.0,2.0,RB,59.88235294117647,43.293674,0.4867004593375017,0.5306475531389026,0.3388998,0.6611002,42,14.0
00-0038147,D.Baldwin,WR,,,,,0.0,,,,,,,0.0,,,,,,,,,,,,,,,,,,,,,1.0,,,,,,,2.0,,,,,,,0.0,,,CLE,AFC North,outdoor,9.0,0.0,WR,64.6470588235294,51.29986,0.5109472065399947,0.6109596684202137,0.44040036,0.55959964,1,1.0
00-0038149,J.Ali,WR,,,,,0.0,,,,,,,,,,,,,,,,,,,,,,,,,,,,1.0,,,,,,,1.0,,,,,,,0.0,,,ATL,NFC South,indoor,14.0,0.0,WR,58.8235294117647,47.362667,0.4559734110362411,0.6240579710144927,0.512,0.488,1,1.0
00-0038359,X.Smith,WR,,,,,,,0.0,,,,,,,2.5,,,,,,,9.0,,,,,,,,,,,,,,3.0,,,,,,,2.0,,,,,,,4.0,LA,NFC West,outdoor,6.0,1.0,WR,60.36842105263158,65.3435,0.5321760283060593,0.6566492450638792,0.4115083,0.58849174,3,3.0
00-0038389,I.Abanikanda,RB,,,,,,0.0,,,,,,,6.571428571428571,,,,,,,3.1818181818181817,,,,,,,,,,,,,,6.0,,,,,,,11.0,,,,,,,22.0,,NYJ,AFC East,outdoor,7.0,0.0,RB,61.70588235294117,32.38125,0.4925520259703469,0.4465029012263667,0.33746424,0.6625357,6,6.0
00-0038391,S.Clifford,QB,,,,,,0.0,,,,,,,,,,,,,,-0.6666666666666666,,,,,,,1.0,,,,,,,2.0,,,,,,,0.0,,,,,,,3.0,,GB,NFC North,outdoor,6.0,0.0,QB,60.8421052631579,77.32212,0.4953945751892631,,0.40051904,0.599481,2,2.0
00-0038393,D.Wicks,WR,,,,,,5.0,5.0,,,,,,5.146341463414634,3.4390243902439024,,,,,,1.0,,,,,,,1.0,,,,,,,17.0,18.0,,,,,,62.0,82.0,,,,,,1.0,0.0,GB,NFC North,outdoor,10.0,1.0,WR,60.05555555555556,77.791176,0.5411923053821919,0.6847808507197153,0.48103607,0.51896393,35,17.5
00-0038394,W.Mallory,TE,,,,,,0.0,0.0,,,,,,4.944444444444445,1.0,,,,,,,,,,,,,,,,,,,,11.0,7.0,,,,,,26.0,8.0,,,,,,0.0,0.0,IND,AFC South,indoor,14.0,1.0,TE,60.8235294117647,65.39625,0.4432556304255448,0.56524926686217,0.44970986,0.5502901,18,9.0
00-0038396,E.Gray,RB,,,,,,0.0,0.0,,,,,,6.666666666666667,10.3,,,,,,2.823529411764706,2.2142857142857144,,,,,,,,,,,,,5.0,10.0,,,,,,7.0,11.0,,,,,,17.0,14.0,NYG,NFC East,outdoor,11.0,1.0,RB,61.8235294117647,51.111824,0.5490849384129296,0.6072841901459796,0.36346337,0.63653666,15,7.5
00-0038397,E.Hull,RB,,,,,,0.0,,,,,,,3.0,,,,,,,1.0,,,,,,,,,,,,,,1.0,,,,,,,1.0,,,,,,,1.0,,IND,AFC South,indoor,11.0,0.0,RB,63.94117647058823,58.91931,0.4824763754831138,0.608843537414966,0.40386385,0.59613615,1,1.0
00-0038400,T.McKee,QB,,,,,,,4.0,,,,,,,,,,,,,,-0.2,,,,,,,0.6666666666666666,,,,,,,2.0,,,,,,,0.0,,,,,,,5.0,PHI,NFC East,outdoor,5.0,1.0,QB,63.85714285714285,35.011185,0.4905671040345963,,0.5152871,0.4847129,2,2.0
00-0038416,T.Bagent,QB,,,,,,5.0,0.0,,,,,,,,,,,,,4.739130434782608,-1.1666666666666667,,,,,,0.6573426573426573,1.0,,,,,,5.0,4.0,,,,,,0.0,0.0,,,,,,23.0,6.0,CHI,NFC North,outdoor,7.0,1.0,QB,62.294117647058826,26.427608,0.5368157995912503,,0.34844193,0.6515581,9,4.5
00-0038454,K.Mitchell,RB,,,,,,2.0,0.0,,,,,,13.555555555555555,33.0,,,,,,8.425531914893616,2.0,,,,,,,,,,,,,7.0,2.0,,,,,,11.0,1.0,,,,,,47.0,15.0,BAL,AFC North,outdoor,14.0,1.0,RB,61.42105263157895,75.81623,0.5321196437947293,0.6698717948717949,0.48500428,0.5149957,9,4.5
00-0038465,M.Heath,WR,,,,,,1.0,2.0,,,,,,2.333333333333333,2.3,,,,,,,,,,,,,,,,,,,,12.0,6.0,,,,,,24.0,17.0,,,,,,0.0,0.0,GB,NFC North,outdoor,10.0,1.0,WR,60.05555555555556,77.791176,0.5411923053821919,0.6847808507197153,0.48103607,0.51896393,18,9.0
00-0038476,T.DeVito,QB,,,,,,9.0,0.0,,,,,,,,,,,,,5.416666666666667,4.0,,,,,,0.6404494382022472,0.7045454545454546,,,,,,9.0,2.0,,,,,,0.0,0.0,,,,,,36.0,8.0,NYG,NFC East,outdoor,11.0,1.0,QB,61.8235294117647,51.111824,0.5490849384129296,,0.36346337,0.63653666,11,5.5
00-0038477,B.Ford-Wheaton,WR,,,,,,,0.0,,,,,,,,,,,,,,,,,,,,,,,,,,,,1.0,,,,,,,0.0,,,,,,,0.0,NYG,NFC East,outdoor,11.0,1.0,WR,61.8235294117647,51.111824,0.5490849384129296,0.6072841901459796,0.36346337,0.63653666,1,1.0
00-0038492,J.Brownlee,WR,,,,,,1.0,,,,,,,4.0,,,,,,,,,,,,,,,,,,,,,4.0,,,,,,,8.0,,,,,,,0.0,,NYJ,AFC East,outdoor,7.0,0.0,WR,61.70588235294117,32.38125,0.4925520259703469,0.4465029012263667,0.33746424,0.6625357,4,4.0
00-0038496,X.Gipson,WR,,,,,,1.0,1.0,,,,,,5.190476190476191,3.6666666666666665,,,,,,8.5,5.0,,,,,,,,,,,,,14.0,7.0,,,,,,38.0,10.0,,,,,,8.0,1.0,NYJ,AFC East,outdoor,12.0,1.0,WR,59.64705882352941,62.289284,0.4854509399218924,0.7014321295143213,0.3382643,0.6617357,21,10.5
00-0038498,E.Jenkins,TE,,,,,,,1.0,,,,,,,3.0,,,,,,,,,,,,,,,,,,,,,2.0,,,,,,,2.0,,,,,,,0.0,PHI,NFC East,outdoor,5.0,1.0,TE,63.85714285714285,35.011185,0.4905671040345963,0.6468466305366902,0.5152871,0.4847129,2,2.0
00-0038507,G.DuBose,WR,,,,,,,0.0,,,,,,,1.5,,,,,,,,,,,,,,,,,,,,,2.0,,,,,,,4.0,,,,,,,0.0,MIA,AFC East,outdoor,6.0,1.0,WR,63.294117647058826,57.18794,0.4137477488415387,0.6473066407276933,0.3866171,0.6133829,2,2.0
00-0038519,N.Remigio,WR,,,,,,,0.0,,,,,,,7.0,,,,,,,,,,,,,,,,,,,,,1.0,,,,,,,6.0,,,,,,,0.0,KC,AFC West,outdoor,6.0,1.0,WR,61.4,56.569695,0.5115963929431422,0.6523858592263792,0.35667753,0.64332247,1,1.0
00-0038542,B.Robinson,RB,,,,,,8.0,15.0,,,,,,8.948275862068966,8.704918032786885,,,,,,4.5607476635514015,4.789473684210527,,,,,,,,,,,,,17.0,17.0,,,,,,86.0,72.0,,,,,,214.0,304.0,ATL,NFC South,indoor,12.0,1.0,RB,63.11764705882353,67.74269,0.5062640742571539,0.6249132765689057,0.444548,0.555452,34,17.0
00-0038543,J.Smith-Njigba,WR,,,,,,4.0,6.0,,,,,,5.809523809523809,4.77,,,,,,,5.2,,,,,,,1.0,,,,,,17.0,17.0,,,,,,93.0,137.0,,,,,,0.0,5.0,SEA,NFC West,outdoor,10.0,1.0,WR,59.88235294117647,43.293674,0.4867004593375017,0.5306475531389026,0.3388998,0.6611002,34,17.0
00-0038544,Q.Johnston,WR,,,,,,2.0,8.0,,,,,,4.0,5.563636363636364,,,,,,3.0,2.0,,,,,,,,,,,,,17.0,16.0,,,,,,67.0,96.0,,,,,,3.0,3.0,LAC,AFC West,outdoor,5.0,1.0,WR,58.44444444444444,46.232723,0.4612792875434774,0.6227611940298508,0.40779468,0.59220535,33,16.5
00-0038547,L.Schoonmaker,TE,,,,,,2.0,1.0,,,,,,3.555555555555556,3.592592592592593,,,,,,,,,,,,,,,,,,,,12.0,10.0,,,,,,16.0,36.0,,,,,,0.0,0.0,DAL,NFC East,indoor,7.0,1.0,TE,64.41176470588235,66.249146,0.5172044875741835,0.6212507005189932,0.37260273,0.62739724,22,11.0
00-0038550,H.Hooker,QB,,,,,,,0.0,,,,,,,,,,,,,,0.4,,,,,,,0.6666666666666666,,,,,,,3.0,,,,,,,0.0,,,,,,,5.0,DET,NFC North,indoor,5.0,1.0,QB,64.66666666666667,66.82518,0.5130747620685701,,0.45017183,0.5498282,3,3.0
00-0038551,K.Miller,RB,,,,,,1.0,1.0,,,,,,12.8,6.6,,,,,,3.804878048780488,3.7948717948717943,,,,,,,,,,,,,7.0,6.0,,,,,,11.0,8.0,,,,,,41.0,39.0,NO,NFC South,indoor,12.0,1.0,RB,60.35294117647059,62.051647,0.4943759340681577,0.5697110849912208,0.39766082,0.6023392,13,6.5
00-0038555,T.Bigsby,RB,,,,,,2.0,7.0,,,,,,5.0,9.142857142857142,,,,,,2.64,4.559523809523809,,,,,,,,,,,,,13.0,15.0,,,,,,4.0,12.0,,,,,,50.0,168.0,JAX,AFC South,outdoor,12.0,1.0,RB,58.294117647058826,68.956665,0.4698388127180696,0.6291527792710461,0.38345107,0.61654896,28,14.0
00-0038558,D.Washington,TE,,,,,,0.0,1.0,,,,,,7.142857142857143,6.55,,,,,,,,,,,,,,,,,,,,9.0,14.0,,,,,,11.0,28.0,,,,,,0.0,0.0,PIT,AFC North,outdoor,9.0,1.0,TE,61.66666666666666,38.71519,0.5053905187806117,0.7651389593550934,0.43963963,0.5603604,23,11.5
00-0038559,M.Wilson,WR,,,,,,3.0,4.0,,,,,,3.657894736842105,2.765957446808511,,,,,,,7.0,,,,,,,,,,,,,13.0,16.0,,,,,,58.0,71.0,,,,,,0.0,1.0,ARI,NFC West,indoor,11.0,1.0,WR,60.64705882352941,72.118904,0.5242244885570327,0.8438077634011091,0.40543163,0.5945684,29,14.5
00-0038563,T.Tucker,WR,,,,,,2.0,4.0,,,,,,1.4736842105263157,4.425531914893617,,,,,,7.7,4.888888888888889,,,,,,,,,,,,,13.0,17.0,,,,,,34.0,81.0,,,,,,10.0,9.0,LV,AFC West,indoor,10.0,1.0,WR,62.0,51.68756,0.5222465043809061,0.6363027515532962,0.33301708,0.66698295,30,15.0
00-0038573,D.Davis,WR,,,,,,0.0,2.0,,,,,,7.666666666666667,9.285714285714286,,,,,,7.214285714285714,2.769230769230769,,,,,,,,,,,,,14.0,12.0,,,,,,17.0,18.0,,,,,,14.0,13.0,LAC,AFC West,outdoor,5.0,1.0,WR,58.44444444444444,46.232723,0.4612792875434774,0.6227611940298508,0.40779468,0.59220535,26,13.0
00-0038576,C.Jones,WR,,,,,,0.0,0.0,,,,,,5.428571428571429,0.0,,,,,,6.5,,,,,,,,,,,,,,5.0,2.0,,,,,,9.0,1.0,,,,,,2.0,0.0,CIN,AFC North,outdoor,12.0,1.0,WR,62.88235294117647,56.04726,0.466805566395805,0.7055214723926381,0.323667,0.676333,7,3.5
00-0038579,A.O'Connell,QB,,,,,,13.0,9.0,,,,,,,,,,,,,0.6470588235294118,1.4285714285714286,,,,,,0.6209912536443148,0.6337448559670782,,,,,,11.0,9.0,,,,,,0.0,0.0,,,,,,17.0,21.0,LV,AFC West,indoor,10.0,1.0,QB,62.0,51.68756,0.5222465043809061,,0.33301708,0.66698295,20,10.0
00-0038582,C.Tune,QB,,,,,,1.0,0.0,,,,,,,,,,,,,3.75,-0.5714285714285714,,,,,,0.5714285714285714,1.0,,,,,,6.0,5.0,,,,,,0.0,0.0,,,,,,8.0,7.0,ARI,NFC West,indoor,11.0,1.0,QB,60.64705882352941,72.118904,0.5242244885570327,,0.40543163,0.5945684,11,5.5
00-0038583,D.Thompson-Robinson,QB,,,,,,1.0,0.0,,,,,,,,,,,,,4.642857142857143,5.809523809523809,,,,,,0.5357142857142857,0.5169491525423728,,,,,,7.0,6.0,,,,,,0.0,0.0,,,,,,14.0,21.0,CLE,AFC North,outdoor,10.0,1.0,QB,65.94117647058823,38.249825,0.5256290958075697,,0.3131133,0.6868867,13,6.5
00-0038589,J.Whyle,TE,,,,,,1.0,1.0,,,,,,4.444444444444445,5.107142857142857,,,,,,,,,,,,,,,,,,,,8.0,14.0,,,,,,15.0,37.0,,,,,,0.0,0.0,TEN,AFC South,outdoor,5.0,1.0,TE,60.588235294117645,39.319504,0.5103836581072058,0.6357900565366905,0.40291262,0.5970874,22,11.0
00-0038597,C.Brown,RB,,,,,,1.0,11.0,,,,,,13.857142857142858,6.037037037037037,,,,,,4.068181818181818,4.323144104803493,,,,,,,,,,,,,10.0,16.0,,,,,,15.0,65.0,,,,,,44.0,229.0,CIN,AFC North,outdoor,12.0,1.0,RB,62.88235294117647,56.04726,0.466805566395805,0.7055214723926381,0.323667,0.676333,26,13.0
00-0038598,J.Hall,QB,,,,,,0.0,,,,,,,,,,,,,,2.333333333333333,,,,,,,0.65,,,,,,,3.0,,,,,,,0.0,,,,,,,6.0,,MIN,NFC North,indoor,13.0,0.0,QB,62.52941176470589,56.138897,0.5089060598439582,,0.33301976,0.66698027,3,3.0
00-0038606,P.Washington,WR,,,,,,2.0,3.0,,,,,,2.125,3.375,,,,,,,,,,,,,,,,,,,,6.0,13.0,,,,,,21.0,51.0,,,,,,0.0,0.0,JAX,AFC South,outdoor,12.0,1.0,WR,58.294117647058826,68.956665,0.4698388127180696,0.6291527792710461,0.38345107,0.61654896,19,9.5
00-0038608,K.Boutte,WR,,,,,,0.0,3.0,,,,,,5.0,3.488372093023256,,,,,,,,,,,,,,,,,,,,3.0,15.0,,,,,,7.0,68.0,,,,,,0.0,0.0,NE,AFC East,outdoor,14.0,1.0,WR,60.05882352941177,42.244293,0.4656508630283898,0.6714544249430653,0.374143,0.625857,18,9.0
00-0038611,C.Rodriguez,RB,,,,,,2.0,2.0,,,,,,9.5,11.0,,,,,,4.8431372549019605,4.942857142857143,,,,,,,,,,,,,8.0,6.0,,,,,,2.0,1.0,,,,,,51.0,35.0,WAS,NFC East,outdoor,14.0,1.0,RB,65.4,53.9981,0.4818996019460416,0.7281144781144782,0.39831805,0.60168195,14,7.0
00-0038612,A.Perry,WR,,,,,,4.0,,,,,,,1.6666666666666667,,,,,,,,,,,,,,,,,,,,,8.0,,,,,,,18.0,,,,,,,0.0,,NO,NFC South,indoor,11.0,0.0,WR,64.82352941176471,67.97862,0.429164896092596,0.6081107314800435,0.40562615,0.5943739,8,8.0
00-0038618,X.Hutchinson,WR,,,,,,0.0,0.0,,,,,,3.1666666666666665,3.647058823529412,,,,,,9.8,,,,,,,,,,,,,,13.0,16.0,,,,,,23.0,33.0,,,,,,5.0,0.0,HOU,AFC South,indoor,14.0,1.0,WR,62.0,36.51212,0.4967437944706969,0.5956529885703579,0.37011886,0.62988114,29,14.5
00-0038619,A.Iosivas,WR,,,,,,4.0,6.0,,,,,,2.333333333333333,1.8611111111111112,,,,,,,,,,,,,,,,,,,,9.0,17.0,,,,,,25.0,61.0,,,,,,0.0,0.0,CIN,AFC North,outdoor,12.0,1.0,WR,62.88235294117647,56.04726,0.466805566395805,0.7055214723926381,0.323667,0.676333,26,13.0
00-0038621,D.Douglas,WR,,,,,,0.0,3.0,,,,,,6.857142857142857,5.4393939393939394,,,,,,5.125,5.333333333333333,,,,,,,,,,,,,14.0,16.0,,,,,,79.0,87.0,,,,,,8.0,3.0,NE,AFC East,outdoor,14.0,1.0,WR,60.05882352941177,42.244293,0.4656508630283898,0.6714544249430653,0.374143,0.625857,30,15.0
00-0038622,D.Vaughn,RB,,,,,,0.0,0.0,,,,,,6.571428571428571,4.333333333333333,,,,,,1.7391304347826086,4.117647058823529,,,,,,,,,,,,,6.0,5.0,,,,,,7.0,5.0,,,,,,23.0,17.0,DAL,NFC East,indoor,7.0,1.0,RB,64.41176470588235,66.249146,0.5172044875741835,0.6212507005189932,0.37260273,0.62739724,11,5.5
00-0038627,A.Green,WR,,,,,,0.0,,,,,,,1.0,,,,,,,,,,,,,,,,,,,,,2.0,,,,,,,2.0,,,,,,,0.0,,DET,NFC North,indoor,9.0,0.0,WR,65.4,71.383415,0.4974600717479974,0.6759776536312849,0.41590214,0.58409786,2,2.0
00-0038632,C.Dowell,WR,,,,,,0.0,,,,,,,0.0,,,,,,,,,,,,,,,,,,,,,2.0,,,,,,,2.0,,,,,,,0.0,,TEN,AFC South,outdoor,7.0,0.0,WR,57.88235294117647,14.859611,0.5134260102389769,0.6773799374822392,0.41463414,0.58536583,2,2.0
00-0038636,K.McIntosh,RB,,,,,,,0.0,,,,,,,5.666666666666667,,,,,,,5.548387096774194,,,,,,,,,,,,,,7.0,,,,,,,4.0,,,,,,,31.0,SEA,NFC West,outdoor,10.0,1.0,RB,59.88235294117647,43.293674,0.4867004593375017,0.5306475531389026,0.3388998,0.6611002,7,7.0
00-0038640,J.Brooks,WR,,,,,,0.0,1.0,,,,,,4.666666666666667,3.083333333333333,,,,,,,,,,,,,,,,,,,,3.0,12.0,,,,,,6.0,30.0,,,,,,0.0,0.0,DAL,NFC East,indoor,7.0,1.0,WR,64.41176470588235,66.249146,0.5172044875741835,0.6212507005189932,0.37260273,0.62739724,15,7.5
00-0038643,B.Willis,TE,,,,,,,0.0,,,,,,,,,,,,,,,,,,,,,,,,,,,,1.0,,,,,,,2.0,,,,,,,0.0,SF,NFC West,outdoor,9.0,1.0,TE,59.64705882352941,63.015938,0.5505412897873287,0.6356194632790377,0.3964497,0.6035503,1,1.0
00-0038647,R.Bell,WR,,,,,,3.0,0.0,,,,,,1.6666666666666667,1.0,,,,,,,,,,,,,,,,,,,,8.0,3.0,,,,,,13.0,6.0,,,,,,0.0,0.0,SF,NFC West,outdoor,9.0,1.0,WR,59.64705882352941,63.015938,0.5505412897873287,0.6356194632790377,0.3964497,0.6035503,11,5.5
00-0038667,E.Cooks,WR,,,,,,0.0,,,,,,,2.6666666666666665,,,,,,,,,,,,,,,,,,,,,2.0,,,,,,,4.0,,,,,,,0.0,,JAX,AFC South,outdoor,9.0,0.0,WR,64.82352941176471,64.0079,0.5286191256688434,0.7053726749632009,0.35480943,0.64519054,2,2.0
00-0038678,J.Mims,RB,,,,,,0.0,0.0,,,,,,,6.666666666666667,,,,,,,3.5,,,,,,,,,,,,,1.0,7.0,,,,,,2.0,18.0,,,,,,0.0,20.0,NO,NFC South,indoor,12.0,1.0,RB,60.35294117647059,62.051647,0.4943759340681577,0.5697110849912208,0.39766082,0.6023392,8,4.0
00-0038679,T.Shavers,WR,,,,,,,1.0,,,,,,,71.0,,,,,,,,,,,,,,,,,,,,,1.0,,,,,,,1.0,,,,,,,0.0,BUF,AFC East,outdoor,12.0,1.0,WR,60.1,91.19061,0.4954661162710698,0.5498380675371826,0.44009984,0.55990016,1,1.0
00-0038685,C.Brooks,RB,,,,,,0.0,1.0,,,,,,,8.692307692307692,,,,,,5.578947368421052,5.083333333333333,,,,,,,,,,,,,3.0,12.0,,,,,,0.0,16.0,,,,,,19.0,36.0,GB,NFC North,outdoor,10.0,1.0,RB,60.05555555555556,77.791176,0.5411923053821919,0.6847808507197153,0.48103607,0.51896393,15,7.5
00-0038705,E.Demercado,RB,,,,,,2.0,1.0,,,,,,5.190476190476191,5.9375,,,,,,4.896551724137931,9.291666666666666,,,,,,,,,,,,,11.0,13.0,,,,,,30.0,20.0,,,,,,58.0,24.0,ARI,NFC West,indoor,11.0,1.0,RB,60.64705882352941,72.118904,0.5242244885570327,0.8438077634011091,0.40543163,0.5945684,24,12.0
00-0038710,B.Whiteheart,TE,,,,,,,1.0,,,,,,,1.6666666666666667,,,,,,,,,,,,,,,,,,,,,7.0,,,,,,,9.0,,,,,,,0.0,CLE,AFC North,outdoor,10.0,1.0,TE,65.94117647058823,38.249825,0.5256290958075697,0.5697059826365458,0.3131133,0.6868867,7,7.0
00-0038720,J.Hill,TE,,,,,,0.0,0.0,,,,,,5.0,4.833333333333333,,,,,,,,,,,,,,,,,,,,6.0,11.0,,,,,,9.0,19.0,,,,,,0.0,0.0,MIA,AFC East,outdoor,6.0,1.0,TE,63.294117647058826,57.18794,0.4137477488415387,0.6473066407276933,0.3866171,0.6133829,17,8.5
00-0038728,J.Wayne,WR,,,,,,,0.0,,,,,,,,,,,,,,,,,,,,,,,,,,,,1.0,,,,,,,2.0,,,,,,,0.0,HOU,AFC South,indoor,14.0,1.0,WR,62.0,36.51212,0.4967437944706969,0.5956529885703579,0.37011886,0.62988114,1,1.0
00-0038752,J.Bobo,WR,,,,,,3.0,1.0,,,,,,4.578947368421052,2.076923076923077,,,,,,3.0,,,,,,,,,,,,,,14.0,11.0,,,,,,25.0,17.0,,,,,,1.0,0.0,SEA,NFC West,outdoor,10.0,1.0,WR,59.88235294117647,43.293674,0.4867004593375017,0.5306475531389026,0.3388998,0.6611002,25,12.5
00-0038783,N.Adkins,TE,,,,,,0.0,3.0,,,,,,6.0,5.428571428571429,,,,,,,,,,,,,,,,,,,,4.0,12.0,,,,,,5.0,15.0,,,,,,0.0,0.0,DEN,AFC West,outdoor,14.0,1.0,TE,60.0,81.61123,0.5030988418759317,0.6604414261460102,0.37685186,0.62314814,16,8.0
00-0038794,J.McLaughlin,RB,,,,,,3.0,3.0,,,,,,9.35483870967742,6.76,,,,,,5.394736842105263,4.295652173913044,,,,,,,,,,,,,17.0,17.0,,,,,,36.0,28.0,,,,,,76.0,115.0,DEN,AFC West,outdoor,14.0,1.0,RB,60.0,81.61123,0.5030988418759317,0.6604414261460102,0.37685186,0.62314814,34,17.0
00-0038797,E.Wilson,RB,,,,,,0.0,5.0,,,,,,9.2,10.75,,,,,,4.653846153846154,4.79245283018868,,,,,,,,,,,,,7.0,18.0,,,,,,6.0,17.0,,,,,,26.0,106.0,GB,NFC North,outdoor,10.0,1.0,RB,60.05555555555556,77.791176,0.5411923053821919,0.6847808507197153,0.48103607,0.51896393,25,12.5
00-0038809,B.Sims,TE,,,,,,1.0,0.0,,,,,,4.0,4.0,,,,,,,,,,,,,,,,,,,,7.0,4.0,,,,,,7.0,5.0,,,,,,0.0,0.0,GB,NFC North,outdoor,10.0,1.0,TE,60.05555555555556,77.791176,0.5411923053821919,0.6847808507197153,0.48103607,0.51896393,11,5.5
00-0038821,R.Jarrett,WR,,,,,,0.0,0.0,,,,,,6.75,2.0,,,,,,0.0,,,,,,,,,,,,,,6.0,6.0,,,,,,9.0,11.0,,,,,,1.0,0.0,TB,NFC South,outdoor,11.0,1.0,WR,62.66666666666666,61.497734,0.5047483905843039,0.858843537414966,0.39893618,0.60106385,12,6.0
00-0038824,R.Miller,WR,,,,,,,2.0,,,,,,,4.583333333333333,,,,,,,,,,,,,,,,,,,,,8.0,,,,,,,20.0,,,,,,,0.0,TB,NFC South,outdoor,11.0,1.0,WR,62.66666666666666,61.497734,0.5047483905843039,0.858843537414966,0.39893618,0.60106385,8,8.0
00-0038840,B.Tremayne,WR,,,,,,,0.0,,,,,,,0.0,,,,,,,,,,,,,,,,,,,,,1.0,,,,,,,1.0,,,,,,,0.0,WAS,NFC East,outdoor,14.0,1.0,WR,65.4,53.9981,0.4818996019460416,0.7281144781144782,0.39831805,0.60168195,1,1.0
00-0038862,E.Dotson,RB,,,,,,0.0,,,,,,,7.0,,,,,,,1.5,,,,,,,,,,,,,,1.0,,,,,,,2.0,,,,,,,4.0,,LAC,AFC West,outdoor,5.0,0.0,RB,64.47058823529412,61.803616,0.5298216706703321,0.6446234119782215,0.34762773,0.65237224,1,1.0
00-0038891,S.Jackson,WR,,,,,,0.0,,,,,,,,,,,,,,,,,,,,,,,,,,,,1.0,,,,,,,1.0,,,,,,,0.0,,CIN,AFC North,outdoor,7.0,0.0,WR,60.70588235294117,50.93355,0.5632717896240024,0.7240656181295452,0.3265504,0.67344964,1,1.0
00-0038911,M.Cunningham,WR,,,,,,0.0,,,,,,,,,,,,,,,,,,,,,,,,,,,,1.0,,,,,,,0.0,,,,,,,0.0,,NE,AFC East,outdoor,11.0,,,59.76470588235294,46.68542,0.5140518539717229,0.6241659830462127,0.382874,0.617126,1,1.0
00-0038920,J.Shenker,TE,,,,,,,0.0,,,,,,,3.0,,,,,,,,,,,,,,,,,,,,,1.0,,,,,,,1.0,,,,,,,0.0,LV,AFC West,indoor,10.0,1.0,TE,62.0,51.68756,0.5222465043809061,0.6363027515532962,0.33301708,0.66698295,1,1.0
00-0038933,D.Kincaid,TE,,,,,,3.0,2.0,,,,,,4.419753086419753,5.92,,,,,,,,,,,,,,,,,,,,18.0,16.0,,,,,,102.0,84.0,,,,,,0.0,0.0,BUF,AFC East,outdoor,12.0,1.0,TE,60.1,91.19061,0.4954661162710698,0.5498380675371826,0.44009984,0.55990016,34,17.0
00-0038935,B.Strange,TE,,,,,,1.0,2.0,,,,,,5.6,4.575,,,,,,,,,,,,,,,,,,,,5.0,14.0,,,,,,9.0,53.0,,,,,,0.0,0.0,JAX,AFC South,outdoor,12.0,1.0,TE,58.294117647058826,68.956665,0.4698388127180696,0.6291527792710461,0.38345107,0.61654896,19,9.5
00-0038938,J.Hyatt,WR,,,,,,0.0,0.0,,,,,,2.0869565217391304,0.75,,,,,,,,,,,,,,,,,,,,13.0,10.0,,,,,,40.0,19.0,,,,,,0.0,0.0,NYG,NFC East,outdoor,11.0,1.0,WR,61.8235294117647,51.111824,0.5490849384129296,0.6072841901459796,0.36346337,0.63653666,23,11.5
00-0038941,T.Scott,WR,,,,,,0.0,0.0,,,,,,4.117647058823529,7.0,,,,,,5.857142857142857,,,,,,,,,,,,,,13.0,1.0,,,,,,32.0,1.0,,,,,,7.0,0.0,CHI,NFC North,outdoor,7.0,1.0,WR,62.294117647058826,26.427608,0.5368157995912503,0.8122775800711743,0.34844193,0.6515581,14,7.0
00-0038951,S.Tucker,RB,,,,,,0.0,3.0,,,,,,6.0,11.666666666666666,,,,,,1.5333333333333334,6.16,,,,,,,,,,,,,3.0,11.0,,,,,,2.0,12.0,,,,,,15.0,50.0,TB,NFC South,outdoor,11.0,1.0,RB,62.66666666666666,61.497734,0.5047483905843039,0.858843537414966,0.39893618,0.60106385,14,7.0
00-0038976,M.Mims,WR,,,,,,1.0,6.0,,,,,,7.0,11.707317073170731,,,,,,3.333333333333333,2.8666666666666667,,,,,,,,,,,,,15.0,17.0,,,,,,33.0,56.0,,,,,,9.0,15.0,DEN,AFC West,outdoor,14.0,1.0,WR,60.0,81.61123,0.5030988418759317,0.6604414261460102,0.37685186,0.62314814,32,16.0
00-0038977,T.Dell,WR,,,,,,7.0,3.0,,,,,,3.234042553191489,3.215686274509804,,,,,,4.636363636363637,4.777777777777778,,,,,,,,,,,,,10.0,14.0,,,,,,75.0,81.0,,,,,,11.0,9.0,HOU,AFC South,indoor,14.0,1.0,WR,62.0,36.51212,0.4967437944706969,0.5956529885703579,0.37011886,0.62988114,24,12.0
00-0038979,C.Tillman,WR,,,,,,0.0,3.0,,,,,,4.190476190476191,3.586206896551724,,,,,,8.0,-5.0,,,,,,,,,,,,,11.0,9.0,,,,,,44.0,49.0,,,,,,1.0,1.0,CLE,AFC North,outdoor,10.0,1.0,WR,65.94117647058823,38.249825,0.5256290958075697,0.5697059826365458,0.3131133,0.6868867,20,10.0
00-0038994,J.Addison,WR,,,,,,10.0,10.0,,,,,,3.742857142857143,3.227272727272727,,,,,,2.0,6.666666666666667,,,,,,,,,,,,,17.0,16.0,,,,,,108.0,107.0,,,,,,1.0,3.0,MIN,NFC North,indoor,6.0,1.0,WR,61.11111111111112,38.288708,0.4694033558842641,0.8299145299145299,0.38454545,0.61545455,33,16.5
00-0038996,T.Kraft,TE,,,,,,3.0,7.0,,,,,,6.888888888888889,8.672727272727272,,,,,,,3.2,,,,,,,,,,,,,12.0,18.0,,,,,,49.0,75.0,,,,,,0.0,5.0,GB,NFC North,outdoor,10.0,1.0,TE,60.05555555555556,77.791176,0.5411923053821919,0.6847808507197153,0.48103607,0.51896393,30,15.0
00-0038997,J.Downs,WR,,,,,,2.0,5.0,,,,,,5.455882352941177,5.5,,,,,,,-1.0,,,,,,,,,,,,,17.0,14.0,,,,,,98.0,107.0,,,,,,0.0,1.0,IND,AFC South,indoor,14.0,1.0,WR,60.8235294117647,65.39625,0.4432556304255448,0.56524926686217,0.44970986,0.5502901,31,15.5
00-0038998,J.Haener,QB,,,,,,,1.0,,,,,,,,,,,,,,2.0,,,,,,,0.4615384615384615,,,,,,,8.0,,,,,,,0.0,,,,,,,11.0,NO,NFC South,indoor,12.0,1.0,QB,60.35294117647059,62.051647,0.4943759340681577,,0.39766082,0.6023392,8,8.0
00-0039021,R.Johnson,RB,,,,,,2.0,6.0,,,,,,7.264705882352941,6.0,,,,,,4.345679012345679,2.727272727272727,,,,,,,,,,,,,15.0,12.0,,,,,,40.0,20.0,,,,,,81.0,55.0,CHI,NFC North,outdoor,7.0,1.0,RB,62.294117647058826,26.427608,0.5368157995912503,0.8122775800711743,0.34844193,0.6515581,27,13.5
00-0039032,T.Spears,RB,,,,,,3.0,5.0,,,,,,8.846153846153847,8.5,,,,,,4.53,3.7142857142857135,,,,,,,,,,,,,17.0,12.0,,,,,,70.0,35.0,,,,,,100.0,84.0,TEN,AFC South,outdoor,5.0,1.0,RB,60.588235294117645,39.319504,0.5103836581072058,0.6357900565366905,0.40291262,0.5970874,29,14.5
00-0039040,D.Achane,RB,,,,,,11.0,12.0,,,,,,9.6,8.525641025641026,,,,,,7.422018348623853,4.467980295566503,,,,,,,,,,,,,12.0,17.0,,,,,,43.0,87.0,,,,,,109.0,203.0,MIA,AFC East,outdoor,6.0,1.0,RB,63.294117647058826,57.18794,0.4137477488415387,0.6473066407276933,0.3866171,0.6133829,29,14.5
00-0039041,E.Higgins,TE,,,,,,1.0,2.0,,,,,,4.785714285714286,4.5,,,,,,,,,,,,,,,,,,,,9.0,14.0,,,,,,19.0,24.0,,,,,,0.0,0.0,ARI,NFC West,indoor,11.0,1.0,TE,60.64705882352941,72.118904,0.5242244885570327,0.8438077634011091,0.40543163,0.5945684,23,11.5
00-0039050,P.Durham,TE,,,,,,0.0,2.0,,,,,,4.5,2.1818181818181817,,,,,,,,,,,,,,,,,,,,7.0,5.0,,,,,,8.0,14.0,,,,,,0.0,0.0,TB,NFC South,outdoor,11.0,1.0,TE,62.66666666666666,61.497734,0.5047483905843039,0.858843537414966,0.39893618,0.60106385,12,6.0
00-0039052,T.Palmer,WR,,,,,,4.0,1.0,,,,,,3.880952380952381,3.5,,,,,,7.75,,,,,,,,,,,,,,19.0,10.0,,,,,,72.0,22.0,,,,,,4.0,0.0,TB,NFC South,outdoor,11.0,1.0,WR,62.66666666666666,61.497734,0.5047483905843039,0.858843537414966,0.39893618,0.60106385,29,14.5
00-0039062,J.Mingo,WR,,,,,,0.0,0.0,,,,,,3.604651162790698,2.9666666666666663,,,,,,,2.5,,,,,,,,,,,,,15.0,14.0,,,,,,85.0,21.0,,,,,,0.0,1.0,DAL,NFC East,indoor,7.0,1.0,WR,64.41176470588235,66.249146,0.5172044875741835,0.6212507005189932,0.37260273,0.62739724,43,21.5
00-0039064,Z.Flowers,WR,,,,,,7.0,4.0,,,,,,5.058139534883721,6.256756756756757,,,,,,6.0,6.222222222222222,,,,,,,,,,,,,18.0,17.0,,,,,,121.0,116.0,,,,,,10.0,9.0,BAL,AFC North,outdoor,14.0,1.0,WR,61.42105263157895,75.81623,0.5321196437947293,0.6698717948717949,0.48500428,0.5149957,35,17.5
00-0039065,S.LaPorta,TE,,,,,,11.0,8.0,,,,,,4.233644859813084,5.53030303030303,,,,,,4.0,,,,,,,,,,,,,,20.0,17.0,,,,,,147.0,90.0,,,,,,1.0,0.0,DET,NFC North,indoor,5.0,1.0,TE,64.66666666666667,66.82518,0.5130747620685701,0.7933218192285549,0.45017183,0.5498282,37,18.5
00-0039066,M.Mayer,TE,,,,,,2.0,0.0,,,,,,6.074074074074074,2.9047619047619047,,,,,,,,,,,,,,,,,,,,12.0,11.0,,,,,,40.0,32.0,,,,,,0.0,0.0,LV,AFC West,indoor,10.0,1.0,TE,62.0,51.68756,0.5222465043809061,0.6363027515532962,0.33301708,0.66698295,23,11.5
00-0039067,R.Rice,WR,,,,,,8.0,2.0,,,,,,8.085714285714285,7.75,,,,,,0.6666666666666666,1.0,,,,,,,,,,,,,20.0,3.0,,,,,,135.0,29.0,,,,,,3.0,1.0,KC,AFC West,outdoor,6.0,1.0,WR,61.4,56.569695,0.5115963929431422,0.6523858592263792,0.35667753,0.64332247,23,11.5
00-0039074,D.Allen,TE,,,,,,1.0,1.0,,,,,,7.75,4.142857142857143,,,,,,,,,,,,,,,,,,,,5.0,7.0,,,,,,13.0,15.0,,,,,,0.0,0.0,LA,NFC West,outdoor,6.0,1.0,TE,60.36842105263158,65.3435,0.5321760283060593,0.6566492450638792,0.4115083,0.58849174,12,6.0
00-0039075,P.Nacua,WR,,,,,,7.0,4.0,,,,,,6.508771929824562,6.411111111111111,,,,,,6.6923076923076925,4.416666666666667,,,,,,,,,,,,,18.0,13.0,,,,,,170.0,129.0,,,,,,13.0,12.0,LA,NFC West,outdoor,6.0,1.0,WR,60.36842105263158,65.3435,0.5321760283060593,0.6566492450638792,0.4115083,0.58849174,31,15.5
00-0039136,Z.Evans,RB,,,,,,0.0,,,,,,,,,,,,,,2.111111111111111,,,,,,,,,,,,,,4.0,,,,,,,0.0,,,,,,,9.0,,LA,NFC West,outdoor,10.0,0.0,RB,63.66666666666666,68.289696,0.5285269273401368,0.6040597079173097,0.40837696,0.591623,4,4.0
00-0039139,J.Gibbs,RB,,,,,,14.0,21.0,,,,,,6.777777777777778,10.758620689655173,,,,,,5.161137440758294,5.746212121212121,,,,,,,,,,,,,18.0,18.0,,,,,,85.0,74.0,,,,,,211.0,264.0,DET,NFC North,indoor,5.0,1.0,RB,64.66666666666667,66.82518,0.5130747620685701,0.7933218192285549,0.45017183,0.5498282,36,18.0
00-0039144,L.Musgrave,TE,,,,,,2.0,0.0,,,,,,4.95,2.571428571428572,,,,,,,,,,,,,,,,,,,,13.0,7.0,,,,,,53.0,10.0,,,,,,0.0,0.0,GB,NFC North,outdoor,10.0,1.0,TE,60.05555555555556,77.791176,0.5411923053821919,0.6847808507197153,0.48103607,0.51896393,20,10.0
00-0039146,J.Reed,WR,,,,,,10.0,7.0,,,,,,5.220588235294118,6.779661016949152,,,,,,10.666666666666666,8.15,,,,,,,,,,,,,18.0,18.0,,,,,,101.0,79.0,,,,,,12.0,20.0,GB,NFC North,outdoor,10.0,1.0,WR,60.05555555555556,77.791176,0.5411923053821919,0.6847808507197153,0.48103607,0.51896393,36,18.0
00-0039150,B.Young,QB,,,,,,11.0,21.0,,,,,,,,,,,,,6.487179487179487,5.790697674418604,,,,,,0.5977229601518027,0.609375,,,,,,16.0,14.0,,,,,,0.0,0.0,,,,,,39.0,43.0,CAR,NFC South,outdoor,11.0,1.0,QB,58.05882352941177,64.39622,0.4901164387323556,,0.36372846,0.63627154,30,15.0
00-0039152,W.Levis,QB,,,,,,9.0,13.0,,,,,,,,,,,,,2.28,4.066666666666666,,,,,,0.5843137254901961,0.6312292358803987,,,,,,9.0,12.0,,,,,,0.0,0.0,,,,,,25.0,45.0,TEN,AFC South,outdoor,5.0,1.0,QB,60.588235294117645,39.319504,0.5103836581072058,,0.40291262,0.5970874,21,10.5
00-0039163,C.Stroud,QB,,,,,,29.0,21.0,,,,,,1.0,,,,,,,3.883720930232558,4.953125,,,,,,0.6401446654611211,0.6357504215851602,,,,,,17.0,19.0,,,,,,1.0,1.0,,,,,,43.0,64.0,HOU,AFC South,indoor,14.0,1.0,QB,62.0,36.51212,0.4967437944706969,,0.37011886,0.62988114,36,18.0
00-0039164,A.Richardson,QB,,,,,,7.0,14.0,,,,,,,7.0,,,,,,5.44,5.8023255813953485,,,,,,0.5952380952380952,0.4772727272727273,,,,,,4.0,11.0,,,,,,0.0,1.0,,,,,,25.0,86.0,IND,AFC South,indoor,14.0,1.0,QB,60.8235294117647,65.39625,0.4432556304255448,,0.44970986,0.5502901,15,7.5
00-0039165,Z.Charbonnet,RB,,,,,,1.0,9.0,,,,,,7.515151515151516,8.214285714285714,,,,,,4.277777777777778,4.214814814814815,,,,,,,,,,,,,16.0,17.0,,,,,,40.0,52.0,,,,,,108.0,135.0,SEA,NFC West,outdoor,10.0,1.0,RB,59.88235294117647,43.293674,0.4867004593375017,0.5306475531389026,0.3388998,0.6611002,33,16.5
00-0039236,J.Wilson,WR,,,,,,,1.0,,,,,,,3.0,,,,,,,,,,,,,,,,,,,,,10.0,,,,,,,16.0,,,,,,,0.0,PHI,NFC East,outdoor,5.0,0.0,WR,63.85714285714285,35.011185,0.4905671040345963,0.6468466305366902,0.5152871,0.4847129,10,10.0
00-0039244,C.Collier,RB,,,,,,,0.0,,,,,,,1.0,,,,,,,2.4,,,,,,,,,,,,,,2.0,,,,,,,2.0,,,,,,,5.0,LV,AFC West,indoor,10.0,0.0,RB,62.0,51.68756,0.5222465043809061,0.6363027515532962,0.33301708,0.66698295,2,2.0
00-0039299,G.Holani,RB,,,,,,,0.0,,,,,,,0.0,,,,,,,3.333333333333333,,,,,,,,,,,,,,2.0,,,,,,,1.0,,,,,,,3.0,SEA,NFC West,outdoor,10.0,0.0,RB,59.88235294117647,43.293674,0.4867004593375017,0.5306475531389026,0.3388998,0.6611002,2,2.0
00-0039316,B.Cupp,TE,,,,,,,0.0,,,,,,,,,,,,,,,,,,,,,,,,,,,,1.0,,,,,,,1.0,,,,,,,0.0,KC,AFC West,outdoor,6.0,0.0,TE,61.4,56.569695,0.5115963929431422,0.6523858592263792,0.35667753,0.64332247,1,1.0
00-0039325,C.Steele,RB,,,,,,,0.0,,,,,,,6.142857142857143,,,,,,,3.267857142857143,,,,,,,,,,,,,,12.0,,,,,,,11.0,,,,,,,56.0,KC,AFC West,outdoor,6.0,0.0,RB,61.4,56.569695,0.5115963929431422,0.6523858592263792,0.35667753,0.64332247,12,12.0
00-0039337,M.Nabers,WR,,,,,,,7.0,,,,,,,4.238532110091743,,,,,,,0.4,,,,,,,0.0,,,,,,,15.0,,,,,,,170.0,,,,,,,5.0,NYG,NFC East,outdoor,11.0,0.0,WR,61.8235294117647,51.111824,0.5490849384129296,0.6072841901459796,0.36346337,0.63653666,15,15.0
00-0039338,B.Bowers,TE,,,,,,,5.0,,,,,,,5.321428571428571,,,,,,,2.6,,,,,,,,,,,,,,17.0,,,,,,,153.0,,,,,,,5.0,LV,AFC West,indoor,10.0,0.0,TE,62.0,51.68756,0.5222465043809061,0.6363027515532962,0.33301708,0.66698295,17,17.0
00-0039342,X.Legette,WR,,,,,,,4.0,,,,,,,2.2857142857142856,,,,,,,4.0,,,,,,,,,,,,,,15.0,,,,,,,84.0,,,,,,,6.0,CAR,NFC South,outdoor,11.0,0.0,WR,58.05882352941177,64.39622,0.4901164387323556,0.6359375,0.36372846,0.63627154,15,15.0
00-0039344,J.Brooks,RB,,,,,,,0.0,,,,,,,10.333333333333334,,,,,,,2.4444444444444446,,,,,,,,,,,,,,3.0,,,,,,,3.0,,,,,,,9.0,CAR,NFC South,outdoor,11.0,0.0,RB,58.05882352941177,64.39622,0.4901164387323556,0.6359375,0.36372846,0.63627154,3,3.0
00-0039355,L.McCaffrey,WR,,,,,,,0.0,,,,,,,5.388888888888889,,,,,,,,,,,,,,,,,,,,,13.0,,,,,,,25.0,,,,,,,0.0,WAS,NFC East,outdoor,14.0,0.0,WR,65.4,53.9981,0.4818996019460416,0.7281144781144782,0.39831805,0.60168195,13,13.0
00-0039356,J.Sanders,TE,,,,,,,1.0,,,,,,,5.757575757575758,,,,,,,,,,,,,,,,,,,,,15.0,,,,,,,43.0,,,,,,,0.0,CAR,NFC South,outdoor,11.0,0.0,TE,58.05882352941177,64.39622,0.4901164387323556,0.6359375,0.36372846,0.63627154,15,15.0
00-0039359,C.Stover,TE,,,,,,,1.0,,,,,,,5.947368421052632,,,,,,,,,,,,,,,,,,,,,14.0,,,,,,,26.0,,,,,,,0.0,HOU,AFC South,indoor,14.0,0.0,TE,62.0,36.51212,0.4967437944706969,0.5956529885703579,0.37011886,0.62988114,14,14.0
00-0039361,B.Irving,RB,,,,,,,9.0,,,,,,,11.020408163265309,,,,,,,5.352678571428571,,,,,,,,,,,,,,18.0,,,,,,,54.0,,,,,,,224.0,TB,NFC South,outdoor,11.0,0.0,RB,62.66666666666666,61.497734,0.5047483905843039,0.858843537414966,0.39893618,0.60106385,18,18.0
00-0039363,I.Guerendo,RB,,,,,,,4.0,,,,,,,7.133333333333334,,,,,,,5.0,,,,,,,,,,,,,,13.0,,,,,,,16.0,,,,,,,84.0,SF,NFC West,outdoor,9.0,0.0,RB,59.64705882352941,63.015938,0.5505412897873287,0.6356194632790377,0.3964497,0.6035503,13,13.0
00-0039364,S.Vaki,RB,,,,,,,0.0,,,,,,,6.666666666666667,,,,,,,2.333333333333333,,,,,,,,,,,,,,4.0,,,,,,,3.0,,,,,,,6.0,DET,NFC North,indoor,5.0,0.0,RB,64.66666666666667,66.82518,0.5130747620685701,0.7933218192285549,0.45017183,0.5498282,4,4.0
00-0039365,J.Cowing,WR,,,,,,,0.0,,,,,,,6.5,,,,,,,7.0,,,,,,,,,,,,,,3.0,,,,,,,6.0,,,,,,,1.0,SF,NFC West,outdoor,9.0,0.0,WR,59.64705882352941,63.015938,0.5505412897873287,0.6356194632790377,0.3964497,0.6035503,3,3.0
00-0039373,A.Estime,RB,,,,,,,2.0,,,,,,,7.4,,,,,,,4.078947368421052,,,,,,,,,,,,,,13.0,,,,,,,5.0,,,,,,,76.0,DEN,AFC West,outdoor,14.0,0.0,RB,60.0,81.61123,0.5030988418759317,0.6604414261460102,0.37685186,0.62314814,13,13.0
00-0039376,S.Rattler,QB,,,,,,,4.0,,,,,,,,,,,,,,8.11111111111111,,,,,,,0.5701754385964912,,,,,,,7.0,,,,,,,0.0,,,,,,,18.0,NO,NFC South,indoor,12.0,0.0,QB,60.35294117647059,62.051647,0.4943759340681577,,0.39766082,0.6023392,7,7.0
00-0039379,J.Thrash,WR,,,,,,,0.0,,,,,,,4.666666666666667,,,,,,,,,,,,,,,,,,,,,6.0,,,,,,,7.0,,,,,,,0.0,CLE,AFC North,outdoor,10.0,0.0,WR,65.94117647058823,38.249825,0.5256290958075697,0.5697059826365458,0.3131133,0.6868867,6,6.0
00-0039384,T.Tracy,RB,,,,,,,6.0,,,,,,,7.394736842105263,,,,,,,4.369791666666667,,,,,,,,,,,,,,17.0,,,,,,,53.0,,,,,,,192.0,NYG,NFC East,outdoor,11.0,0.0,RB,61.8235294117647,51.111824,0.5490849384129296,0.6072841901459796,0.36346337,0.63653666,17,17.0
00-0039386,B.Means,WR,,,,,,,1.0,,,,,,,2.2222222222222223,,,,,,,,,,,,,,,,,,,,,4.0,,,,,,,15.0,,,,,,,0.0,NO,NFC South,indoor,12.0,0.0,WR,60.35294117647059,62.051647,0.4943759340681577,0.5697110849912208,0.39766082,0.6023392,4,4.0
00-0039391,K.Vidal,RB,,,,,,,1.0,,,,,,,7.4,,,,,,,3.604651162790698,,,,,,,,,,,,,,9.0,,,,,,,9.0,,,,,,,43.0,LAC,AFC West,outdoor,5.0,0.0,RB,58.44444444444444,46.232723,0.4612792875434774,0.6227611940298508,0.40779468,0.59220535,9,9.0
00-0039392,J.Jackson,WR,,,,,,,0.0,,,,,,,2.0,,,,,,,-5.0,,,,,,,,,,,,,,2.0,,,,,,,3.0,,,,,,,1.0,TEN,AFC South,outdoor,5.0,0.0,WR,60.588235294117645,39.319504,0.5103836581072058,0.6357900565366905,0.40291262,0.5970874,2,2.0
00-0039393,J.McClellan,RB,,,,,,,0.0,,,,,,,,,,,,,,2.4615384615384617,,,,,,,,,,,,,,2.0,,,,,,,0.0,,,,,,,13.0,ATL,NFC South,indoor,12.0,0.0,RB,63.11764705882353,67.74269,0.5062640742571539,0.6249132765689057,0.444548,0.555452,2,2.0
00-0039394,C.Washington,WR,,,,,,,0.0,,,,,,,11.0,,,,,,,,,,,,,,,,,,,,,2.0,,,,,,,2.0,,,,,,,0.0,ATL,NFC South,indoor,12.0,0.0,WR,63.11764705882353,67.74269,0.5062640742571539,0.6249132765689057,0.444548,0.555452,2,2.0
00-0039398,J.Milton,QB,,,,,,,2.0,,,,,,,,,,,,,,1.6,,,,,,,0.7586206896551724,,,,,,,1.0,,,,,,,0.0,,,,,,,10.0,NE,AFC East,outdoor,14.0,0.0,QB,60.05882352941177,42.244293,0.4656508630283898,,0.374143,0.625857,1,1.0
00-0039407,D.Laube,RB,,,,,,,0.0,,,,,,,,,,,,,,0.0,,,,,,,,,,,,,,1.0,,,,,,,0.0,,,,,,,1.0,LV,AFC West,indoor,10.0,0.0,RB,62.0,51.68756,0.5222465043809061,0.6363027515532962,0.33301708,0.66698295,1,1.0
00-0039410,R.Flournoy,WR,,,,,,,0.0,,,,,,,3.4,,,,,,,,,,,,,,,,,,,,,7.0,,,,,,,14.0,,,,,,,0.0,DAL,NFC East,indoor,7.0,0.0,WR,64.41176470588235,66.249146,0.5172044875741835,0.6212507005189932,0.37260273,0.62739724,7,7.0
00-0039420,J.Bell,TE,,,,,,,0.0,,,,,,,2.5,,,,,,,,,,,,,,,,,,,,,3.0,,,,,,,3.0,,,,,,,0.0,NE,AFC East,outdoor,14.0,0.0,TE,60.05882352941177,42.244293,0.4656508630283898,0.6714544249430653,0.374143,0.625857,3,3.0
00-0039424,D.Vele,WR,,,,,,,3.0,,,,,,,3.097560975609756,,,,,,,,,,,,,,,,,,,,,14.0,,,,,,,57.0,,,,,,,0.0,DEN,AFC West,outdoor,14.0,0.0,WR,60.0,81.61123,0.5030988418759317,0.6604414261460102,0.37685186,0.62314814,14,14.0
00-0039451,I.Williams,WR,,,,,,,0.0,,,,,,,3.5,,,,,,,,,,,,,,,,,,,,,1.0,,,,,,,3.0,,,,,,,0.0,DET,NFC North,indoor,5.0,,,64.66666666666667,66.82518,0.5130747620685701,0.7933218192285549,0.45017183,0.5498282,1,1.0
00-0039458,B.Bates,TE,,,,,,,0.0,,,,,,,,,,,,,,,,,,,,,,,,,,,,1.0,,,,,,,1.0,,,,,,,0.0,CLE,AFC North,outdoor,10.0,0.0,TE,65.94117647058823,38.249825,0.5256290958075697,0.5697059826365458,0.3131133,0.6868867,1,1.0
00-0039491,J.Coker,WR,,,,,,,2.0,,,,,,,5.34375,,,,,,,,,,,,,,1.0,,,,,,,11.0,,,,,,,46.0,,,,,,,0.0,CAR,NFC South,outdoor,11.0,0.0,WR,58.05882352941177,64.39622,0.4901164387323556,0.6359375,0.36372846,0.63627154,11,11.0
00-0039521,X.Weaver,WR,,,,,,,0.0,,,,,,,,,,,,,,,,,,,,,,,,,,,,2.0,,,,,,,2.0,,,,,,,0.0,ARI,NFC West,indoor,11.0,0.0,WR,60.64705882352941,72.118904,0.5242244885570327,0.8438077634011091,0.40543163,0.5945684,2,2.0
00-0039530,B.Spann-Ford,TE,,,,,,,0.0,,,,,,,5.888888888888889,,,,,,,,,,,,,,,,,,,,,6.0,,,,,,,14.0,,,,,,,0.0,DAL,NFC East,indoor,7.0,0.0,TE,64.41176470588235,66.249146,0.5172044875741835,0.6212507005189932,0.37260273,0.62739724,6,6.0
00-0039543,R.Keyton,WR,,,,,,,0.0,,,,,,,0.0,,,,,,,,,,,,,,,,,,,,,2.0,,,,,,,3.0,,,,,,,0.0,LV,AFC West,indoor,10.0,0.0,WR,62.0,51.68756,0.5222465043809061,0.6363027515532962,0.33301708,0.66698295,2,2.0
00-0039573,B.Watson,RB,,,,,,,0.0,,,,,,,18.0,,,,,,,2.5,,,,,,,,,,,,,,1.0,,,,,,,2.0,,,,,,,4.0,DEN,AFC West,outdoor,14.0,0.0,RB,60.0,81.61123,0.5030988418759317,0.6604414261460102,0.37685186,0.62314814,1,1.0
00-0039589,K.Johnson,WR,,,,,,,0.0,,,,,,,,,,,,,,5.5,,,,,,,,,,,,,,3.0,,,,,,,1.0,,,,,,,2.0,TB,NFC South,outdoor,11.0,0.0,WR,62.66666666666666,61.497734,0.5047483905843039,0.858843537414966,0.39893618,0.60106385,3,3.0
00-0039603,B.Brooks,RB,,,,,,,0.0,,,,,,,,,,,,,,2.0,,,,,,,,,,,,,,1.0,,,,,,,0.0,,,,,,,1.0,HOU,AFC South,indoor,14.0,0.0,RB,62.0,36.51212,0.4967437944706969,0.5956529885703579,0.37011886,0.62988114,1,1.0
00-0039613,D.Holker,TE,,,,,,,0.0,,,,,,,4.333333333333333,,,,,,,,,,,,,,,,,,,,,2.0,,,,,,,4.0,,,,,,,0.0,NO,NFC South,indoor,12.0,0.0,TE,60.35294117647059,62.051647,0.4943759340681577,0.5697110849912208,0.39766082,0.6023392,2,2.0
00-0039614,J.Jackson,WR,,,,,,,0.0,,,,,,,,,,,,,,-1.0,,,,,,,,,,,,,,1.0,,,,,,,0.0,,,,,,,1.0,NO,NFC South,indoor,12.0,0.0,WR,60.35294117647059,62.051647,0.4943759340681577,0.5697110849912208,0.39766082,0.6023392,1,1.0
00-0039617,J.Kibodi,RB,,,,,,,0.0,,,,,,,11.0,,,,,,,4.8,,,,,,,,,,,,,,1.0,,,,,,,3.0,,,,,,,5.0,CLE,AFC North,outdoor,10.0,0.0,RB,65.94117647058823,38.249825,0.5256290958075697,0.5697059826365458,0.3131133,0.6868867,1,1.0
00-0039623,M.Tipton,WR,,,,,,,0.0,,,,,,,1.9285714285714288,,,,,,,,,,,,,,,,,,,,,9.0,,,,,,,26.0,,,,,,,0.0,NO,NFC South,indoor,12.0,0.0,WR,60.35294117647059,62.051647,0.4943759340681577,0.5697110849912208,0.39766082,0.6023392,9,9.0
00-0039631,C.Grandy,TE,,,,,,,0.0,,,,,,,3.2,,,,,,,,,,,,,,,,,,,,,4.0,,,,,,,5.0,,,,,,,0.0,CIN,AFC North,outdoor,12.0,0.0,TE,62.88235294117647,56.04726,0.466805566395805,0.7055214723926381,0.323667,0.676333,4,4.0
00-0039648,D.Martin-Robinson,TE,,,,,,,0.0,,,,,,,6.0,,,,,,,,,,,,,,,,,,,,,2.0,,,,,,,2.0,,,,,,,0.0,TEN,AFC South,outdoor,5.0,0.0,TE,60.588235294117645,39.319504,0.5103836581072058,0.6357900565366905,0.40291262,0.5970874,2,2.0
00-0039650,B.Oliver,WR,,,,,,,0.0,,,,,,,4.333333333333333,,,,,,,,,,,,,,,,,,,,,5.0,,,,,,,9.0,,,,,,,0.0,TEN,AFC South,outdoor,5.0,0.0,WR,60.588235294117645,39.319504,0.5103836581072058,0.6357900565366905,0.40291262,0.5970874,5,5.0
00-0039703,C.Schrader,RB,,,,,,,0.0,,,,,,,6.0,,,,,,,3.0,,,,,,,,,,,,,,1.0,,,,,,,1.0,,,,,,,1.0,LA,NFC West,outdoor,6.0,0.0,RB,60.36842105263158,65.3435,0.5321760283060593,0.6566492450638792,0.4115083,0.58849174,1,1.0
00-0039732,B.Nix,QB,,,,,,,35.0,,,,,,,0.0,,,,,,,4.927083333333333,,,,,,,0.6604414261460102,,,,,,,18.0,,,,,,,1.0,,,,,,,96.0,DEN,AFC West,outdoor,14.0,0.0,QB,60.0,81.61123,0.5030988418759317,,0.37685186,0.62314814,18,18.0
00-0039737,T.Reiman,TE,,,,,,,0.0,,,,,,,4.833333333333333,,,,,,,,,,,,,,,,,,,,,5.0,,,,,,,7.0,,,,,,,0.0,ARI,NFC West,indoor,11.0,0.0,TE,60.64705882352941,72.118904,0.5242244885570327,0.8438077634011091,0.40543163,0.5945684,5,5.0
00-0039738,B.Corum,RB,,,,,,,0.0,,,,,,,9.285714285714286,,,,,,,3.5689655172413794,,,,,,,,,,,,,,14.0,,,,,,,8.0,,,,,,,58.0,LA,NFC West,outdoor,6.0,0.0,RB,60.36842105263158,65.3435,0.5321760283060593,0.6566492450638792,0.4115083,0.58849174,14,14.0
00-0039746,W.Shipley,RB,,,,,,,1.0,,,,,,,7.0,,,,,,,4.676470588235294,,,,,,,,,,,,,,6.0,,,,,,,4.0,,,,,,,34.0,PHI,NFC East,outdoor,5.0,0.0,RB,63.85714285714285,35.011185,0.4905671040345963,0.6468466305366902,0.5152871,0.4847129,6,6.0
00-0039747,A.Smith,WR,,,,,,,1.0,,,,,,,3.2857142857142856,,,,,,,3.0,,,,,,,,,,,,,,3.0,,,,,,,9.0,,,,,,,2.0,PHI,NFC East,outdoor,5.0,0.0,WR,63.85714285714285,35.011185,0.4905671040345963,0.6468466305366902,0.5152871,0.4847129,3,3.0
00-0039751,J.Whittington,WR,,,,,,,0.0,,,,,,,8.869565217391305,,,,,,,6.0,,,,,,,,,,,,,,7.0,,,,,,,29.0,,,,,,,2.0,LA,NFC West,outdoor,6.0,0.0,WR,60.36842105263158,65.3435,0.5321760283060593,0.6566492450638792,0.4115083,0.58849174,7,7.0
00-0039754,D.Culp,TE,,,,,,,0.0,,,,,,,6.2,,,,,,,,,,,,,,,,,,,,,2.0,,,,,,,6.0,,,,,,,0.0,TB,NFC South,outdoor,11.0,0.0,TE,62.66666666666666,61.497734,0.5047483905843039,0.858843537414966,0.39893618,0.60106385,2,2.0
00-0039757,T.Jennings,RB,,,,,,,0.0,,,,,,,,,,,,,,2.5384615384615383,,,,,,,,,,,,,,2.0,,,,,,,1.0,,,,,,,13.0,NE,AFC East,outdoor,14.0,0.0,RB,60.05882352941177,42.244293,0.4656508630283898,0.6714544249430653,0.374143,0.625857,2,2.0
00-0039792,D.Walker,WR,,,,,,,1.0,,,,,,,0.0,,,,,,,,,,,,,,,,,,,,,2.0,,,,,,,3.0,,,,,,,0.0,BAL,AFC North,outdoor,14.0,0.0,WR,61.42105263157895,75.81623,0.5321196437947293,0.6698717948717949,0.48500428,0.5149957,2,2.0
00-0039793,A.Barner,TE,,,,,,,4.0,,,,,,,5.466666666666667,,,,,,,,,,,,,,,,,,,,,14.0,,,,,,,38.0,,,,,,,0.0,SEA,NFC West,outdoor,10.0,0.0,TE,59.88235294117647,43.293674,0.4867004593375017,0.5306475531389026,0.3388998,0.6611002,14,14.0
00-0039794,B.Allen,RB,,,,,,,3.0,,,,,,,8.578947368421053,,,,,,,3.630434782608696,,,,,,,,,,,,,,17.0,,,,,,,27.0,,,,,,,92.0,NYJ,AFC East,outdoor,12.0,0.0,RB,59.64705882352941,62.289284,0.4854509399218924,0.7014321295143213,0.3382643,0.6617357,17,17.0
00-0039796,R.Ali,RB,,,,,,,0.0,,,,,,,,,,,,,,3.1,,,,,,,,,,,,,,4.0,,,,,,,2.0,,,,,,,10.0,BAL,AFC North,outdoor,14.0,0.0,RB,61.42105263157895,75.81623,0.5321196437947293,0.6698717948717949,0.48500428,0.5149957,4,4.0
00-0039798,I.Davis,RB,,,,,,,2.0,,,,,,,8.333333333333334,,,,,,,5.8,,,,,,,,,,,,,,9.0,,,,,,,12.0,,,,,,,30.0,NYJ,AFC East,outdoor,12.0,0.0,RB,59.64705882352941,62.289284,0.4854509399218924,0.7014321295143213,0.3382643,0.6617357,9,9.0
00-0039810,J.Burton,WR,,,,,,,0.0,,,,,,,5.5,,,,,,,,,,,,,,,,,,,,,4.0,,,,,,,14.0,,,,,,,0.0,CIN,AFC North,outdoor,12.0,0.0,WR,62.88235294117647,56.04726,0.466805566395805,0.7055214723926381,0.323667,0.676333,4,4.0
00-0039811,M.Lloyd,RB,,,,,,,0.0,,,,,,,8.0,,,,,,,2.5,,,,,,,,,,,,,,1.0,,,,,,,1.0,,,,,,,6.0,GB,NFC North,outdoor,10.0,0.0,RB,60.05555555555556,77.791176,0.5411923053821919,0.6847808507197153,0.48103607,0.51896393,1,1.0
00-0039814,E.All,TE,,,,,,,0.0,,,,,,,4.35,,,,,,,,,,,,,,,,,,,,,8.0,,,,,,,22.0,,,,,,,0.0,CIN,AFC North,outdoor,12.0,0.0,TE,62.88235294117647,56.04726,0.466805566395805,0.7055214723926381,0.323667,0.676333,8,8.0
00-0039816,A.Gould,WR,,,,,,,0.0,,,,,,,5.0,,,,,,,,,,,,,,,,,,,,,1.0,,,,,,,1.0,,,,,,,0.0,IND,AFC South,indoor,14.0,0.0,WR,60.8235294117647,65.39625,0.4432556304255448,0.56524926686217,0.44970986,0.5502901,1,1.0
00-0039824,J.Wiley,TE,,,,,,,0.0,,,,,,,3.0,,,,,,,,,,,,,,,,,,,,,1.0,,,,,,,1.0,,,,,,,0.0,KC,AFC West,outdoor,6.0,0.0,TE,61.4,56.569695,0.5115963929431422,0.6523858592263792,0.35667753,0.64332247,1,1.0
00-0039847,T.Johnson,TE,,,,,,,1.0,,,,,,,5.137931034482759,,,,,,,,,,,,,,,,,,,,,10.0,,,,,,,43.0,,,,,,,0.0,NYG,NFC East,outdoor,11.0,0.0,TE,61.8235294117647,51.111824,0.5490849384129296,0.6072841901459796,0.36346337,0.63653666,10,10.0
00-0039849,M.Harrison,WR,,,,,,,8.0,,,,,,,2.3870967741935485,,,,,,,,,,,,,,,,,,,,,17.0,,,,,,,116.0,,,,,,,0.0,ARI,NFC West,indoor,11.0,0.0,WR,60.64705882352941,72.118904,0.5242244885570327,0.8438077634011091,0.40543163,0.5945684,17,17.0
00-0039851,D.Maye,QB,,,,,,,17.0,,,,,,,,,,,,,,7.796296296296297,,,,,,,0.665680473372781,,,,,,,13.0,,,,,,,0.0,,,,,,,54.0,NE,AFC East,outdoor,14.0,0.0,QB,60.05882352941177,42.244293,0.4656508630283898,,0.374143,0.625857,13,13.0
00-0039853,J.Baker,WR,,,,,,,0.0,,,,,,,0.0,,,,,,,,,,,,,,,,,,,,,4.0,,,,,,,4.0,,,,,,,0.0,NE,AFC East,outdoor,14.0,0.0,WR,60.05882352941177,42.244293,0.4656508630283898,0.6714544249430653,0.374143,0.625857,4,4.0
00-0039855,J.McMillan,WR,,,,,,,8.0,,,,,,,3.692307692307693,,,,,,,10.75,,,,,,,,,,,,,,14.0,,,,,,,62.0,,,,,,,4.0,TB,NFC South,outdoor,11.0,0.0,WR,62.66666666666666,61.497734,0.5047483905843039,0.858843537414966,0.39893618,0.60106385,14,14.0
00-0039868,T.Franklin,WR,,,,,,,3.0,,,,,,,5.433333333333334,,,,,,,4.0,,,,,,,,,,,,,,17.0,,,,,,,56.0,,,,,,,2.0,DEN,AFC West,outdoor,14.0,0.0,WR,60.0,81.61123,0.5030988418759317,0.6604414261460102,0.37685186,0.62314814,17,17.0
00-0039874,J.Wright,RB,,,,,,,0.0,,,,,,,2.6666666666666665,,,,,,,3.661764705882353,,,,,,,,,,,,,,13.0,,,,,,,6.0,,,,,,,68.0,MIA,AFC East,outdoor,6.0,0.0,RB,63.294117647058826,57.18794,0.4137477488415387,0.6473066407276933,0.3866171,0.6133829,13,13.0
00-0039875,R.Davis,RB,,,,,,,7.0,,,,,,,9.647058823529411,,,,,,,3.983333333333333,,,,,,,,,,,,,,19.0,,,,,,,19.0,,,,,,,120.0,BUF,AFC East,outdoor,12.0,0.0,RB,60.1,91.19061,0.4954661162710698,0.5498380675371826,0.44009984,0.55990016,19,19.0
00-0039880,M.Washington,WR,,,,,,,1.0,,,,,,,4.730769230769231,,,,,,,5.0,,,,,,,,,,,,,,12.0,,,,,,,36.0,,,,,,,5.0,MIA,AFC East,outdoor,6.0,0.0,WR,63.294117647058826,57.18794,0.4137477488415387,0.6473066407276933,0.3866171,0.6133829,12,12.0
00-0039890,A.Mitchell,WR,,,,,,,0.0,,,,,,,4.391304347826087,,,,,,,1.5,,,,,,,1.0,,,,,,,17.0,,,,,,,55.0,,,,,,,4.0,IND,AFC South,indoor,14.0,0.0,WR,60.8235294117647,65.39625,0.4432556304255448,0.56524926686217,0.44970986,0.5502901,17,17.0
00-0039893,B.Thomas,WR,,,,,,,10.0,,,,,,,6.459770114942529,,,,,,,8.0,,,,,,,,,,,,,,17.0,,,,,,,133.0,,,,,,,6.0,JAX,AFC South,outdoor,12.0,0.0,WR,58.294117647058826,68.956665,0.4698388127180696,0.6291527792710461,0.38345107,0.61654896,17,17.0
00-0039894,X.Worthy,WR,,,,,,,12.0,,,,,,,6.653846153846154,,,,,,,4.869565217391305,,,,,,,,,,,,,,19.0,,,,,,,119.0,,,,,,,23.0,KC,AFC West,outdoor,6.0,0.0,WR,61.4,56.569695,0.5115963929431422,0.6523858592263792,0.35667753,0.64332247,19,19.0
00-0039901,K.Coleman,WR,,,,,,,4.0,,,,,,,6.84375,,,,,,,9.0,,,,,,,,,,,,,,16.0,,,,,,,65.0,,,,,,,1.0,BUF,AFC East,outdoor,12.0,0.0,WR,60.1,91.19061,0.4954661162710698,0.5498380675371826,0.44009984,0.55990016,16,16.0
00-0039907,J.Polk,WR,,,,,,,2.0,,,,,,,1.0833333333333333,,,,,,,0.0,,,,,,,,,,,,,,13.0,,,,,,,33.0,,,,,,,1.0,NE,AFC East,outdoor,14.0,0.0,WR,60.05882352941177,42.244293,0.4656508630283898,0.6714544249430653,0.374143,0.625857,13,13.0
00-0039910,J.Daniels,QB,,,,,,,37.0,,,,,,,,,,,,,,5.60655737704918,,,,,,,0.6835016835016835,,,,,,,20.0,,,,,,,0.0,,,,,,,183.0,WAS,NFC East,outdoor,14.0,0.0,QB,65.4,53.9981,0.4818996019460416,,0.39831805,0.60168195,20,20.0
00-0039912,B.Sinnott,TE,,,,,,,1.0,,,,,,,4.333333333333333,,,,,,,,,,,,,,,,,,,,,5.0,,,,,,,6.0,,,,,,,0.0,WAS,NFC East,outdoor,14.0,0.0,TE,65.4,53.9981,0.4818996019460416,0.7281144781144782,0.39831805,0.60168195,5,5.0
00-0039915,L.McConkey,WR,,,,,,,8.0,,,,,,,5.153846153846154,,,,,,,,,,,,,,,,,,,,,17.0,,,,,,,126.0,,,,,,,0.0,LAC,AFC West,outdoor,5.0,0.0,WR,58.44444444444444,46.232723,0.4612792875434774,0.6227611940298508,0.40779468,0.59220535,17,17.0
00-0039916,R.Pearsall,WR,,,,,,,3.0,,,,,,,3.6774193548387095,,,,,,,15.0,,,,,,,0.0,,,,,,,10.0,,,,,,,46.0,,,,,,,3.0,SF,NFC West,outdoor,9.0,0.0,WR,59.64705882352941,63.015938,0.5505412897873287,0.6356194632790377,0.3964497,0.6035503,10,10.0
00-0039917,M.Penix,QB,,,,,,,4.0,,,,,,,,,,,,,,1.5714285714285714,,,,,,,0.580952380952381,,,,,,,5.0,,,,,,,0.0,,,,,,,7.0,ATL,NFC South,indoor,12.0,0.0,QB,63.11764705882353,67.74269,0.5062640742571539,,0.444548,0.555452,5,5.0
00-0039918,C.Williams,QB,,,,,,,20.0,,,,,,,,,,,,,,6.037037037037037,,,,,,,0.6245551601423488,,,,,,,17.0,,,,,,,0.0,,,,,,,81.0,CHI,NFC North,outdoor,7.0,0.0,QB,62.294117647058826,26.427608,0.5368157995912503,,0.34844193,0.6515581,17,17.0
00-0039919,R.Odunze,WR,,,,,,,3.0,,,,,,,4.685185185185185,,,,,,,5.0,,,,,,,,,,,,,,17.0,,,,,,,101.0,,,,,,,3.0,CHI,NFC North,outdoor,7.0,0.0,WR,62.294117647058826,26.427608,0.5368157995912503,0.8122775800711743,0.34844193,0.6515581,17,17.0
00-0039920,M.Corley,WR,,,,,,,0.0,,,,,,,1.6666666666666667,,,,,,,13.0,,,,,,,,,,,,,,5.0,,,,,,,6.0,,,,,,,2.0,NYJ,AFC East,outdoor,12.0,0.0,WR,59.64705882352941,62.289284,0.4854509399218924,0.7014321295143213,0.3382643,0.6617357,5,5.0
00-0039921,T.Benson,RB,,,,,,,1.0,,,,,,,13.0,,,,,,,4.619047619047619,,,,,,,,,,,,,,12.0,,,,,,,6.0,,,,,,,63.0,ARI,NFC West,indoor,11.0,0.0,RB,60.64705882352941,72.118904,0.5242244885570327,0.8438077634011091,0.40543163,0.5945684,12,12.0
