season,player_id,player_name,position,team,rush_attempts,rushing_yards,rushing_tds,receive_attempts,receptions,receiving_yards,receiving_tds,receiving_yards_after_catch,passing_tds,completions,attempts,passing_yards,games_played,completion_rate,avg_yds_per_carry,avg_yds_after_catch,TD,player_name_roster,depth_chart_position,years_exp,jersey_number,status,games_played_total_career,seasons_in_data,avg_games_played_per_szn
2018,00-0032104,A.Abdullah,RB,DET,1,1.0,0,2,2,18.0,0,19.0,0,0,0,0.0,4,,1.0,9.5,0,,,,,,99,7,14.142857142857142
2018,00-0032104,A.Abdullah,RB,MIN,0,0.0,0,2,1,10.0,0,9.0,0,0,0,0.0,4,,,9.0,0,Ameer Abdullah,RB,3.0,31.0,ACT,99,7,14.142857142857142
2019,00-0032104,A.Abdullah,RB,MIN,24,124.0,0,22,16,95.0,1,83.0,0,0,0,0.0,13,,5.166666666666667,5.1875,1,Ameer Abdullah,RB,4.0,31.0,ACT,99,7,14.142857142857142
2020,00-0032104,A.Abdullah,RB,MIN,8,42.0,0,9,8,58.0,2,63.0,0,0,0,0.0,6,,5.25,7.875,2,Ameer Abdullah,RB,5.0,31.0,ACT,99,7,14.142857142857142
2021,00-0032104,A.Abdullah,RB,CAR,44,136.0,0,49,35,272.0,1,275.0,0,0,0,0.0,15,,3.090909090909091,7.857142857142857,1,Ameer Abdullah,RB,6.0,20.0,ACT,99,7,14.142857142857142
2021,00-0032104,A.Abdullah,RB,MIN,7,30.0,0,4,3,17.0,0,19.0,0,0,0,0.0,15,,4.285714285714286,6.333333333333333,0,,,,,,99,7,14.142857142857142
2022,00-0032104,A.Abdullah,RB,LV,4,20.0,0,32,25,211.0,1,195.0,0,0,0,0.0,13,,5.0,7.8,1,Ameer Abdullah,RB,7.0,22.0,ACT,99,7,14.142857142857142
2023,00-0032104,A.Abdullah,RB,LV,15,89.0,0,24,19,131.0,0,88.0,0,0,0,0.0,16,,5.933333333333334,4.631578947368421,0,Ameer Abdullah,RB,8.0,22.0,ACT,99,7,14.142857142857142
2024,00-0032104,A.Abdullah,RB,LV,66,311.0,2,47,40,261.0,3,252.0,0,0,0,0.0,13,,4.712121212121212,6.3,5,Ameer Abdullah,RB,9.0,8.0,INA,99,7,14.142857142857142
2018,00-0033296,A.Armah,RB,CAR,9,15.0,2,1,1,5.0,0,5.0,0,0,0,0.0,8,,1.6666666666666667,5.0,2,Alex Armah,RB,1.0,40.0,ACT,34,5,6.8
2019,00-0033296,A.Armah,RB,CAR,6,11.0,1,2,2,6.0,0,7.0,0,0,0,0.0,6,,1.8333333333333333,3.5,1,Alex Armah,RB,2.0,40.0,ACT,34,5,6.8
2020,00-0033296,A.Armah,RB,CAR,6,9.0,0,9,5,18.0,0,20.0,0,0,0,0.0,12,,1.5,4.0,0,Alex Armah,FB,3.0,40.0,ACT,34,5,6.8
2021,00-0033296,A.Armah,RB,NO,5,21.0,0,1,1,1.0,1,1.0,0,0,0,0.0,5,,4.2,1.0,1,,,,,,34,5,6.8
2023,00-0033296,A.Armah,RB,WAS,0,0.0,0,3,3,13.0,0,27.0,0,0,0,0.0,3,,,9.0,0,Alex Armah,RB,6.0,40.0,ACT,34,5,6.8
2018,00-0033421,A.Auclair,TE,TB,0,0.0,0,8,7,48.0,0,8.0,0,0,0,0.0,6,,,1.1428571428571428,0,Antony Auclair,TE,1.0,82.0,ACT,13,4,3.25
2019,00-0033421,A.Auclair,TE,TB,0,0.0,0,3,1,11.0,0,8.0,0,0,0,0.0,2,,,8.0,0,Antony Auclair,TE,2.0,82.0,RES,13,4,3.25
2020,00-0033421,A.Auclair,TE,TB,0,0.0,0,1,0,0.0,0,0.0,0,0,0,0.0,1,,,,0,Antony Auclair,TE,3.0,82.0,INA,13,4,3.25
2021,00-0033421,A.Auclair,TE,HOU,0,0.0,0,5,5,47.0,1,25.0,0,0,0,0.0,4,,,5.0,1,Antony Auclair,TE,4.0,83.0,ACT,13,4,3.25
2022,00-0035876,A.Baccellia,WR,ARI,0,0.0,0,10,7,45.0,0,11.0,0,0,0,0.0,5,,,1.5714285714285714,0,Andre Baccellia,WR,2.0,82.0,ACT,5,1,5.0
2021,00-0035602,A.Bachman,WR,NYG,1,-3.0,0,0,0,0.0,0,0.0,0,0,0,0.0,1,,-3.0,,0,Alex Bachman,WR,2.0,81.0,ACT,2,2,1.0
2024,00-0035602,A.Bachman,WR,LV,0,0.0,0,3,3,31.0,0,10.0,0,0,0,0.0,1,,,3.3333333333333335,0,Alex Bachman,WR,5.0,81.0,DEV,2,2,1.0
2024,00-0039793,A.Barner,TE,SEA,0,0.0,0,38,30,245.0,4,164.0,0,0,0,0.0,14,,,5.466666666666667,4,AJ Barner,TE,0.0,88.0,ACT,14,1,14.0
2018,00-0031075,A.Blue,RB,HOU,152,507.0,2,29,22,165.0,0,117.0,0,0,0,0.0,17,,3.335526315789474,5.318181818181818,2,Alfred Blue,RB,4.0,28.0,ACT,17,1,17.0
2018,00-0027793,A.Brown,WR,PIT,0,0.0,0,168,104,1297.0,15,485.0,0,0,1,0.0,15,0.0,,4.663461538461538,15,Antonio Brown,WR,8.0,84.0,ACT,34,4,8.5
2019,00-0027793,A.Brown,WR,NE,1,5.0,0,8,4,56.0,1,7.0,0,0,0,0.0,1,,5.0,1.75,1,Antonio Brown,WR,9.0,17.0,CUT,34,4,8.5
2019,00-0035676,A.Brown,WR,TEN,4,69.0,1,94,57,1115.0,8,503.0,0,0,0,0.0,19,,17.25,8.824561403508772,9,A.J. Brown,WR,0.0,11.0,ACT,102,6,17.0
2020,00-0027793,A.Brown,WR,TB,3,20.0,0,74,53,564.0,6,273.0,0,0,0,0.0,11,,6.666666666666667,5.150943396226415,6,Antonio Brown,WR,10.0,81.0,ACT,34,4,8.5
2020,00-0035676,A.Brown,WR,TEN,0,0.0,0,116,76,1158.0,12,453.0,0,0,0,0.0,15,,,5.9605263157894735,12,A.J. Brown,WR,1.0,11.0,ACT,102,6,17.0
2021,00-0027793,A.Brown,WR,TB,1,6.0,0,62,42,545.0,4,190.0,0,0,0,0.0,7,,6.0,4.523809523809524,4,Antonio Brown,WR,11.0,81.0,CUT,34,4,8.5
2021,00-0035676,A.Brown,WR,TEN,2,10.0,0,114,68,1011.0,6,250.0,0,0,2,0.0,14,0.0,5.0,3.676470588235294,6,A.J. Brown,WR,2.0,11.0,ACT,102,6,17.0
2022,00-0035676,A.Brown,WR,PHI,0,0.0,0,167,101,1642.0,12,603.0,0,0,0,0.0,20,,,5.97029702970297,12,A.J. Brown,WR,3.0,11.0,ACT,102,6,17.0
2022,00-0037175,A.Brown,QB,BAL,3,-5.0,0,0,0,0.0,0,0.0,0,22,49,302.0,2,0.4489795918367347,-1.6666666666666667,,0,Anthony Brown,QB,0.0,12.0,ACT,2,1,2.0
2023,00-0035676,A.Brown,WR,PHI,0,0.0,0,158,106,1456.0,7,473.0,0,0,0,0.0,17,,,4.462264150943396,7,A.J. Brown,WR,4.0,11.0,INA,102,6,17.0
2024,00-0035676,A.Brown,WR,PHI,0,0.0,0,120,79,1242.0,9,401.0,0,0,0,0.0,17,,,5.075949367088608,9,A.J. Brown,WR,5.0,11.0,ACT,102,6,17.0
2018,00-0034772,A.Callaway,WR,CLE,2,7.0,0,79,43,586.0,5,236.0,0,0,0,0.0,16,,3.5,5.488372093023256,5,Antonio Callaway,WR,0.0,11.0,ACT,23,3,7.666666666666667
2019,00-0034772,A.Callaway,WR,CLE,0,0.0,0,15,8,89.0,0,44.0,0,0,0,0.0,4,,,5.5,0,Antonio Callaway,WR,1.0,11.0,CUT,23,3,7.666666666666667
2020,00-0034772,A.Callaway,WR,MIA,0,0.0,0,4,2,20.0,0,3.0,0,0,0,0.0,3,,,1.5,0,,,,,,23,3,7.666666666666667
2018,00-0033382,A.Carr,WR,NO,0,0.0,0,15,10,102.0,2,22.0,0,0,0,0.0,10,,,2.2,2,Austin Carr,WR,1.0,80.0,ACT,16,3,5.333333333333333
2019,00-0033382,A.Carr,WR,NO,0,0.0,0,4,1,9.0,0,4.0,0,0,0,0.0,2,,,4.0,0,Austin Carr,WR,2.0,80.0,RES,16,3,5.333333333333333
2020,00-0033382,A.Carr,WR,NO,0,0.0,0,4,3,27.0,1,11.0,0,0,0,0.0,4,,,3.6666666666666665,1,Austin Carr,WR,3.0,80.0,CUT,16,3,5.333333333333333
2018,00-0032426,A.Collins,RB,BAL,114,411.0,7,21,15,105.0,1,97.0,0,0,0,0.0,10,,3.6052631578947367,6.466666666666667,8,Alex Collins,RB,2.0,34.0,RES,24,3,8.0
2020,00-0032426,A.Collins,RB,SEA,18,77.0,2,2,1,4.0,0,1.0,0,0,0,0.0,3,,4.277777777777778,1.0,2,Alex Collins,RB,4.0,41.0,ACT,24,3,8.0
2021,00-0032426,A.Collins,RB,SEA,108,411.0,2,10,9,87.0,0,96.0,0,0,0,0.0,11,,3.8055555555555554,10.666666666666666,2,Alex Collins,RB,5.0,41.0,RES,24,3,8.0
2018,00-0031544,A.Cooper,WR,DAL,1,11.0,0,94,66,896.0,7,398.0,0,0,0,0.0,17,,11.0,6.03030303030303,7,Amari Cooper,WR,3.0,19.0,ACT,147,7,21.0
2018,00-0031544,A.Cooper,WR,LV,1,9.0,0,31,22,280.0,1,97.0,0,0,0,0.0,17,,9.0,4.409090909090909,1,,,,,,147,7,21.0
2019,00-0031544,A.Cooper,WR,DAL,1,6.0,0,119,79,1189.0,8,240.0,0,0,0,0.0,16,,6.0,3.037974683544304,8,Amari Cooper,WR,4.0,19.0,ACT,147,7,21.0
2020,00-0031544,A.Cooper,WR,DAL,6,14.0,0,130,92,1114.0,5,413.0,0,0,0,0.0,16,,2.3333333333333335,4.489130434782608,5,Amari Cooper,WR,5.0,19.0,ACT,147,7,21.0
2021,00-0031544,A.Cooper,WR,DAL,0,0.0,0,114,74,929.0,9,232.0,0,0,0,0.0,16,,,3.135135135135135,9,Amari Cooper,WR,6.0,19.0,ACT,147,7,21.0
2022,00-0031544,A.Cooper,WR,CLE,0,0.0,0,132,78,1160.0,9,299.0,0,0,1,0.0,17,0.0,,3.8333333333333335,9,Amari Cooper,WR,7.0,2.0,ACT,147,7,21.0
2023,00-0031544,A.Cooper,WR,CLE,0,0.0,0,133,76,1309.0,5,278.0,0,0,0,0.0,16,,,3.6578947368421053,5,Amari Cooper,WR,8.0,2.0,ACT,147,7,21.0
2024,00-0031544,A.Cooper,WR,BUF,0,0.0,0,40,26,338.0,2,77.0,0,0,0,0.0,16,,,2.9615384615384617,2,Amari Cooper,WR,9.0,18.0,ACT,147,7,21.0
2024,00-0031544,A.Cooper,WR,CLE,0,0.0,0,53,24,250.0,2,57.0,0,0,0,0.0,16,,,2.375,2,,,,,,147,7,21.0
2018,00-0032745,A.Cross,TE,TB,0,0.0,0,5,2,9.0,0,7.0,0,0,0,0.0,4,,,3.5,0,Alan Cross,TE,2.0,45.0,RES,4,1,4.0
2018,00-0027973,A.Dalton,QB,CIN,16,99.0,0,0,0,0.0,0,0.0,21,226,365,2566.0,11,0.6191780821917808,6.1875,,21,Andy Dalton,QB,7.0,14.0,RES,65,7,9.285714285714286
2019,00-0027973,A.Dalton,QB,CIN,32,73.0,4,1,1,-4.0,0,4.0,16,314,528,3494.0,13,0.5946969696969697,2.28125,4.0,20,Andy Dalton,QB,8.0,14.0,ACT,65,7,9.285714285714286
2020,00-0027973,A.Dalton,QB,DAL,28,114.0,0,1,1,-3.0,0,4.0,14,216,333,2170.0,11,0.6486486486486487,4.071428571428571,4.0,14,Andy Dalton,QB,9.0,14.0,ACT,65,7,9.285714285714286
2021,00-0027973,A.Dalton,QB,CHI,16,76.0,0,0,0,0.0,0,0.0,8,149,236,1515.0,8,0.6313559322033898,4.75,,8,Andy Dalton,QB,10.0,14.0,ACT,65,7,9.285714285714286
2022,00-0027973,A.Dalton,QB,NO,30,54.0,0,0,0,0.0,0,0.0,18,252,378,2871.0,14,0.6666666666666666,1.8,,18,Andy Dalton,QB,11.0,14.0,ACT,65,7,9.285714285714286
2023,00-0027973,A.Dalton,QB,CAR,3,12.0,0,0,0,0.0,0,0.0,2,34,58,361.0,2,0.5862068965517241,4.0,,2,Andy Dalton,QB,12.0,14.0,ACT,65,7,9.285714285714286
2024,00-0027973,A.Dalton,QB,CAR,11,34.0,0,0,0,0.0,0,0.0,7,106,160,989.0,6,0.6625,3.090909090909091,,7,Andy Dalton,QB,13.0,14.0,ACT,65,7,9.285714285714286
2018,00-0031609,A.Derby,TE,MIA,0,0.0,0,5,3,48.0,1,9.0,0,0,0,0.0,3,,,3.0,1,A.J. Derby,TE,3.0,85.0,RES,3,1,3.0
2020,00-0036265,A.Dillon,RB,GB,55,286.0,2,3,3,34.0,0,27.0,0,0,0,0.0,11,,5.2,9.0,2,A.J. Dillon,RB,0.0,28.0,ACT,61,4,15.25
2021,00-0036265,A.Dillon,RB,GB,194,828.0,6,37,34,313.0,2,310.0,0,0,0,0.0,18,,4.268041237113402,9.117647058823529,8,A.J. Dillon,RB,1.0,28.0,ACT,61,4,15.25
2022,00-0036265,A.Dillon,RB,GB,186,770.0,7,43,28,206.0,0,203.0,0,0,0,0.0,17,,4.139784946236559,7.25,7,A.J. Dillon,RB,2.0,28.0,ACT,61,4,15.25
2023,00-0036265,A.Dillon,RB,GB,178,613.0,2,28,22,223.0,0,231.0,0,0,0,0.0,15,,3.443820224719101,10.5,2,AJ Dillon,RB,3.0,28.0,INA,61,4,15.25
2019,00-0035021,A.Dulin,WR,IND,0,0.0,0,2,2,17.0,0,23.0,0,0,0,0.0,2,,,11.5,0,Ashton Dulin,WR,0.0,16.0,ACT,39,5,7.8
2020,00-0035021,A.Dulin,WR,IND,2,11.0,0,6,3,53.0,0,28.0,0,0,0,0.0,7,,5.5,9.333333333333334,0,Ashton Dulin,WR,1.0,16.0,ACT,39,5,7.8
2021,00-0035021,A.Dulin,WR,IND,3,32.0,0,22,13,173.0,2,50.0,0,0,0,0.0,14,,10.666666666666666,3.8461538461538463,2,Ashton Dulin,WR,2.0,16.0,ACT,39,5,7.8
2022,00-0035021,A.Dulin,WR,IND,2,8.0,0,22,15,207.0,1,35.0,0,0,0,0.0,7,,4.0,2.3333333333333335,1,Ashton Dulin,WR,3.0,16.0,ACT,39,5,7.8
2024,00-0035021,A.Dulin,WR,IND,5,45.0,0,8,2,67.0,1,43.0,0,0,0,0.0,9,,9.0,21.5,1,Ashton Dulin,WR,5.0,16.0,ACT,39,5,7.8
2018,00-0033699,A.Ekeler,RB,LAC,117,583.0,3,62,46,437.0,3,461.0,0,0,0,0.0,16,,4.982905982905983,10.021739130434783,6,Austin Ekeler,RB,1.0,30.0,ACT,105,7,15.0
2019,00-0033699,A.Ekeler,RB,LAC,132,557.0,3,108,92,993.0,8,940.0,0,0,0,0.0,16,,4.21969696969697,10.217391304347826,11,Austin Ekeler,RB,2.0,30.0,ACT,105,7,15.0
2020,00-0033699,A.Ekeler,RB,LAC,116,530.0,1,65,54,403.0,2,473.0,0,0,0,0.0,10,,4.568965517241379,8.75925925925926,3,Austin Ekeler,RB,3.0,30.0,ACT,105,7,15.0
2021,00-0033699,A.Ekeler,RB,LAC,206,911.0,12,94,70,647.0,8,627.0,0,0,0,0.0,16,,4.422330097087379,8.957142857142857,20,Austin Ekeler,RB,4.0,30.0,ACT,105,7,15.0
2022,00-0033699,A.Ekeler,RB,LAC,217,950.0,15,131,109,730.0,5,873.0,0,0,0,0.0,18,,4.377880184331797,8.009174311926605,20,Austin Ekeler,RB,5.0,30.0,ACT,105,7,15.0
2023,00-0033699,A.Ekeler,RB,LAC,179,628.0,5,74,51,436.0,1,533.0,0,0,0,0.0,14,,3.5083798882681565,10.450980392156863,6,Austin Ekeler,RB,6.0,30.0,ACT,105,7,15.0
2024,00-0033699,A.Ekeler,RB,WAS,99,456.0,4,56,47,450.0,0,514.0,0,0,0,0.0,15,,4.606060606060606,10.936170212765957,4,Austin Ekeler,RB,7.0,30.0,ACT,105,7,15.0
2018,00-0032543,A.Erickson,WR,CIN,3,22.0,0,29,20,167.0,0,75.0,0,0,0,0.0,11,,7.333333333333333,3.75,0,Alex Erickson,WR,2.0,12.0,ACT,47,5,9.4
2019,00-0032543,A.Erickson,WR,CIN,5,33.0,0,78,43,529.0,0,227.0,0,1,1,26.0,15,1.0,6.6,5.27906976744186,0,Alex Erickson,WR,3.0,12.0,ACT,47,5,9.4
2020,00-0032543,A.Erickson,WR,CIN,5,7.0,0,17,12,139.0,0,67.0,0,0,1,0.0,9,0.0,1.4,5.583333333333333,0,Alex Erickson,WR,4.0,12.0,ACT,47,5,9.4
2021,00-0032543,A.Erickson,WR,CAR,0,0.0,0,4,3,55.0,0,30.0,0,0,0,0.0,4,,,10.0,0,Alex Erickson,WR,5.0,13.0,ACT,47,5,9.4
2023,00-0032543,A.Erickson,WR,LAC,0,0.0,0,29,16,232.0,1,58.0,0,0,0,0.0,8,,,3.625,1,Alex Erickson,WR,7.0,82.0,ACT,47,5,9.4
2024,00-0039373,A.Estime,RB,DEN,76,310.0,2,5,5,27.0,0,37.0,0,0,0,0.0,13,,4.078947368421052,7.4,2,Audric Estimé,RB,0.0,23.0,INA,13,1,13.0
2018,00-0033455,A.Firkser,TE,TEN,0,0.0,0,20,19,225.0,1,97.0,0,0,0,0.0,8,,,5.105263157894737,1,Anthony Firkser,TE,1.0,86.0,ACT,61,6,10.166666666666666
2019,00-0033455,A.Firkser,TE,TEN,0,0.0,0,29,17,249.0,3,71.0,0,0,0,0.0,12,,,4.176470588235294,3,Anthony Firkser,TE,2.0,86.0,ACT,61,6,10.166666666666666
2020,00-0033455,A.Firkser,TE,TEN,0,0.0,0,55,41,431.0,1,178.0,0,0,0,0.0,16,,,4.341463414634147,1,Anthony Firkser,TE,3.0,86.0,ACT,61,6,10.166666666666666
2021,00-0033455,A.Firkser,TE,TEN,0,0.0,0,44,34,291.0,2,111.0,0,0,0,0.0,16,,,3.264705882352941,2,Anthony Firkser,TE,4.0,86.0,ACT,61,6,10.166666666666666
2022,00-0033455,A.Firkser,TE,ATL,0,0.0,0,13,9,100.0,0,20.0,0,0,0,0.0,8,,,2.2222222222222223,0,Anthony Firkser,TE,5.0,86.0,ACT,61,6,10.166666666666666
2023,00-0033455,A.Firkser,TE,DET,0,0.0,0,1,1,8.0,0,4.0,0,0,0,0.0,1,,,4.0,0,Anthony Firkser,TE,6.0,86.0,ACT,61,6,10.166666666666666
2020,00-0036340,A.Gandy-Golden,WR,WAS,1,22.0,0,7,1,3.0,0,1.0,0,0,0,0.0,4,,22.0,1.0,0,Antonio Gandy-Golden,WR,0.0,10.0,INA,4,1,4.0
2018,00-0021547,A.Gates,TE,LAC,0,0.0,0,57,37,409.0,3,153.0,0,0,0,0.0,17,,,4.135135135135135,3,Antonio Gates,TE,15.0,85.0,ACT,17,1,17.0
2020,00-0036328,A.Gibson,RB,WAS,184,826.0,11,47,38,251.0,0,310.0,0,0,0,0.0,15,,4.489130434782608,8.157894736842104,11,Antonio Gibson,RB,0.0,24.0,ACT,79,5,15.8
2021,00-0036328,A.Gibson,RB,WAS,258,1037.0,7,52,42,294.0,3,333.0,0,0,0,0.0,16,,4.01937984496124,7.928571428571429,10,Antonio Gibson,RB,1.0,24.0,ACT,79,5,15.8
2022,00-0036328,A.Gibson,RB,WAS,149,546.0,3,58,46,353.0,2,297.0,0,0,0,0.0,15,,3.664429530201342,6.456521739130435,5,Antonio Gibson,RB,2.0,24.0,RES,79,5,15.8
2023,00-0036328,A.Gibson,RB,WAS,65,265.0,1,59,48,389.0,2,377.0,0,0,0,0.0,16,,4.076923076923077,7.854166666666667,3,Antonio Gibson,RB,3.0,24.0,ACT,79,5,15.8
2024,00-0036328,A.Gibson,RB,NE,120,538.0,1,29,23,206.0,0,213.0,0,0,0,0.0,17,,4.483333333333333,9.26086956521739,1,Antonio Gibson,RB,4.0,4.0,ACT,79,5,15.8
2024,00-0039816,A.Gould,WR,IND,0,0.0,0,1,1,23.0,0,5.0,0,0,0,0.0,1,,,5.0,0,Anthony Gould,WR,0.0,6.0,ACT,1,1,1.0
2018,00-0027942,A.Green,WR,CIN,0,0.0,0,77,46,694.0,6,163.0,0,0,0,0.0,9,,,3.5434782608695654,6,A.J. Green,WR,7.0,18.0,RES,55,4,13.75
2020,00-0027942,A.Green,WR,CIN,0,0.0,0,104,47,523.0,2,86.0,0,0,0,0.0,16,,,1.8297872340425532,2,A.J. Green,WR,9.0,18.0,ACT,55,4,13.75
2021,00-0027942,A.Green,WR,ARI,0,0.0,0,95,54,848.0,3,181.0,0,0,0,0.0,17,,,3.3518518518518516,3,A.J. Green,WR,10.0,18.0,ACT,55,4,13.75
2022,00-0027942,A.Green,WR,ARI,0,0.0,0,47,24,236.0,2,56.0,0,0,0,0.0,13,,,2.3333333333333335,2,A.J. Green,WR,11.0,18.0,ACT,55,4,13.75
2023,00-0038627,A.Green,WR,DET,0,0.0,0,2,1,2.0,0,1.0,0,0,0,0.0,2,,,1.0,0,Antoine Green,WR,0.0,80.0,ACT,2,1,2.0
2019,00-0035104,A.Hollins,WR,MIN,0,0.0,0,5,2,46.0,0,6.0,0,0,0,0.0,3,,,3.0,0,Alexander Hollins,WR,0.0,15.0,INA,3,1,3.0
2018,00-0028263,A.Holmes,WR,BUF,0,0.0,0,23,12,157.0,0,42.0,0,0,0,0.0,11,,,3.5,0,,,,,,22,1,22.0
2018,00-0028263,A.Holmes,WR,DEN,0,0.0,0,1,1,5.0,0,8.0,0,0,0,0.0,11,,,8.0,0,Andre Holmes,WR,7.0,19.0,RES,22,1,22.0
2018,00-0032392,A.Hooper,TE,ATL,0,0.0,0,88,71,660.0,4,237.0,0,0,0,0.0,16,,,3.3380281690140845,4,Austin Hooper,TE,2.0,81.0,ACT,109,7,15.571428571428571
2019,00-0032392,A.Hooper,TE,ATL,0,0.0,0,97,75,787.0,6,335.0,0,0,0,0.0,13,,,4.466666666666667,6,Austin Hooper,TE,3.0,81.0,ACT,109,7,15.571428571428571
2020,00-0032392,A.Hooper,TE,CLE,0,0.0,0,84,55,497.0,5,180.0,0,0,0,0.0,15,,,3.272727272727273,5,Austin Hooper,TE,4.0,81.0,ACT,109,7,15.571428571428571
2021,00-0032392,A.Hooper,TE,CLE,0,0.0,0,61,38,345.0,3,185.0,0,0,0,0.0,15,,,4.868421052631579,3,Austin Hooper,TE,5.0,81.0,ACT,109,7,15.571428571428571
2022,00-0032392,A.Hooper,TE,TEN,0,0.0,0,60,41,444.0,2,130.0,0,0,0,0.0,17,,,3.1707317073170733,2,Austin Hooper,TE,6.0,81.0,ACT,109,7,15.571428571428571
2023,00-0032392,A.Hooper,TE,LV,0,0.0,0,31,25,234.0,0,142.0,0,0,0,0.0,16,,,5.68,0,Austin Hooper,TE,7.0,81.0,ACT,109,7,15.571428571428571
2024,00-0032392,A.Hooper,TE,NE,0,0.0,0,59,45,476.0,3,225.0,0,0,0,0.0,17,,,5.0,3,Austin Hooper,TE,8.0,81.0,ACT,109,7,15.571428571428571
2018,00-0032009,A.Humphries,WR,TB,2,11.0,0,105,76,816.0,5,415.0,0,0,0,0.0,16,,5.5,5.4605263157894735,5,Adam Humphries,WR,3.0,10.0,ACT,53,4,13.25
2019,00-0032009,A.Humphries,WR,TEN,1,1.0,0,52,41,399.0,2,125.0,0,0,0,0.0,13,,1.0,3.048780487804878,2,Adam Humphries,WR,4.0,10.0,ACT,53,4,13.25
2020,00-0032009,A.Humphries,WR,TEN,0,0.0,0,35,23,228.0,2,45.0,0,0,0,0.0,7,,,1.9565217391304348,2,Adam Humphries,WR,5.0,10.0,RES,53,4,13.25
2021,00-0032009,A.Humphries,WR,WAS,0,0.0,0,62,41,383.0,0,158.0,0,0,0,0.0,17,,,3.8536585365853657,0,Adam Humphries,WR,6.0,13.0,ACT,53,4,13.25
2018,00-0030821,A.Hurns,WR,DAL,0,0.0,0,36,21,309.0,2,85.0,0,0,0,0.0,14,,,4.0476190476190474,2,Allen Hurns,WR,4.0,17.0,RES,28,2,14.0
2019,00-0030821,A.Hurns,WR,MIA,0,0.0,0,47,32,416.0,2,96.0,0,0,0,0.0,14,,,3.0,2,Allen Hurns,WR,5.0,17.0,INA,28,2,14.0
2023,00-0038619,A.Iosivas,WR,CIN,0,0.0,0,25,15,116.0,4,35.0,0,0,0,0.0,9,,,2.3333333333333335,4,Andrei Iosivas,WR,0.0,80.0,ACT,26,2,13.0
2024,00-0038619,A.Iosivas,WR,CIN,0,0.0,0,61,36,479.0,6,67.0,0,0,0,0.0,17,,,1.8611111111111112,6,Andrei Iosivas,WR,1.0,80.0,ACT,26,2,13.0
2019,00-0035527,A.Isabella,WR,ARI,4,15.0,0,13,9,189.0,1,140.0,0,0,0,0.0,9,,3.75,15.555555555555555,1,Andy Isabella,WR,0.0,89.0,ACT,28,5,5.6
2020,00-0035527,A.Isabella,WR,ARI,1,-6.0,0,35,21,224.0,2,82.0,0,0,0,0.0,11,,-6.0,3.9047619047619047,2,Andy Isabella,WR,1.0,17.0,ACT,28,5,5.6
2021,00-0035527,A.Isabella,WR,ARI,0,0.0,0,1,1,13.0,0,7.0,0,0,0,0.0,1,,,7.0,0,Andy Isabella,WR,2.0,17.0,INA,28,5,5.6
2022,00-0035527,A.Isabella,WR,ARI,0,0.0,0,5,2,21.0,0,5.0,0,0,0,0.0,3,,,2.5,0,,,,,,28,5,5.6
2022,00-0035527,A.Isabella,WR,BAL,1,1.0,0,0,0,0.0,0,0.0,0,0,0,0.0,3,,1.0,,0,Andy Isabella,WR,3.0,83.0,ACT,28,5,5.6
2023,00-0035527,A.Isabella,WR,BUF,0,0.0,0,1,0,0.0,0,0.0,0,0,0,0.0,1,,,,0,Andy Isabella,WR,4.0,87.0,ACT,28,5,5.6
2018,00-0029137,A.Jeffery,WR,PHI,0,0.0,0,109,76,988.0,6,301.0,0,0,0,0.0,15,,,3.960526315789474,6,Alshon Jeffery,WR,6.0,17.0,ACT,31,3,10.333333333333334
2019,00-0029137,A.Jeffery,WR,PHI,1,2.0,1,73,43,490.0,4,116.0,0,0,0,0.0,9,,2.0,2.697674418604651,5,Alshon Jeffery,WR,7.0,17.0,RES,31,3,10.333333333333334
2020,00-0029137,A.Jeffery,WR,PHI,0,0.0,0,13,6,115.0,1,25.0,0,0,0,0.0,7,,,4.166666666666667,1,Alshon Jeffery,WR,8.0,17.0,INA,31,3,10.333333333333334
2018,00-0032707,A.Jones,WR,DET,0,0.0,0,24,11,80.0,1,26.0,0,0,0,0.0,5,,,2.3636363636363638,1,Andy Jones,WR,2.0,17.0,ACT,5,1,5.0
2018,00-0033293,A.Jones,RB,GB,133,728.0,8,35,26,206.0,1,221.0,0,0,0,0.0,12,,5.473684210526316,8.5,9,Aaron Jones,RB,1.0,33.0,RES,110,7,15.714285714285714
2019,00-0033293,A.Jones,RB,GB,269,1202.0,19,75,55,505.0,4,478.0,0,0,0,0.0,18,,4.4684014869888475,8.690909090909091,23,Aaron Jones,RB,2.0,33.0,ACT,110,7,15.714285714285714
2020,00-0033293,A.Jones,RB,GB,221,1230.0,10,71,52,376.0,2,394.0,0,0,0,0.0,16,,5.5656108597285066,7.576923076923077,12,Aaron Jones,RB,3.0,33.0,ACT,110,7,15.714285714285714
2021,00-0033293,A.Jones,RB,GB,183,840.0,4,75,61,520.0,6,518.0,0,0,0,0.0,16,,4.590163934426229,8.491803278688524,10,Aaron Jones,RB,4.0,33.0,ACT,110,7,15.714285714285714
2022,00-0033293,A.Jones,RB,GB,213,1121.0,2,72,59,395.0,5,477.0,0,0,0,0.0,17,,5.262910798122066,8.084745762711865,7,Aaron Jones,RB,5.0,33.0,ACT,110,7,15.714285714285714
2023,00-0033293,A.Jones,RB,GB,181,882.0,5,50,34,254.0,1,297.0,0,0,0,0.0,13,,4.87292817679558,8.735294117647058,6,Aaron Jones,RB,6.0,33.0,ACT,110,7,15.714285714285714
2024,00-0033293,A.Jones,RB,MIN,268,1186.0,5,68,54,420.0,2,429.0,0,0,0,0.0,18,,4.425373134328358,7.944444444444445,7,Aaron Jones,RB,7.0,33.0,ACT,110,7,15.714285714285714
2018,00-0033906,A.Kamara,RB,NO,218,969.0,14,122,96,840.0,4,758.0,0,0,0,0.0,17,,4.444954128440367,7.895833333333333,18,Alvin Kamara,RB,1.0,41.0,ACT,104,7,14.857142857142858
2019,00-0033906,A.Kamara,RB,NO,178,818.0,6,106,89,567.0,1,593.0,0,1,1,13.0,15,1.0,4.595505617977528,6.662921348314606,7,Alvin Kamara,RB,2.0,41.0,ACT,104,7,14.857142857142858
2020,00-0033906,A.Kamara,RB,NO,228,1116.0,17,115,88,793.0,5,760.0,0,0,0,0.0,17,,4.894736842105263,8.636363636363637,22,Alvin Kamara,RB,3.0,41.0,ACT,104,7,14.857142857142858
2021,00-0033906,A.Kamara,RB,NO,240,898.0,4,67,47,439.0,5,437.0,0,0,0,0.0,13,,3.7416666666666667,9.297872340425531,9,Alvin Kamara,RB,4.0,41.0,ACT,104,7,14.857142857142858
2022,00-0033906,A.Kamara,RB,NO,223,897.0,2,77,57,490.0,2,461.0,0,0,0,0.0,15,,4.022421524663677,8.087719298245615,4,Alvin Kamara,RB,5.0,41.0,ACT,104,7,14.857142857142858
2023,00-0033906,A.Kamara,RB,NO,180,694.0,5,86,75,466.0,1,501.0,0,0,0,0.0,13,,3.8555555555555556,6.68,6,Alvin Kamara,RB,6.0,41.0,INA,104,7,14.857142857142858
2024,00-0033906,A.Kamara,RB,NO,228,950.0,6,89,68,543.0,2,542.0,0,0,0,0.0,14,,4.166666666666667,7.970588235294118,8,Alvin Kamara,RB,7.0,41.0,INA,104,7,14.857142857142858
2020,00-0036000,A.Killins,RB,PHI,1,-12.0,0,1,1,2.0,0,6.0,0,0,0,0.0,1,,-12.0,6.0,0,Adrian Killins,RB,0.0,46.0,DEV,1,1,1.0
2018,00-0034521,A.Lazard,WR,GB,0,0.0,0,1,1,7.0,0,0.0,0,0,0,0.0,1,,,0.0,0,Allen Lazard,WR,0.0,13.0,ACT,81,7,11.571428571428571
2019,00-0034521,A.Lazard,WR,GB,2,26.0,0,56,38,513.0,3,141.0,0,0,0,0.0,13,,13.0,3.710526315789474,3,Allen Lazard,WR,1.0,13.0,ACT,81,7,11.571428571428571
2020,00-0034521,A.Lazard,WR,GB,2,17.0,0,60,40,609.0,4,253.0,0,0,0,0.0,12,,8.5,6.325,4,Allen Lazard,WR,2.0,13.0,ACT,81,7,11.571428571428571
2021,00-0034521,A.Lazard,WR,GB,3,32.0,0,61,41,519.0,8,174.0,0,0,0,0.0,15,,10.666666666666666,4.2439024390243905,8,Allen Lazard,WR,3.0,13.0,ACT,81,7,11.571428571428571
2022,00-0034521,A.Lazard,WR,GB,2,0.0,0,100,60,788.0,6,248.0,0,0,0,0.0,15,,0.0,4.133333333333334,6,Allen Lazard,WR,4.0,13.0,ACT,81,7,11.571428571428571
2023,00-0034521,A.Lazard,WR,NYJ,0,0.0,0,49,23,311.0,1,56.0,0,0,0,0.0,13,,,2.4347826086956523,1,Allen Lazard,WR,5.0,10.0,INA,81,7,11.571428571428571
2024,00-0034521,A.Lazard,WR,NYJ,0,0.0,0,61,37,530.0,6,155.0,0,0,1,0.0,12,0.0,,4.1891891891891895,6,Allen Lazard,WR,6.0,10.0,ACT,81,7,11.571428571428571
2018,00-0029668,A.Luck,QB,IND,56,194.0,0,2,1,4.0,0,0.0,42,468,707,5018.0,18,0.6619519094766619,3.4642857142857144,0.0,42,Andrew Luck,QB,6.0,12.0,ACT,18,1,18.0
2020,00-0035869,A.Mack,WR,NYG,0,0.0,0,11,7,91.0,0,37.0,0,0,0,0.0,5,,,5.285714285714286,0,Austin Mack,WR,0.0,81.0,ACT,5,1,5.0
2019,00-0034972,A.Mattison,RB,MIN,106,485.0,1,14,11,92.0,0,86.0,0,0,0,0.0,15,,4.5754716981132075,7.818181818181818,1,Alexander Mattison,RB,0.0,25.0,ACT,92,6,15.333333333333334
2020,00-0034972,A.Mattison,RB,MIN,96,434.0,2,15,13,125.0,1,108.0,0,0,0,0.0,13,,4.520833333333333,8.307692307692308,3,Alexander Mattison,RB,1.0,25.0,ACT,92,6,15.333333333333334
2021,00-0034972,A.Mattison,RB,MIN,134,491.0,3,39,32,228.0,1,238.0,0,0,0,0.0,16,,3.6641791044776117,7.4375,4,Alexander Mattison,RB,2.0,25.0,ACT,92,6,15.333333333333334
2022,00-0034972,A.Mattison,RB,MIN,74,283.0,5,19,16,93.0,1,128.0,0,0,0,0.0,18,,3.824324324324324,8.0,6,Alexander Mattison,RB,3.0,2.0,ACT,92,6,15.333333333333334
2023,00-0034972,A.Mattison,RB,MIN,180,700.0,0,44,30,192.0,3,181.0,0,0,0,0.0,16,,3.888888888888889,6.033333333333333,3,Alexander Mattison,RB,4.0,2.0,ACT,92,6,15.333333333333334
2024,00-0034972,A.Mattison,RB,LV,132,420.0,4,48,36,294.0,1,314.0,0,0,0,0.0,14,,3.1818181818181817,8.722222222222221,5,Alexander Mattison,RB,5.0,22.0,ACT,92,6,15.333333333333334
2018,00-0031288,A.McCarron,QB,LV,3,-2.0,0,0,0,0.0,0,0.0,0,1,3,8.0,2,0.3333333333333333,-0.6666666666666666,,0,,,,,,8,4,2.0
2019,00-0031288,A.McCarron,QB,HOU,5,39.0,1,0,0,0.0,0,0.0,0,21,37,225.0,2,0.5675675675675675,7.8,,1,AJ McCarron,QB,5.0,2.0,ACT,8,4,2.0
2020,00-0031288,A.McCarron,QB,HOU,0,0.0,0,0,0,0.0,0,0.0,0,1,1,20.0,2,1.0,,,0,AJ McCarron,QB,6.0,2.0,ACT,8,4,2.0
2023,00-0031288,A.McCarron,QB,CIN,0,0.0,0,0,0,0.0,0,0.0,0,4,5,19.0,2,0.8,,,0,AJ McCarron,QB,9.0,4.0,ACT,8,4,2.0
2020,00-0036336,A.McFarland,RB,PIT,33,113.0,0,9,6,54.0,0,47.0,0,0,0,0.0,11,,3.4242424242424243,7.833333333333333,0,Anthony McFarland,RB,0.0,26.0,INA,15,4,3.75
2021,00-0036336,A.McFarland,RB,PIT,3,3.0,0,1,1,11.0,0,11.0,0,0,0,0.0,2,,1.0,11.0,0,Anthony McFarland,RB,1.0,26.0,INA,15,4,3.75
2022,00-0036336,A.McFarland,RB,PIT,6,30.0,0,2,2,11.0,0,15.0,0,0,0,0.0,1,,5.0,7.5,0,Anthony McFarland,RB,2.0,26.0,DEV,15,4,3.75
2023,00-0036336,A.McFarland,RB,PIT,0,0.0,0,2,2,11.0,0,7.0,0,0,0,0.0,1,,,3.5,0,Anthony McFarland,RB,3.0,26.0,DEV,15,4,3.75
2018,00-0034353,A.Miller,WR,CHI,6,26.0,0,59,36,457.0,7,177.0,0,1,1,8.0,15,1.0,4.333333333333333,4.916666666666667,7,Anthony Miller,WR,0.0,17.0,ACT,57,5,11.4
2019,00-0034353,A.Miller,WR,CHI,1,-1.0,0,85,52,656.0,2,217.0,0,0,0,0.0,16,,-1.0,4.173076923076923,2,Anthony Miller,WR,1.0,17.0,ACT,57,5,11.4
2020,00-0034353,A.Miller,WR,CHI,3,14.0,0,79,51,507.0,2,149.0,0,0,0,0.0,17,,4.666666666666667,2.9215686274509802,2,Anthony Miller,WR,2.0,17.0,ACT,57,5,11.4
2021,00-0034353,A.Miller,WR,HOU,0,0.0,0,11,5,23.0,1,10.0,0,0,0,0.0,3,,,2.0,1,,,,,,57,5,11.4
2021,00-0034353,A.Miller,WR,PIT,0,0.0,0,1,1,2.0,0,0.0,0,0,0,0.0,3,,,0.0,0,Anthony Miller,WR,3.0,17.0,DEV,57,5,11.4
2024,00-0034353,A.Miller,WR,BAL,0,0.0,0,5,5,44.0,0,14.0,0,0,0,0.0,3,,,2.8,0,Anthony Miller,WR,6.0,6.0,ACT,57,5,11.4
2024,00-0039890,A.Mitchell,WR,IND,4,6.0,0,55,23,312.0,0,101.0,0,1,1,24.0,17,1.0,1.5,4.391304347826087,0,Adonai Mitchell,WR,0.0,10.0,ACT,17,1,17.0
2018,00-0029141,A.Morris,RB,SF,111,428.0,2,13,8,73.0,0,67.0,0,0,0,0.0,11,,3.855855855855856,8.375,2,Alfred Morris,RB,6.0,46.0,ACT,21,3,7.0
2019,00-0029141,A.Morris,RB,ARI,1,4.0,0,0,0,0.0,0,0.0,0,0,0,0.0,1,,4.0,,0,Alfred Morris,RB,7.0,36.0,CUT,21,3,7.0
2020,00-0029141,A.Morris,RB,NYG,55,238.0,1,4,3,19.0,1,17.0,0,0,0,0.0,9,,4.327272727272727,5.666666666666667,2,Alfred Morris,RB,8.0,41.0,ACT,21,3,7.0
2023,00-0038579,A.O'Connell,QB,LV,17,11.0,1,0,0,0.0,0,0.0,12,213,343,2218.0,11,0.6209912536443148,0.6470588235294118,,13,Aidan O'Connell,QB,0.0,4.0,ACT,20,2,10.0
2024,00-0038579,A.O'Connell,QB,LV,21,30.0,1,0,0,0.0,0,0.0,8,154,243,1612.0,9,0.6337448559670782,1.4285714285714286,,9,Aidan O'Connell,QB,1.0,12.0,ACT,20,2,10.0
2023,00-0037292,A.Ogletree,TE,IND,0,0.0,0,21,9,147.0,2,30.0,0,0,0,0.0,10,,,3.3333333333333335,2,Andrew Ogletree,TE,1.0,85.0,EXE,21,2,10.5
2024,00-0037292,A.Ogletree,TE,IND,0,0.0,0,14,9,109.0,1,50.0,0,0,0,0.0,11,,,5.555555555555555,1,Andrew Ogletree,TE,2.0,85.0,ACT,21,2,10.5
2020,00-0036423,A.Okwuegbunam,TE,DEN,0,0.0,0,15,11,121.0,1,73.0,0,0,0,0.0,4,,,6.636363636363637,1,Albert Okwuegbunam,TE,0.0,85.0,RES,24,4,6.0
2021,00-0036423,A.Okwuegbunam,TE,DEN,0,0.0,0,40,33,330.0,2,245.0,0,0,0,0.0,13,,,7.424242424242424,2,Albert Okwuegbunam,TE,1.0,85.0,ACT,24,4,6.0
2022,00-0036423,A.Okwuegbunam,TE,DEN,0,0.0,0,18,10,95.0,1,59.0,0,0,0,0.0,6,,,5.9,1,Albert Okwuegbunam,TE,2.0,85.0,ACT,24,4,6.0
2023,00-0036423,A.Okwuegbunam,TE,PHI,0,0.0,0,1,0,0.0,0,0.0,0,0,0,0.0,1,,,,0,Albert Okwuegbunam,TE,3.0,85.0,RES,24,4,6.0
2019,00-0033705,A.Patton,WR,LAC,0,0.0,0,17,6,56.0,0,28.0,0,0,0,0.0,7,,,4.666666666666667,0,Andre Patton,WR,2.0,16.0,ACT,7,1,7.0
2023,00-0038612,A.Perry,WR,NO,0,0.0,0,18,12,246.0,4,20.0,0,0,0,0.0,8,,,1.6666666666666667,4,A.T. Perry,WR,0.0,17.0,ACT,8,1,8.0
2018,00-0025394,A.Peterson,RB,WAS,251,1042.0,7,26,20,208.0,1,201.0,0,0,0,0.0,16,,4.151394422310757,10.05,8,Adrian Peterson,RB,11.0,26.0,ACT,55,4,13.75
2019,00-0025394,A.Peterson,RB,WAS,211,898.0,5,23,17,142.0,0,161.0,0,0,0,0.0,15,,4.2559241706161135,9.470588235294118,5,Adrian Peterson,RB,12.0,26.0,ACT,55,4,13.75
2020,00-0025394,A.Peterson,RB,DET,156,604.0,7,18,12,101.0,0,103.0,0,0,0,0.0,16,,3.871794871794872,8.583333333333334,7,Adrian Peterson,RB,13.0,28.0,ACT,55,4,13.75
2021,00-0025394,A.Peterson,RB,SEA,11,16.0,1,0,0,0.0,0,0.0,0,0,0,0.0,4,,1.4545454545454546,,1,Adrian Peterson,RB,14.0,21.0,DEV,55,4,13.75
2021,00-0025394,A.Peterson,RB,TEN,27,82.0,1,4,4,8.0,0,19.0,0,0,0,0.0,4,,3.037037037037037,4.75,1,,,,,,55,4,13.75
2020,00-0036208,A.Pierce,RB,CHI,6,34.0,1,0,0,0.0,0,0.0,0,0,0,0.0,3,,5.666666666666667,,1,Artavis Pierce,RB,0.0,46.0,ACT,3,1,3.0
2022,00-0037664,A.Pierce,WR,IND,0,0.0,0,78,41,593.0,2,113.0,0,0,0,0.0,16,,,2.7560975609756095,2,Alec Pierce,WR,0.0,14.0,ACT,49,3,16.333333333333332
2023,00-0037664,A.Pierce,WR,IND,0,0.0,0,65,32,514.0,2,97.0,0,0,0,0.0,17,,,3.03125,2,Alec Pierce,WR,1.0,14.0,ACT,49,3,16.333333333333332
2024,00-0037664,A.Pierce,WR,IND,0,0.0,0,69,37,824.0,7,118.0,0,0,0,0.0,16,,,3.189189189189189,7,Alec Pierce,WR,2.0,14.0,ACT,49,3,16.333333333333332
2023,00-0039164,A.Richardson,QB,IND,25,136.0,4,0,0,0.0,0,0.0,3,50,84,577.0,4,0.5952380952380952,5.44,,7,Anthony Richardson,QB,0.0,5.0,RES,15,2,7.5
2024,00-0039164,A.Richardson,QB,IND,86,499.0,6,1,1,-1.0,0,7.0,8,126,264,1814.0,11,0.4772727272727273,5.8023255813953485,7.0,14,Anthony Richardson,QB,1.0,5.0,INA,15,2,7.5
2018,00-0027691,A.Roberts,WR,NYJ,2,20.0,0,18,10,79.0,1,17.0,0,0,0,0.0,8,,10.0,1.7,1,Andre Roberts,WR,8.0,19.0,ACT,26,4,6.5
2019,00-0027691,A.Roberts,WR,BUF,1,7.0,0,7,3,20.0,0,5.0,0,0,0,0.0,5,,7.0,1.6666666666666667,0,Andre Roberts,WR,9.0,18.0,ACT,26,4,6.5
2020,00-0027691,A.Roberts,WR,BUF,1,-3.0,0,5,4,34.0,0,5.0,0,0,0,0.0,3,,-3.0,1.25,0,Andre Roberts,WR,10.0,18.0,ACT,26,4,6.5
2021,00-0027691,A.Roberts,WR,HOU,0,0.0,0,2,1,35.0,0,16.0,0,0,0,0.0,5,,,16.0,0,,,,,,26,4,6.5
2021,00-0027691,A.Roberts,WR,LAC,3,19.0,0,0,0,0.0,0,0.0,0,0,0,0.0,5,,6.333333333333333,,0,Andre Roberts,WR,11.0,7.0,ACT,26,4,6.5
2018,00-0028116,A.Robinson,WR,MIN,0,0.0,0,35,17,231.0,5,42.0,0,0,0,0.0,14,,,2.4705882352941178,5,Aldrick Robinson,WR,7.0,17.0,ACT,14,1,14.0
2018,00-0031428,A.Robinson,WR,CHI,1,9.0,0,107,65,897.0,5,249.0,0,0,0,0.0,14,,9.0,3.830769230769231,5,Allen Robinson,WR,4.0,12.0,ACT,91,7,13.0
2019,00-0031428,A.Robinson,WR,CHI,1,2.0,0,154,98,1147.0,7,272.0,0,0,0,0.0,16,,2.0,2.7755102040816326,7,Allen Robinson,WR,5.0,12.0,ACT,91,7,13.0
2020,00-0031428,A.Robinson,WR,CHI,1,-1.0,0,158,108,1305.0,6,332.0,0,0,0,0.0,17,,-1.0,3.074074074074074,6,Allen Robinson,WR,6.0,12.0,ACT,91,7,13.0
2021,00-0031428,A.Robinson,WR,CHI,0,0.0,0,66,38,410.0,1,92.0,0,0,0,0.0,12,,,2.4210526315789473,1,Allen Robinson,WR,7.0,12.0,ACT,91,7,13.0
2022,00-0031428,A.Robinson,WR,LA,0,0.0,0,52,33,339.0,3,71.0,0,0,0,0.0,10,,,2.1515151515151514,3,Allen Robinson,WR,8.0,1.0,RES,91,7,13.0
2023,00-0031428,A.Robinson,WR,PIT,0,0.0,0,52,36,292.0,0,81.0,0,0,0,0.0,16,,,2.25,0,Allen Robinson,WR,9.0,11.0,ACT,91,7,13.0
2024,00-0031428,A.Robinson,WR,DET,0,0.0,0,7,3,30.0,0,4.0,0,0,0,0.0,6,,,1.3333333333333333,0,Allen Robinson,WR,10.0,8.0,ACT,91,7,13.0
2018,00-0023459,A.Rodgers,QB,GB,43,269.0,2,0,0,0.0,0,0.0,25,372,597,4442.0,16,0.6231155778894473,6.255813953488372,,27,Aaron Rodgers,QB,13.0,12.0,ACT,104,7,14.857142857142858
2019,00-0023459,A.Rodgers,QB,GB,52,197.0,1,0,0,0.0,0,0.0,30,400,635,4571.0,18,0.6299212598425197,3.7884615384615383,,31,Aaron Rodgers,QB,14.0,12.0,ACT,104,7,14.857142857142858
2020,00-0023459,A.Rodgers,QB,GB,42,146.0,4,1,1,-6.0,0,-2.0,53,428,610,4941.0,18,0.7016393442622951,3.4761904761904763,-2.0,57,Aaron Rodgers,QB,15.0,12.0,ACT,104,7,14.857142857142858
2021,00-0023459,A.Rodgers,QB,GB,33,101.0,3,1,1,-4.0,0,0.0,37,386,560,4340.0,17,0.6892857142857143,3.0606060606060606,0.0,40,Aaron Rodgers,QB,16.0,12.0,ACT,104,7,14.857142857142858
2021,00-0036991,A.Rodgers,WR,GB,1,11.0,0,8,4,45.0,0,24.0,0,0,0,0.0,4,,11.0,6.0,0,Amari Rodgers,WR,0.0,8.0,ACT,23,3,7.666666666666667
2022,00-0023459,A.Rodgers,QB,GB,34,94.0,1,0,0,0.0,0,0.0,26,350,542,3695.0,17,0.6457564575645757,2.764705882352941,,27,Aaron Rodgers,QB,17.0,12.0,ACT,104,7,14.857142857142858
2022,00-0036991,A.Rodgers,WR,GB,0,0.0,0,8,4,50.0,0,11.0,0,0,0,0.0,9,,,2.75,0,,,,,,23,3,7.666666666666667
2022,00-0036991,A.Rodgers,WR,HOU,2,7.0,0,17,12,154.0,1,52.0,0,0,0,0.0,9,,3.5,4.333333333333333,1,Amari Rodgers,WR,1.0,19.0,ACT,23,3,7.666666666666667
2023,00-0023459,A.Rodgers,QB,NYJ,0,0.0,0,0,0,0.0,0,0.0,0,0,1,0.0,1,0.0,,,0,Aaron Rodgers,QB,18.0,8.0,INA,104,7,14.857142857142858
2023,00-0036991,A.Rodgers,WR,IND,0,0.0,0,2,0,0.0,0,0.0,0,0,0,0.0,1,,,,0,Amari Rodgers,WR,2.0,3.0,CUT,23,3,7.666666666666667
2024,00-0023459,A.Rodgers,QB,NYJ,22,107.0,0,0,0,0.0,0,0.0,28,368,584,3897.0,17,0.6301369863013698,4.863636363636363,,28,Aaron Rodgers,QB,19.0,8.0,ACT,104,7,14.857142857142858
2022,00-0037168,A.Rogers,TE,WAS,2,26.0,0,6,5,64.0,0,57.0,0,0,0,0.0,5,,13.0,11.4,0,Armani Rogers,TE,0.0,88.0,ACT,5,1,5.0
2021,00-0036999,A.Schwartz,WR,CLE,6,39.0,0,23,10,135.0,1,10.0,0,0,0,0.0,12,,6.5,1.0,1,Anthony Schwartz,WR,0.0,10.0,ACT,18,2,9.0
2022,00-0036999,A.Schwartz,WR,CLE,4,57.0,1,10,4,51.0,0,27.0,0,0,0,0.0,6,,14.25,6.75,1,Anthony Schwartz,WR,1.0,10.0,RES,18,2,9.0
2018,00-0031418,A.Seferian-Jenkins,TE,JAX,0,0.0,0,19,11,90.0,1,30.0,0,0,0,0.0,5,,,2.727272727272727,1,Austin Seferian-Jenkins,TE,4.0,88.0,RES,5,1,5.0
2018,00-0033896,A.Shaheen,TE,CHI,0,0.0,0,10,8,61.0,1,21.0,0,0,0,0.0,5,,,2.625,1,Adam Shaheen,TE,1.0,87.0,ACT,32,4,8.0
2019,00-0033896,A.Shaheen,TE,CHI,0,0.0,0,13,9,74.0,0,38.0,0,0,0,0.0,7,,,4.222222222222222,0,Adam Shaheen,TE,2.0,87.0,RES,32,4,8.0
2020,00-0033896,A.Shaheen,TE,MIA,0,0.0,0,22,12,150.0,3,105.0,0,0,0,0.0,13,,,8.75,3,Adam Shaheen,TE,3.0,80.0,ACT,32,4,8.0
2021,00-0033896,A.Shaheen,TE,MIA,0,0.0,0,16,12,110.0,0,41.0,0,0,0,0.0,7,,,3.4166666666666665,0,Adam Shaheen,TE,4.0,80.0,ACT,32,4,8.0
2024,00-0037609,A.Shampklin,RB,PIT,6,17.0,0,0,0,0.0,0,0.0,0,0,0,0.0,3,,2.8333333333333335,,0,Aaron Shampklin,RB,2.0,33.0,DEV,3,1,3.0
2018,00-0028074,A.Sherman,RB,KC,1,2.0,0,9,8,96.0,1,56.0,0,0,0,0.0,8,,2.0,7.0,1,Anthony Sherman,FB,7.0,42.0,ACT,17,3,5.666666666666667
2019,00-0028074,A.Sherman,RB,KC,4,9.0,0,4,2,22.0,0,23.0,0,0,0,0.0,5,,2.25,11.5,0,Anthony Sherman,FB,8.0,42.0,ACT,17,3,5.666666666666667
2020,00-0028074,A.Sherman,RB,KC,3,8.0,0,2,1,5.0,1,7.0,0,0,0,0.0,4,,2.6666666666666665,7.0,1,Anthony Sherman,RB,9.0,42.0,ACT,17,3,5.666666666666667
2018,00-0023436,A.Smith,QB,WAS,41,168.0,1,0,0,0.0,0,0.0,10,205,328,2180.0,10,0.625,4.097560975609756,,11,Alex Smith,QB,13.0,11.0,RES,18,2,9.0
2020,00-0023436,A.Smith,QB,WAS,10,3.0,0,0,0,0.0,0,0.0,6,168,252,1582.0,8,0.6666666666666666,0.3,,6,Alex Smith,QB,15.0,11.0,INA,18,2,9.0
2024,00-0039747,A.Smith,WR,PHI,2,6.0,0,9,7,41.0,1,23.0,0,0,0,0.0,3,,3.0,3.2857142857142856,1,Ainias Smith,WR,0.0,82.0,INA,3,1,3.0
2021,00-0036963,A.St. Brown,WR,DET,7,61.0,1,119,90,912.0,5,424.0,0,0,0,0.0,16,,8.714285714285714,4.711111111111111,6,Amon-Ra St. Brown,WR,0.0,14.0,ACT,69,4,17.25
2022,00-0036963,A.St. Brown,WR,DET,9,95.0,0,146,106,1161.0,6,531.0,0,0,0,0.0,16,,10.555555555555555,5.009433962264151,6,Amon-Ra St. Brown,WR,1.0,14.0,ACT,69,4,17.25
2023,00-0036963,A.St. Brown,WR,DET,5,26.0,0,198,141,1789.0,11,791.0,0,0,0,0.0,19,,5.2,5.609929078014185,11,Amon-Ra St. Brown,WR,2.0,14.0,ACT,69,4,17.25
2024,00-0036963,A.St. Brown,WR,DET,2,6.0,0,151,123,1400.0,12,473.0,1,1,1,7.0,18,1.0,3.0,3.845528455284553,13,Amon-Ra St. Brown,WR,3.0,14.0,ACT,69,4,17.25
2019,00-0029623,A.Tanney,QB,NYG,0,0.0,0,0,0,0.0,0,0.0,0,1,1,1.0,1,1.0,,,0,Alex Tanney,QB,7.0,3.0,INA,1,1,1.0
2018,00-0034686,A.Tate,WR,CIN,0,0.0,0,12,4,35.0,0,2.0,0,0,0,0.0,4,,,0.5,0,Auden Tate,WR,0.0,19.0,ACT,28,4,7.0
2019,00-0034686,A.Tate,WR,CIN,0,0.0,0,80,40,575.0,1,134.0,0,0,0,0.0,12,,,3.35,1,Auden Tate,WR,1.0,19.0,RES,28,4,7.0
2020,00-0034686,A.Tate,WR,CIN,0,0.0,0,22,14,150.0,0,58.0,0,0,0,0.0,8,,,4.142857142857143,0,Auden Tate,WR,2.0,19.0,RES,28,4,7.0
2021,00-0034686,A.Tate,WR,CIN,0,0.0,0,4,3,39.0,1,21.0,0,0,0,0.0,4,,,7.0,1,Auden Tate,WR,3.0,19.0,RES,28,4,7.0
2018,00-0030035,A.Thielen,WR,MIN,5,30.0,0,153,113,1373.0,9,416.0,0,0,0,0.0,16,,6.0,3.6814159292035398,9,Adam Thielen,WR,5.0,19.0,ACT,101,7,14.428571428571429
2019,00-0030035,A.Thielen,WR,MIN,5,9.0,1,64,42,597.0,6,144.0,0,0,0,0.0,12,,1.8,3.4285714285714284,7,Adam Thielen,WR,6.0,19.0,ACT,101,7,14.428571428571429
2020,00-0030035,A.Thielen,WR,MIN,3,15.0,0,108,74,925.0,14,243.0,0,0,0,0.0,15,,5.0,3.2837837837837838,14,Adam Thielen,WR,7.0,19.0,ACT,101,7,14.428571428571429
2021,00-0030035,A.Thielen,WR,MIN,1,2.0,0,95,67,726.0,10,239.0,0,0,0,0.0,13,,2.0,3.5671641791044775,10,Adam Thielen,WR,8.0,19.0,RES,101,7,14.428571428571429
2022,00-0030035,A.Thielen,WR,MIN,1,4.0,0,111,73,766.0,6,157.0,0,0,0,0.0,18,,4.0,2.1506849315068495,6,Adam Thielen,WR,9.0,19.0,ACT,101,7,14.428571428571429
2023,00-0030035,A.Thielen,WR,CAR,1,6.0,0,137,103,1014.0,4,340.0,0,0,0,0.0,17,,6.0,3.3009708737864076,4,Adam Thielen,WR,10.0,19.0,ACT,101,7,14.428571428571429
2024,00-0030035,A.Thielen,WR,CAR,0,0.0,0,62,48,615.0,5,152.0,0,0,0,0.0,10,,,3.1666666666666665,5,Adam Thielen,WR,11.0,19.0,ACT,101,7,14.428571428571429
2022,00-0036841,A.Trammell,WR,LA,0,0.0,0,4,2,13.0,0,0.0,0,0,0,0.0,2,,,0.0,0,Austin Trammell,WR,1.0,81.0,ACT,5,3,1.6666666666666667
2023,00-0036841,A.Trammell,WR,LA,0,0.0,0,7,4,29.0,0,35.0,0,0,0,0.0,2,,,8.75,0,Austin Trammell,WR,2.0,81.0,ACT,5,3,1.6666666666666667
2024,00-0036841,A.Trammell,WR,JAX,0,0.0,0,3,2,40.0,0,9.0,0,0,0,0.0,1,,,4.5,0,Austin Trammell,WR,3.0,86.0,DEV,5,3,1.6666666666666667
2020,00-0036422,A.Trautman,TE,NO,0,0.0,0,19,16,175.0,1,120.0,0,0,0,0.0,11,,,7.5,1,Adam Trautman,TE,0.0,82.0,ACT,64,5,12.8
2021,00-0036422,A.Trautman,TE,NO,0,0.0,0,43,27,263.0,2,111.0,0,0,0,0.0,11,,,4.111111111111111,2,Adam Trautman,TE,1.0,82.0,ACT,64,5,12.8
2022,00-0036422,A.Trautman,TE,NO,0,0.0,0,22,18,207.0,1,123.0,0,0,0,0.0,12,,,6.833333333333333,1,Adam Trautman,TE,2.0,82.0,ACT,64,5,12.8
2023,00-0036422,A.Trautman,TE,DEN,0,0.0,0,35,22,204.0,3,98.0,0,0,0,0.0,16,,,4.454545454545454,3,Adam Trautman,TE,3.0,82.0,ACT,64,5,12.8
2024,00-0036422,A.Trautman,TE,DEN,0,0.0,0,23,14,190.0,2,98.0,0,0,0,0.0,14,,,7.0,2,Adam Trautman,TE,4.0,82.0,ACT,64,5,12.8
2020,00-0035187,A.Walter,RB,SF,1,3.0,0,1,1,27.0,0,33.0,0,0,0,0.0,1,,3.0,33.0,0,Austin Walter,RB,1.0,48.0,ACT,5,2,2.5
2021,00-0035187,A.Walter,RB,NYJ,26,101.0,1,3,2,9.0,0,13.0,0,0,0,0.0,4,,3.8846153846153846,6.5,1,Austin Walter,RB,2.0,36.0,INA,5,2,2.5
2021,00-0035126,A.Wesley,WR,ARI,0,0.0,0,34,19,208.0,3,61.0,0,0,0,0.0,9,,,3.210526315789474,3,Antoine Wesley,WR,2.0,85.0,ACT,9,1,9.0
2020,00-0036188,A.Williams,RB,BUF,12,63.0,2,1,1,20.0,0,16.0,0,0,0,0.0,1,,5.25,16.0,2,Antonio Williams,RB,0.0,35.0,DEV,1,1,1.0
2022,00-0036950,A.Williams,RB,ATL,22,109.0,1,14,13,61.0,0,85.0,0,0,0,0.0,14,,4.954545454545454,6.538461538461538,1,Avery Williams,RB,1.0,35.0,ACT,14,1,14.0
2018,00-0030669,A.Wilson,WR,MIA,8,16.0,0,35,26,391.0,4,335.0,1,1,1,52.0,7,1.0,2.0,12.884615384615385,5,Albert Wilson,WR,4.0,15.0,RES,30,3,10.0
2019,00-0030669,A.Wilson,WR,MIA,5,45.0,0,62,43,351.0,1,179.0,0,1,2,20.0,13,0.5,9.0,4.162790697674419,1,Albert Wilson,WR,5.0,15.0,ACT,30,3,10.0
2021,00-0030669,A.Wilson,WR,MIA,4,17.0,0,39,25,213.0,0,143.0,0,0,1,0.0,10,0.0,4.25,5.72,0,Albert Wilson,WR,7.0,2.0,ACT,30,3,10.0
2020,00-0036261,B.Aiyuk,WR,SF,6,77.0,2,96,60,748.0,5,289.0,0,0,0,0.0,12,,12.833333333333334,4.816666666666666,7,Brandon Aiyuk,WR,0.0,11.0,INA,77,5,15.4
2021,00-0036261,B.Aiyuk,WR,SF,5,17.0,0,99,65,961.0,5,387.0,0,0,0,0.0,19,,3.4,5.953846153846154,5,Brandon Aiyuk,WR,1.0,11.0,ACT,77,5,15.4
2022,00-0036261,B.Aiyuk,WR,SF,2,23.0,0,124,84,1124.0,8,399.0,0,0,0,0.0,20,,11.5,4.75,8,Brandon Aiyuk,WR,2.0,11.0,ACT,77,5,15.4
2023,00-0036261,B.Aiyuk,WR,SF,0,0.0,0,125,84,1491.0,8,389.0,0,0,0,0.0,19,,,4.630952380952381,8,Brandon Aiyuk,WR,3.0,11.0,ACT,77,5,15.4
2024,00-0036261,B.Aiyuk,WR,SF,0,0.0,0,47,25,374.0,0,107.0,0,0,0,0.0,7,,,4.28,0,Brandon Aiyuk,WR,4.0,11.0,RES,77,5,15.4
2019,00-0032434,B.Allen,QB,DEN,10,39.0,0,0,0,0.0,0,0.0,3,39,84,515.0,3,0.4642857142857143,3.9,,3,Brandon Allen,QB,3.0,2.0,ACT,17,5,3.4
2020,00-0032434,B.Allen,QB,CIN,13,27.0,0,1,0,0.0,0,0.0,5,90,142,925.0,5,0.6338028169014085,2.076923076923077,,5,Brandon Allen,QB,4.0,8.0,ACT,17,5,3.4
2021,00-0032434,B.Allen,QB,CIN,7,-1.0,0,0,0,0.0,0,0.0,2,17,34,149.0,5,0.5,-0.14285714285714285,,2,Brandon Allen,QB,5.0,8.0,ACT,17,5,3.4
2022,00-0032434,B.Allen,QB,CIN,3,-1.0,0,0,0,0.0,0,0.0,0,3,3,22.0,1,1.0,-0.3333333333333333,,0,Brandon Allen,QB,6.0,8.0,ACT,17,5,3.4
2024,00-0032434,B.Allen,QB,SF,3,4.0,0,0,0,0.0,0,0.0,1,17,30,199.0,3,0.5666666666666667,1.3333333333333333,,1,Brandon Allen,QB,8.0,17.0,ACT,17,5,3.4
2024,00-0039794,B.Allen,RB,NYJ,92,334.0,2,27,19,148.0,1,163.0,0,0,0,0.0,17,,3.630434782608696,8.578947368421053,3,Braelon Allen,RB,0.0,0.0,ACT,17,1,17.0
2024,00-0039458,B.Bates,TE,CLE,0,0.0,0,1,0,0.0,0,0.0,0,0,0,0.0,1,,,,0,Brenden Bates,TE,0.0,82.0,ACT,1,1,1.0
2018,00-0032062,B.Bell,TE,JAX,0,0.0,0,11,8,67.0,0,38.0,0,0,0,0.0,7,,,4.75,0,Blake Bell,TE,3.0,87.0,ACT,52,6,8.666666666666666
2019,00-0032062,B.Bell,TE,KC,0,0.0,0,18,11,91.0,1,21.0,0,0,0,0.0,13,,,1.9090909090909092,1,Blake Bell,TE,4.0,81.0,ACT,52,6,8.666666666666666
2020,00-0032062,B.Bell,TE,DAL,1,2.0,0,15,11,110.0,0,48.0,0,0,0,0.0,11,,2.0,4.363636363636363,0,Blake Bell,TE,5.0,80.0,ACT,52,6,8.666666666666666
2021,00-0032062,B.Bell,TE,KC,4,10.0,0,14,10,90.0,0,71.0,0,0,0,0.0,12,,2.5,7.1,0,Blake Bell,TE,6.0,81.0,ACT,52,6,8.666666666666666
2022,00-0032062,B.Bell,TE,KC,0,0.0,0,4,3,24.0,1,8.0,0,0,0,0.0,3,,,2.6666666666666665,1,Blake Bell,TE,7.0,81.0,INA,52,6,8.666666666666666
2023,00-0032062,B.Bell,TE,KC,0,0.0,0,9,5,26.0,1,19.0,0,0,0,0.0,6,,,3.8,1,Blake Bell,TE,8.0,81.0,ACT,52,6,8.666666666666666
2019,00-0034419,B.Berrios,WR,NYJ,0,0.0,0,13,6,115.0,0,87.0,0,0,0,0.0,6,,,14.5,0,Braxton Berrios,WR,1.0,10.0,ACT,66,6,11.0
2020,00-0034419,B.Berrios,WR,NYJ,3,29.0,0,55,37,394.0,3,216.0,0,0,0,0.0,13,,9.666666666666666,5.837837837837838,3,Braxton Berrios,WR,2.0,10.0,ACT,66,6,11.0
2021,00-0034419,B.Berrios,WR,NYJ,7,40.0,2,65,46,431.0,2,264.0,0,0,0,0.0,15,,5.714285714285714,5.739130434782608,4,Braxton Berrios,WR,3.0,10.0,RES,66,6,11.0
2022,00-0034419,B.Berrios,WR,NYJ,9,91.0,2,32,18,145.0,0,92.0,1,1,1,2.0,15,1.0,10.11111111111111,5.111111111111111,3,Braxton Berrios,WR,4.0,10.0,ACT,66,6,11.0
2023,00-0034419,B.Berrios,WR,MIA,1,11.0,0,34,27,238.0,1,85.0,0,0,0,0.0,14,,11.0,3.1481481481481484,1,Braxton Berrios,WR,5.0,0.0,ACT,66,6,11.0
2024,00-0034419,B.Berrios,WR,MIA,0,0.0,0,4,0,0.0,0,0.0,0,0,0,0.0,3,,,,0,Braxton Berrios,WR,6.0,0.0,RES,66,6,11.0
2018,00-0029239,B.Bolden,RB,MIA,8,91.0,2,3,3,13.0,1,19.0,0,0,0,0.0,5,,11.375,6.333333333333333,3,Brandon Bolden,RB,6.0,38.0,ACT,42,5,8.4
2019,00-0029239,B.Bolden,RB,NE,15,68.0,3,11,9,111.0,1,59.0,0,0,0,0.0,9,,4.533333333333333,6.555555555555555,4,Brandon Bolden,RB,7.0,38.0,ACT,42,5,8.4
2021,00-0029239,B.Bolden,RB,NE,44,226.0,1,55,45,432.0,2,431.0,0,0,0,0.0,17,,5.136363636363637,9.577777777777778,3,Brandon Bolden,RB,9.0,25.0,ACT,42,5,8.4
2022,00-0029239,B.Bolden,RB,LV,17,66.0,0,9,9,57.0,1,27.0,0,0,0,0.0,8,,3.8823529411764706,3.0,1,Brandon Bolden,RB,10.0,34.0,ACT,42,5,8.4
2023,00-0029239,B.Bolden,RB,LV,4,31.0,1,0,0,0.0,0,0.0,0,0,0,0.0,3,,7.75,,1,Brandon Bolden,RB,11.0,34.0,ACT,42,5,8.4
2018,00-0031407,B.Bortles,QB,JAX,58,365.0,1,0,0,0.0,0,0.0,13,243,403,2718.0,13,0.6029776674937966,6.293103448275862,,14,Blake Bortles,QB,4.0,5.0,ACT,15,2,7.5
2019,00-0031407,B.Bortles,QB,LA,2,-9.0,0,0,0,0.0,0,0.0,0,1,2,3.0,2,0.5,-4.5,,0,Blake Bortles,QB,5.0,5.0,ACT,15,2,7.5
2024,00-0039338,B.Bowers,TE,LV,5,13.0,0,153,112,1194.0,5,596.0,0,0,0,0.0,17,,2.6,5.321428571428571,5,Brock Bowers,TE,0.0,89.0,ACT,17,1,17.0
2018,00-0032661,B.Braunecker,TE,CHI,0,0.0,0,7,5,57.0,0,14.0,0,0,0,0.0,6,,,2.8,0,Ben Braunecker,TE,2.0,84.0,ACT,10,2,5.0
2019,00-0032661,B.Braunecker,TE,CHI,0,0.0,0,11,6,59.0,1,25.0,0,0,0,0.0,4,,,4.166666666666667,1,Ben Braunecker,TE,3.0,82.0,RES,10,2,5.0
2024,00-0039603,B.Brooks,RB,HOU,1,2.0,0,0,0,0.0,0,0.0,0,0,0,0.0,1,,2.0,,0,British Brooks,RB,0.0,44.0,RES,1,1,1.0
2018,00-0030516,B.Butler,WR,DAL,0,0.0,0,1,0,0.0,0,0.0,0,0,0,0.0,5,,,,0,,,,,,10,1,10.0
2018,00-0030516,B.Butler,WR,MIA,0,0.0,0,9,6,60.0,1,1.0,0,0,0,0.0,5,,,0.16666666666666666,1,Brice Butler,WR,5.0,14.0,ACT,10,1,10.0
2018,00-0031236,B.Cooks,WR,LA,11,73.0,1,144,99,1496.0,5,420.0,0,0,0,0.0,18,,6.636363636363637,4.242424242424242,6,Brandin Cooks,WR,4.0,12.0,ACT,103,7,14.714285714285714
2019,00-0031236,B.Cooks,WR,LA,6,52.0,0,72,42,583.0,2,169.0,0,0,0,0.0,14,,8.666666666666666,4.023809523809524,2,Brandin Cooks,WR,5.0,12.0,ACT,103,7,14.714285714285714
2020,00-0031236,B.Cooks,WR,HOU,0,0.0,0,119,81,1150.0,6,345.0,0,0,0,0.0,15,,,4.2592592592592595,6,Brandin Cooks,WR,6.0,13.0,ACT,103,7,14.714285714285714
2021,00-0031236,B.Cooks,WR,HOU,2,21.0,0,134,90,1037.0,6,344.0,0,0,0,0.0,16,,10.5,3.8222222222222224,6,Brandin Cooks,WR,7.0,13.0,ACT,103,7,14.714285714285714
2022,00-0031236,B.Cooks,WR,HOU,2,7.0,0,93,57,699.0,3,205.0,0,0,0,0.0,13,,3.5,3.5964912280701755,3,Brandin Cooks,WR,8.0,13.0,ACT,103,7,14.714285714285714
2023,00-0031236,B.Cooks,WR,DAL,6,41.0,0,89,60,704.0,8,126.0,0,0,0,0.0,17,,6.833333333333333,2.1,8,Brandin Cooks,WR,9.0,3.0,ACT,103,7,14.714285714285714
2024,00-0031236,B.Cooks,WR,DAL,3,-3.0,0,54,26,259.0,3,55.0,0,0,0,0.0,10,,-1.0,2.1153846153846154,3,Brandin Cooks,WR,10.0,3.0,ACT,103,7,14.714285714285714
2024,00-0039738,B.Corum,RB,LA,58,207.0,0,8,7,58.0,0,65.0,0,0,0,0.0,14,,3.5689655172413794,9.285714285714286,0,Blake Corum,RB,0.0,22.0,RES,14,1,14.0
2023,00-0037132,B.Covey,WR,PHI,0,0.0,0,6,4,42.0,0,26.0,0,0,0,0.0,2,,,6.5,0,Britain Covey,WR,1.0,18.0,ACT,5,2,2.5
2024,00-0037132,B.Covey,WR,PHI,0,0.0,0,8,7,34.0,0,28.0,0,0,0,0.0,3,,,4.0,0,Britain Covey,WR,2.0,18.0,RES,5,2,2.5
2018,00-0029795,B.Cunningham,RB,CHI,12,22.0,0,2,1,9.0,0,13.0,0,0,0,0.0,6,,1.8333333333333333,13.0,0,Benny Cunningham,RB,5.0,30.0,ACT,6,1,6.0
2024,00-0039316,B.Cupp,TE,KC,0,0.0,0,1,0,0.0,0,0.0,0,0,0,0.0,1,,,,0,Baylor Cupp,TE,0.0,47.0,DEV,1,1,1.0
2020,00-0036384,B.DiNucci,QB,DAL,6,22.0,0,0,0,0.0,0,0.0,0,23,43,219.0,2,0.5348837209302325,3.6666666666666665,,0,Ben DiNucci,QB,0.0,7.0,INA,2,1,2.0
2020,00-0035102,B.Dillon,TE,MIN,0,0.0,0,1,1,6.0,0,1.0,0,0,0,0.0,1,,,1.0,0,Brandon Dillon,TE,1.0,86.0,DEV,1,1,1.0
2020,00-0036365,B.Edwards,WR,LV,0,0.0,0,15,11,193.0,1,80.0,0,0,0,0.0,9,,,7.2727272727272725,1,Bryan Edwards,WR,0.0,89.0,ACT,30,3,10.0
2021,00-0036365,B.Edwards,WR,LV,1,0.0,0,65,37,612.0,3,206.0,0,0,0,0.0,17,,0.0,5.5675675675675675,3,Bryan Edwards,WR,1.0,89.0,ACT,30,3,10.0
2022,00-0036365,B.Edwards,WR,ATL,0,0.0,0,5,3,15.0,0,9.0,0,0,0,0.0,4,,,3.0,0,,,,,,30,3,10.0
2020,00-0035823,B.Ellefson,TE,JAX,0,0.0,0,4,1,10.0,0,3.0,0,0,0,0.0,3,,,3.0,0,Ben Ellefson,TE,0.0,86.0,RES,6,3,2.0
2021,00-0035823,B.Ellefson,TE,MIN,0,0.0,0,1,0,0.0,0,0.0,0,0,0,0.0,1,,,,0,Ben Ellefson,TE,1.0,82.0,ACT,6,3,2.0
2022,00-0035823,B.Ellefson,TE,MIN,0,0.0,0,3,3,26.0,0,11.0,0,0,0,0.0,2,,,3.6666666666666665,0,Ben Ellefson,TE,2.0,82.0,RES,6,3,2.0
2018,00-0031326,B.Ellington,WR,DET,1,2.0,0,30,23,132.0,0,84.0,0,0,1,0.0,7,0.0,2.0,3.652173913043478,0,Bruce Ellington,WR,4.0,12.0,RES,14,1,14.0
2018,00-0031326,B.Ellington,WR,HOU,0,0.0,0,12,8,92.0,1,24.0,0,0,0,0.0,7,,,3.0,1,,,,,,14,1,14.0
2024,00-0038477,B.Ford-Wheaton,WR,NYG,0,0.0,0,0,0,0.0,0,0.0,0,0,0,0.0,1,,,,0,Bryce Ford-Wheaton,WR,1.0,88.0,ACT,1,1,1.0
2018,00-0030670,B.Fowler,WR,NYG,0,0.0,0,27,16,199.0,1,76.0,0,0,0,0.0,10,,,4.75,1,Bennie Fowler,WR,4.0,18.0,ACT,19,3,6.333333333333333
2019,00-0030670,B.Fowler,WR,NYG,1,20.0,0,36,23,193.0,0,29.0,0,0,0,0.0,8,,20.0,1.2608695652173914,0,Bennie Fowler,WR,5.0,18.0,CUT,19,3,6.333333333333333
2020,00-0030670,B.Fowler,WR,NO,0,0.0,0,6,2,11.0,0,1.0,0,0,0,0.0,1,,,0.5,0,Bennie Fowler,WR,6.0,16.0,RES,19,3,6.333333333333333
2018,00-0027948,B.Gabbert,QB,TEN,6,0.0,0,0,0,0.0,0,0.0,4,61,101,626.0,8,0.6039603960396039,0.0,,4,Blaine Gabbert,QB,7.0,7.0,ACT,21,5,4.2
2020,00-0027948,B.Gabbert,QB,TB,9,16.0,0,0,0,0.0,0,0.0,2,9,16,143.0,4,0.5625,1.7777777777777777,,2,Blaine Gabbert,QB,9.0,11.0,ACT,21,5,4.2
2021,00-0027948,B.Gabbert,QB,TB,9,-7.0,0,0,0,0.0,0,0.0,0,7,11,67.0,6,0.6363636363636364,-0.7777777777777778,,0,Blaine Gabbert,QB,10.0,11.0,ACT,21,5,4.2
2022,00-0027948,B.Gabbert,QB,TB,0,0.0,0,0,0,0.0,0,0.0,1,6,8,29.0,1,0.75,,,1,Blaine Gabbert,QB,11.0,11.0,ACT,21,5,4.2
2023,00-0027948,B.Gabbert,QB,KC,7,45.0,0,0,0,0.0,0,0.0,0,18,35,185.0,2,0.5142857142857142,6.428571428571429,,0,Blaine Gabbert,QB,12.0,9.0,ACT,21,5,4.2
2022,00-0038120,B.Hall,RB,NYJ,80,463.0,4,31,19,218.0,1,166.0,0,0,0,0.0,7,,5.7875,8.736842105263158,5,Breece Hall,RB,0.0,20.0,RES,40,3,13.333333333333334
2023,00-0038120,B.Hall,RB,NYJ,223,994.0,5,95,76,591.0,4,649.0,0,0,0,0.0,17,,4.457399103139013,8.539473684210526,9,Breece Hall,RB,1.0,20.0,ACT,40,3,13.333333333333334
2024,00-0038120,B.Hall,RB,NYJ,209,876.0,5,76,57,483.0,3,496.0,0,0,0,0.0,16,,4.1913875598086126,8.701754385964913,8,Breece Hall,RB,2.0,20.0,ACT,40,3,13.333333333333334
2018,00-0033567,B.Hill,RB,ATL,20,157.0,0,2,1,9.0,0,5.0,0,0,0,0.0,4,,7.85,5.0,0,Brian Hill,HB,1.0,32.0,ACT,30,3,10.0
2019,00-0033567,B.Hill,RB,ATL,78,323.0,2,14,10,69.0,1,54.0,0,0,0,0.0,10,,4.141025641025641,5.4,3,Brian Hill,HB,2.0,23.0,ACT,30,3,10.0
2020,00-0033567,B.Hill,RB,ATL,100,465.0,1,30,25,199.0,0,162.0,0,0,0,0.0,16,,4.65,6.48,1,Brian Hill,RB,3.0,23.0,ACT,30,3,10.0
2021,00-0036424,B.Hopkins,TE,LA,0,0.0,0,5,5,56.0,0,28.0,0,0,0,0.0,2,,,5.6,0,Brycen Hopkins,TE,1.0,88.0,ACT,13,3,4.333333333333333
2022,00-0036424,B.Hopkins,TE,LA,0,0.0,0,11,7,109.0,0,33.0,0,0,0,0.0,7,,,4.714285714285714,0,Brycen Hopkins,TE,2.0,88.0,ACT,13,3,4.333333333333333
2023,00-0036424,B.Hopkins,TE,LA,0,0.0,0,7,5,78.0,0,32.0,0,0,0,0.0,4,,,6.4,0,Brycen Hopkins,TE,3.0,88.0,ACT,13,3,4.333333333333333
2019,00-0034449,B.Howell,RB,HOU,5,10.0,0,0,0,0.0,0,0.0,0,0,0,0.0,2,,2.0,,0,Buddy Howell,RB,1.0,38.0,ACT,5,3,1.6666666666666667
2020,00-0034449,B.Howell,RB,HOU,16,64.0,0,2,1,3.0,0,7.0,0,0,0,0.0,2,,4.0,7.0,0,Buddy Howell,RB,2.0,38.0,ACT,5,3,1.6666666666666667
2021,00-0034449,B.Howell,RB,LA,5,11.0,0,0,0,0.0,0,0.0,0,0,0,0.0,1,,2.2,,0,Buddy Howell,RB,3.0,38.0,ACT,5,3,1.6666666666666667
2018,00-0026625,B.Hoyer,QB,NE,11,-8.0,0,0,0,0.0,0,0.0,0,1,2,7.0,5,0.5,-0.7272727272727273,,0,Brian Hoyer,QB,9.0,2.0,ACT,18,6,3.0
2019,00-0026625,B.Hoyer,QB,IND,8,2.0,0,0,0,0.0,0,0.0,4,35,65,372.0,4,0.5384615384615384,0.25,,4,Brian Hoyer,QB,10.0,2.0,ACT,18,6,3.0
2020,00-0026625,B.Hoyer,QB,NE,1,8.0,0,0,0,0.0,0,0.0,0,15,24,130.0,1,0.625,8.0,,0,Brian Hoyer,QB,11.0,2.0,INA,18,6,3.0
2021,00-0026625,B.Hoyer,QB,NE,11,-8.0,0,0,0,0.0,0,0.0,1,9,11,227.0,5,0.8181818181818182,-0.7272727272727273,,1,Brian Hoyer,QB,12.0,5.0,ACT,18,6,3.0
2022,00-0026625,B.Hoyer,QB,NE,0,0.0,0,0,0,0.0,0,0.0,0,5,6,37.0,1,0.8333333333333334,,,0,Brian Hoyer,QB,13.0,5.0,RES,18,6,3.0
2023,00-0026625,B.Hoyer,QB,LV,3,-3.0,0,0,0,0.0,0,0.0,0,23,42,231.0,2,0.5476190476190477,-1.0,,0,Brian Hoyer,QB,14.0,7.0,INA,18,6,3.0
2019,00-0031589,B.Hundley,QB,ARI,7,41.0,0,0,0,0.0,0,0.0,0,5,11,49.0,3,0.45454545454545453,5.857142857142857,,0,Brett Hundley,QB,4.0,7.0,ACT,3,1,3.0
2024,00-0039361,B.Irving,RB,TB,224,1199.0,8,54,49,398.0,1,540.0,0,0,0,0.0,18,,5.352678571428571,11.020408163265307,9,Bucky Irving,RB,0.0,7.0,ACT,18,1,18.0
2018,00-0033658,B.Jarwin,TE,DAL,0,0.0,0,41,32,339.0,3,136.0,0,0,0,0.0,14,,,4.25,3,Blake Jarwin,TE,1.0,89.0,ACT,38,4,9.5
2019,00-0033658,B.Jarwin,TE,DAL,0,0.0,0,41,31,365.0,3,157.0,0,0,0,0.0,15,,,5.064516129032258,3,Blake Jarwin,TE,2.0,89.0,ACT,38,4,9.5
2020,00-0033658,B.Jarwin,TE,DAL,0,0.0,0,1,1,12.0,0,0.0,0,0,0,0.0,1,,,0.0,0,Blake Jarwin,TE,3.0,89.0,RES,38,4,9.5
2021,00-0033658,B.Jarwin,TE,DAL,0,0.0,0,18,11,96.0,2,38.0,0,0,0,0.0,8,,,3.4545454545454546,2,Blake Jarwin,TE,4.0,89.0,ACT,38,4,9.5
2022,00-0037382,B.Johnson,WR,DEN,0,0.0,0,14,6,42.0,1,13.0,0,0,0,0.0,4,,,2.1666666666666665,1,Brandon Johnson,WR,0.0,89.0,ACT,15,3,5.0
2023,00-0037382,B.Johnson,WR,DEN,0,0.0,0,30,19,284.0,4,89.0,0,0,0,0.0,10,,,4.684210526315789,4,Brandon Johnson,WR,1.0,89.0,ACT,15,3,5.0
2024,00-0037382,B.Johnson,WR,PIT,0,0.0,0,1,1,9.0,0,4.0,0,0,0,0.0,1,,,4.0,0,Brandon Johnson,WR,2.0,89.0,DEV,15,3,5.0
2021,00-0036556,B.Jordan,TE,HOU,0,0.0,0,28,20,178.0,3,99.0,0,0,0,0.0,8,,,4.95,3,Brevin Jordan,TE,0.0,9.0,ACT,30,4,7.5
2022,00-0036556,B.Jordan,TE,HOU,0,0.0,0,28,14,128.0,0,78.0,0,0,0,0.0,9,,,5.571428571428571,0,Brevin Jordan,TE,1.0,9.0,ACT,30,4,7.5
2023,00-0036556,B.Jordan,TE,HOU,0,0.0,0,23,18,295.0,3,196.0,0,0,0,0.0,11,,,10.88888888888889,3,Brevin Jordan,TE,2.0,9.0,ACT,30,4,7.5
2024,00-0036556,B.Jordan,TE,HOU,0,0.0,0,3,2,7.0,0,3.0,0,0,0,0.0,2,,,1.5,0,Brevin Jordan,TE,3.0,9.0,RES,30,4,7.5
2019,00-0032139,B.Koyack,TE,JAX,0,0.0,0,3,1,9.0,0,3.0,0,0,0,0.0,3,,,3.0,0,Ben Koyack,TE,4.0,83.0,ACT,3,1,3.0
2018,00-0027681,B.LaFell,WR,LV,0,0.0,0,16,12,135.0,2,53.0,0,0,0,0.0,4,,,4.416666666666667,2,,,,,,4,1,4.0
2018,00-0024334,B.Marshall,WR,SEA,0,0.0,0,23,11,136.0,1,23.0,0,0,0,0.0,6,,,2.090909090909091,1,,,,,,6,1,6.0
2018,00-0032964,B.Marshall,RB,WAS,3,9.0,0,6,4,30.0,0,28.0,0,0,0,0.0,4,,3.0,7.0,0,Byron Marshall,RB,2.0,34.0,ACT,4,1,4.0
2018,00-0034855,B.Mayfield,QB,CLE,39,131.0,0,1,0,0.0,0,0.0,27,310,486,3725.0,14,0.6378600823045267,3.358974358974359,,27,Baker Mayfield,QB,0.0,6.0,ACT,123,7,17.571428571428573
2019,00-0034855,B.Mayfield,QB,CLE,28,141.0,3,0,0,0.0,0,0.0,23,318,535,3883.0,16,0.594392523364486,5.035714285714286,,26,Baker Mayfield,QB,1.0,6.0,ACT,123,7,17.571428571428573
2020,00-0034855,B.Mayfield,QB,CLE,62,179.0,1,2,2,-2.0,0,2.0,30,349,557,4030.0,18,0.6265709156193896,2.8870967741935485,1.0,31,Baker Mayfield,QB,2.0,6.0,ACT,123,7,17.571428571428573
2021,00-0034855,B.Mayfield,QB,CLE,37,134.0,1,0,0,0.0,0,0.0,17,253,418,3010.0,14,0.6052631578947368,3.6216216216216215,,18,Baker Mayfield,QB,3.0,6.0,RES,123,7,17.571428571428573
2022,00-0034855,B.Mayfield,QB,CAR,16,52.0,1,0,0,0.0,0,0.0,6,119,206,1313.0,12,0.5776699029126213,3.25,,7,,,,,,123,7,17.571428571428573
2022,00-0034855,B.Mayfield,QB,LA,15,37.0,0,0,0,0.0,0,0.0,4,82,129,850.0,12,0.6356589147286822,2.466666666666667,,4,Baker Mayfield,QB,4.0,17.0,ACT,123,7,17.571428571428573
2023,00-0034855,B.Mayfield,QB,TB,66,194.0,1,0,0,0.0,0,0.0,34,412,643,4730.0,19,0.640746500777605,2.9393939393939394,,35,Baker Mayfield,QB,5.0,6.0,ACT,123,7,17.571428571428573
2024,00-0034855,B.Mayfield,QB,TB,67,401.0,3,0,0,0.0,0,0.0,43,422,588,4685.0,18,0.717687074829932,5.985074626865671,,46,Baker Mayfield,QB,6.0,6.0,ACT,123,7,17.571428571428573
2024,00-0039386,B.Means,WR,NO,0,0.0,0,15,9,118.0,1,20.0,0,0,0,0.0,4,,,2.2222222222222223,1,Bub Means,WR,0.0,16.0,RES,4,1,4.0
2023,00-0037091,B.Melton,WR,GB,3,21.0,0,27,18,244.0,2,38.0,0,0,0,0.0,6,,7.0,2.111111111111111,2,Bo Melton,WR,1.0,80.0,ACT,18,2,9.0
2024,00-0037091,B.Melton,WR,GB,8,54.0,0,20,9,107.0,0,7.0,0,0,0,0.0,12,,6.75,0.7777777777777778,0,Bo Melton,WR,2.0,80.0,ACT,18,2,9.0
2024,00-0039732,B.Nix,QB,DEN,96,473.0,4,1,1,2.0,1,0.0,30,389,589,3919.0,18,0.6604414261460102,4.927083333333333,0.0,35,Bo Nix,QB,0.0,10.0,ACT,18,1,18.0
2024,00-0039650,B.Oliver,WR,TEN,0,0.0,0,9,6,95.0,0,26.0,0,0,0,0.0,5,,,4.333333333333333,0,Bryce Oliver,WR,0.0,80.0,ACT,5,1,5.0
2018,00-0029682,B.Osweiler,QB,MIA,8,21.0,0,0,0,0.0,0,0.0,6,113,178,1247.0,7,0.6348314606741573,2.625,,6,Brock Osweiler,QB,6.0,8.0,ACT,7,1,7.0
2018,00-0032089,B.Parker,TE,DEN,0,0.0,0,10,5,33.0,0,29.0,0,0,0,0.0,6,,,5.8,0,Brian Parker,TE,3.0,89.0,ACT,6,1,6.0
2022,00-0035939,B.Perkins,QB,LA,19,90.0,0,0,0,0.0,0,0.0,1,19,34,161.0,5,0.5588235294117647,4.7368421052631575,,1,Bryce Perkins,QB,2.0,16.0,ACT,5,1,5.0
2018,00-0032054,B.Perriman,WR,CLE,4,2.0,0,25,16,340.0,2,75.0,0,0,0,0.0,10,,0.5,4.6875,2,Breshad Perriman,WR,3.0,19.0,ACT,50,5,10.0
2019,00-0032054,B.Perriman,WR,TB,2,16.0,0,69,36,645.0,6,127.0,0,0,0,0.0,14,,8.0,3.5277777777777777,6,Breshad Perriman,WR,4.0,19.0,ACT,50,5,10.0
2020,00-0032054,B.Perriman,WR,NYJ,1,6.0,0,60,30,505.0,3,160.0,0,0,0,0.0,12,,6.0,5.333333333333333,3,Breshad Perriman,WR,5.0,19.0,ACT,50,5,10.0
2021,00-0032054,B.Perriman,WR,TB,1,-3.0,0,21,12,172.0,1,102.0,0,0,0,0.0,6,,-3.0,8.5,1,Breshad Perriman,WR,6.0,16.0,INA,50,5,10.0
2022,00-0032054,B.Perriman,WR,TB,2,-7.0,0,19,9,110.0,1,52.0,0,0,0,0.0,8,,-3.5,5.777777777777778,1,Breshad Perriman,WR,7.0,16.0,INA,50,5,10.0
2018,00-0028064,B.Powell,RB,NYJ,80,343.0,0,18,11,110.0,1,84.0,0,0,0,0.0,7,,4.2875,7.636363636363637,1,Bilal Powell,RB,7.0,29.0,RES,19,2,9.5
2018,00-0034646,B.Powell,WR,DET,1,4.0,0,17,11,129.0,0,115.0,0,0,0,0.0,4,,4.0,10.454545454545455,0,Brandon Powell,WR,0.0,10.0,ACT,51,6,8.5
2019,00-0028064,B.Powell,RB,NYJ,59,229.0,0,12,7,33.0,0,45.0,0,0,1,0.0,12,0.0,3.8813559322033897,6.428571428571429,0,Bilal Powell,RB,8.0,29.0,ACT,19,2,9.5
2020,00-0034646,B.Powell,WR,ATL,2,7.0,0,18,12,69.0,2,34.0,0,0,0,0.0,10,,3.5,2.8333333333333335,2,Brandon Powell,WR,2.0,15.0,INA,51,6,8.5
2021,00-0034646,B.Powell,WR,LA,0,0.0,0,0,0,0.0,0,0.0,0,0,0,0.0,1,,,,0,Brandon Powell,WR,3.0,19.0,ACT,51,6,8.5
2022,00-0034646,B.Powell,WR,LA,17,80.0,0,32,24,156.0,0,184.0,0,0,0,0.0,16,,4.705882352941177,7.666666666666667,0,Brandon Powell,WR,4.0,19.0,ACT,51,6,8.5
2023,00-0034646,B.Powell,WR,MIN,5,17.0,0,44,29,324.0,1,104.0,0,0,0,0.0,13,,3.4,3.586206896551724,1,Brandon Powell,WR,5.0,4.0,ACT,51,6,8.5
2024,00-0034646,B.Powell,WR,MIN,0,0.0,0,10,7,71.0,0,12.0,0,0,0,0.0,7,,,1.7142857142857142,0,Brandon Powell,WR,6.0,4.0,ACT,51,6,8.5
2019,00-0034297,B.Pringle,WR,KC,0,0.0,0,16,12,170.0,1,63.0,0,0,0,0.0,6,,,5.25,1,Byron Pringle,WR,1.0,13.0,ACT,54,5,10.8
2020,00-0034297,B.Pringle,WR,KC,0,0.0,0,27,19,199.0,1,81.0,0,0,0,0.0,9,,,4.2631578947368425,1,Byron Pringle,WR,2.0,13.0,ACT,54,5,10.8
2021,00-0034297,B.Pringle,WR,KC,0,0.0,0,77,54,650.0,8,217.0,0,0,0,0.0,19,,,4.018518518518518,8,Byron Pringle,WR,3.0,13.0,ACT,54,5,10.8
2022,00-0034297,B.Pringle,WR,CHI,0,0.0,0,16,10,135.0,2,14.0,0,0,0,0.0,8,,,1.4,2,Byron Pringle,WR,4.0,13.0,ACT,54,5,10.8
2023,00-0034297,B.Pringle,WR,WAS,0,0.0,0,22,14,161.0,0,31.0,0,0,0,0.0,12,,,2.2142857142857144,0,Byron Pringle,WR,5.0,3.0,ACT,54,5,10.8
2022,00-0037834,B.Purdy,QB,SF,29,37.0,2,0,0,0.0,0,0.0,16,155,233,1943.0,12,0.6652360515021459,1.2758620689655173,,18,Brock Purdy,QB,0.0,13.0,ACT,46,3,15.333333333333334
2023,00-0037834,B.Purdy,QB,SF,53,218.0,2,0,0,0.0,0,0.0,34,374,552,5054.0,19,0.677536231884058,4.113207547169812,,36,Brock Purdy,QB,1.0,13.0,ACT,46,3,15.333333333333334
2024,00-0037834,B.Purdy,QB,SF,66,323.0,5,0,0,0.0,0,0.0,20,300,455,3864.0,15,0.6593406593406593,4.893939393939394,,25,Brock Purdy,QB,2.0,13.0,INA,46,3,15.333333333333334
2018,00-0029640,B.Quick,WR,WAS,0,0.0,0,3,3,18.0,0,1.0,0,0,0,0.0,2,,,0.3333333333333333,0,Brian Quick,WR,6.0,83.0,CUT,2,1,2.0
2022,00-0037746,B.Robinson,RB,WAS,205,797.0,2,12,9,60.0,1,72.0,0,0,0,0.0,12,,3.8878048780487804,8.0,3,Brian Robinson,RB,0.0,8.0,INA,44,3,14.666666666666666
2023,00-0037746,B.Robinson,RB,WAS,178,733.0,5,43,36,368.0,4,410.0,0,0,0,0.0,15,,4.117977528089888,11.38888888888889,9,Brian Robinson,RB,1.0,8.0,ACT,44,3,14.666666666666666
2023,00-0038542,B.Robinson,RB,ATL,214,976.0,4,86,58,487.0,4,519.0,0,0,0,0.0,17,,4.5607476635514015,8.948275862068966,8,Bijan Robinson,RB,0.0,7.0,ACT,34,2,17.0
2024,00-0037746,B.Robinson,RB,WAS,223,928.0,10,30,24,181.0,0,207.0,0,0,0,0.0,17,,4.161434977578475,8.625,10,Brian Robinson,RB,2.0,8.0,ACT,44,3,14.666666666666666
2024,00-0038542,B.Robinson,RB,ATL,304,1456.0,14,72,61,431.0,1,531.0,0,0,0,0.0,17,,4.7894736842105265,8.704918032786885,15,Bijan Robinson,RB,1.0,7.0,ACT,34,2,17.0
2018,00-0022924,B.Roethlisberger,QB,PIT,31,98.0,3,1,1,-1.0,0,-1.0,34,452,675,5129.0,16,0.6696296296296296,3.161290322580645,-1.0,37,Ben Roethlisberger,QB,14.0,7.0,ACT,51,4,12.75
2019,00-0022924,B.Roethlisberger,QB,PIT,1,7.0,0,0,0,0.0,0,0.0,0,35,62,351.0,2,0.5645161290322581,7.0,,0,Ben Roethlisberger,QB,15.0,7.0,RES,51,4,12.75
2020,00-0022924,B.Roethlisberger,QB,PIT,26,11.0,0,0,0,0.0,0,0.0,37,446,676,4304.0,16,0.6597633136094675,0.4230769230769231,,37,Ben Roethlisberger,QB,16.0,7.0,ACT,51,4,12.75
2021,00-0022924,B.Roethlisberger,QB,PIT,22,4.0,1,0,0,0.0,0,0.0,24,419,649,3955.0,17,0.6456086286594761,0.18181818181818182,,25,Ben Roethlisberger,QB,17.0,7.0,ACT,51,4,12.75
2020,00-0034955,B.Rypien,QB,DEN,5,-5.0,0,0,0,0.0,0,0.0,2,27,40,295.0,2,0.675,-1.0,,2,Brett Rypien,QB,1.0,4.0,ACT,9,4,2.25
2021,00-0034955,B.Rypien,QB,DEN,0,0.0,0,0,0,0.0,0,0.0,0,0,2,0.0,1,0.0,,,0,Brett Rypien,QB,2.0,4.0,ACT,9,4,2.25
2022,00-0034955,B.Rypien,QB,DEN,6,7.0,0,0,0,0.0,0,0.0,2,53,88,483.0,4,0.6022727272727273,1.1666666666666667,,2,Brett Rypien,QB,3.0,4.0,ACT,9,4,2.25
2023,00-0034955,B.Rypien,QB,LA,3,19.0,0,0,0,0.0,0,0.0,0,18,38,172.0,2,0.47368421052631576,6.333333333333333,,0,,,,,,9,4,2.25
2022,00-0037355,B.Sanders,WR,MIA,0,0.0,0,3,2,17.0,0,3.0,0,0,0,0.0,2,,,1.5,0,Braylon Sanders,WR,0.0,86.0,DEV,2,1,2.0
2019,00-0034432,B.Scarbrough,RB,DET,89,377.0,1,4,1,5.0,0,8.0,0,0,0,0.0,6,,4.235955056179775,8.0,1,Bo Scarbrough,RB,1.0,43.0,ACT,7,2,3.5
2020,00-0034432,B.Scarbrough,RB,SEA,6,31.0,0,0,0,0.0,0,0.0,0,0,0,0.0,1,,5.166666666666667,,0,Bo Scarbrough,RB,2.0,40.0,DEV,7,2,3.5
2019,00-0034414,B.Scott,RB,PHI,67,270.0,5,29,27,227.0,0,301.0,0,0,0,0.0,9,,4.029850746268656,11.148148148148149,5,Boston Scott,RB,1.0,35.0,ACT,61,5,12.2
2020,00-0034414,B.Scott,RB,PHI,80,374.0,1,36,25,212.0,1,181.0,0,0,0,0.0,16,,4.675,7.24,2,Boston Scott,RB,2.0,35.0,ACT,61,5,12.2
2021,00-0034414,B.Scott,RB,PHI,88,407.0,8,17,14,84.0,0,100.0,0,0,0,0.0,10,,4.625,7.142857142857143,8,Boston Scott,RB,3.0,35.0,ACT,61,5,12.2
2022,00-0034414,B.Scott,RB,PHI,69,278.0,5,7,6,24.0,0,34.0,0,0,0,0.0,16,,4.028985507246377,5.666666666666667,5,Boston Scott,RB,4.0,35.0,ACT,61,5,12.2
2023,00-0034414,B.Scott,RB,PHI,20,86.0,0,6,4,52.0,0,43.0,0,0,0,0.0,10,,4.3,10.75,0,Boston Scott,RB,5.0,35.0,ACT,61,5,12.2
2023,00-0038809,B.Sims,TE,GB,0,0.0,0,7,5,25.0,1,20.0,0,0,0,0.0,7,,,4.0,1,Ben Sims,TE,0.0,89.0,ACT,11,2,5.5
2024,00-0038809,B.Sims,TE,GB,0,0.0,0,5,4,42.0,0,16.0,0,0,0,0.0,4,,,4.0,0,Ben Sims,TE,1.0,89.0,INA,11,2,5.5
2024,00-0039912,B.Sinnott,TE,WAS,0,0.0,0,6,6,51.0,1,26.0,0,0,0,0.0,5,,,4.333333333333333,1,Ben Sinnott,TE,0.0,82.0,ACT,5,1,5.0
2021,00-0036862,B.Skowronek,WR,LA,0,0.0,0,26,13,145.0,0,60.0,0,0,0,0.0,9,,,4.615384615384615,0,Ben Skowronek,WR,0.0,18.0,ACT,37,4,9.25
2022,00-0036862,B.Skowronek,WR,LA,1,17.0,1,61,39,376.0,0,142.0,0,0,0,0.0,14,,17.0,3.641025641025641,1,Ben Skowronek,WR,1.0,18.0,INA,37,4,9.25
2023,00-0036862,B.Skowronek,WR,LA,2,9.0,0,13,9,71.0,1,31.0,0,0,0,0.0,10,,4.5,3.4444444444444446,1,Ben Skowronek,WR,2.0,18.0,ACT,37,4,9.25
2024,00-0036862,B.Skowronek,WR,PIT,0,0.0,0,5,5,69.0,0,29.0,0,0,0,0.0,4,,,5.8,0,Ben Skowronek,WR,3.0,15.0,ACT,37,4,9.25
2019,00-0035217,B.Snell,RB,PIT,108,426.0,2,4,3,23.0,0,22.0,0,0,0,0.0,11,,3.9444444444444446,7.333333333333333,2,Benny Snell,RB,0.0,24.0,ACT,44,4,11.0
2020,00-0035217,B.Snell,RB,PIT,113,381.0,4,16,11,65.0,0,92.0,0,0,0,0.0,16,,3.3716814159292037,8.363636363636363,4,Benny Snell,RB,1.0,24.0,ACT,44,4,11.0
2021,00-0035217,B.Snell,RB,PIT,38,113.0,0,6,4,29.0,0,34.0,0,0,0,0.0,14,,2.973684210526316,8.5,0,Benny Snell,RB,2.0,24.0,ACT,44,4,11.0
2022,00-0035217,B.Snell,RB,PIT,20,90.0,1,2,2,17.0,0,18.0,0,0,0,0.0,3,,4.5,9.0,1,Benny Snell,RB,3.0,24.0,ACT,44,4,11.0
2018,00-0029091,B.Sowell,TE,CHI,0,0.0,0,2,1,2.0,1,0.0,0,0,0,0.0,2,,,0.0,1,,,,,,2,1,2.0
2024,00-0039530,B.Spann-Ford,TE,DAL,0,0.0,0,14,9,88.0,0,53.0,0,0,0,0.0,6,,,5.888888888888889,0,Brevyn Spann-Ford,TE,0.0,89.0,ACT,6,1,6.0
2023,00-0038935,B.Strange,TE,JAX,0,0.0,0,9,5,35.0,1,28.0,0,0,0,0.0,5,,,5.6,1,Brenton Strange,TE,0.0,85.0,ACT,19,2,9.5
2024,00-0038935,B.Strange,TE,JAX,0,0.0,0,53,40,411.0,2,183.0,0,0,0,0.0,14,,,4.575,2,Brenton Strange,TE,1.0,85.0,ACT,19,2,9.5
2024,00-0039893,B.Thomas,WR,JAX,6,48.0,0,133,87,1282.0,10,562.0,0,0,0,0.0,17,,8.0,6.459770114942529,10,Brian Thomas Jr.,WR,0.0,7.0,ACT,17,1,17.0
2024,00-0038840,B.Tremayne,WR,WAS,0,0.0,0,1,1,-2.0,0,0.0,0,0,0,0.0,1,,,0.0,0,Brycen Tremayne,WR,1.0,89.0,DEV,1,1,1.0
2018,00-0022943,B.Watson,TE,NO,0,0.0,0,47,36,412.0,2,94.0,0,0,0,0.0,14,,,2.611111111111111,2,Benjamin Watson,TE,14.0,82.0,ACT,24,2,12.0
2019,00-0022943,B.Watson,TE,NE,0,0.0,0,28,20,211.0,0,89.0,0,0,0,0.0,10,,,4.45,0,Benjamin Watson,TE,15.0,84.0,ACT,24,2,12.0
2024,00-0039573,B.Watson,RB,DEN,4,10.0,0,2,1,13.0,0,18.0,0,0,0,0.0,1,,2.5,18.0,0,Blake Watson,RB,0.0,25.0,INA,1,1,1.0
2018,00-0029677,B.Weeden,QB,HOU,1,-1.0,0,0,0,0.0,0,0.0,0,0,0,0.0,1,,-1.0,,0,Brandon Weeden,QB,6.0,3.0,ACT,1,1,1.0
2024,00-0038710,B.Whiteheart,TE,CLE,0,0.0,0,9,6,51.0,1,10.0,0,0,0,0.0,7,,,1.6666666666666667,1,Blake Whiteheart,TE,1.0,86.0,ACT,7,1,7.0
2018,00-0032593,B.Wilds,RB,JAX,6,15.0,0,0,0,0.0,0,0.0,0,0,0,0.0,3,,2.5,,0,,,,,,3,1,3.0
2024,00-0038643,B.Willis,TE,SF,0,0.0,0,2,0,0.0,0,0.0,0,0,0,0.0,1,,,,0,Brayden Willis,TE,1.0,9.0,ACT,1,1,1.0
2018,00-0033434,B.Wilson,WR,TB,0,0.0,0,5,4,52.0,0,20.0,0,0,0,0.0,3,,,5.0,0,Bobo Wilson,WR,1.0,85.0,ACT,8,2,4.0
2019,00-0033434,B.Wilson,WR,TB,0,0.0,0,11,3,35.0,0,3.0,0,0,0,0.0,5,,,1.0,0,,,,,,8,2,4.0
2021,00-0036754,B.Wright,TE,DET,0,0.0,0,17,12,117.0,2,64.0,0,0,0,0.0,7,,,5.333333333333333,2,Brock Wright,TE,0.0,89.0,ACT,39,4,9.75
2022,00-0036754,B.Wright,TE,DET,0,0.0,0,24,18,216.0,4,165.0,0,0,0,0.0,13,,,9.166666666666666,4,Brock Wright,TE,1.0,89.0,ACT,39,4,9.75
2023,00-0036754,B.Wright,TE,DET,0,0.0,0,15,14,120.0,1,76.0,0,0,0,0.0,9,,,5.428571428571429,1,Brock Wright,TE,2.0,89.0,RES,39,4,9.75
2024,00-0036754,B.Wright,TE,DET,0,0.0,0,16,13,100.0,2,75.0,0,0,0,0.0,10,,,5.769230769230769,2,Brock Wright,TE,3.0,89.0,ACT,39,4,9.75
2023,00-0039150,B.Young,QB,CAR,39,253.0,0,0,0,0.0,0,0.0,11,315,527,2877.0,16,0.5977229601518027,6.487179487179487,,11,Bryce Young,QB,0.0,9.0,ACT,30,2,15.0
2024,00-0039150,B.Young,QB,CAR,43,249.0,6,0,0,0.0,0,0.0,15,234,384,2403.0,14,0.609375,5.790697674418604,,21,Bryce Young,QB,1.0,9.0,ACT,30,2,15.0
2022,00-0038108,B.Zappe,QB,NE,10,0.0,0,1,1,-6.0,0,2.0,5,65,92,781.0,4,0.7065217391304348,0.0,2.0,5,Bailey Zappe,QB,0.0,4.0,ACT,15,3,5.0
2023,00-0038108,B.Zappe,QB,NE,17,83.0,1,0,0,0.0,0,0.0,6,127,212,1272.0,10,0.5990566037735849,4.882352941176471,,7,Bailey Zappe,QB,1.0,4.0,ACT,15,3,5.0
2024,00-0038108,B.Zappe,QB,CLE,2,2.0,0,0,0,0.0,0,0.0,1,16,31,170.0,1,0.5161290322580645,1.0,,1,Bailey Zappe,QB,2.0,2.0,ACT,15,3,5.0
2018,00-0034052,B.Zylstra,WR,MIN,0,0.0,0,2,1,23.0,0,8.0,0,0,0,0.0,2,,,8.0,0,Brandon Zylstra,WR,0.0,15.0,ACT,20,4,5.0
2019,00-0034052,B.Zylstra,WR,CAR,0,0.0,0,12,8,106.0,0,10.0,0,0,0,0.0,4,,,1.25,0,Brandon Zylstra,WR,1.0,11.0,ACT,20,4,5.0
2020,00-0034052,B.Zylstra,WR,CAR,1,1.0,0,4,3,35.0,0,15.0,0,0,0,0.0,5,,1.0,5.0,0,Brandon Zylstra,WR,2.0,16.0,ACT,20,4,5.0
2021,00-0034052,B.Zylstra,WR,CAR,0,0.0,0,25,18,250.0,1,118.0,0,0,1,0.0,9,0.0,,6.555555555555555,1,Brandon Zylstra,WR,3.0,16.0,ACT,20,4,5.0
2020,00-0036414,C.Akers,RB,LA,191,846.0,4,17,14,174.0,1,134.0,0,0,0,0.0,13,,4.429319371727749,9.571428571428571,5,Cam Akers,RB,0.0,23.0,ACT,79,5,15.8
2021,00-0036414,C.Akers,RB,LA,72,175.0,0,13,11,86.0,0,64.0,0,0,0,0.0,5,,2.4305555555555554,5.818181818181818,0,Cam Akers,RB,1.0,23.0,ACT,79,5,15.8
2022,00-0036414,C.Akers,RB,LA,188,786.0,7,18,13,117.0,0,136.0,0,0,0,0.0,15,,4.180851063829787,10.461538461538462,7,Cam Akers,RB,2.0,3.0,ACT,79,5,15.8
2023,00-0036414,C.Akers,RB,LA,22,29.0,1,0,0,0.0,0,0.0,0,0,0,0.0,7,,1.3181818181818181,,1,,,,,,79,5,15.8
2023,00-0036414,C.Akers,RB,MIN,38,138.0,1,12,11,70.0,0,78.0,0,0,0,0.0,7,,3.6315789473684212,7.090909090909091,1,Cam Akers,RB,3.0,31.0,RES,79,5,15.8
2024,00-0036414,C.Akers,RB,HOU,40,147.0,1,7,4,16.0,1,11.0,0,0,0,0.0,16,,3.675,2.75,2,,,,,,79,5,15.8
2024,00-0036414,C.Akers,RB,MIN,69,336.0,1,11,10,52.0,2,72.0,0,0,0,0.0,16,,4.869565217391305,7.2,3,Cam Akers,RB,4.0,27.0,ACT,79,5,15.8
2018,00-0029854,C.Anderson,RB,CAR,24,104.0,0,3,1,24.0,1,28.0,0,0,0,0.0,12,,4.333333333333333,28.0,1,,,,,,26,2,13.0
2018,00-0029854,C.Anderson,RB,LA,89,488.0,4,11,7,34.0,0,33.0,0,0,0,0.0,12,,5.48314606741573,4.714285714285714,4,C.J. Anderson,RB,5.0,35.0,ACT,26,2,13.0
2019,00-0029854,C.Anderson,RB,DET,16,43.0,0,0,0,0.0,0,0.0,0,0,0,0.0,2,,2.6875,,0,C.J. Anderson,RB,6.0,26.0,CUT,26,2,13.0
2018,00-0031599,C.Artis-Payne,RB,CAR,19,69.0,1,4,3,15.0,0,15.0,0,0,0,0.0,4,,3.6315789473684212,5.0,1,Cameron Artis-Payne,RB,3.0,34.0,ACT,4,1,4.0
2023,00-0037837,C.Austin,WR,PIT,11,57.0,1,32,18,187.0,2,74.0,0,0,0,0.0,15,,5.181818181818182,4.111111111111111,3,Calvin Austin,WR,1.0,19.0,ACT,33,2,16.5
2024,00-0037837,C.Austin,WR,PIT,0,0.0,0,60,37,573.0,4,153.0,0,0,0,0.0,18,,,4.135135135135135,4,Calvin Austin III,WR,2.0,19.0,ACT,33,2,16.5
2018,00-0034652,C.Batson,WR,TEN,1,1.0,0,11,8,82.0,0,54.0,0,0,0,0.0,6,,1.0,6.75,0,Cameron Batson,WR,0.0,17.0,ACT,19,3,6.333333333333333
2020,00-0034652,C.Batson,WR,TEN,4,20.0,0,14,13,106.0,1,45.0,0,0,0,0.0,10,,5.0,3.4615384615384617,1,Cameron Batson,WR,2.0,13.0,ACT,19,3,6.333333333333333
2021,00-0034652,C.Batson,WR,TEN,2,15.0,0,5,2,15.0,1,1.0,0,0,0,0.0,3,,7.5,0.5,1,Cameron Batson,WR,3.0,13.0,RES,19,3,6.333333333333333
2018,00-0029000,C.Beasley,WR,DAL,0,0.0,0,92,69,715.0,3,230.0,0,0,1,0.0,18,0.0,,3.3333333333333335,3,Cole Beasley,WR,6.0,11.0,ACT,82,5,16.4
2019,00-0029000,C.Beasley,WR,BUF,0,0.0,0,111,71,822.0,6,361.0,0,0,0,0.0,16,,,5.084507042253521,6,Cole Beasley,WR,7.0,10.0,ACT,82,5,16.4
2020,00-0029000,C.Beasley,WR,BUF,0,0.0,0,125,96,1112.0,4,417.0,1,1,1,20.0,18,1.0,,4.34375,5,Cole Beasley,WR,8.0,11.0,ACT,82,5,16.4
2021,00-0029000,C.Beasley,WR,BUF,0,0.0,0,121,89,772.0,1,343.0,0,0,1,0.0,18,0.0,,3.853932584269663,1,Cole Beasley,WR,9.0,11.0,ACT,82,5,16.4
2022,00-0029000,C.Beasley,WR,BUF,0,0.0,0,11,7,86.0,1,48.0,0,0,0,0.0,6,,,6.857142857142857,1,Cole Beasley,WR,10.0,11.0,ACT,82,5,16.4
2022,00-0029000,C.Beasley,WR,TB,0,0.0,0,5,4,17.0,0,10.0,0,0,0,0.0,6,,,2.5,0,,,,,,82,5,16.4
2018,00-0033936,C.Beathard,QB,SF,19,69.0,1,0,0,0.0,0,0.0,8,102,169,1252.0,5,0.6035502958579881,3.6315789473684212,,9,C.J. Beathard,QB,1.0,3.0,ACT,23,5,4.6
2020,00-0033936,C.Beathard,QB,SF,6,28.0,0,0,0,0.0,0,0.0,6,66,104,787.0,6,0.6346153846153846,4.666666666666667,,6,C.J. Beathard,QB,3.0,3.0,ACT,23,5,4.6
2021,00-0033936,C.Beathard,QB,JAX,1,2.0,0,0,0,0.0,0,0.0,0,2,2,33.0,2,1.0,2.0,,0,C.J. Beathard,QB,4.0,3.0,RES,23,5,4.6
2022,00-0033936,C.Beathard,QB,JAX,4,-4.0,0,0,0,0.0,0,0.0,0,7,11,35.0,4,0.6363636363636364,-1.0,,0,C.J. Beathard,QB,5.0,3.0,ACT,23,5,4.6
2023,00-0033936,C.Beathard,QB,JAX,8,35.0,0,0,0,0.0,0,0.0,1,40,53,349.0,6,0.7547169811320755,4.375,,1,C.J. Beathard,QB,6.0,3.0,ACT,23,5,4.6
2018,00-0034309,C.Beebe,WR,MIN,0,0.0,0,4,4,39.0,0,12.0,0,0,0,0.0,2,,,3.0,0,Chad Beebe,WR,0.0,12.0,ACT,14,3,4.666666666666667
2019,00-0034309,C.Beebe,WR,MIN,0,0.0,0,2,2,70.0,0,66.0,0,0,0,0.0,2,,,33.0,0,Chad Beebe,WR,1.0,12.0,RES,14,3,4.666666666666667
2020,00-0034309,C.Beebe,WR,MIN,0,0.0,0,30,20,201.0,2,73.0,0,0,0,0.0,10,,,3.65,2,Chad Beebe,WR,2.0,12.0,ACT,14,3,4.666666666666667
2024,00-0036463,C.Blair,WR,ATL,0,0.0,0,2,1,17.0,0,0.0,0,0,0,0.0,2,,,0.0,0,Chris Blair,WR,4.0,19.0,ACT,2,1,2.0
2019,00-0034132,C.Blake,WR,ATL,0,0.0,0,24,11,91.0,0,24.0,0,0,0,0.0,6,,,2.1818181818181817,0,Christian Blake,WR,1.0,13.0,ACT,19,3,6.333333333333333
2020,00-0034132,C.Blake,WR,ATL,0,0.0,0,18,13,141.0,0,26.0,0,0,0,0.0,7,,,2.0,0,Christian Blake,WR,2.0,13.0,ACT,19,3,6.333333333333333
2021,00-0034132,C.Blake,WR,ATL,0,0.0,0,9,4,25.0,0,2.0,0,0,0,0.0,6,,,0.5,0,Christian Blake,WR,3.0,13.0,ACT,19,3,6.333333333333333
2019,00-0033367,C.Board,WR,JAX,0,0.0,0,4,2,31.0,0,6.0,0,0,0,0.0,2,,,3.0,0,C.J. Board,WR,2.0,16.0,ACT,16,4,4.0
2020,00-0033367,C.Board,WR,NYG,1,3.0,0,16,11,101.0,0,33.0,0,0,0,0.0,9,,3.0,3.0,0,C.J. Board,WR,3.0,18.0,ACT,16,4,4.0
2021,00-0033367,C.Board,WR,NYG,1,6.0,0,6,4,51.0,0,13.0,0,0,0,0.0,4,,6.0,3.25,0,C.J. Board,WR,4.0,18.0,RES,16,4,4.0
2022,00-0033367,C.Board,WR,TEN,0,0.0,0,1,1,6.0,0,0.0,0,0,0,0.0,1,,,0.0,0,C.J. Board,WR,5.0,80.0,RES,16,4,4.0
2018,00-0031273,C.Brate,TE,TB,0,0.0,0,49,30,289.0,6,51.0,0,0,0,0.0,15,,,1.7,6,Cameron Brate,TE,4.0,84.0,ACT,74,5,14.8
2019,00-0031273,C.Brate,TE,TB,0,0.0,0,55,36,311.0,4,90.0,0,0,0,0.0,14,,,2.5,4,Cameron Brate,TE,5.0,84.0,ACT,74,5,14.8
2020,00-0031273,C.Brate,TE,TB,0,0.0,0,53,42,457.0,3,131.0,0,0,0,0.0,17,,,3.119047619047619,3,Cameron Brate,TE,6.0,84.0,ACT,74,5,14.8
2021,00-0031273,C.Brate,TE,TB,0,0.0,0,63,34,283.0,4,107.0,0,0,0,0.0,18,,,3.1470588235294117,4,Cameron Brate,TE,7.0,84.0,ACT,74,5,14.8
2022,00-0031273,C.Brate,TE,TB,0,0.0,0,41,21,182.0,1,66.0,0,0,0,0.0,10,,,3.142857142857143,1,Cameron Brate,TE,8.0,84.0,ACT,74,5,14.8
2023,00-0038685,C.Brooks,RB,MIA,19,106.0,0,0,0,0.0,0,0.0,0,0,0,0.0,3,,5.578947368421052,,0,Chris Brooks,RB,0.0,35.0,ACT,15,2,7.5
2024,00-0038685,C.Brooks,RB,GB,36,183.0,1,16,13,78.0,0,113.0,0,0,0,0.0,12,,5.083333333333333,8.692307692307692,1,Chris Brooks,RB,1.0,30.0,ACT,15,2,7.5
2023,00-0038597,C.Brown,RB,CIN,44,179.0,0,15,14,156.0,1,194.0,0,0,0,0.0,10,,4.068181818181818,13.857142857142858,1,Chase Brown,RB,0.0,30.0,ACT,26,2,13.0
2024,00-0038597,C.Brown,RB,CIN,229,990.0,7,65,54,360.0,4,326.0,0,0,0,0.0,16,,4.323144104803493,6.037037037037037,11,Chase Brown,RB,1.0,30.0,INA,26,2,13.0
2018,00-0033594,C.Carson,RB,SEA,260,1171.0,9,27,22,162.0,0,169.0,0,0,0,0.0,15,,4.503846153846154,7.681818181818182,9,Chris Carson,RB,1.0,32.0,ACT,47,4,11.75
2019,00-0033594,C.Carson,RB,SEA,278,1230.0,7,47,37,266.0,2,317.0,0,0,0,0.0,15,,4.424460431654676,8.567567567567568,9,Chris Carson,RB,2.0,32.0,RES,47,4,11.75
2020,00-0033594,C.Carson,RB,SEA,157,758.0,5,48,38,292.0,4,266.0,0,0,0,0.0,13,,4.828025477707007,7.0,9,Chris Carson,RB,3.0,32.0,ACT,47,4,11.75
2021,00-0033594,C.Carson,RB,SEA,54,232.0,3,6,6,29.0,0,42.0,0,0,0,0.0,4,,4.296296296296297,7.0,3,Chris Carson,RB,4.0,32.0,RES,47,4,11.75
2019,00-0033338,C.Carter,TE,CIN,0,0.0,0,3,2,13.0,1,5.0,0,0,0,0.0,2,,,2.5,1,Cethan Carter,TE,2.0,82.0,ACT,10,3,3.3333333333333335
2020,00-0033338,C.Carter,TE,CIN,0,0.0,0,7,5,53.0,0,10.0,0,0,0,0.0,6,,,2.0,0,Cethan Carter,TE,3.0,82.0,ACT,10,3,3.3333333333333335
2021,00-0033338,C.Carter,TE,MIA,0,0.0,0,2,2,16.0,0,8.0,0,0,0,0.0,2,,,4.0,0,Cethan Carter,TE,4.0,82.0,ACT,10,3,3.3333333333333335
2018,00-0028112,C.Clay,TE,BUF,0,0.0,0,36,21,184.0,0,71.0,0,0,0,0.0,11,,,3.380952380952381,0,Charles Clay,TE,7.0,85.0,ACT,26,2,13.0
2019,00-0028112,C.Clay,TE,ARI,0,0.0,0,24,18,237.0,1,95.0,0,0,0,0.0,15,,,5.277777777777778,1,Charles Clay,TE,8.0,85.0,INA,26,2,13.0
2020,00-0036326,C.Claypool,WR,PIT,10,16.0,2,116,67,932.0,11,342.0,0,0,0,0.0,17,,1.6,5.104477611940299,13,Chase Claypool,WR,0.0,11.0,ACT,77,4,19.25
2021,00-0036326,C.Claypool,WR,PIT,14,96.0,0,112,62,885.0,2,305.0,0,0,0,0.0,16,,6.857142857142857,4.919354838709677,2,Chase Claypool,WR,1.0,11.0,ACT,77,4,19.25
2022,00-0036326,C.Claypool,WR,CHI,1,4.0,0,29,14,140.0,0,44.0,0,0,0,0.0,15,,4.0,3.142857142857143,0,Chase Claypool,WR,2.0,10.0,ACT,77,4,19.25
2022,00-0036326,C.Claypool,WR,PIT,8,55.0,0,50,32,311.0,1,99.0,1,1,1,1.0,15,1.0,6.875,3.09375,2,,,,,,77,4,19.25
2023,00-0036326,C.Claypool,WR,CHI,0,0.0,0,14,4,51.0,1,6.0,0,0,0,0.0,7,,,1.5,1,,,,,,77,4,19.25
2023,00-0036326,C.Claypool,WR,MIA,0,0.0,0,7,4,26.0,0,19.0,0,0,0,0.0,7,,,4.75,0,Chase Claypool,WR,3.0,83.0,ACT,77,4,19.25
2018,00-0033725,C.Clement,RB,PHI,68,259.0,2,25,22,192.0,0,264.0,0,0,0,0.0,11,,3.8088235294117645,12.0,2,Corey Clement,RB,1.0,30.0,RES,28,4,7.0
2020,00-0033725,C.Clement,RB,PHI,21,75.0,1,6,5,25.0,0,32.0,0,0,0,0.0,8,,3.5714285714285716,6.4,1,Corey Clement,RB,3.0,30.0,ACT,28,4,7.0
2021,00-0033725,C.Clement,RB,DAL,33,140.0,0,7,6,29.0,1,17.0,0,0,0,0.0,5,,4.242424242424242,2.8333333333333335,1,Corey Clement,RB,4.0,32.0,ACT,28,4,7.0
2022,00-0033725,C.Clement,RB,ARI,15,55.0,1,7,5,54.0,0,61.0,0,0,0,0.0,4,,3.6666666666666665,12.2,1,Corey Clement,RB,5.0,23.0,ACT,28,4,7.0
2018,00-0032966,C.Coleman,WR,NYG,1,5.0,0,8,5,71.0,0,8.0,0,0,0,0.0,6,,5.0,1.6,0,Corey Coleman,WR,2.0,19.0,ACT,6,1,6.0
2024,00-0039244,C.Collier,RB,LV,5,12.0,0,2,1,-4.0,0,1.0,0,0,0,0.0,2,,2.4,1.0,0,Chris Collier,RB,0.0,33.0,ACT,2,1,2.0
2018,00-0032128,C.Conley,WR,KC,0,0.0,0,55,32,334.0,5,140.0,0,0,0,0.0,17,,,4.375,5,Chris Conley,WR,3.0,17.0,ACT,79,7,11.285714285714286
2019,00-0032128,C.Conley,WR,JAX,0,0.0,0,90,47,775.0,5,240.0,0,0,0,0.0,16,,,5.1063829787234045,5,Chris Conley,WR,4.0,18.0,ACT,79,7,11.285714285714286
2020,00-0032128,C.Conley,WR,JAX,0,0.0,0,63,40,471.0,2,180.0,0,0,0,0.0,14,,,4.5,2,Chris Conley,WR,5.0,18.0,ACT,79,7,11.285714285714286
2021,00-0032128,C.Conley,WR,HOU,1,3.0,0,37,22,323.0,2,126.0,0,0,0,0.0,14,,3.0,5.7272727272727275,2,Chris Conley,WR,6.0,18.0,INA,79,7,11.285714285714286
2022,00-0032128,C.Conley,WR,HOU,0,0.0,0,2,0,0.0,0,0.0,0,0,0,0.0,4,,,,0,,,,,,79,7,11.285714285714286
2022,00-0032128,C.Conley,WR,TEN,0,0.0,0,5,4,46.0,0,3.0,0,0,0,0.0,4,,,0.75,0,Chris Conley,WR,7.0,19.0,ACT,79,7,11.285714285714286
2023,00-0032128,C.Conley,WR,SF,0,0.0,0,8,5,104.0,0,29.0,0,0,0,0.0,3,,,5.8,0,Chris Conley,WR,8.0,84.0,ACT,79,7,11.285714285714286
2024,00-0032128,C.Conley,WR,SF,0,0.0,0,12,6,76.0,0,19.0,0,0,0,0.0,7,,,3.1666666666666665,0,Chris Conley,WR,9.0,18.0,ACT,79,7,11.285714285714286
2018,00-0032795,C.Core,WR,CIN,0,0.0,0,28,13,160.0,1,36.0,0,0,0,0.0,10,,,2.769230769230769,1,Cody Core,WR,2.0,16.0,ACT,11,2,5.5
2019,00-0032795,C.Core,WR,NYG,0,0.0,0,5,3,28.0,0,3.0,0,0,0,0.0,1,,,1.0,0,Cody Core,WR,3.0,17.0,ACT,11,2,5.5
2018,00-0026544,C.Daniel,QB,CHI,13,3.0,0,1,1,8.0,0,14.0,3,53,76,515.0,4,0.6973684210526315,0.23076923076923078,14.0,3,Chase Daniel,QB,9.0,4.0,ACT,15,5,3.0
2019,00-0026544,C.Daniel,QB,CHI,6,6.0,0,0,0,0.0,0,0.0,3,45,64,435.0,3,0.703125,1.0,,3,Chase Daniel,QB,10.0,4.0,ACT,15,5,3.0
2020,00-0026544,C.Daniel,QB,DET,2,16.0,0,0,0,0.0,0,0.0,1,29,43,264.0,4,0.6744186046511628,8.0,,1,Chase Daniel,QB,11.0,4.0,ACT,15,5,3.0
2021,00-0026544,C.Daniel,QB,LAC,2,-2.0,0,0,0,0.0,0,0.0,0,0,0,0.0,1,,-1.0,,0,Chase Daniel,QB,12.0,4.0,ACT,15,5,3.0
2022,00-0026544,C.Daniel,QB,LAC,1,4.0,0,0,0,0.0,0,0.0,1,8,12,52.0,3,0.6666666666666666,4.0,,1,Chase Daniel,QB,13.0,4.0,ACT,15,5,3.0
2018,00-0033871,C.Davis,WR,TEN,6,55.0,0,112,65,891.0,4,267.0,0,0,0,0.0,16,,9.166666666666666,4.107692307692307,4,Corey Davis,WR,1.0,84.0,ACT,71,5,14.2
2019,00-0033871,C.Davis,WR,TEN,0,0.0,0,81,49,669.0,3,243.0,0,0,0,0.0,18,,,4.959183673469388,3,Corey Davis,WR,2.0,84.0,ACT,71,5,14.2
2020,00-0033871,C.Davis,WR,TEN,0,0.0,0,94,65,984.0,5,291.0,0,0,0,0.0,15,,,4.476923076923077,5,Corey Davis,WR,3.0,84.0,ACT,71,5,14.2
2021,00-0033871,C.Davis,WR,NYJ,0,0.0,0,59,34,492.0,4,129.0,0,0,0,0.0,9,,,3.7941176470588234,4,Corey Davis,WR,4.0,84.0,RES,71,5,14.2
2022,00-0033871,C.Davis,WR,NYJ,0,0.0,0,64,32,536.0,2,109.0,0,0,0,0.0,13,,,3.40625,2,Corey Davis,WR,5.0,84.0,ACT,71,5,14.2
2023,00-0038632,C.Dowell,WR,TEN,0,0.0,0,2,1,3.0,0,0.0,0,0,0,0.0,2,,,0.0,0,Colton Dowell,WR,0.0,14.0,RES,2,1,2.0
2018,00-0034681,C.Edmonds,RB,ARI,60,208.0,2,23,20,103.0,0,121.0,0,0,0,0.0,16,,3.466666666666667,6.05,2,Chase Edmonds,RB,0.0,29.0,ACT,96,6,16.0
2019,00-0034681,C.Edmonds,RB,ARI,60,303.0,4,21,12,105.0,1,105.0,0,0,0,0.0,10,,5.05,8.75,5,Chase Edmonds,RB,1.0,29.0,ACT,96,6,16.0
2020,00-0034681,C.Edmonds,RB,ARI,97,448.0,1,67,53,402.0,4,326.0,0,0,0,0.0,16,,4.618556701030927,6.150943396226415,5,Chase Edmonds,RB,2.0,29.0,ACT,96,6,16.0
2021,00-0034681,C.Edmonds,RB,ARI,124,620.0,2,54,43,311.0,0,324.0,0,0,0,0.0,13,,5.0,7.534883720930233,2,Chase Edmonds,RB,3.0,2.0,ACT,96,6,16.0
2022,00-0034681,C.Edmonds,RB,DEN,26,125.0,0,7,6,61.0,0,52.0,0,0,0,0.0,13,,4.8076923076923075,8.666666666666666,0,Chase Edmonds,RB,4.0,19.0,ACT,96,6,16.0
2022,00-0034681,C.Edmonds,RB,MIA,42,120.0,2,17,10,96.0,1,61.0,0,0,0,0.0,13,,2.857142857142857,6.1,3,,,,,,96,6,16.0
2023,00-0034681,C.Edmonds,RB,TB,60,207.0,0,21,17,107.0,0,143.0,0,0,0,0.0,15,,3.45,8.411764705882353,0,Chase Edmonds,RB,5.0,22.0,ACT,96,6,16.0
2020,00-0036360,C.Edwards-Helaire,RB,KC,196,874.0,5,59,39,320.0,1,319.0,0,0,0,0.0,15,,4.459183673469388,8.179487179487179,6,Clyde Edwards-Helaire,RB,0.0,25.0,ACT,58,5,11.6
2021,00-0036360,C.Edwards-Helaire,RB,KC,132,613.0,4,27,21,142.0,2,181.0,0,0,0,0.0,12,,4.643939393939394,8.619047619047619,6,Clyde Edwards-Helaire,RB,1.0,25.0,ACT,58,5,11.6
2022,00-0036360,C.Edwards-Helaire,RB,KC,71,302.0,3,23,17,151.0,3,144.0,0,0,0,0.0,10,,4.253521126760563,8.470588235294118,6,Clyde Edwards-Helaire,RB,2.0,25.0,INA,58,5,11.6
2023,00-0036360,C.Edwards-Helaire,RB,KC,81,276.0,1,26,21,195.0,1,247.0,0,0,0,0.0,19,,3.4074074074074074,11.761904761904763,2,Clyde Edwards-Helaire,RB,3.0,25.0,ACT,58,5,11.6
2024,00-0036360,C.Edwards-Helaire,RB,NO,13,46.0,0,5,3,24.0,0,35.0,0,0,0,0.0,2,,3.5384615384615383,11.666666666666666,0,Clyde Edwards-Helaire,RB,4.0,23.0,ACT,58,5,11.6
2021,00-0036857,C.Evans,RB,CIN,19,90.0,0,19,16,154.0,2,116.0,0,0,0,0.0,12,,4.7368421052631575,7.25,2,Chris Evans,RB,0.0,25.0,ACT,17,3,5.666666666666667
2022,00-0036857,C.Evans,RB,CIN,0,0.0,0,4,3,38.0,1,8.0,0,0,0,0.0,4,,,2.6666666666666665,1,Chris Evans,RB,1.0,25.0,INA,17,3,5.666666666666667
2023,00-0036857,C.Evans,RB,CIN,2,12.0,0,1,1,-1.0,0,0.0,0,0,0,0.0,1,,6.0,0.0,0,Chris Evans,RB,2.0,25.0,INA,17,3,5.666666666666667
2023,00-0037506,C.Fotheringham,TE,LV,0,0.0,0,1,1,6.0,0,5.0,0,0,0,0.0,1,,,5.0,0,Cole Fotheringham,TE,1.0,85.0,DEV,1,1,1.0
2018,00-0033921,C.Godwin,WR,TB,0,0.0,0,95,59,842.0,7,245.0,0,0,0,0.0,16,,,4.1525423728813555,7,Chris Godwin,WR,1.0,12.0,ACT,102,7,14.571428571428571
2019,00-0033921,C.Godwin,WR,TB,1,8.0,0,121,86,1333.0,9,577.0,0,0,0,0.0,14,,8.0,6.709302325581396,9,Chris Godwin,WR,2.0,12.0,INA,102,7,14.571428571428571
2020,00-0033921,C.Godwin,WR,TB,1,6.0,0,116,81,1072.0,8,384.0,0,0,0,0.0,16,,6.0,4.7407407407407405,8,Chris Godwin,WR,3.0,14.0,ACT,102,7,14.571428571428571
2021,00-0033921,C.Godwin,WR,TB,4,21.0,1,127,98,1103.0,5,586.0,0,0,0,0.0,14,,5.25,5.979591836734694,6,Chris Godwin,WR,4.0,14.0,RES,102,7,14.571428571428571
2022,00-0033921,C.Godwin,WR,TB,3,5.0,0,155,114,1108.0,3,567.0,0,0,0,0.0,16,,1.6666666666666667,4.973684210526316,3,Chris Godwin,WR,5.0,14.0,ACT,102,7,14.571428571428571
2023,00-0033921,C.Godwin,WR,TB,4,38.0,1,143,91,1109.0,3,406.0,0,0,1,0.0,19,0.0,9.5,4.461538461538462,4,Chris Godwin,WR,6.0,14.0,ACT,102,7,14.571428571428571
2024,00-0033921,C.Godwin,WR,TB,1,2.0,0,62,50,576.0,5,350.0,0,0,0,0.0,7,,2.0,7.0,5,Chris Godwin,WR,7.0,14.0,RES,102,7,14.571428571428571
2024,00-0039631,C.Grandy,TE,CIN,0,0.0,0,5,5,28.0,0,16.0,0,0,0,0.0,4,,,3.2,0,Cam Grandy,TE,0.0,85.0,ACT,4,1,4.0
2018,00-0031731,C.Grant,RB,JAX,13,40.0,0,12,9,67.0,0,80.0,0,0,0,0.0,5,,3.076923076923077,8.88888888888889,0,Corey Grant,RB,3.0,30.0,RES,5,1,5.0
2019,00-0033215,C.Grayson,WR,TB,0,0.0,0,1,1,3.0,0,1.0,0,0,0,0.0,1,,,1.0,0,Cyril Grayson,WR,2.0,15.0,ACT,6,3,2.0
2020,00-0033215,C.Grayson,WR,TB,0,0.0,0,3,0,0.0,0,0.0,0,0,0,0.0,2,,,,0,Cyril Grayson,WR,3.0,15.0,DEV,6,3,2.0
2021,00-0033215,C.Grayson,WR,TB,1,14.0,0,12,10,212.0,2,70.0,0,0,0,0.0,3,,14.0,7.0,2,Cyril Grayson,WR,4.0,15.0,INA,6,3,2.0
2020,00-0033840,C.Hansen,WR,HOU,0,0.0,0,24,17,236.0,1,39.0,0,0,0,0.0,5,,,2.2941176470588234,1,Chad Hansen,WR,3.0,17.0,ACT,5,1,5.0
2018,00-0026197,C.Henne,QB,KC,1,3.0,0,0,0,0.0,0,0.0,0,2,3,29.0,1,0.6666666666666666,3.0,,0,Chad Henne,QB,10.0,4.0,ACT,12,4,3.0
2020,00-0026197,C.Henne,QB,KC,9,10.0,1,0,0,0.0,0,0.0,2,34,46,314.0,4,0.7391304347826086,1.1111111111111112,,3,Chad Henne,QB,12.0,4.0,ACT,12,4,3.0
2021,00-0026197,C.Henne,QB,KC,8,0.0,0,0,0,0.0,0,0.0,0,11,16,82.0,4,0.6875,0.0,,0,Chad Henne,QB,13.0,4.0,ACT,12,4,3.0
2022,00-0026197,C.Henne,QB,KC,6,-6.0,0,0,0,0.0,0,0.0,1,5,9,23.0,3,0.5555555555555556,-1.0,,1,Chad Henne,QB,14.0,4.0,ACT,12,4,3.0
2018,00-0034766,C.Herndon,TE,NYJ,0,0.0,0,56,39,502.0,4,177.0,0,0,0,0.0,14,,,4.538461538461538,4,Chris Herndon,TE,0.0,89.0,ACT,31,4,7.75
2019,00-0034766,C.Herndon,TE,NYJ,0,0.0,0,2,1,7.0,0,5.0,0,0,0,0.0,1,,,5.0,0,Chris Herndon,TE,1.0,89.0,RES,31,4,7.75
2020,00-0034766,C.Herndon,TE,NYJ,0,0.0,0,45,31,287.0,3,128.0,0,0,0,0.0,11,,,4.129032258064516,3,Christopher Herndon,TE,2.0,89.0,ACT,31,4,7.75
2021,00-0034766,C.Herndon,TE,MIN,0,0.0,0,7,4,40.0,1,31.0,0,0,0,0.0,5,,,7.75,1,Christopher Herndon,TE,3.0,89.0,RES,31,4,7.75
2022,00-0037304,C.Heyward,TE,PIT,2,27.0,0,17,12,151.0,1,62.0,0,0,0,0.0,8,,13.5,5.166666666666667,1,Connor Heyward,TE,0.0,83.0,ACT,25,3,8.333333333333334
2023,00-0037304,C.Heyward,TE,PIT,1,0.0,0,35,24,172.0,0,94.0,0,0,1,0.0,12,0.0,0.0,3.9166666666666665,0,Connor Heyward,TE,1.0,83.0,ACT,25,3,8.333333333333334
2024,00-0037304,C.Heyward,TE,PIT,0,0.0,0,8,6,40.0,1,7.0,0,0,0,0.0,5,,,1.1666666666666667,1,Connor Heyward,TE,2.0,83.0,ACT,25,3,8.333333333333334
2018,00-0028237,C.Hogan,WR,NE,0,0.0,0,73,43,590.0,3,198.0,0,0,0,0.0,18,,,4.604651162790698,3,Chris Hogan,WR,7.0,15.0,ACT,35,4,8.75
2019,00-0028237,C.Hogan,WR,CAR,0,0.0,0,15,8,67.0,0,29.0,0,0,0,0.0,7,,,3.625,0,Chris Hogan,WR,8.0,15.0,ACT,35,4,8.75
2020,00-0028237,C.Hogan,WR,NYJ,0,0.0,0,26,14,118.0,0,40.0,0,0,0,0.0,5,,,2.857142857142857,0,Chris Hogan,WR,9.0,15.0,DEV,35,4,8.75
2021,00-0028237,C.Hogan,WR,NO,0,0.0,0,8,4,41.0,1,13.0,0,0,0,0.0,5,,,3.25,1,Chris Hogan,WR,10.0,80.0,RET,35,4,8.75
2019,00-0033386,C.Hollister,WR,TEN,0,0.0,0,2,2,13.0,0,3.0,0,0,0,0.0,1,,,1.5,0,Cody Hollister,WR,2.0,16.0,INA,9,4,2.25
2020,00-0033386,C.Hollister,WR,TEN,0,0.0,0,1,1,12.0,0,2.0,0,0,0,0.0,1,,,2.0,0,Cody Hollister,WR,3.0,16.0,DEV,9,4,2.25
2021,00-0033386,C.Hollister,WR,TEN,0,0.0,0,7,4,33.0,0,17.0,0,0,0,0.0,3,,,4.25,0,Cody Hollister,WR,4.0,16.0,DEV,9,4,2.25
2022,00-0033386,C.Hollister,WR,TEN,0,0.0,0,5,3,54.0,0,8.0,0,0,0,0.0,4,,,2.6666666666666665,0,Cody Hollister,WR,5.0,8.0,RES,9,4,2.25
2021,00-0036555,C.Hubbard,RB,CAR,172,612.0,5,37,25,174.0,1,172.0,0,0,0,0.0,16,,3.558139534883721,6.88,6,Chuba Hubbard,RB,0.0,30.0,ACT,60,4,15.0
2022,00-0036555,C.Hubbard,RB,CAR,95,466.0,2,17,14,171.0,0,166.0,0,0,0,0.0,12,,4.905263157894737,11.857142857142858,2,Chuba Hubbard,RB,1.0,30.0,ACT,60,4,15.0
2023,00-0036555,C.Hubbard,RB,CAR,238,902.0,5,44,39,233.0,0,269.0,0,0,0,0.0,17,,3.7899159663865545,6.897435897435898,5,Chuba Hubbard,RB,2.0,30.0,ACT,60,4,15.0
2024,00-0036555,C.Hubbard,RB,CAR,250,1195.0,10,54,43,171.0,1,245.0,0,0,0,0.0,15,,4.78,5.6976744186046515,11,Chuba Hubbard,RB,3.0,30.0,RES,60,4,15.0
2022,00-0036829,C.Huntley,RB,ATL,76,366.0,1,2,2,3.0,0,9.0,0,0,0,0.0,12,,4.815789473684211,4.5,1,Caleb Huntley,RB,1.0,42.0,RES,12,1,12.0
2018,00-0031045,C.Hyde,RB,CLE,114,382.0,5,9,6,29.0,0,43.0,0,0,0,0.0,14,,3.3508771929824563,7.166666666666667,5,,,,,,68,4,17.0
2018,00-0031045,C.Hyde,RB,JAX,58,189.0,0,7,4,4.0,0,16.0,0,0,0,0.0,14,,3.2586206896551726,4.0,0,Carlos Hyde,RB,4.0,34.0,ACT,68,4,17.0
2019,00-0031045,C.Hyde,RB,HOU,274,1162.0,6,21,14,65.0,1,71.0,0,0,0,0.0,18,,4.240875912408759,5.071428571428571,7,Carlos Hyde,RB,5.0,23.0,ACT,68,4,17.0
2020,00-0031045,C.Hyde,RB,SEA,85,361.0,4,20,16,93.0,0,108.0,0,0,0,0.0,11,,4.247058823529412,6.75,4,Carlos Hyde,RB,6.0,30.0,ACT,68,4,17.0
2021,00-0031045,C.Hyde,RB,JAX,72,253.0,1,21,12,65.0,0,75.0,0,0,0,0.0,11,,3.513888888888889,6.25,1,Carlos Hyde,RB,7.0,24.0,RES,68,4,17.0
2018,00-0027531,C.Ivory,RB,BUF,115,385.0,1,20,12,175.0,0,169.0,0,0,0,0.0,13,,3.347826086956522,14.083333333333334,1,Chris Ivory,RB,8.0,33.0,ACT,13,1,13.0
2020,00-0036254,C.Johnson,WR,JAX,0,0.0,0,31,18,272.0,2,65.0,0,0,0,0.0,10,,,3.611111111111111,2,Collin Johnson,WR,0.0,19.0,RES,20,4,5.0
2021,00-0036254,C.Johnson,WR,NYG,0,0.0,0,21,11,105.0,0,18.0,0,0,0,0.0,7,,,1.6363636363636365,0,Collin Johnson,WR,1.0,15.0,ACT,20,4,5.0
2022,00-0036810,C.Johnson,WR,SEA,0,0.0,0,7,5,60.0,0,12.0,0,0,0,0.0,3,,,2.4,0,Cade Johnson,WR,1.0,88.0,ACT,3,1,3.0
2023,00-0036254,C.Johnson,WR,CHI,0,0.0,0,1,1,11.0,0,4.0,0,0,0,0.0,1,,,4.0,0,Collin Johnson,WR,3.0,80.0,ACT,20,4,5.0
2024,00-0036254,C.Johnson,WR,CHI,0,0.0,0,2,1,6.0,0,3.0,0,0,0,0.0,2,,,3.0,0,Collin Johnson,WR,4.0,80.0,ACT,20,4,5.0
2019,00-0035553,C.Jones,TE,JAX,0,0.0,0,1,1,5.0,0,2.0,0,0,0,0.0,1,,,2.0,0,Charles Jones,TE,0.0,85.0,ACT,1,1,1.0
2023,00-0038576,C.Jones,WR,CIN,2,13.0,0,9,7,64.0,0,38.0,0,0,0,0.0,5,,6.5,5.428571428571429,0,Charlie Jones,WR,0.0,15.0,ACT,7,2,3.5
2024,00-0038576,C.Jones,WR,CIN,0,0.0,0,1,1,5.0,0,0.0,0,0,0,0.0,2,,,0.0,0,Charlie Jones,WR,1.0,15.0,INA,7,2,3.5
2018,00-0028986,C.Keenum,QB,DEN,26,93.0,2,0,0,0.0,0,0.0,18,365,586,3890.0,16,0.6228668941979523,3.576923076923077,,20,Case Keenum,QB,6.0,4.0,ACT,36,6,6.0
2019,00-0028986,C.Keenum,QB,WAS,9,12.0,1,0,0,0.0,0,0.0,11,160,247,1707.0,10,0.6477732793522267,1.3333333333333333,,12,Case Keenum,QB,7.0,8.0,ACT,36,6,6.0
2020,00-0028986,C.Keenum,QB,CLE,0,0.0,0,0,0,0.0,0,0.0,0,5,10,46.0,1,0.5,,,0,Case Keenum,QB,8.0,5.0,ACT,36,6,6.0
2021,00-0028986,C.Keenum,QB,CLE,12,22.0,0,0,0,0.0,0,0.0,3,47,72,462.0,5,0.6527777777777778,1.8333333333333333,,3,Case Keenum,QB,9.0,5.0,ACT,36,6,6.0
2022,00-0028986,C.Keenum,QB,BUF,5,0.0,0,0,0,0.0,0,0.0,0,2,7,8.0,2,0.2857142857142857,0.0,,0,Case Keenum,QB,10.0,18.0,ACT,36,6,6.0
2023,00-0028986,C.Keenum,QB,HOU,2,1.0,0,0,0,0.0,0,0.0,1,34,53,291.0,2,0.6415094339622641,0.5,,1,Case Keenum,QB,11.0,18.0,INA,36,6,6.0
2018,00-0033597,C.Kelly,QB,DEN,1,-1.0,0,0,0,0.0,0,0.0,0,0,0,0.0,1,,-1.0,,0,Chad Kelly,QB,1.0,6.0,CUT,1,1,1.0
2018,00-0033104,C.Kessler,QB,JAX,19,123.0,0,0,0,0.0,0,0.0,2,85,131,709.0,5,0.648854961832061,6.473684210526316,,2,Cody Kessler,QB,2.0,6.0,ACT,5,1,5.0
2018,00-0034775,C.Kirk,WR,ARI,3,35.0,0,68,43,590.0,3,225.0,0,0,0,0.0,12,,11.666666666666666,5.232558139534884,3,Christian Kirk,WR,0.0,13.0,RES,96,7,13.714285714285714
2019,00-0034775,C.Kirk,WR,ARI,10,93.0,0,107,67,708.0,3,281.0,0,0,0,0.0,13,,9.3,4.1940298507462686,3,Christian Kirk,WR,1.0,13.0,ACT,96,7,13.714285714285714
2020,00-0034775,C.Kirk,WR,ARI,2,3.0,0,79,48,621.0,6,175.0,0,0,0,0.0,14,,1.5,3.6458333333333335,6,Christian Kirk,WR,2.0,13.0,RES,96,7,13.714285714285714
2021,00-0034775,C.Kirk,WR,ARI,1,11.0,0,114,83,1033.0,5,241.0,0,1,1,33.0,18,1.0,11.0,2.9036144578313254,5,Christian Kirk,WR,3.0,13.0,ACT,96,7,13.714285714285714
2022,00-0034775,C.Kirk,WR,JAX,6,29.0,0,161,99,1238.0,10,410.0,0,0,1,0.0,19,0.0,4.833333333333333,4.141414141414141,10,Christian Kirk,WR,4.0,13.0,ACT,96,7,13.714285714285714
2023,00-0034775,C.Kirk,WR,JAX,1,6.0,0,85,57,787.0,3,247.0,0,1,2,-1.0,12,0.5,6.0,4.333333333333333,3,Christian Kirk,WR,5.0,13.0,INA,96,7,13.714285714285714
2024,00-0034775,C.Kirk,WR,JAX,0,0.0,0,47,27,379.0,1,113.0,0,0,0,0.0,8,,,4.185185185185185,1,Christian Kirk,WR,6.0,13.0,RES,96,7,13.714285714285714
2020,00-0036290,C.Kmet,TE,CHI,1,-3.0,0,48,31,259.0,2,151.0,0,0,0,0.0,14,,-3.0,4.870967741935484,2,Cole Kmet,TE,0.0,85.0,ACT,77,5,15.4
2021,00-0036290,C.Kmet,TE,CHI,1,0.0,0,93,60,612.0,0,246.0,0,0,0,0.0,17,,0.0,4.1,0,Cole Kmet,TE,1.0,85.0,ACT,77,5,15.4
2022,00-0036290,C.Kmet,TE,CHI,2,9.0,0,69,50,544.0,7,286.0,0,0,0,0.0,17,,4.5,5.72,7,Cole Kmet,TE,2.0,85.0,ACT,77,5,15.4
2023,00-0036290,C.Kmet,TE,CHI,3,2.0,0,90,73,719.0,6,290.0,0,0,0,0.0,15,,0.6666666666666666,3.9726027397260273,6,Cole Kmet,TE,3.0,85.0,ACT,77,5,15.4
2024,00-0036290,C.Kmet,TE,CHI,0,0.0,0,55,47,474.0,4,181.0,0,0,0,0.0,14,,,3.851063829787234,4,Cole Kmet,TE,4.0,85.0,ACT,77,5,15.4
2022,00-0038046,C.Kolar,TE,BAL,0,0.0,0,6,4,49.0,0,20.0,0,0,0,0.0,1,,,5.0,0,Charlie Kolar,TE,0.0,88.0,INA,15,3,5.0
2023,00-0038046,C.Kolar,TE,BAL,0,0.0,0,10,8,91.0,1,17.0,0,0,0,0.0,7,,,2.125,1,Charlie Kolar,TE,1.0,88.0,ACT,15,3,5.0
2024,00-0038046,C.Kolar,TE,BAL,1,2.0,0,11,9,131.0,1,76.0,0,0,0,0.0,7,,2.0,8.444444444444445,1,Charlie Kolar,TE,2.0,88.0,ACT,15,3,5.0
2018,00-0033908,C.Kupp,WR,LA,4,25.0,0,55,40,566.0,6,303.0,0,0,0,0.0,8,,6.25,7.575,6,Cooper Kupp,WR,1.0,18.0,RES,97,7,13.857142857142858
2019,00-0033908,C.Kupp,WR,LA,2,4.0,0,134,94,1161.0,10,538.0,0,0,1,0.0,16,0.0,2.0,5.723404255319149,10,Cooper Kupp,WR,2.0,18.0,ACT,97,7,13.857142857142858
2020,00-0033908,C.Kupp,WR,LA,4,33.0,0,133,96,1052.0,3,532.0,0,0,0,0.0,16,,8.25,5.541666666666667,3,Cooper Kupp,WR,3.0,10.0,INA,97,7,13.857142857142858
2021,00-0033908,C.Kupp,WR,LA,6,23.0,0,233,178,2425.0,22,1052.0,0,0,2,0.0,21,0.0,3.8333333333333335,5.910112359550562,22,Cooper Kupp,WR,4.0,10.0,ACT,97,7,13.857142857142858
2022,00-0033908,C.Kupp,WR,LA,9,52.0,1,98,75,812.0,6,413.0,0,0,1,0.0,9,0.0,5.777777777777778,5.506666666666667,7,Cooper Kupp,WR,5.0,10.0,RES,97,7,13.857142857142858
2023,00-0033908,C.Kupp,WR,LA,1,-3.0,0,104,64,764.0,5,327.0,0,0,0,0.0,13,,-3.0,5.109375,5,Cooper Kupp,WR,6.0,10.0,ACT,97,7,13.857142857142858
2024,00-0033908,C.Kupp,WR,LA,2,10.0,0,108,73,800.0,6,280.0,0,0,0,0.0,14,,5.0,3.835616438356164,6,Cooper Kupp,WR,7.0,10.0,ACT,97,7,13.857142857142858
2018,00-0034593,C.Lacy,WR,DET,0,0.0,0,1,0,0.0,0,0.0,0,0,0,0.0,1,,,,0,Chris Lacy,WR,0.0,18.0,ACT,4,2,2.0
2019,00-0034593,C.Lacy,WR,DET,0,0.0,0,10,3,60.0,0,9.0,0,0,0,0.0,3,,,3.0,0,Chris Lacy,WR,1.0,15.0,ACT,4,2,2.0
2020,00-0036358,C.Lamb,WR,DAL,10,82.0,1,111,74,935.0,5,311.0,0,0,0,0.0,16,,8.2,4.202702702702703,6,CeeDee Lamb,WR,0.0,88.0,ACT,85,5,17.0
2021,00-0036358,C.Lamb,WR,DAL,10,81.0,0,125,80,1123.0,6,452.0,0,0,0,0.0,17,,8.1,5.65,6,CeeDee Lamb,WR,1.0,88.0,ACT,85,5,17.0
2022,00-0036358,C.Lamb,WR,DAL,12,53.0,0,175,121,1544.0,10,552.0,0,0,0,0.0,19,,4.416666666666667,4.56198347107438,10,CeeDee Lamb,WR,2.0,88.0,ACT,85,5,17.0
2023,00-0036358,C.Lamb,WR,DAL,15,118.0,2,198,144,1859.0,12,715.0,0,0,0,0.0,18,,7.866666666666666,4.965277777777778,14,CeeDee Lamb,WR,3.0,88.0,ACT,85,5,17.0
2024,00-0036358,C.Lamb,WR,DAL,14,70.0,0,152,101,1194.0,6,537.0,0,0,0,0.0,15,,5.0,5.316831683168317,6,CeeDee Lamb,WR,4.0,88.0,RES,85,5,17.0
2018,00-0031344,C.Latimer,WR,NYG,0,0.0,0,16,11,190.0,1,23.0,0,0,0,0.0,5,,,2.090909090909091,1,Cody Latimer,WR,4.0,12.0,ACT,18,2,9.0
2019,00-0031344,C.Latimer,WR,NYG,0,0.0,0,42,24,300.0,2,69.0,0,0,0,0.0,13,,,2.875,2,Cody Latimer,WR,5.0,12.0,ACT,18,2,9.0
2018,00-0031484,C.Manhertz,TE,CAR,0,0.0,0,5,2,52.0,1,45.0,0,0,0,0.0,3,,,22.5,1,Chris Manhertz,TE,3.0,82.0,ACT,33,7,4.714285714285714
2019,00-0031484,C.Manhertz,TE,CAR,0,0.0,0,1,1,11.0,0,9.0,0,0,0,0.0,1,,,9.0,0,Chris Manhertz,TE,4.0,82.0,ACT,33,7,4.714285714285714
2020,00-0031484,C.Manhertz,TE,CAR,0,0.0,0,8,6,52.0,0,33.0,0,0,0,0.0,7,,,5.5,0,Chris Manhertz,TE,5.0,82.0,ACT,33,7,4.714285714285714
2021,00-0031484,C.Manhertz,TE,JAX,0,0.0,0,9,6,71.0,1,26.0,0,0,0,0.0,8,,,4.333333333333333,1,Chris Manhertz,TE,6.0,84.0,ACT,33,7,4.714285714285714
2022,00-0031484,C.Manhertz,TE,JAX,0,0.0,0,8,6,42.0,0,35.0,0,0,0,0.0,6,,,5.833333333333333,0,Chris Manhertz,TE,7.0,84.0,ACT,33,7,4.714285714285714
2023,00-0031484,C.Manhertz,TE,DEN,0,0.0,0,4,2,16.0,0,10.0,0,0,0,0.0,4,,,5.0,0,Chris Manhertz,TE,8.0,84.0,INA,33,7,4.714285714285714
2024,00-0031484,C.Manhertz,TE,NYG,0,0.0,0,4,3,30.0,1,19.0,0,0,0,0.0,4,,,6.333333333333333,1,Chris Manhertz,TE,9.0,85.0,ACT,33,7,4.714285714285714
2018,00-0033280,C.McCaffrey,RB,CAR,219,1098.0,7,124,107,867.0,6,859.0,1,1,1,50.0,16,1.0,5.013698630136986,8.02803738317757,14,Christian McCaffrey,RB,1.0,22.0,ACT,105,7,15.0
2019,00-0033280,C.McCaffrey,RB,CAR,287,1387.0,15,142,116,1005.0,4,987.0,0,0,2,0.0,16,0.0,4.832752613240418,8.508620689655173,19,Christian McCaffrey,RB,2.0,22.0,ACT,105,7,15.0
2020,00-0033280,C.McCaffrey,RB,CAR,59,225.0,5,19,17,149.0,1,123.0,0,0,0,0.0,3,,3.8135593220338984,7.235294117647059,6,Christian McCaffrey,RB,3.0,22.0,INA,105,7,15.0
2021,00-0033280,C.McCaffrey,RB,CAR,99,442.0,1,41,37,343.0,1,258.0,0,0,0,0.0,7,,4.4646464646464645,6.972972972972973,2,Christian McCaffrey,RB,4.0,22.0,RES,105,7,15.0
2022,00-0033280,C.McCaffrey,RB,CAR,85,393.0,2,43,33,277.0,1,294.0,0,0,0,0.0,20,,4.623529411764705,8.909090909090908,3,,,,,,105,7,15.0
2022,00-0033280,C.McCaffrey,RB,SF,199,984.0,8,79,64,525.0,5,462.0,1,1,2,34.0,20,0.5,4.944723618090452,7.21875,14,Christian McCaffrey,RB,5.0,23.0,ACT,105,7,15.0
2023,00-0033280,C.McCaffrey,RB,SF,331,1727.0,18,108,86,716.0,8,603.0,0,0,0,0.0,19,,5.217522658610272,7.011627906976744,26,Christian McCaffrey,RB,6.0,23.0,ACT,105,7,15.0
2024,00-0033280,C.McCaffrey,RB,SF,50,202.0,0,19,15,146.0,0,98.0,0,0,0,0.0,4,,4.04,6.533333333333333,0,Christian McCaffrey,RB,7.0,23.0,RES,105,7,15.0
2018,00-0027688,C.McCoy,QB,WAS,10,63.0,0,0,0,0.0,0,0.0,3,34,54,372.0,3,0.6296296296296297,6.3,,3,Colt McCoy,QB,8.0,12.0,RES,19,5,3.8
2019,00-0027688,C.McCoy,QB,WAS,2,14.0,0,0,0,0.0,0,0.0,0,18,27,122.0,1,0.6666666666666666,7.0,,0,Colt McCoy,QB,9.0,12.0,ACT,19,5,3.8
2020,00-0027688,C.McCoy,QB,NYG,9,12.0,0,0,0,0.0,0,0.0,1,40,66,375.0,4,0.6060606060606061,1.3333333333333333,,1,Colt McCoy,QB,10.0,12.0,ACT,19,5,3.8
2021,00-0027688,C.McCoy,QB,ARI,22,37.0,0,0,0,0.0,0,0.0,3,74,99,740.0,7,0.7474747474747475,1.6818181818181819,,3,Colt McCoy,QB,11.0,12.0,ACT,19,5,3.8
2022,00-0027688,C.McCoy,QB,ARI,14,36.0,0,0,0,0.0,0,0.0,1,90,132,780.0,4,0.6818181818181818,2.5714285714285716,,1,Colt McCoy,QB,12.0,12.0,INA,19,5,3.8
2019,00-0034735,C.McElroy,TE,TB,0,0.0,0,1,1,30.0,0,0.0,0,0,0,0.0,1,,,0.0,0,Codey McElroy,TE,1.0,86.0,INA,2,2,1.0
2021,00-0034735,C.McElroy,TE,TB,0,0.0,0,1,0,0.0,0,0.0,0,0,0,0.0,1,,,,0,Codey McElroy,TE,3.0,86.0,DEV,2,2,1.0
2018,00-0031912,C.Meredith,WR,NO,0,0.0,0,10,9,114.0,1,38.0,0,0,0,0.0,3,,,4.222222222222222,1,Cameron Meredith,WR,3.0,81.0,RES,3,1,3.0
2018,00-0030432,C.Michael,RB,IND,2,9.0,0,0,0,0.0,0,0.0,0,0,0,0.0,1,,4.5,,0,Christine Michael,RB,5.0,38.0,CUT,1,1,1.0
2018,00-0032398,C.Moore,WR,BAL,5,17.0,0,26,19,196.0,1,59.0,0,0,0,0.0,16,,3.4,3.1052631578947367,1,Chris Moore,WR,2.0,10.0,ACT,59,5,11.8
2019,00-0032398,C.Moore,WR,BAL,1,0.0,0,6,3,21.0,0,10.0,0,0,0,0.0,5,,0.0,3.3333333333333335,0,Chris Moore,WR,3.0,10.0,ACT,59,5,11.8
2021,00-0032398,C.Moore,WR,HOU,0,0.0,0,22,21,227.0,2,150.0,0,0,0,0.0,8,,,7.142857142857143,2,Chris Moore,WR,5.0,15.0,ACT,59,5,11.8
2022,00-0032398,C.Moore,WR,HOU,3,3.0,0,74,48,548.0,2,267.0,0,0,0,0.0,15,,1.0,5.5625,2,Chris Moore,WR,6.0,15.0,ACT,59,5,11.8
2023,00-0032398,C.Moore,WR,TEN,2,39.0,0,35,22,424.0,0,57.0,0,0,0,0.0,15,,19.5,2.590909090909091,0,Chris Moore,WR,7.0,11.0,ACT,59,5,11.8
2021,00-0035345,C.Myarick,TE,NYG,0,0.0,0,6,3,17.0,1,8.0,0,0,0,0.0,4,,,2.6666666666666665,1,,,,,,11,2,5.5
2022,00-0035345,C.Myarick,TE,NYG,0,0.0,0,8,7,65.0,1,38.0,0,0,0,0.0,7,,,5.428571428571429,1,Chris Myarick,TE,3.0,85.0,DEV,11,2,5.5
2018,00-0027939,C.Newton,QB,CAR,101,488.0,4,0,0,0.0,0,0.0,24,320,471,3395.0,14,0.6794055201698513,4.8316831683168315,,28,Cam Newton,QB,7.0,1.0,ACT,38,4,9.5
2019,00-0027939,C.Newton,QB,CAR,5,-2.0,0,0,0,0.0,0,0.0,0,50,89,572.0,2,0.5617977528089888,-0.4,,0,Cam Newton,QB,8.0,1.0,RES,38,4,9.5
2020,00-0027939,C.Newton,QB,NE,137,592.0,12,2,2,35.0,1,18.0,8,242,368,2657.0,15,0.657608695652174,4.321167883211679,9.0,21,Cam Newton,QB,9.0,1.0,ACT,38,4,9.5
2021,00-0027939,C.Newton,QB,CAR,47,230.0,5,0,0,0.0,0,0.0,4,69,126,684.0,7,0.5476190476190477,4.8936170212765955,,9,Cam Newton,QB,10.0,1.0,ACT,38,4,9.5
2022,00-0037809,C.Okonkwo,TE,TEN,3,2.0,0,46,32,450.0,3,252.0,0,0,0,0.0,15,,0.6666666666666666,7.875,3,Chigoziem Okonkwo,TE,0.0,85.0,ACT,48,3,16.0
2023,00-0037809,C.Okonkwo,TE,TEN,2,6.0,0,77,54,528.0,1,260.0,0,0,0,0.0,17,,3.0,4.814814814814815,1,Chigoziem Okonkwo,TE,1.0,85.0,ACT,48,3,16.0
2024,00-0037809,C.Okonkwo,TE,TEN,1,17.0,0,70,52,479.0,2,249.0,0,0,0,0.0,16,,17.0,4.788461538461538,2,Chig Okonkwo,TE,2.0,85.0,ACT,48,3,16.0
2024,00-0037324,C.Oladokun,QB,KC,1,5.0,0,0,0,0.0,0,0.0,0,0,0,0.0,1,,5.0,,0,Chris Oladokun,QB,2.0,19.0,DEV,1,1,1.0
2022,00-0037239,C.Olave,WR,NO,0,0.0,0,119,72,1042.0,4,210.0,0,0,0,0.0,15,,,2.9166666666666665,4,Chris Olave,WR,0.0,12.0,ACT,39,3,13.0
2023,00-0037239,C.Olave,WR,NO,0,0.0,0,138,87,1123.0,5,347.0,0,0,0,0.0,16,,,3.9885057471264367,5,Chris Olave,WR,1.0,12.0,ACT,39,3,13.0
2024,00-0037239,C.Olave,WR,NO,1,7.0,0,44,32,400.0,1,121.0,0,0,0,0.0,8,,7.0,3.78125,1,Chris Olave,WR,2.0,12.0,RES,39,3,13.0
2022,00-0038129,C.Otton,TE,TB,0,0.0,0,72,46,449.0,2,216.0,0,0,0,0.0,15,,,4.695652173913044,2,Cade Otton,TE,0.0,88.0,ACT,48,3,16.0
2023,00-0038129,C.Otton,TE,TB,0,0.0,0,86,60,609.0,5,302.0,0,0,0,0.0,18,,,5.033333333333333,5,Cade Otton,TE,1.0,88.0,ACT,48,3,16.0
2024,00-0038129,C.Otton,TE,TB,1,-4.0,0,89,61,632.0,4,330.0,0,0,0,0.0,15,,-4.0,5.409836065573771,4,Cade Otton,TE,2.0,88.0,ACT,48,3,16.0
2020,00-0036244,C.Parkinson,TE,SEA,0,0.0,0,2,2,16.0,0,5.0,0,0,0,0.0,1,,,2.5,0,Colby Parkinson,TE,0.0,84.0,INA,52,5,10.4
2021,00-0036244,C.Parkinson,TE,SEA,0,0.0,0,8,5,33.0,0,20.0,0,0,0,0.0,5,,,4.0,0,Colby Parkinson,TE,1.0,84.0,ACT,52,5,10.4
2022,00-0036244,C.Parkinson,TE,SEA,0,0.0,0,40,28,336.0,2,155.0,0,0,0,0.0,15,,,5.535714285714286,2,Colby Parkinson,TE,2.0,84.0,ACT,52,5,10.4
2023,00-0036244,C.Parkinson,TE,SEA,0,0.0,0,34,25,247.0,2,86.0,0,0,0,0.0,14,,,3.44,2,Colby Parkinson,TE,3.0,84.0,ACT,52,5,10.4
2024,00-0036244,C.Parkinson,TE,LA,0,0.0,0,53,34,316.0,2,168.0,0,0,0,0.0,17,,,4.9411764705882355,2,Colby Parkinson,TE,4.0,86.0,ACT,52,5,10.4
2018,00-0030578,C.Patterson,RB,NE,45,238.0,1,35,25,279.0,3,199.0,0,0,0,0.0,18,,5.288888888888889,7.96,4,,,,,,100,7,14.285714285714286
2019,00-0030578,C.Patterson,RB,CHI,17,103.0,0,17,11,83.0,0,72.0,0,0,0,0.0,12,,6.0588235294117645,6.545454545454546,0,,,,,,100,7,14.285714285714286
2020,00-0030578,C.Patterson,RB,CHI,65,234.0,1,25,21,132.0,0,114.0,0,0,0,0.0,16,,3.6,5.428571428571429,1,,,,,,100,7,14.285714285714286
2021,00-0030578,C.Patterson,RB,ATL,153,618.0,6,69,52,548.0,5,385.0,0,0,1,0.0,16,0.0,4.03921568627451,7.403846153846154,11,Cordarrelle Patterson,RB,8.0,84.0,ACT,100,7,14.285714285714286
2022,00-0030578,C.Patterson,RB,ATL,144,695.0,8,31,21,122.0,0,116.0,0,0,0,0.0,13,,4.826388888888889,5.523809523809524,8,Cordarrelle Patterson,RB,9.0,84.0,ACT,100,7,14.285714285714286
2023,00-0030578,C.Patterson,RB,ATL,50,181.0,0,12,9,38.0,1,37.0,0,0,0,0.0,12,,3.62,4.111111111111111,1,Cordarrelle Patterson,RB,10.0,84.0,ACT,100,7,14.285714285714286
2024,00-0030578,C.Patterson,RB,PIT,32,135.0,0,14,12,80.0,1,56.0,0,0,0,0.0,13,,4.21875,4.666666666666667,1,Cordarrelle Patterson,RB,11.0,84.0,ACT,100,7,14.285714285714286
2018,00-0032959,C.Peake,WR,NYJ,0,0.0,0,3,2,25.0,0,4.0,0,0,0,0.0,3,,,2.0,0,Charone Peake,WR,2.0,17.0,ACT,3,1,3.0
2018,00-0034512,C.Phillips,WR,BUF,0,0.0,0,1,1,9.0,0,7.0,0,0,0,0.0,1,,,7.0,0,Cam Phillips,WR,0.0,87.0,DEV,1,1,1.0
2018,00-0032393,C.Prosise,RB,SEA,1,-3.0,0,3,3,22.0,0,17.0,0,0,0,0.0,2,,-3.0,5.666666666666667,0,C.J. Prosise,RB,2.0,22.0,RES,15,3,5.0
2019,00-0032393,C.Prosise,RB,SEA,23,72.0,1,12,10,76.0,0,66.0,0,0,0,0.0,8,,3.130434782608696,6.6,1,C.J. Prosise,RB,3.0,22.0,RES,15,3,5.0
2020,00-0032393,C.Prosise,RB,HOU,10,19.0,0,5,5,18.0,1,26.0,0,0,0,0.0,5,,1.9,5.2,1,,,,,,15,3,5.0
2020,00-0035567,C.Reynolds,RB,JAX,1,4.0,0,1,1,3.0,0,2.0,0,0,0,0.0,1,,4.0,2.0,0,Craig Reynolds,RB,1.0,48.0,DEV,26,5,5.2
2021,00-0035567,C.Reynolds,RB,DET,55,230.0,0,8,7,52.0,0,55.0,0,0,0,0.0,5,,4.181818181818182,7.857142857142857,0,Craig Reynolds,RB,2.0,46.0,ACT,26,5,5.2
2022,00-0035567,C.Reynolds,RB,DET,23,102.0,0,10,9,116.0,0,108.0,0,0,0,0.0,6,,4.434782608695652,12.0,0,Craig Reynolds,RB,3.0,46.0,INA,26,5,5.2
2023,00-0035567,C.Reynolds,RB,DET,42,180.0,2,5,5,47.0,0,59.0,0,0,0,0.0,7,,4.285714285714286,11.8,2,Craig Reynolds,RB,4.0,13.0,ACT,26,5,5.2
2024,00-0035567,C.Reynolds,RB,DET,31,139.0,0,5,3,40.0,0,42.0,0,0,0,0.0,7,,4.483870967741935,14.0,0,Craig Reynolds,RB,5.0,13.0,ACT,26,5,5.2
2018,00-0034837,C.Ridley,WR,ATL,6,27.0,0,92,64,821.0,10,364.0,0,0,0,0.0,16,,4.5,5.6875,10,Calvin Ridley,WR,0.0,18.0,ACT,83,6,13.833333333333334
2019,00-0034837,C.Ridley,WR,ATL,2,34.0,0,93,63,866.0,7,138.0,0,0,0,0.0,13,,17.0,2.1904761904761907,7,Calvin Ridley,WR,1.0,18.0,RES,83,6,13.833333333333334
2020,00-0034837,C.Ridley,WR,ATL,5,1.0,0,143,90,1374.0,9,275.0,0,0,0,0.0,15,,0.2,3.0555555555555554,9,Calvin Ridley,WR,2.0,18.0,ACT,83,6,13.833333333333334
2021,00-0034837,C.Ridley,WR,ATL,0,0.0,0,52,31,281.0,2,91.0,0,0,0,0.0,5,,,2.935483870967742,2,Calvin Ridley,WR,3.0,18.0,RES,83,6,13.833333333333334
2023,00-0034837,C.Ridley,WR,JAX,9,23.0,0,136,76,1016.0,8,194.0,0,0,0,0.0,17,,2.5555555555555554,2.5526315789473686,8,Calvin Ridley,WR,5.0,0.0,ACT,83,6,13.833333333333334
2024,00-0034837,C.Ridley,WR,TEN,8,55.0,1,120,64,1017.0,4,231.0,0,0,0,0.0,17,,6.875,3.609375,5,Calvin Ridley,WR,6.0,0.0,ACT,83,6,13.833333333333334
2023,00-0038611,C.Rodriguez,RB,WAS,51,247.0,2,2,2,12.0,0,19.0,0,0,0,0.0,8,,4.8431372549019605,9.5,2,Chris Rodriguez,RB,0.0,23.0,RES,14,2,7.0
2024,00-0038611,C.Rodriguez,RB,WAS,35,173.0,2,1,1,12.0,0,11.0,0,0,0,0.0,6,,4.942857142857143,11.0,2,Chris Rodriguez Jr.,RB,1.0,36.0,INA,14,2,7.0
2018,00-0032355,C.Rogers,WR,IND,1,-4.0,0,83,62,561.0,2,280.0,0,0,0,0.0,17,,-4.0,4.516129032258065,2,Chester Rogers,WR,2.0,80.0,ACT,43,3,14.333333333333334
2019,00-0032355,C.Rogers,WR,IND,1,18.0,0,28,16,179.0,2,69.0,0,0,0,0.0,9,,18.0,4.3125,2,Chester Rogers,WR,3.0,80.0,RES,43,3,14.333333333333334
2021,00-0032355,C.Rogers,WR,TEN,1,9.0,0,45,31,304.0,1,107.0,0,0,0,0.0,17,,9.0,3.4516129032258065,1,Chester Rogers,WR,5.0,80.0,ACT,43,3,14.333333333333334
2021,00-0033662,C.Rush,QB,DAL,9,-8.0,0,0,0,0.0,0,0.0,3,30,47,422.0,4,0.6382978723404256,-0.8888888888888888,,3,Cooper Rush,QB,4.0,10.0,ACT,31,4,7.75
2022,00-0033662,C.Rush,QB,DAL,9,6.0,0,0,0,0.0,0,0.0,5,94,162,1051.0,8,0.5802469135802469,0.6666666666666666,,5,Cooper Rush,QB,5.0,10.0,ACT,31,4,7.75
2023,00-0033662,C.Rush,QB,DAL,12,-5.0,0,0,0,0.0,0,0.0,0,18,24,144.0,7,0.75,-0.4166666666666667,,0,Cooper Rush,QB,6.0,10.0,ACT,31,4,7.75
2024,00-0033662,C.Rush,QB,DAL,26,18.0,0,0,0,0.0,0,0.0,12,187,308,1844.0,12,0.6071428571428571,0.6923076923076923,,12,Cooper Rush,QB,7.0,10.0,ACT,31,4,7.75
2018,00-0033282,C.Samuel,WR,CAR,8,84.0,2,65,39,494.0,5,111.0,0,0,0,0.0,12,,10.5,2.8461538461538463,7,Curtis Samuel,WR,1.0,10.0,ACT,98,7,14.0
2019,00-0033282,C.Samuel,WR,CAR,19,130.0,1,105,54,627.0,6,153.0,0,0,0,0.0,16,,6.842105263157895,2.8333333333333335,7,Curtis Samuel,WR,2.0,10.0,ACT,98,7,14.0
2020,00-0033282,C.Samuel,WR,CAR,41,200.0,2,97,77,851.0,3,320.0,0,0,0,0.0,15,,4.878048780487805,4.1558441558441555,5,Curtis Samuel,WR,3.0,10.0,ACT,98,7,14.0
2021,00-0033282,C.Samuel,WR,WAS,4,11.0,0,9,6,27.0,0,40.0,0,0,0,0.0,5,,2.75,6.666666666666667,0,Curtis Samuel,WR,4.0,10.0,INA,98,7,14.0
2022,00-0033282,C.Samuel,WR,WAS,38,187.0,1,92,64,656.0,4,289.0,0,0,0,0.0,17,,4.921052631578948,4.515625,5,Curtis Samuel,WR,5.0,10.0,ACT,98,7,14.0
2023,00-0033282,C.Samuel,WR,WAS,7,39.0,1,91,62,613.0,4,260.0,0,0,0,0.0,16,,5.571428571428571,4.193548387096774,5,Curtis Samuel,WR,6.0,4.0,ACT,98,7,14.0
2024,00-0033282,C.Samuel,WR,BUF,5,14.0,0,54,37,334.0,3,210.0,0,0,0,0.0,17,,2.8,5.675675675675675,3,Curtis Samuel,WR,7.0,1.0,ACT,98,7,14.0
2021,00-0036910,C.Saunders,WR,CAR,0,0.0,0,2,2,11.0,0,0.0,0,0,0,0.0,1,,,0.0,0,C.J. Saunders,WR,0.0,81.0,ACT,1,1,1.0
2024,00-0039703,C.Schrader,RB,LA,1,3.0,0,1,1,6.0,0,6.0,0,0,0,0.0,1,,3.0,6.0,0,Cody Schrader,RB,0.0,32.0,ACT,1,1,1.0
2019,00-0034104,C.Sims,WR,WAS,0,0.0,0,3,2,27.0,0,8.0,0,0,0,0.0,2,,,4.0,0,Cam Sims,WR,1.0,89.0,ACT,36,4,9.0
2020,00-0034104,C.Sims,WR,WAS,1,5.0,0,61,39,581.0,1,272.0,0,0,0,0.0,12,,5.0,6.9743589743589745,1,Cam Sims,WR,2.0,89.0,ACT,36,4,9.0
2021,00-0034104,C.Sims,WR,WAS,1,7.0,0,23,15,211.0,2,42.0,0,0,0,0.0,10,,7.0,2.8,2,Cam Sims,WR,3.0,11.0,ACT,36,4,9.0
2022,00-0034104,C.Sims,WR,WAS,0,0.0,0,18,8,89.0,0,18.0,0,0,0,0.0,12,,,2.25,0,Cam Sims,WR,4.0,89.0,ACT,36,4,9.0
2024,00-0039325,C.Steele,RB,KC,56,183.0,0,11,7,26.0,0,43.0,0,0,0,0.0,12,,3.267857142857143,6.142857142857143,0,Carson Steele,RB,0.0,42.0,ACT,12,1,12.0
2024,00-0039359,C.Stover,TE,HOU,0,0.0,0,26,19,161.0,1,113.0,0,0,0,0.0,14,,,5.947368421052632,1,Cade Stover,TE,0.0,87.0,RES,14,1,14.0
2020,00-0035752,C.Streveler,QB,ARI,4,15.0,0,0,0,0.0,0,0.0,1,11,16,105.0,2,0.6875,3.75,,1,Chris Streveler,QB,0.0,15.0,ACT,5,3,1.6666666666666667
2021,00-0035752,C.Streveler,QB,ARI,3,6.0,0,0,0,0.0,0,0.0,0,6,9,36.0,2,0.6666666666666666,2.0,,0,,,,,,5,3,1.6666666666666667
2022,00-0035752,C.Streveler,QB,NYJ,9,54.0,0,0,0,0.0,0,0.0,0,10,15,90.0,1,0.6666666666666666,6.0,,0,Chris Streveler,QB,2.0,15.0,DEV,5,3,1.6666666666666667
2023,00-0039163,C.Stroud,QB,HOU,43,167.0,3,1,1,0.0,0,1.0,26,354,553,4557.0,17,0.6401446654611211,3.883720930232558,1.0,29,C.J. Stroud,QB,0.0,7.0,ACT,36,2,18.0
2024,00-0039163,C.Stroud,QB,HOU,64,317.0,0,1,0,0.0,0,0.0,21,377,593,4254.0,19,0.6357504215851602,4.953125,,21,C.J. Stroud,QB,1.0,7.0,ACT,36,2,18.0
2018,00-0034348,C.Sutton,WR,DEN,1,-1.0,0,84,42,704.0,4,163.0,0,0,0,0.0,16,,-1.0,3.880952380952381,4,Courtland Sutton,WR,0.0,14.0,ACT,98,7,14.0
2019,00-0034348,C.Sutton,WR,DEN,3,17.0,0,124,72,1112.0,6,352.0,0,1,1,38.0,16,1.0,5.666666666666667,4.888888888888889,6,Courtland Sutton,WR,1.0,14.0,ACT,98,7,14.0
2020,00-0034348,C.Sutton,WR,DEN,0,0.0,0,6,3,66.0,0,7.0,0,0,0,0.0,1,,,2.3333333333333335,0,Courtland Sutton,WR,2.0,14.0,RES,98,7,14.0
2021,00-0034348,C.Sutton,WR,DEN,0,0.0,0,98,58,776.0,2,135.0,0,1,1,16.0,17,1.0,,2.3275862068965516,2,Courtland Sutton,WR,3.0,14.0,ACT,98,7,14.0
2022,00-0034348,C.Sutton,WR,DEN,1,5.0,0,109,64,829.0,2,147.0,0,0,0,0.0,15,,5.0,2.296875,2,Courtland Sutton,WR,4.0,14.0,ACT,98,7,14.0
2023,00-0034348,C.Sutton,WR,DEN,0,0.0,0,90,59,772.0,10,156.0,0,0,0,0.0,16,,,2.6440677966101696,10,Courtland Sutton,WR,5.0,14.0,ACT,98,7,14.0
2024,00-0034348,C.Sutton,WR,DEN,0,0.0,0,144,86,1156.0,8,191.0,1,2,2,30.0,17,1.0,,2.2209302325581395,9,Courtland Sutton,WR,6.0,14.0,ACT,98,7,14.0
2018,00-0030404,C.Thompson,RB,WAS,43,178.0,0,55,41,268.0,1,219.0,0,0,0,0.0,10,,4.1395348837209305,5.341463414634147,1,Chris Thompson,RB,5.0,25.0,ACT,27,3,9.0
2019,00-0030404,C.Thompson,RB,WAS,37,138.0,0,58,42,378.0,0,337.0,0,0,0,0.0,11,,3.72972972972973,8.023809523809524,0,Chris Thompson,RB,6.0,25.0,ACT,27,3,9.0
2020,00-0030404,C.Thompson,RB,JAX,7,20.0,0,23,20,146.0,1,107.0,0,0,0,0.0,6,,2.857142857142857,5.35,1,Chris Thompson,RB,7.0,34.0,RES,27,3,9.0
2020,00-0033720,C.Thompson,TE,CAR,0,0.0,0,2,1,7.0,1,0.0,0,0,0,0.0,2,,,0.0,1,Colin Thompson,TE,3.0,86.0,ACT,3,2,1.5
2021,00-0033720,C.Thompson,TE,CAR,0,0.0,0,1,0,0.0,0,0.0,0,0,0,0.0,1,,,,0,Colin Thompson,TE,4.0,86.0,DEV,3,2,1.5
2023,00-0035164,C.Thompson,WR,SEA,0,0.0,0,1,1,10.0,0,4.0,0,0,0,0.0,1,,,4.0,0,Cody Thompson,WR,4.0,13.0,DEV,1,1,1.0
2023,00-0038979,C.Tillman,WR,CLE,1,8.0,0,44,21,224.0,0,88.0,0,0,0,0.0,11,,8.0,4.190476190476191,0,Cedric Tillman,WR,0.0,19.0,INA,20,2,10.0
2024,00-0038979,C.Tillman,WR,CLE,1,-5.0,0,49,29,339.0,3,104.0,0,0,0,0.0,9,,-5.0,3.586206896551724,3,Cedric Tillman,WR,1.0,19.0,RES,20,2,10.0
2023,00-0038582,C.Tune,QB,ARI,8,30.0,1,0,0,0.0,0,0.0,0,12,21,62.0,6,0.5714285714285714,3.75,,1,Clayton Tune,QB,0.0,15.0,ACT,11,2,5.5
2024,00-0038582,C.Tune,QB,ARI,7,-4.0,0,0,0,0.0,0,0.0,0,2,2,8.0,5,1.0,-0.5714285714285714,,0,Clayton Tune,QB,1.0,15.0,ACT,11,2,5.5
2022,00-0037078,C.Turner,TE,WAS,0,0.0,0,9,2,23.0,0,7.0,0,0,0,0.0,5,,,3.5,0,Cole Turner,TE,0.0,85.0,ACT,12,2,6.0
2023,00-0037078,C.Turner,TE,WAS,0,0.0,0,15,11,120.0,0,50.0,0,0,0,0.0,7,,,4.545454545454546,0,Cole Turner,TE,1.0,85.0,INA,12,2,6.0
2018,00-0032134,C.Uzomah,TE,CIN,0,0.0,0,64,43,439.0,3,195.0,0,0,0,0.0,16,,,4.534883720930233,3,C.J. Uzomah,TE,3.0,87.0,ACT,70,6,11.666666666666666
2019,00-0032134,C.Uzomah,TE,CIN,0,0.0,0,40,27,242.0,2,135.0,0,0,0,0.0,13,,,5.0,2,C.J. Uzomah,TE,4.0,87.0,ACT,70,6,11.666666666666666
2020,00-0032134,C.Uzomah,TE,CIN,0,0.0,0,11,8,87.0,1,30.0,0,0,0,0.0,2,,,3.75,1,C.J. Uzomah,TE,5.0,87.0,RES,70,6,11.666666666666666
2021,00-0032134,C.Uzomah,TE,CIN,0,0.0,0,81,64,639.0,6,380.0,0,0,0,0.0,20,,,5.9375,6,C.J. Uzomah,TE,6.0,87.0,ACT,70,6,11.666666666666666
2022,00-0032134,C.Uzomah,TE,NYJ,0,0.0,0,27,21,232.0,2,105.0,0,0,0,0.0,12,,,5.0,2,C.J. Uzomah,TE,7.0,87.0,INA,70,6,11.666666666666666
2023,00-0032134,C.Uzomah,TE,NYJ,0,0.0,0,12,8,58.0,1,33.0,0,0,0,0.0,7,,,4.125,1,C.J. Uzomah,TE,8.0,87.0,RES,70,6,11.666666666666666
2019,00-0032256,C.Walford,TE,MIA,0,0.0,0,8,4,57.0,0,27.0,0,0,0,0.0,4,,,6.75,0,Clive Walford,TE,4.0,87.0,INA,4,1,4.0
2024,00-0039394,C.Washington,WR,ATL,0,0.0,0,2,1,14.0,0,11.0,0,0,0,0.0,2,,,11.0,0,Casey Washington,WR,0.0,82.0,ACT,2,1,2.0
2022,00-0038124,C.Watson,WR,GB,7,80.0,2,66,41,611.0,7,264.0,0,0,0,0.0,14,,11.428571428571429,6.439024390243903,9,Christian Watson,WR,0.0,9.0,ACT,39,3,13.0
2023,00-0038124,C.Watson,WR,GB,4,11.0,0,56,30,442.0,5,121.0,0,0,0,0.0,11,,2.75,4.033333333333333,5,Christian Watson,WR,1.0,9.0,ACT,39,3,13.0
2024,00-0038124,C.Watson,WR,GB,4,23.0,0,53,29,620.0,2,149.0,0,0,0,0.0,14,,5.75,5.137931034482759,2,Christian Watson,WR,2.0,9.0,INA,39,3,13.0
2018,00-0032950,C.Wentz,QB,PHI,34,93.0,0,1,1,4.0,0,9.0,21,279,401,3074.0,11,0.6957605985037406,2.735294117647059,9.0,21,Carson Wentz,QB,2.0,11.0,ACT,68,7,9.714285714285714
2019,00-0032950,C.Wentz,QB,PHI,62,243.0,1,0,0,0.0,0,0.0,27,389,611,4042.0,17,0.6366612111292962,3.9193548387096775,,28,Carson Wentz,QB,3.0,11.0,ACT,68,7,9.714285714285714
2020,00-0032950,C.Wentz,QB,PHI,52,276.0,5,0,0,0.0,0,0.0,16,251,437,2620.0,12,0.5743707093821511,5.3076923076923075,,21,Carson Wentz,QB,4.0,11.0,INA,68,7,9.714285714285714
2021,00-0032950,C.Wentz,QB,IND,57,215.0,1,0,0,0.0,0,0.0,27,322,516,3563.0,17,0.624031007751938,3.7719298245614037,,28,Carson Wentz,QB,5.0,2.0,ACT,68,7,9.714285714285714
2022,00-0032950,C.Wentz,QB,WAS,22,86.0,1,0,0,0.0,0,0.0,11,172,276,1755.0,8,0.6231884057971014,3.909090909090909,,12,Carson Wentz,QB,6.0,11.0,INA,68,7,9.714285714285714
2023,00-0032950,C.Wentz,QB,LA,17,56.0,1,0,0,0.0,0,0.0,2,17,24,163.0,1,0.7083333333333334,3.2941176470588234,,3,Carson Wentz,QB,7.0,11.0,ACT,68,7,9.714285714285714
2024,00-0032950,C.Wentz,QB,KC,3,0.0,0,0,0,0.0,0,0.0,0,12,19,118.0,2,0.631578947368421,0.0,,0,Carson Wentz,QB,8.0,11.0,ACT,68,7,9.714285714285714
2018,00-0030668,C.West,RB,KC,2,-1.0,0,3,2,37.0,1,25.0,0,0,0,0.0,2,,-0.5,12.5,1,Charcandrick West,RB,4.0,30.0,ACT,2,1,2.0
2021,00-0035891,C.White,WR,PIT,0,0.0,0,6,5,33.0,0,14.0,0,0,0,0.0,3,,,2.8,0,Cody White,WR,1.0,15.0,INA,5,3,1.6666666666666667
2022,00-0035891,C.White,WR,PIT,0,0.0,0,1,1,2.0,0,2.0,0,0,0,0.0,1,,,2.0,0,Cody White,WR,2.0,15.0,DEV,5,3,1.6666666666666667
2024,00-0035891,C.White,WR,SEA,0,0.0,0,3,2,44.0,0,13.0,0,0,0,0.0,1,,,6.5,0,Cody White,WR,4.0,82.0,INA,5,3,1.6666666666666667
2018,00-0032562,C.Wick,TE,SF,0,0.0,0,1,0,0.0,0,0.0,0,0,0,0.0,1,,,,0,,,,,,1,1,1.0
2018,00-0033933,C.Williams,WR,ARI,1,9.0,0,46,17,171.0,1,16.0,0,0,0,0.0,10,,9.0,0.9411764705882353,1,Chad Williams,WR,1.0,10.0,ACT,11,2,5.5
2019,00-0033933,C.Williams,WR,IND,0,0.0,0,1,0,0.0,0,0.0,0,0,0,0.0,1,,,,0,Chad Williams,WR,2.0,11.0,INA,11,2,5.5
2024,00-0039918,C.Williams,QB,CHI,81,489.0,0,0,0,0.0,0,0.0,20,351,562,3541.0,17,0.6245551601423488,6.037037037037037,,20,Caleb Williams,QB,0.0,18.0,ACT,17,1,17.0
2019,00-0034418,C.Wilson,WR,DAL,0,0.0,0,8,5,46.0,0,11.0,0,0,0,0.0,3,,,2.2,0,Ced Wilson,WR,1.0,11.0,RES,60,6,10.0
2020,00-0034418,C.Wilson,WR,DAL,3,-12.0,0,28,17,189.0,2,113.0,1,2,2,23.0,10,1.0,-4.0,6.647058823529412,3,Cedrick Wilson,WR,2.0,11.0,ACT,60,6,10.0
2021,00-0034418,C.Wilson,WR,DAL,2,11.0,0,71,50,664.0,6,281.0,0,3,3,88.0,15,1.0,5.5,5.62,6,Cedrick Wilson,WR,3.0,1.0,ACT,60,6,10.0
2022,00-0034418,C.Wilson,WR,MIA,1,8.0,0,19,13,150.0,0,51.0,0,0,0,0.0,10,,8.0,3.923076923076923,0,Cedrick Wilson,WR,4.0,11.0,ACT,60,6,10.0
2023,00-0034418,C.Wilson,WR,MIA,0,0.0,0,45,25,333.0,3,61.0,0,0,0,0.0,12,,,2.44,3,Ced Wilson,WR,5.0,11.0,ACT,60,6,10.0
2024,00-0034418,C.Wilson,WR,NO,0,0.0,0,27,20,211.0,1,89.0,1,1,1,21.0,10,1.0,,4.45,2,Cedrick Wilson Jr.,WR,6.0,11.0,ACT,60,6,10.0
2020,00-0036429,C.Woerner,TE,SF,0,0.0,0,4,3,36.0,0,25.0,0,0,0,0.0,3,,,8.333333333333334,0,Charlie Woerner,TE,0.0,89.0,ACT,21,5,4.2
2021,00-0036429,C.Woerner,TE,SF,0,0.0,0,7,5,52.0,0,9.0,0,0,0,0.0,5,,,1.8,0,Charlie Woerner,TE,1.0,89.0,ACT,21,5,4.2
2022,00-0036429,C.Woerner,TE,SF,0,0.0,0,2,0,0.0,0,0.0,0,0,0,0.0,2,,,,0,Charlie Woerner,TE,2.0,89.0,ACT,21,5,4.2
2023,00-0036429,C.Woerner,TE,SF,0,0.0,0,3,3,32.0,0,20.0,0,0,0,0.0,3,,,6.666666666666667,0,Charlie Woerner,TE,3.0,89.0,ACT,21,5,4.2
2024,00-0036429,C.Woerner,TE,ATL,0,0.0,0,12,7,46.0,0,21.0,0,0,0,0.0,8,,,3.0,0,Charlie Woerner,TE,4.0,89.0,ACT,21,5,4.2
2023,00-0039040,D.Achane,RB,MIA,109,809.0,8,43,30,218.0,3,288.0,0,0,0,0.0,12,,7.422018348623853,9.6,11,De'Von Achane,RB,0.0,28.0,ACT,29,2,14.5
2024,00-0039040,D.Achane,RB,MIA,203,907.0,6,87,78,592.0,6,665.0,0,0,0,0.0,17,,4.467980295566503,8.525641025641026,12,De'Von Achane,RB,1.0,28.0,ACT,29,2,14.5
2018,00-0031381,D.Adams,WR,GB,0,0.0,0,169,111,1386.0,13,475.0,0,0,0,0.0,15,,,4.2792792792792795,13,Davante Adams,WR,4.0,17.0,ACT,124,7,17.714285714285715
2019,00-0031381,D.Adams,WR,GB,0,0.0,0,149,100,1295.0,7,504.0,0,0,0,0.0,14,,,5.04,7,Davante Adams,WR,5.0,17.0,ACT,124,7,17.714285714285715
2020,00-0031381,D.Adams,WR,GB,0,0.0,0,174,133,1507.0,20,669.0,0,0,0,0.0,16,,,5.030075187969925,20,Davante Adams,WR,6.0,17.0,ACT,124,7,17.714285714285715
2021,00-0031381,D.Adams,WR,GB,0,0.0,0,180,132,1643.0,11,622.0,0,0,0,0.0,17,,,4.712121212121212,11,Davante Adams,WR,7.0,17.0,ACT,124,7,17.714285714285715
2022,00-0031381,D.Adams,WR,LV,3,-1.0,0,180,100,1516.0,14,493.0,0,0,0,0.0,17,,-0.3333333333333333,4.93,14,Davante Adams,WR,8.0,17.0,ACT,124,7,17.714285714285715
2023,00-0031381,D.Adams,WR,LV,0,0.0,0,175,103,1144.0,8,336.0,0,0,0,0.0,17,,,3.262135922330097,8,Davante Adams,WR,9.0,17.0,ACT,124,7,17.714285714285715
2024,00-0031381,D.Adams,WR,LV,0,0.0,0,27,18,209.0,1,45.0,0,0,0,0.0,14,,,2.5,1,,,,,,124,7,17.714285714285715
2024,00-0031381,D.Adams,WR,NYJ,0,0.0,0,114,67,854.0,7,428.0,0,0,0,0.0,14,,,6.388059701492537,7,Davante Adams,WR,10.0,17.0,ACT,124,7,17.714285714285715
2018,00-0029689,D.Allen,TE,NE,0,0.0,0,4,3,27.0,0,28.0,0,0,0,0.0,3,,,9.333333333333334,0,Dwayne Allen,TE,6.0,83.0,ACT,3,1,3.0
2023,00-0039074,D.Allen,TE,LA,0,0.0,0,13,12,123.0,1,93.0,0,0,0,0.0,5,,,7.75,1,Davis Allen,TE,0.0,87.0,ACT,12,2,6.0
2024,00-0039074,D.Allen,TE,LA,0,0.0,0,15,7,52.0,1,29.0,0,0,0,0.0,7,,,4.142857142857143,1,Davis Allen,TE,1.0,87.0,ACT,12,2,6.0
2018,00-0026035,D.Amendola,WR,MIA,1,-2.0,0,79,59,575.0,1,229.0,1,1,1,28.0,15,1.0,-2.0,3.8813559322033897,2,Danny Amendola,WR,10.0,80.0,ACT,52,4,13.0
2019,00-0026035,D.Amendola,WR,DET,0,0.0,0,97,62,678.0,1,207.0,1,1,1,19.0,15,1.0,,3.338709677419355,2,Danny Amendola,WR,11.0,80.0,ACT,52,4,13.0
2020,00-0026035,D.Amendola,WR,DET,1,2.0,0,69,46,602.0,0,290.0,0,0,0,0.0,14,,2.0,6.304347826086956,0,Danny Amendola,WR,12.0,80.0,ACT,52,4,13.0
2021,00-0026035,D.Amendola,WR,HOU,0,0.0,0,38,24,248.0,3,105.0,0,0,1,0.0,8,0.0,,4.375,3,Danny Amendola,WR,13.0,89.0,ACT,52,4,13.0
2018,00-0023645,D.Anderson,QB,BUF,1,-1.0,0,0,0,0.0,0,0.0,0,42,70,465.0,2,0.6,-1.0,,0,Derek Anderson,QB,13.0,3.0,ACT,2,1,2.0
2018,00-0034011,D.Arnold,TE,NO,0,0.0,0,21,12,150.0,1,30.0,0,0,0,0.0,8,,,2.5,1,Dan Arnold,TE,1.0,85.0,ACT,62,5,12.4
2019,00-0034011,D.Arnold,TE,ARI,0,0.0,0,10,6,102.0,2,27.0,0,0,0,0.0,5,,,4.5,2,Dan Arnold,TE,2.0,82.0,ACT,62,5,12.4
2019,00-0034011,D.Arnold,TE,NO,0,0.0,0,4,2,25.0,0,2.0,0,0,0,0.0,5,,,1.0,0,,,,,,62,5,12.4
2020,00-0034011,D.Arnold,TE,ARI,0,0.0,0,45,31,438.0,4,173.0,0,0,0,0.0,14,,,5.580645161290323,4,Dan Arnold,TE,3.0,85.0,ACT,62,5,12.4
2021,00-0034011,D.Arnold,TE,CAR,0,0.0,0,11,7,84.0,0,29.0,0,0,0,0.0,10,,,4.142857142857143,0,,,,,,62,5,12.4
2021,00-0034011,D.Arnold,TE,JAX,0,0.0,0,41,28,324.0,0,159.0,0,0,0,0.0,10,,,5.678571428571429,0,Dan Arnold,TE,4.0,85.0,RES,62,5,12.4
2022,00-0034011,D.Arnold,TE,JAX,0,0.0,0,13,9,135.0,0,70.0,0,0,0,0.0,10,,,7.777777777777778,0,Dan Arnold,TE,5.0,85.0,ACT,62,5,12.4
2020,00-0036194,D.Asiasi,TE,NE,0,0.0,0,7,2,39.0,1,6.0,0,0,0,0.0,4,,,3.0,1,Devin Asiasi,TE,0.0,86.0,ACT,7,2,3.5
2022,00-0036194,D.Asiasi,TE,CIN,0,0.0,0,4,2,5.0,0,0.0,0,0,0,0.0,3,,,0.0,0,Devin Asiasi,TE,2.0,86.0,ACT,7,2,3.5
2018,00-0028434,D.Baldwin,WR,SEA,0,0.0,0,79,53,650.0,5,156.0,0,0,0,0.0,14,,,2.943396226415094,5,Doug Baldwin,WR,7.0,89.0,ACT,14,1,14.0
2022,00-0038147,D.Baldwin,WR,CLE,0,0.0,0,2,2,25.0,0,0.0,0,0,0,0.0,1,,,0.0,0,Daylen Baldwin,WR,0.0,17.0,DEV,1,1,1.0
2022,00-0037257,D.Bell,WR,CLE,0,0.0,0,35,24,214.0,0,69.0,0,0,0,0.0,14,,,2.875,0,David Bell,WR,0.0,18.0,ACT,25,3,8.333333333333334
2023,00-0037257,D.Bell,WR,CLE,0,0.0,0,31,22,221.0,3,88.0,0,0,0,0.0,10,,,4.0,3,David Bell,WR,1.0,18.0,ACT,25,3,8.333333333333334
2024,00-0037257,D.Bell,WR,CLE,0,0.0,0,3,3,27.0,0,8.0,0,0,0,0.0,1,,,2.6666666666666665,0,David Bell,WR,2.0,18.0,RES,25,3,8.333333333333334
2022,00-0038115,D.Bellinger,TE,NYG,1,2.0,1,40,33,289.0,3,159.0,0,0,0,0.0,13,,2.0,4.818181818181818,4,Daniel Bellinger,TE,0.0,82.0,ACT,33,3,11.0
2023,00-0038115,D.Bellinger,TE,NYG,0,0.0,0,28,25,255.0,0,134.0,0,0,0,0.0,13,,,5.36,0,Daniel Bellinger,TE,1.0,82.0,ACT,33,3,11.0
2024,00-0038115,D.Bellinger,TE,NYG,0,0.0,0,17,14,125.0,0,53.0,0,0,0,0.0,7,,,3.7857142857142856,0,Daniel Bellinger,TE,2.0,82.0,ACT,33,3,11.0
2019,00-0035040,D.Blough,QB,DET,8,31.0,0,1,1,19.0,1,5.0,4,94,174,984.0,5,0.5402298850574713,3.875,5.0,5,David Blough,QB,0.0,10.0,ACT,9,4,2.25
2020,00-0035040,D.Blough,QB,DET,1,18.0,0,0,0,0.0,0,0.0,0,6,10,49.0,1,0.6,18.0,,0,David Blough,QB,1.0,10.0,ACT,9,4,2.25
2021,00-0035040,D.Blough,QB,DET,1,6.0,0,0,0,0.0,0,0.0,0,0,0,0.0,1,,6.0,,0,David Blough,QB,2.0,10.0,INA,9,4,2.25
2022,00-0035040,D.Blough,QB,ARI,4,5.0,0,0,0,0.0,0,0.0,2,38,58,402.0,2,0.6551724137931034,1.25,,2,David Blough,QB,3.0,17.0,ACT,9,4,2.25
2018,00-0032972,D.Booker,RB,DEN,34,183.0,1,51,38,275.0,0,242.0,0,0,0,0.0,16,,5.382352941176471,6.368421052631579,1,Devontae Booker,RB,2.0,23.0,ACT,53,4,13.25
2019,00-0032972,D.Booker,RB,DEN,2,9.0,0,9,6,57.0,0,44.0,0,0,0,0.0,6,,4.5,7.333333333333333,0,Devontae Booker,RB,3.0,23.0,ACT,53,4,13.25
2020,00-0032972,D.Booker,RB,LV,93,423.0,3,21,17,84.0,0,81.0,0,0,0,0.0,15,,4.548387096774194,4.764705882352941,3,Devontae Booker,RB,4.0,23.0,ACT,53,4,13.25
2021,00-0032972,D.Booker,RB,NYG,145,593.0,2,45,40,268.0,1,297.0,0,0,0,0.0,16,,4.089655172413793,7.425,3,Devontae Booker,RB,5.0,28.0,ACT,53,4,13.25
2021,00-0035898,D.Bradwell,RB,LAC,0,0.0,0,1,0,0.0,0,0.0,0,0,0,0.0,1,,,,0,Darius Bradwell,RB,1.0,34.0,DEV,1,1,1.0
2018,00-0020531,D.Brees,QB,NO,36,20.0,4,1,1,1.0,0,3.0,36,418,567,4542.0,17,0.7372134038800705,0.5555555555555556,3.0,40,Drew Brees,QB,17.0,9.0,ACT,43,3,14.333333333333334
2019,00-0020531,D.Brees,QB,NO,10,1.0,1,0,0,0.0,0,0.0,28,307,411,3187.0,12,0.7469586374695864,0.1,,29,Drew Brees,QB,18.0,9.0,ACT,43,3,14.333333333333334
2020,00-0020531,D.Brees,QB,NO,23,3.0,2,0,0,0.0,0,0.0,27,322,463,3341.0,14,0.6954643628509719,0.13043478260869565,,29,Drew Brees,QB,19.0,9.0,ACT,43,3,14.333333333333334
2019,00-0032098,D.Brown,TE,NYJ,0,0.0,0,11,7,72.0,1,21.0,0,0,0,0.0,6,,,3.0,1,Daniel Brown,TE,4.0,87.0,ACT,9,3,3.0
2020,00-0032098,D.Brown,TE,NYJ,0,0.0,0,2,2,31.0,0,21.0,0,0,0,0.0,2,,,10.5,0,,,,,,9,3,3.0
2021,00-0032098,D.Brown,TE,NYJ,0,0.0,0,2,2,29.0,0,22.0,0,0,0,0.0,1,,,11.0,0,Daniel Brown,TE,6.0,87.0,DEV,9,3,3.0
2021,00-0036626,D.Brown,WR,WAS,1,-4.0,0,25,12,165.0,0,34.0,0,0,0,0.0,9,,-4.0,2.8333333333333335,0,Dyami Brown,WR,0.0,2.0,ACT,47,4,11.75
2022,00-0036626,D.Brown,WR,WAS,1,15.0,0,14,5,143.0,2,31.0,0,0,0,0.0,7,,15.0,6.2,2,Dyami Brown,WR,1.0,2.0,ACT,47,4,11.75
2023,00-0036626,D.Brown,WR,WAS,1,0.0,0,23,12,168.0,1,76.0,0,1,1,4.0,13,1.0,0.0,6.333333333333333,1,Dyami Brown,WR,2.0,2.0,ACT,47,4,11.75
2024,00-0036626,D.Brown,WR,WAS,3,26.0,0,58,44,537.0,2,309.0,0,0,1,0.0,18,0.0,8.666666666666666,7.0227272727272725,2,Dyami Brown,WR,3.0,2.0,ACT,47,4,11.75
2020,00-0027902,D.Bryant,WR,BAL,0,0.0,0,13,6,47.0,2,34.0,0,0,0,0.0,6,,,5.666666666666667,2,Dez Bryant,WR,10.0,88.0,ACT,6,1,6.0
2018,00-0034653,D.Burnett,WR,NYJ,0,0.0,0,15,10,143.0,0,25.0,0,0,0,0.0,5,,,2.5,0,Deontay Burnett,WR,0.0,18.0,ACT,8,3,2.6666666666666665
2019,00-0034653,D.Burnett,WR,PHI,0,0.0,0,5,3,53.0,0,6.0,0,0,0,0.0,2,,,2.0,0,Deontay Burnett,WR,1.0,16.0,ACT,8,3,2.6666666666666665
2020,00-0034653,D.Burnett,WR,PHI,0,0.0,0,4,3,19.0,0,4.0,0,0,0,0.0,1,,,1.3333333333333333,0,Deontay Burnett,WR,2.0,16.0,DEV,8,3,2.6666666666666665
2018,00-0031868,D.Byrd,WR,CAR,0,0.0,0,2,1,8.0,0,1.0,0,0,0,0.0,2,,,1.0,0,Damiere Byrd,WR,3.0,18.0,RES,51,6,8.5
2019,00-0031868,D.Byrd,WR,ARI,0,0.0,0,46,32,359.0,1,150.0,0,0,0,0.0,11,,,4.6875,1,Damiere Byrd,WR,4.0,14.0,ACT,51,6,8.5
2020,00-0031868,D.Byrd,WR,NE,2,15.0,0,77,47,604.0,1,172.0,0,0,0,0.0,14,,7.5,3.6595744680851063,1,Damiere Byrd,WR,5.0,10.0,ACT,51,6,8.5
2021,00-0031868,D.Byrd,WR,CHI,0,0.0,0,38,26,329.0,1,116.0,0,0,0,0.0,11,,,4.461538461538462,1,Damiere Byrd,WR,6.0,10.0,ACT,51,6,8.5
2022,00-0031868,D.Byrd,WR,ATL,0,0.0,0,23,13,268.0,2,105.0,0,0,0,0.0,12,,,8.076923076923077,2,Damiere Byrd,WR,7.0,14.0,ACT,51,6,8.5
2023,00-0031868,D.Byrd,WR,ATL,0,0.0,0,2,0,0.0,0,0.0,0,0,0,0.0,1,,,,0,,,,,,51,6,8.5
2019,00-0034406,D.Cain,WR,IND,0,0.0,0,14,4,52.0,0,11.0,0,0,0,0.0,11,,,2.75,0,,,,,,22,1,22.0
2019,00-0034406,D.Cain,WR,PIT,0,0.0,0,6,5,72.0,0,11.0,0,0,0,0.0,11,,,2.2,0,Deon Cain,WR,1.0,17.0,ACT,22,1,22.0
2018,00-0031280,D.Carr,QB,LV,24,47.0,1,1,1,-9.0,0,-2.0,19,381,553,4049.0,16,0.6889692585895117,1.9583333333333333,-2.0,20,,,,,,108,7,15.428571428571429
2019,00-0031280,D.Carr,QB,LV,27,82.0,2,0,0,0.0,0,0.0,21,361,513,4054.0,16,0.7037037037037037,3.037037037037037,,23,,,,,,108,7,15.428571428571429
2020,00-0031280,D.Carr,QB,LV,39,140.0,3,0,0,0.0,0,0.0,27,348,517,4103.0,16,0.6731141199226306,3.58974358974359,,30,Derek Carr,QB,6.0,4.0,ACT,108,7,15.428571428571429
2021,00-0031280,D.Carr,QB,LV,41,128.0,0,0,0,0.0,0,0.0,24,457,680,5114.0,18,0.6720588235294118,3.1219512195121952,,24,Derek Carr,QB,7.0,4.0,ACT,108,7,15.428571428571429
2022,00-0031280,D.Carr,QB,LV,24,102.0,0,0,0,0.0,0,0.0,24,305,502,3522.0,15,0.6075697211155379,4.25,,24,Derek Carr,QB,8.0,4.0,INA,108,7,15.428571428571429
2023,00-0031280,D.Carr,QB,NO,32,40.0,0,0,0,0.0,0,0.0,25,375,548,3878.0,17,0.6843065693430657,1.25,,25,Derek Carr,QB,9.0,4.0,ACT,108,7,15.428571428571429
2024,00-0031280,D.Carr,QB,NO,17,71.0,1,0,0,0.0,0,0.0,15,189,279,2145.0,10,0.6774193548387096,4.176470588235294,,16,Derek Carr,QB,10.0,4.0,INA,108,7,15.428571428571429
2018,00-0029119,D.Carrier,TE,LV,0,0.0,0,12,7,67.0,1,16.0,0,0,0,0.0,6,,,2.2857142857142856,1,,,,,,17,4,4.25
2019,00-0029119,D.Carrier,TE,LV,1,27.0,0,19,13,108.0,1,51.0,0,0,0,0.0,9,,27.0,3.923076923076923,1,,,,,,17,4,4.25
2020,00-0029119,D.Carrier,TE,LV,0,0.0,0,1,1,14.0,0,18.0,0,0,0,0.0,1,,,18.0,0,Derek Carrier,TE,8.0,85.0,ACT,17,4,4.25
2021,00-0029119,D.Carrier,TE,LV,0,0.0,0,2,2,13.0,0,6.0,0,0,0,0.0,1,,,3.0,0,Derek Carrier,TE,9.0,85.0,ACT,17,4,4.25
2018,00-0031763,D.Carter,WR,HOU,1,7.0,0,23,20,195.0,0,136.0,0,0,0,0.0,8,,7.0,6.8,0,DeAndre Carter,WR,3.0,14.0,ACT,72,7,10.285714285714286
2018,00-0031763,D.Carter,WR,PHI,0,0.0,0,2,2,21.0,0,14.0,0,0,0,0.0,8,,,7.0,0,,,,,,72,7,10.285714285714286
2019,00-0031763,D.Carter,WR,HOU,0,0.0,0,17,13,184.0,0,61.0,0,0,0,0.0,7,,,4.6923076923076925,0,DeAndre Carter,WR,4.0,14.0,ACT,72,7,10.285714285714286
2020,00-0031763,D.Carter,WR,CHI,1,3.0,0,4,3,17.0,0,5.0,0,0,0,0.0,2,,3.0,1.6666666666666667,0,DeAndre Carter,WR,5.0,19.0,ACT,72,7,10.285714285714286
2020,00-0031763,D.Carter,WR,HOU,0,0.0,0,2,1,8.0,0,4.0,0,0,0,0.0,2,,,4.0,0,,,,,,72,7,10.285714285714286
2021,00-0031763,D.Carter,WR,WAS,10,89.0,0,44,24,296.0,3,78.0,0,0,0,0.0,15,,8.9,3.25,3,DeAndre Carter,WR,6.0,1.0,ACT,72,7,10.285714285714286
2022,00-0031763,D.Carter,WR,LAC,2,-15.0,0,68,48,555.0,3,211.0,0,0,0,0.0,17,,-7.5,4.395833333333333,3,DeAndre Carter,WR,7.0,1.0,ACT,72,7,10.285714285714286
2023,00-0031763,D.Carter,WR,LV,3,18.0,0,7,4,39.0,0,50.0,0,0,0,0.0,8,,6.0,12.5,0,DeAndre Carter,WR,8.0,3.0,ACT,72,7,10.285714285714286
2024,00-0031763,D.Carter,WR,CHI,0,0.0,0,14,9,72.0,0,32.0,0,0,0,0.0,5,,,3.5555555555555554,0,DeAndre Carter,WR,9.0,11.0,RES,72,7,10.285714285714286
2018,00-0034777,D.Chark,WR,JAX,0,0.0,0,32,14,174.0,0,45.0,0,0,0,0.0,10,,,3.2142857142857144,0,D.J. Chark,WR,0.0,17.0,ACT,71,7,10.142857142857142
2019,00-0034777,D.Chark,WR,JAX,2,20.0,0,118,73,1008.0,8,316.0,0,0,0,0.0,15,,10.0,4.328767123287672,8,D.J. Chark,WR,1.0,17.0,ACT,71,7,10.142857142857142
2020,00-0034777,D.Chark,WR,JAX,0,0.0,0,93,53,706.0,5,165.0,0,0,0,0.0,13,,,3.1132075471698113,5,D.J. Chark,WR,2.0,17.0,INA,71,7,10.142857142857142
2021,00-0034777,D.Chark,WR,JAX,0,0.0,0,22,7,154.0,2,24.0,0,0,0,0.0,3,,,3.4285714285714284,2,D.J. Chark,WR,3.0,17.0,RES,71,7,10.142857142857142
2022,00-0034777,D.Chark,WR,DET,0,0.0,0,52,30,502.0,3,132.0,0,0,0,0.0,11,,,4.4,3,D.J. Chark,WR,4.0,4.0,ACT,71,7,10.142857142857142
2023,00-0034777,D.Chark,WR,CAR,0,0.0,0,66,35,525.0,5,84.0,0,0,0,0.0,14,,,2.4,5,D.J. Chark,WR,5.0,17.0,ACT,71,7,10.142857142857142
2024,00-0034777,D.Chark,WR,LAC,0,0.0,0,14,5,41.0,1,13.0,0,0,0,0.0,5,,,2.6,1,DJ Chark,WR,6.0,9.0,ACT,71,7,10.142857142857142
2024,00-0035976,D.Chisena,WR,CAR,0,0.0,0,4,3,37.0,0,9.0,0,0,0,0.0,3,,,3.0,0,Dan Chisena,WR,4.0,88.0,ACT,3,1,3.0
2018,00-0033893,D.Cook,RB,MIN,133,615.0,2,49,40,305.0,2,373.0,0,0,0,0.0,11,,4.62406015037594,9.325,4,Dalvin Cook,RB,1.0,33.0,ACT,104,7,14.857142857142858
2019,00-0033893,D.Cook,RB,MIN,287,1247.0,15,76,62,563.0,0,639.0,0,0,0,0.0,16,,4.344947735191638,10.306451612903226,15,Dalvin Cook,RB,2.0,33.0,ACT,104,7,14.857142857142858
2020,00-0033893,D.Cook,RB,MIN,312,1557.0,16,54,44,361.0,1,438.0,0,0,0,0.0,14,,4.990384615384615,9.954545454545455,17,Dalvin Cook,RB,3.0,33.0,INA,104,7,14.857142857142858
2021,00-0033893,D.Cook,RB,MIN,249,1159.0,6,49,34,224.0,0,278.0,0,0,0,0.0,13,,4.6546184738955825,8.176470588235293,6,Dalvin Cook,RB,4.0,33.0,ACT,104,7,14.857142857142858
2022,00-0033893,D.Cook,RB,MIN,279,1233.0,8,63,45,305.0,2,358.0,0,0,0,0.0,18,,4.419354838709677,7.955555555555556,10,Dalvin Cook,RB,5.0,4.0,ACT,104,7,14.857142857142858
2023,00-0033893,D.Cook,RB,BAL,8,23.0,0,0,0,0.0,0,0.0,0,0,0,0.0,15,,2.875,,0,Dalvin Cook,RB,6.0,31.0,ACT,104,7,14.857142857142858
2023,00-0033893,D.Cook,RB,NYJ,67,214.0,0,20,15,78.0,0,106.0,0,0,0,0.0,15,,3.1940298507462686,7.066666666666666,0,,,,,,104,7,14.857142857142858
2024,00-0033893,D.Cook,RB,DAL,8,20.0,0,1,1,10.0,0,7.0,0,0,0,0.0,2,,2.5,7.0,0,Dalvin Cook,RB,7.0,20.0,DEV,104,7,14.857142857142858
2021,00-0035448,D.Crockett,RB,DEN,3,7.0,0,0,0,0.0,0,0.0,0,0,0,0.0,1,,2.3333333333333335,,0,Damarea Crockett,RB,2.0,28.0,DEV,1,1,1.0
2024,00-0039754,D.Culp,TE,TB,0,0.0,0,6,5,88.0,0,31.0,0,0,0,0.0,2,,,6.2,0,Devin Culp,TE,0.0,82.0,INA,2,1,2.0
2020,00-0036456,D.Dafney,TE,GB,0,0.0,0,2,2,26.0,1,10.0,0,0,0,0.0,2,,,5.0,1,Dominique Dafney,TE,0.0,49.0,ACT,7,2,3.5
2021,00-0036456,D.Dafney,TE,GB,0,0.0,0,6,2,34.0,0,31.0,0,0,0,0.0,5,,,15.5,0,Dominique Dafney,TE,1.0,49.0,ACT,7,2,3.5
2020,00-0036425,D.Dallas,RB,SEA,34,108.0,2,20,17,111.0,1,110.0,0,0,0,0.0,8,,3.176470588235294,6.470588235294118,3,DeeJay Dallas,RB,0.0,31.0,INA,48,5,9.6
2021,00-0036425,D.Dallas,RB,SEA,33,138.0,2,23,21,133.0,0,110.0,0,0,0,0.0,11,,4.181818181818182,5.238095238095238,2,DeeJay Dallas,RB,1.0,31.0,ACT,48,5,9.6
2022,00-0036425,D.Dallas,RB,SEA,41,199.0,0,19,17,126.0,0,126.0,0,0,1,0.0,12,0.0,4.853658536585366,7.411764705882353,0,DeeJay Dallas,RB,2.0,31.0,ACT,48,5,9.6
2023,00-0036425,D.Dallas,RB,SEA,10,36.0,0,9,6,26.0,0,31.0,0,0,0,0.0,10,,3.6,5.166666666666667,0,DeeJay Dallas,RB,3.0,31.0,ACT,48,5,9.6
2024,00-0036425,D.Dallas,RB,ARI,9,49.0,0,3,3,11.0,1,20.0,0,0,0,0.0,7,,5.444444444444445,6.666666666666667,1,DeeJay Dallas,RB,4.0,20.0,ACT,48,5,9.6
2018,00-0033258,D.Daniels,TE,ARI,0,0.0,0,1,0,0.0,0,0.0,0,0,0,0.0,2,,,,0,Darrell Daniels,TE,1.0,81.0,ACT,19,4,4.75
2018,00-0033258,D.Daniels,TE,SEA,0,0.0,0,1,0,0.0,0,0.0,0,0,0,0.0,2,,,,0,,,,,,19,4,4.75
2019,00-0033258,D.Daniels,TE,ARI,0,0.0,0,3,1,4.0,0,0.0,0,0,0,0.0,3,,,0.0,0,Darrell Daniels,TE,2.0,81.0,RES,19,4,4.75
2020,00-0033258,D.Daniels,TE,ARI,0,0.0,0,11,8,92.0,1,57.0,0,0,0,0.0,8,,,7.125,1,Darrell Daniels,TE,3.0,81.0,ACT,19,4,4.75
2021,00-0033258,D.Daniels,TE,ARI,0,0.0,0,7,3,2.0,0,13.0,0,0,0,0.0,4,,,4.333333333333333,0,Darrell Daniels,TE,4.0,81.0,ACT,19,4,4.75
2021,00-0035101,D.Davis,WR,HOU,0,0.0,0,3,1,17.0,0,13.0,0,0,0,0.0,2,,,13.0,0,Davion Davis,WR,2.0,81.0,RES,2,1,2.0
2023,00-0038573,D.Davis,WR,LAC,14,101.0,0,17,15,66.0,0,115.0,0,0,0,0.0,14,,7.214285714285714,7.666666666666667,0,Derius Davis,WR,0.0,12.0,ACT,26,2,13.0
2024,00-0038573,D.Davis,WR,LAC,13,36.0,0,18,14,116.0,2,130.0,0,0,0,0.0,12,,2.769230769230769,9.285714285714286,2,Derius Davis,WR,1.0,12.0,ACT,26,2,13.0
2019,00-0034654,D.Dawkins,RB,TEN,11,26.0,0,1,0,0.0,0,0.0,0,0,0,0.0,2,,2.3636363636363638,,0,Dalyn Dawkins,RB,1.0,28.0,DEV,2,1,2.0
2023,00-0038621,D.Douglas,WR,NE,8,41.0,0,79,49,561.0,0,336.0,0,0,0,0.0,14,,5.125,6.857142857142857,0,Demario Douglas,WR,0.0,81.0,ACT,30,2,15.0
2024,00-0038621,D.Douglas,WR,NE,3,16.0,0,87,66,621.0,3,359.0,0,0,0,0.0,16,,5.333333333333333,5.4393939393939394,3,Demario Douglas,WR,1.0,3.0,ACT,30,2,15.0
2020,00-0036331,D.Duvernay,WR,BAL,4,70.0,0,26,20,201.0,0,118.0,0,0,0,0.0,14,,17.5,5.9,0,Devin Duvernay,WR,0.0,13.0,ACT,59,5,11.8
2021,00-0036331,D.Duvernay,WR,BAL,7,50.0,0,47,33,272.0,2,141.0,0,0,0,0.0,15,,7.142857142857143,4.2727272727272725,2,Devin Duvernay,WR,1.0,13.0,ACT,59,5,11.8
2022,00-0036331,D.Duvernay,WR,BAL,12,84.0,1,49,37,407.0,3,159.0,0,0,0,0.0,14,,7.0,4.297297297297297,4,Devin Duvernay,WR,2.0,13.0,RES,59,5,11.8
2023,00-0036331,D.Duvernay,WR,BAL,4,15.0,0,9,4,18.0,0,17.0,0,0,0,0.0,6,,3.75,4.25,0,Devin Duvernay,WR,3.0,13.0,ACT,59,5,11.8
2024,00-0036331,D.Duvernay,WR,JAX,4,3.0,0,16,11,79.0,0,63.0,0,0,0,0.0,10,,0.75,5.7272727272727275,0,Devin Duvernay,WR,4.0,12.0,ACT,59,5,11.8
2021,00-0036620,D.Eskridge,WR,SEA,4,59.0,0,20,10,64.0,1,32.0,0,0,0,0.0,8,,14.75,3.2,1,D'Wayne Eskridge,WR,0.0,1.0,ACT,22,4,5.5
2022,00-0036620,D.Eskridge,WR,SEA,2,10.0,0,13,7,58.0,0,46.0,0,0,0,0.0,8,,5.0,6.571428571428571,0,D'Wayne Eskridge,WR,1.0,1.0,RES,22,4,5.5
2023,00-0036620,D.Eskridge,WR,SEA,2,5.0,0,1,0,0.0,0,0.0,0,0,0,0.0,3,,2.5,,0,D'Wayne Eskridge,WR,2.0,1.0,RES,22,4,5.5
2024,00-0036620,D.Eskridge,WR,MIA,0,0.0,0,3,3,44.0,0,29.0,0,0,0,0.0,3,,,9.666666666666666,0,Dee Eskridge,WR,3.0,82.0,INA,22,4,5.5
2020,00-0036297,D.Evans,RB,TEN,15,55.0,0,4,2,27.0,1,29.0,0,0,0,0.0,5,,3.6666666666666665,14.5,1,Darrynton Evans,RB,0.0,32.0,ACT,22,5,4.4
2021,00-0036297,D.Evans,RB,TEN,2,7.0,0,2,2,11.0,0,15.0,0,0,0,0.0,1,,3.5,7.5,0,Darrynton Evans,RB,1.0,32.0,RES,22,5,4.4
2022,00-0036297,D.Evans,RB,CHI,14,64.0,0,1,1,33.0,0,31.0,0,0,0,0.0,3,,4.571428571428571,31.0,0,Darrynton Evans,RB,2.0,21.0,INA,22,5,4.4
2023,00-0036297,D.Evans,RB,CHI,30,105.0,1,12,7,49.0,0,69.0,0,0,0,0.0,6,,3.5,9.857142857142858,1,,,,,,22,5,4.4
2023,00-0036297,D.Evans,RB,MIA,2,16.0,0,0,0,0.0,0,0.0,0,0,0,0.0,6,,8.0,,0,Darrynton Evans,RB,3.0,37.0,DEV,22,5,4.4
2024,00-0036297,D.Evans,RB,CHI,3,3.0,0,0,0,0.0,0,0.0,0,0,0,0.0,1,,1.0,,0,Darrynton Evans,RB,4.0,25.0,ACT,22,5,4.4
2019,00-0031076,D.Fales,QB,NYJ,0,0.0,0,0,0,0.0,0,0.0,0,0,0,0.0,1,,,,0,David Fales,QB,5.0,3.0,ACT,1,1,1.0
2018,00-0029738,D.Fells,TE,CLE,0,0.0,0,12,11,117.0,3,66.0,0,0,0,0.0,8,,,6.0,3,Darren Fells,TE,5.0,88.0,ACT,40,4,10.0
2019,00-0029738,D.Fells,TE,HOU,0,0.0,0,60,41,400.0,8,194.0,0,0,0,0.0,17,,,4.7317073170731705,8,Darren Fells,TE,6.0,87.0,ACT,40,4,10.0
2020,00-0029738,D.Fells,TE,HOU,0,0.0,0,28,21,312.0,4,177.0,0,0,0,0.0,12,,,8.428571428571429,4,Darren Fells,TE,7.0,87.0,ACT,40,4,10.0
2021,00-0029738,D.Fells,TE,DET,0,0.0,0,5,4,43.0,0,27.0,0,0,0,0.0,3,,,6.75,0,,,,,,40,4,10.0
2021,00-0036654,D.Felton,RB,CLE,7,24.0,0,21,18,181.0,2,201.0,0,0,0,0.0,11,,3.4285714285714284,11.166666666666666,2,Demetric Felton,RB,0.0,25.0,ACT,15,2,7.5
2022,00-0036654,D.Felton,RB,CLE,1,-4.0,0,4,2,8.0,0,11.0,0,0,0,0.0,4,,-4.0,5.5,0,Demetric Felton,RB,1.0,25.0,INA,15,2,7.5
2021,00-0036627,D.Fitzpatrick,WR,TEN,0,0.0,0,8,5,49.0,1,3.0,0,0,0,0.0,3,,,0.6,1,Dez Fitzpatrick,WR,0.0,10.0,INA,3,1,3.0
2018,00-0030711,D.Fluellen,RB,TEN,4,16.0,0,0,0,0.0,0,0.0,0,0,0,0.0,2,,4.0,,0,David Fluellen,RB,4.0,32.0,RES,2,1,2.0
2018,00-0033925,D.Foreman,RB,HOU,8,2.0,0,3,2,28.0,1,10.0,0,0,0,0.0,2,,0.25,5.0,1,D'Onta Foreman,RB,1.0,27.0,ACT,52,6,8.666666666666666
2020,00-0033925,D.Foreman,RB,TEN,22,95.0,0,1,1,5.0,1,3.0,0,0,0,0.0,5,,4.318181818181818,3.0,1,D'Onta Foreman,RB,3.0,45.0,INA,52,6,8.666666666666666
2021,00-0033925,D.Foreman,RB,TEN,137,632.0,3,11,9,123.0,0,124.0,0,0,0,0.0,10,,4.613138686131387,13.777777777777779,3,D'Onta Foreman,RB,4.0,7.0,ACT,52,6,8.666666666666666
2022,00-0033925,D.Foreman,RB,CAR,203,914.0,5,9,5,26.0,0,27.0,0,0,0,0.0,16,,4.502463054187192,5.4,5,D'Onta Foreman,RB,5.0,33.0,ACT,52,6,8.666666666666666
2023,00-0033925,D.Foreman,RB,CHI,109,425.0,4,16,11,77.0,1,65.0,0,0,0,0.0,9,,3.8990825688073394,5.909090909090909,5,D'Onta Foreman,RB,6.0,21.0,INA,52,6,8.666666666666666
2024,00-0033925,D.Foreman,RB,CLE,71,232.0,0,8,6,54.0,0,48.0,0,0,0,0.0,10,,3.267605633802817,8.0,0,D'Onta Foreman,RB,7.0,27.0,ACT,52,6,8.666666666666666
2020,00-0032577,D.Foster,RB,ARI,2,2.0,0,1,1,7.0,0,3.0,0,0,0,0.0,2,,1.0,3.0,0,D.J. Foster,RB,4.0,37.0,ACT,2,1,2.0
2020,00-0034395,D.Fountain,WR,IND,0,0.0,0,3,2,23.0,0,0.0,0,0,0,0.0,2,,,0.0,0,Daurice Fountain,WR,2.0,10.0,DEV,2,1,2.0
2018,00-0031285,D.Freeman,RB,ATL,14,68.0,0,7,5,23.0,0,20.0,0,0,0,0.0,2,,4.857142857142857,4.0,0,Devonta Freeman,RB,4.0,24.0,RES,37,4,9.25
2019,00-0031285,D.Freeman,RB,ATL,184,656.0,2,70,59,410.0,4,344.0,0,0,0,0.0,14,,3.5652173913043477,5.830508474576271,6,Devonta Freeman,RB,5.0,24.0,ACT,37,4,9.25
2020,00-0031285,D.Freeman,RB,NYG,54,172.0,1,10,7,58.0,0,70.0,0,0,0,0.0,5,,3.185185185185185,10.0,1,,,,,,37,4,9.25
2021,00-0031285,D.Freeman,RB,BAL,133,576.0,5,42,34,190.0,1,183.0,0,0,0,0.0,16,,4.330827067669173,5.382352941176471,6,Devonta Freeman,RB,7.0,33.0,ACT,37,4,9.25
2018,00-0032055,D.Funchess,TE,CAR,0,0.0,0,79,44,549.0,4,76.0,0,0,0,0.0,14,,,1.7272727272727273,4,,,,,,15,2,7.5
2019,00-0032055,D.Funchess,TE,IND,0,0.0,0,5,3,32.0,0,6.0,0,0,0,0.0,1,,,2.0,0,,,,,,15,2,7.5
2018,00-0034351,D.Goedert,TE,PHI,0,0.0,0,48,35,354.0,5,180.0,0,0,0,0.0,15,,,5.142857142857143,5,Dallas Goedert,TE,0.0,88.0,ACT,102,7,14.571428571428571
2019,00-0034351,D.Goedert,TE,PHI,0,0.0,0,95,65,680.0,5,351.0,0,0,0,0.0,16,,,5.4,5,Dallas Goedert,TE,1.0,88.0,ACT,102,7,14.571428571428571
2020,00-0034351,D.Goedert,TE,PHI,0,0.0,0,65,46,524.0,3,202.0,0,0,0,0.0,11,,,4.391304347826087,3,Dallas Goedert,TE,2.0,88.0,INA,102,7,14.571428571428571
2021,00-0034351,D.Goedert,TE,PHI,0,0.0,0,88,62,922.0,4,420.0,0,0,0,0.0,16,,,6.774193548387097,4,Dallas Goedert,TE,3.0,88.0,ACT,102,7,14.571428571428571
2022,00-0034351,D.Goedert,TE,PHI,0,0.0,0,87,71,843.0,4,473.0,0,0,0,0.0,15,,,6.661971830985915,4,Dallas Goedert,TE,4.0,88.0,ACT,102,7,14.571428571428571
2023,00-0034351,D.Goedert,TE,PHI,1,1.0,0,89,63,613.0,4,326.0,0,0,0,0.0,15,,1.0,5.174603174603175,4,Dallas Goedert,TE,5.0,88.0,ACT,102,7,14.571428571428571
2024,00-0034351,D.Goedert,TE,PHI,2,13.0,0,72,59,711.0,3,386.0,0,0,0,0.0,14,,6.5,6.5423728813559325,3,Dallas Goedert,TE,6.0,88.0,ACT,102,7,14.571428571428571
2021,00-0035715,D.Gore,RB,KC,54,259.0,2,9,8,105.0,0,90.0,0,0,0,0.0,9,,4.796296296296297,11.25,2,Derrick Gore,RB,2.0,40.0,INA,11,2,5.5
2023,00-0035715,D.Gore,RB,WAS,3,26.0,0,0,0,0.0,0,0.0,0,0,0,0.0,2,,8.666666666666666,,0,Derrick Gore,RB,4.0,38.0,ACT,11,2,5.5
2022,00-0037828,D.Gray,WR,SF,1,9.0,0,7,1,10.0,0,4.0,0,0,0,0.0,5,,9.0,4.0,0,Danny Gray,WR,0.0,6.0,ACT,5,1,5.0
2018,00-0032634,D.Grinnage,TE,JAX,0,0.0,0,8,6,61.0,0,18.0,0,0,0,0.0,3,,,3.0,0,David Grinnage,TE,2.0,86.0,CUT,3,1,3.0
2019,00-0034358,D.Guice,RB,WAS,42,245.0,2,9,7,79.0,1,86.0,0,0,0,0.0,5,,5.833333333333333,12.285714285714286,3,Derrius Guice,RB,1.0,29.0,RES,5,1,5.0
2018,00-0034370,D.Hamilton,WR,DEN,0,0.0,0,46,30,243.0,2,67.0,0,0,0,0.0,8,,,2.2333333333333334,2,DaeSean Hamilton,WR,0.0,17.0,ACT,32,3,10.666666666666666
2019,00-0034370,D.Hamilton,WR,DEN,0,0.0,0,52,28,297.0,1,128.0,0,0,0,0.0,12,,,4.571428571428571,1,DaeSean Hamilton,WR,1.0,17.0,ACT,32,3,10.666666666666666
2020,00-0034370,D.Hamilton,WR,DEN,0,0.0,0,44,23,293.0,2,95.0,0,0,0,0.0,12,,,4.130434782608695,2,DaeSean Hamilton,WR,2.0,17.0,ACT,32,3,10.666666666666666
2018,00-0028114,D.Harris,WR,LV,2,12.0,0,6,6,40.0,0,47.0,0,0,0,0.0,8,,6.0,7.833333333333333,0,,,,,,9,2,4.5
2018,00-0030155,D.Harris,TE,KC,0,0.0,0,27,13,166.0,3,77.0,0,0,0,0.0,12,,,5.923076923076923,3,Demetrius Harris,TE,5.0,84.0,ACT,35,4,8.75
2019,00-0028114,D.Harris,WR,LV,0,0.0,0,1,1,7.0,0,7.0,0,0,0,0.0,1,,,7.0,0,,,,,,9,2,4.5
2019,00-0030155,D.Harris,TE,CLE,0,0.0,0,27,15,149.0,3,68.0,0,0,0,0.0,13,,,4.533333333333333,3,Demetrius Harris,TE,6.0,88.0,ACT,35,4,8.75
2019,00-0035657,D.Harris,RB,NE,4,12.0,0,0,0,0.0,0,0.0,0,0,0,0.0,1,,3.0,,0,Damien Harris,RB,0.0,37.0,INA,44,5,8.8
2020,00-0030155,D.Harris,TE,CHI,0,0.0,0,14,7,45.0,0,25.0,0,0,0,0.0,7,,,3.5714285714285716,0,Demetrius Harris,TE,7.0,86.0,ACT,35,4,8.75
2020,00-0035657,D.Harris,RB,NE,137,691.0,2,7,5,52.0,0,55.0,0,0,0,0.0,10,,5.043795620437956,11.0,2,Damien Harris,RB,1.0,37.0,RES,44,5,8.8
2020,00-0035848,D.Harris,WR,IND,6,46.0,0,10,10,79.0,0,63.0,0,0,0,0.0,6,,7.666666666666667,6.3,0,DeMichael Harris,WR,0.0,12.0,ACT,6,1,6.0
2021,00-0030155,D.Harris,TE,ARI,0,0.0,0,6,3,10.0,0,13.0,0,0,0,0.0,3,,,4.333333333333333,0,Demetrius Harris,TE,8.0,84.0,ACT,35,4,8.75
2021,00-0035657,D.Harris,RB,NE,211,959.0,15,22,19,139.0,0,135.0,0,0,0,0.0,16,,4.545023696682464,7.105263157894737,15,Damien Harris,RB,2.0,37.0,ACT,44,5,8.8
2022,00-0035657,D.Harris,RB,NE,106,462.0,3,23,17,97.0,0,86.0,0,0,0,0.0,11,,4.3584905660377355,5.0588235294117645,3,Damien Harris,RB,3.0,37.0,ACT,44,5,8.8
2023,00-0035657,D.Harris,RB,BUF,23,94.0,1,2,2,16.0,0,16.0,0,0,0,0.0,6,,4.086956521739131,8.0,1,Damien Harris,RB,4.0,22.0,RES,44,5,8.8
2019,00-0035215,D.Harty,WR,NO,4,31.0,0,7,7,74.0,0,37.0,0,0,0,0.0,9,,7.75,5.285714285714286,0,Deonte Harris,WR,0.0,11.0,ACT,49,5,9.8
2020,00-0035215,D.Harty,WR,NO,7,49.0,0,33,28,268.0,1,189.0,0,0,0,0.0,11,,7.0,6.75,1,Deonte Harris,WR,1.0,11.0,ACT,49,5,9.8
2021,00-0035215,D.Harty,WR,NO,5,41.0,0,59,36,570.0,3,246.0,0,0,0,0.0,13,,8.2,6.833333333333333,3,Deonte Harris,WR,2.0,11.0,ACT,49,5,9.8
2022,00-0035215,D.Harty,WR,NO,0,0.0,0,2,2,13.0,0,8.0,0,0,0,0.0,2,,,4.0,0,Deonte Harty,WR,3.0,11.0,RES,49,5,9.8
2023,00-0035215,D.Harty,WR,BUF,4,0.0,0,23,17,187.0,1,107.0,0,0,0,0.0,14,,0.0,6.294117647058823,1,Deonte Harty,WR,4.0,11.0,ACT,49,5,9.8
2019,00-0035232,D.Haskins,QB,WAS,20,101.0,0,0,0,0.0,0,0.0,7,119,203,1365.0,9,0.5862068965517241,5.05,,7,Dwayne Haskins,QB,0.0,7.0,INA,16,2,8.0
2020,00-0035232,D.Haskins,QB,WAS,20,46.0,1,0,0,0.0,0,0.0,5,148,241,1439.0,7,0.6141078838174274,2.3,,6,Dwayne Haskins,QB,1.0,7.0,CUT,16,2,8.0
2021,00-0035428,D.Helm,TE,LV,0,0.0,0,2,1,-1.0,0,2.0,0,0,0,0.0,2,,,2.0,0,Daniel Helm,TE,2.0,86.0,DEV,2,1,2.0
2018,00-0033581,D.Henderson,RB,NYJ,2,19.0,0,0,0,0.0,0,0.0,0,0,0,0.0,1,,9.5,,0,De'Angelo Henderson Sr.,RB,1.0,35.0,ACT,1,1,1.0
2019,00-0035664,D.Henderson,RB,LA,39,147.0,0,6,4,37.0,0,37.0,0,0,0,0.0,7,,3.769230769230769,9.25,0,Darrell Henderson,RB,0.0,27.0,RES,49,5,9.8
2020,00-0035664,D.Henderson,RB,LA,138,624.0,5,24,16,155.0,1,156.0,0,0,0,0.0,15,,4.521739130434782,9.75,6,Darrell Henderson,RB,1.0,27.0,RES,49,5,9.8
2021,00-0035664,D.Henderson,RB,LA,153,695.0,5,45,32,219.0,3,200.0,0,0,0,0.0,13,,4.542483660130719,6.25,8,Darrell Henderson,RB,2.0,27.0,ACT,49,5,9.8
2022,00-0035664,D.Henderson,RB,LA,70,283.0,3,22,17,102.0,0,110.0,0,0,0,0.0,10,,4.042857142857143,6.470588235294118,3,,,,,,49,5,9.8
2023,00-0035664,D.Henderson,RB,LA,46,112.0,2,14,10,103.0,0,134.0,0,0,0,0.0,4,,2.4347826086956523,13.4,2,Darrell Henderson,RB,4.0,27.0,CUT,49,5,9.8
2018,00-0032764,D.Henry,RB,TEN,215,1059.0,12,18,15,99.0,0,115.0,0,2,3,14.0,16,0.6666666666666666,4.925581395348837,7.666666666666667,12,Derrick Henry,RB,2.0,22.0,ACT,112,7,16.0
2019,00-0032764,D.Henry,RB,TEN,386,1986.0,18,29,23,227.0,2,275.0,1,1,1,3.0,18,1.0,5.1450777202072535,11.956521739130435,21,Derrick Henry,RB,3.0,22.0,ACT,112,7,16.0
2020,00-0032764,D.Henry,RB,TEN,396,2067.0,17,34,22,125.0,0,135.0,0,0,0,0.0,17,,5.21969696969697,6.136363636363637,17,Derrick Henry,RB,4.0,22.0,ACT,112,7,16.0
2021,00-0032764,D.Henry,RB,TEN,239,999.0,11,20,18,154.0,0,160.0,1,1,1,5.0,9,1.0,4.179916317991632,8.88888888888889,12,Derrick Henry,RB,5.0,22.0,ACT,112,7,16.0
2022,00-0032764,D.Henry,RB,TEN,349,1538.0,13,41,33,398.0,0,397.0,1,2,2,4.0,16,1.0,4.406876790830945,12.030303030303031,14,Derrick Henry,RB,6.0,22.0,ACT,112,7,16.0
2023,00-0032764,D.Henry,RB,TEN,280,1167.0,12,36,28,214.0,0,275.0,2,2,3,14.0,17,0.6666666666666666,4.167857142857143,9.821428571428571,14,Derrick Henry,RB,7.0,22.0,ACT,112,7,16.0
2024,00-0032764,D.Henry,RB,BAL,367,2191.0,19,24,19,193.0,2,216.0,0,0,0,0.0,19,,5.970027247956403,11.368421052631579,21,Derrick Henry,RB,8.0,22.0,ACT,112,7,16.0
2018,00-0026983,D.Heyward-Bey,WR,PIT,1,-7.0,0,2,1,9.0,0,10.0,0,0,0,0.0,3,,-7.0,10.0,0,Darrius Heyward-Bey,WR,9.0,88.0,ACT,3,1,3.0
2018,00-0034253,D.Hilliard,RB,CLE,0,0.0,0,10,9,105.0,0,90.0,0,0,1,0.0,6,0.0,,10.0,0,Dontrell Hilliard,RB,0.0,25.0,ACT,33,5,6.6
2019,00-0034253,D.Hilliard,RB,CLE,13,49.0,2,15,12,92.0,0,103.0,0,0,0,0.0,6,,3.769230769230769,8.583333333333334,2,Dontrell Hilliard,RB,1.0,25.0,RES,33,5,6.6
2020,00-0034253,D.Hilliard,RB,CLE,9,48.0,0,1,1,2.0,0,2.0,0,0,0,0.0,2,,5.333333333333333,2.0,0,,,,,,33,5,6.6
2021,00-0034253,D.Hilliard,RB,TEN,56,350.0,2,29,22,100.0,0,112.0,0,0,0,0.0,8,,6.25,5.090909090909091,2,Dontrell Hilliard,RB,3.0,40.0,ACT,33,5,6.6
2022,00-0034253,D.Hilliard,RB,TEN,22,145.0,0,26,21,177.0,4,151.0,0,0,0,0.0,11,,6.590909090909091,7.190476190476191,4,Dontrell Hilliard,RB,4.0,40.0,RES,33,5,6.6
2019,00-0035577,D.Hodges,QB,PIT,21,68.0,0,0,0,0.0,0,0.0,5,100,160,1063.0,8,0.625,3.238095238095238,,5,Devlin Hodges,QB,0.0,6.0,ACT,8,1,8.0
2024,00-0039613,D.Holker,TE,NO,0,0.0,0,4,3,21.0,0,13.0,0,0,0,0.0,2,,,4.333333333333333,0,Dallin Holker,TE,0.0,85.0,ACT,2,1,2.0
2018,00-0030564,D.Hopkins,WR,HOU,1,-7.0,0,173,120,1609.0,11,396.0,0,0,1,0.0,17,0.0,-7.0,3.3,11,DeAndre Hopkins,WR,5.0,10.0,ACT,124,7,17.714285714285715
2019,00-0030564,D.Hopkins,WR,HOU,2,18.0,0,172,119,1373.0,7,415.0,1,1,2,6.0,17,0.5,9.0,3.4873949579831933,8,DeAndre Hopkins,WR,6.0,10.0,ACT,124,7,17.714285714285715
2020,00-0030564,D.Hopkins,WR,ARI,1,1.0,0,160,115,1407.0,6,519.0,0,0,0,0.0,16,,1.0,4.51304347826087,6,DeAndre Hopkins,WR,7.0,10.0,ACT,124,7,17.714285714285715
2021,00-0030564,D.Hopkins,WR,ARI,0,0.0,0,64,42,572.0,8,140.0,0,0,0,0.0,10,,,3.3333333333333335,8,DeAndre Hopkins,WR,8.0,10.0,RES,124,7,17.714285714285715
2022,00-0030564,D.Hopkins,WR,ARI,0,0.0,0,96,64,717.0,3,165.0,0,0,0,0.0,9,,,2.578125,3,DeAndre Hopkins,WR,9.0,10.0,INA,124,7,17.714285714285715
2023,00-0030564,D.Hopkins,WR,TEN,2,9.0,0,137,75,1057.0,7,223.0,0,0,1,0.0,17,0.0,4.5,2.973333333333333,7,DeAndre Hopkins,WR,10.0,10.0,ACT,124,7,17.714285714285715
2024,00-0030564,D.Hopkins,WR,KC,0,0.0,0,67,44,466.0,5,112.0,0,0,0,0.0,19,,,2.5454545454545454,5,DeAndre Hopkins,WR,11.0,8.0,ACT,124,7,17.714285714285715
2024,00-0030564,D.Hopkins,WR,TEN,0,0.0,0,21,15,173.0,1,1.0,0,0,0,0.0,19,,,0.06666666666666667,1,,,,,,124,7,17.714285714285715
2022,00-0037570,D.Houston,WR,DAL,0,0.0,0,6,2,16.0,0,6.0,0,0,0,0.0,2,,,3.0,0,Dennis Houston,WR,0.0,17.0,DEV,2,1,2.0
2018,00-0028411,D.Inman,WR,IND,0,0.0,0,47,36,412.0,4,74.0,0,0,0,0.0,10,,,2.0555555555555554,4,Dontrelle Inman,WR,7.0,15.0,ACT,31,3,10.333333333333334
2019,00-0028411,D.Inman,WR,IND,0,0.0,0,8,4,49.0,0,11.0,0,0,0,0.0,7,,,2.75,0,Dontrelle Inman,WR,8.0,86.0,ACT,31,3,10.333333333333334
2019,00-0028411,D.Inman,WR,LAC,0,0.0,0,13,8,132.0,0,19.0,0,0,0,0.0,7,,,2.375,0,,,,,,31,3,10.333333333333334
2020,00-0028411,D.Inman,WR,WAS,0,0.0,0,28,18,163.0,2,44.0,0,0,0,0.0,7,,,2.4444444444444446,2,Dontrelle Inman,WR,9.0,80.0,ACT,31,3,10.333333333333334
2018,00-0026189,D.Jackson,WR,TB,6,29.0,1,74,41,774.0,4,181.0,0,0,0,0.0,12,,4.833333333333333,4.414634146341464,5,DeSean Jackson,WR,10.0,11.0,ACT,56,5,11.2
2018,00-0033049,D.Jackson,RB,DAL,6,16.0,0,1,0,0.0,0,0.0,0,0,0,0.0,1,,2.6666666666666665,,0,Darius Jackson,RB,2.0,26.0,ACT,1,1,1.0
2019,00-0026189,D.Jackson,WR,PHI,0,0.0,0,10,9,159.0,2,15.0,0,0,0,0.0,2,,,1.6666666666666667,2,DeSean Jackson,WR,11.0,10.0,RES,56,5,11.2
2020,00-0026189,D.Jackson,WR,PHI,1,12.0,0,26,14,236.0,1,65.0,0,0,0,0.0,5,,12.0,4.642857142857143,1,DeSean Jackson,WR,12.0,10.0,INA,56,5,11.2
2021,00-0026189,D.Jackson,WR,LA,0,0.0,0,15,8,221.0,1,104.0,0,0,0,0.0,15,,,13.0,1,,,,,,56,5,11.2
2021,00-0026189,D.Jackson,WR,LV,1,4.0,0,21,13,259.0,1,75.0,0,0,0,0.0,15,,4.0,5.769230769230769,1,DeSean Jackson,WR,13.0,1.0,ACT,56,5,11.2
2021,00-0036493,D.Jackson,RB,IND,13,31.0,1,0,0,0.0,0,0.0,0,0,0,0.0,3,,2.3846153846153846,,1,Deon Jackson,RB,0.0,35.0,ACT,19,3,6.333333333333333
2022,00-0026189,D.Jackson,WR,BAL,0,0.0,0,17,9,153.0,0,23.0,0,0,0,0.0,7,,,2.5555555555555554,0,DeSean Jackson,WR,14.0,15.0,CUT,56,5,11.2
2022,00-0036493,D.Jackson,RB,IND,68,236.0,1,34,30,209.0,1,228.0,0,0,0,0.0,12,,3.4705882352941178,7.6,2,Deon Jackson,RB,1.0,35.0,ACT,19,3,6.333333333333333
2023,00-0036493,D.Jackson,RB,IND,13,14.0,0,6,5,14.0,0,20.0,0,0,0,0.0,2,,1.0769230769230769,4.0,0,,,,,,19,3,6.333333333333333
2023,00-0036493,D.Jackson,RB,NYG,1,2.0,0,0,0,0.0,0,0.0,0,0,0,0.0,2,,2.0,,0,Deon Jackson,RB,2.0,34.0,DEV,19,3,6.333333333333333
2018,00-0031972,D.Jennings,WR,TEN,1,2.0,0,15,11,101.0,0,37.0,0,1,1,21.0,9,1.0,2.0,3.3636363636363638,0,Darius Jennings,WR,3.0,15.0,ACT,14,2,7.0
2019,00-0031972,D.Jennings,WR,TEN,0,0.0,0,6,2,17.0,0,14.0,0,0,0,0.0,5,,,7.0,0,Darius Jennings,WR,4.0,15.0,INA,14,2,7.0
2018,00-0032187,D.Johnson,RB,ARI,258,940.0,7,76,50,446.0,3,385.0,0,0,0,0.0,16,,3.643410852713178,7.7,10,David Johnson,RB,3.0,31.0,ACT,57,5,11.4
2018,00-0032257,D.Johnson,RB,CLE,40,201.0,0,62,47,429.0,3,374.0,0,0,0,0.0,16,,5.025,7.957446808510638,3,Duke Johnson,RB,3.0,29.0,ACT,51,5,10.2
2019,00-0032187,D.Johnson,RB,ARI,93,346.0,2,47,36,370.0,4,226.0,0,0,0,0.0,12,,3.7204301075268815,6.277777777777778,6,David Johnson,RB,4.0,31.0,ACT,57,5,11.4
2019,00-0032257,D.Johnson,RB,HOU,87,459.0,2,73,52,463.0,3,413.0,0,0,0,0.0,18,,5.275862068965517,7.9423076923076925,5,Duke Johnson,RB,4.0,25.0,ACT,51,5,10.2
2019,00-0035216,D.Johnson,WR,PIT,4,41.0,0,92,59,680.0,5,305.0,0,0,0,0.0,16,,10.25,5.169491525423729,5,Diontae Johnson,WR,0.0,18.0,ACT,116,6,19.333333333333332
2019,00-0035628,D.Johnson,RB,CLE,4,21.0,0,7,6,71.0,0,43.0,0,0,0,0.0,3,,5.25,7.166666666666667,0,D'Ernest Johnson,RB,0.0,30.0,ACT,53,6,8.833333333333334
2020,00-0032187,D.Johnson,RB,HOU,147,691.0,6,46,33,314.0,2,235.0,0,0,0,0.0,12,,4.700680272108843,7.121212121212121,8,David Johnson,RB,5.0,31.0,ACT,57,5,11.4
2020,00-0032257,D.Johnson,RB,HOU,77,235.0,1,35,28,249.0,1,220.0,0,0,0,0.0,11,,3.051948051948052,7.857142857142857,2,Duke Johnson,RB,5.0,25.0,INA,51,5,10.2
2020,00-0035216,D.Johnson,WR,PIT,3,15.0,0,160,99,1040.0,7,422.0,0,0,0,0.0,16,,5.0,4.262626262626263,7,Diontae Johnson,WR,1.0,18.0,ACT,116,6,19.333333333333332
2020,00-0035628,D.Johnson,RB,CLE,33,166.0,0,4,3,14.0,0,12.0,0,0,0,0.0,8,,5.03030303030303,4.0,0,D'Ernest Johnson,RB,1.0,30.0,ACT,53,6,8.833333333333334
2021,00-0032187,D.Johnson,RB,HOU,67,228.0,0,42,32,225.0,1,191.0,0,0,0,0.0,13,,3.4029850746268657,5.96875,1,David Johnson,RB,6.0,31.0,ACT,57,5,11.4
2021,00-0032257,D.Johnson,RB,MIA,71,330.0,3,5,4,41.0,0,51.0,0,0,0,0.0,5,,4.647887323943662,12.75,3,Duke Johnson,RB,6.0,28.0,ACT,51,5,10.2
2021,00-0035216,D.Johnson,WR,PIT,5,53.0,0,179,112,1195.0,9,537.0,0,0,0,0.0,17,,10.6,4.794642857142857,9,Diontae Johnson,WR,2.0,18.0,ACT,116,6,19.333333333333332
2021,00-0035628,D.Johnson,RB,CLE,100,534.0,3,25,19,137.0,0,138.0,0,0,0,0.0,12,,5.34,7.2631578947368425,3,D'Ernest Johnson,RB,2.0,30.0,ACT,53,6,8.833333333333334
2022,00-0032187,D.Johnson,RB,NO,12,24.0,0,4,4,47.0,0,46.0,0,0,0,0.0,4,,2.0,11.5,0,David Johnson,RB,7.0,28.0,ACT,57,5,11.4
2022,00-0032257,D.Johnson,RB,BUF,2,4.0,0,0,0,0.0,0,0.0,0,0,0,0.0,1,,2.0,,0,Duke Johnson,RB,7.0,22.0,DEV,51,5,10.2
2022,00-0035216,D.Johnson,WR,PIT,7,25.0,0,147,86,882.0,0,236.0,0,0,0,0.0,17,,3.5714285714285716,2.744186046511628,0,Diontae Johnson,WR,3.0,18.0,ACT,116,6,19.333333333333332
2022,00-0035628,D.Johnson,RB,CLE,4,17.0,0,3,3,7.0,0,8.0,0,0,0,0.0,3,,4.25,2.6666666666666665,0,D'Ernest Johnson,RB,3.0,30.0,ACT,53,6,8.833333333333334
2023,00-0035216,D.Johnson,WR,PIT,0,0.0,0,94,55,765.0,6,279.0,0,0,0,0.0,14,,,5.072727272727272,6,Diontae Johnson,WR,4.0,18.0,ACT,116,6,19.333333333333332
2023,00-0035628,D.Johnson,RB,JAX,41,108.0,0,12,10,140.0,0,136.0,0,0,0,0.0,15,,2.6341463414634148,13.6,0,D'Ernest Johnson,RB,4.0,25.0,ACT,53,6,8.833333333333334
2024,00-0035216,D.Johnson,WR,BAL,0,0.0,0,5,1,6.0,0,1.0,0,0,0,0.0,12,,,1.0,0,,,,,,116,6,19.333333333333332
2024,00-0035216,D.Johnson,WR,CAR,2,6.0,0,58,30,357.0,3,86.0,0,0,0,0.0,12,,3.0,2.8666666666666667,3,,,,,,116,6,19.333333333333332
2024,00-0035216,D.Johnson,WR,HOU,0,0.0,0,5,3,24.0,0,8.0,0,0,0,0.0,12,,,2.6666666666666665,0,Diontae Johnson,WR,5.0,82.0,CUT,116,6,19.333333333333332
2024,00-0035628,D.Johnson,RB,JAX,32,143.0,0,19,12,96.0,0,101.0,0,0,0,0.0,12,,4.46875,8.416666666666666,0,D'Ernest Johnson,RB,5.0,2.0,ACT,53,6,8.833333333333334
2019,00-0035710,D.Jones,QB,NYG,45,279.0,2,0,0,0.0,0,0.0,24,284,459,3027.0,13,0.6187363834422658,6.2,,26,Daniel Jones,QB,0.0,8.0,ACT,72,6,12.0
2020,00-0035710,D.Jones,QB,NYG,65,423.0,1,0,0,0.0,0,0.0,11,280,448,2943.0,14,0.625,6.507692307692308,,12,Daniel Jones,QB,1.0,8.0,ACT,72,6,12.0
2021,00-0035710,D.Jones,QB,NYG,62,298.0,2,1,1,16.0,0,3.0,10,232,361,2428.0,11,0.6426592797783933,4.806451612903226,3.0,12,Daniel Jones,QB,2.0,8.0,RES,72,6,12.0
2022,00-0035710,D.Jones,QB,NYG,143,810.0,7,0,0,0.0,0,0.0,17,356,534,3641.0,18,0.6666666666666666,5.664335664335664,,24,Daniel Jones,QB,3.0,8.0,ACT,72,6,12.0
2023,00-0035710,D.Jones,QB,NYG,40,206.0,1,0,0,0.0,0,0.0,2,108,160,909.0,6,0.675,5.15,,3,Daniel Jones,QB,4.0,8.0,RES,72,6,12.0
2024,00-0035710,D.Jones,QB,NYG,67,265.0,2,0,0,0.0,0,0.0,8,216,341,2070.0,10,0.6334310850439883,3.955223880597015,,10,,,,,,72,6,12.0
2020,00-0036225,D.Keene,TE,NE,0,0.0,0,5,3,16.0,0,1.0,0,0,0,0.0,3,,,0.3333333333333333,0,Dalton Keene,TE,0.0,44.0,ACT,3,1,3.0
2018,00-0034710,D.Kidsy,WR,WAS,0,0.0,0,2,1,8.0,0,2.0,0,0,0,0.0,1,,,2.0,0,Darvin Kidsy,WR,0.0,84.0,ACT,1,1,1.0
2023,00-0038933,D.Kincaid,TE,BUF,0,0.0,0,102,81,777.0,3,358.0,0,0,0,0.0,18,,,4.419753086419753,3,Dalton Kincaid,TE,0.0,86.0,ACT,34,2,17.0
2024,00-0038933,D.Kincaid,TE,BUF,0,0.0,0,84,50,519.0,2,296.0,0,0,0,0.0,16,,,5.92,2,Dalton Kincaid,TE,1.0,86.0,ACT,34,2,17.0
2018,00-0033899,D.Kizer,QB,GB,5,39.0,0,0,0,0.0,0,0.0,0,20,42,187.0,3,0.47619047619047616,7.8,,0,DeShone Kizer,QB,1.0,9.0,ACT,3,1,3.0
2019,00-0035689,D.Knox,TE,BUF,1,9.0,0,52,29,402.0,2,151.0,0,0,0,0.0,16,,9.0,5.206896551724138,2,Dawson Knox,TE,0.0,88.0,ACT,93,6,15.5
2020,00-0035689,D.Knox,TE,BUF,0,0.0,0,57,34,353.0,5,205.0,0,0,0,0.0,14,,,6.029411764705882,5,Dawson Knox,TE,1.0,88.0,ACT,93,6,15.5
2021,00-0035689,D.Knox,TE,BUF,0,0.0,0,80,56,685.0,11,296.0,0,0,0,0.0,17,,,5.285714285714286,11,Dawson Knox,TE,2.0,88.0,ACT,93,6,15.5
2022,00-0035689,D.Knox,TE,BUF,0,0.0,0,77,56,602.0,7,216.0,0,0,0,0.0,17,,,3.857142857142857,7,Dawson Knox,TE,3.0,88.0,ACT,93,6,15.5
2023,00-0035689,D.Knox,TE,BUF,0,0.0,0,39,24,199.0,3,101.0,0,0,0,0.0,12,,,4.208333333333333,3,Dawson Knox,TE,4.0,88.0,ACT,93,6,15.5
2024,00-0035689,D.Knox,TE,BUF,0,0.0,0,39,26,356.0,1,111.0,0,0,0,0.0,17,,,4.269230769230769,1,Dawson Knox,TE,5.0,88.0,ACT,93,6,15.5
2024,00-0039407,D.Laube,RB,LV,1,0.0,0,0,0,0.0,0,0.0,0,0,0,0.0,1,,0.0,,0,Dylan Laube,RB,0.0,23.0,ACT,1,1,1.0
2018,00-0028087,D.Lewis,RB,TEN,155,517.0,1,67,59,400.0,1,477.0,0,0,0,0.0,16,,3.335483870967742,8.084745762711865,2,Dion Lewis,RB,7.0,33.0,ACT,49,3,16.333333333333332
2019,00-0028087,D.Lewis,RB,TEN,56,217.0,0,34,27,178.0,1,205.0,0,0,0,0.0,17,,3.875,7.592592592592593,1,Dion Lewis,RB,8.0,33.0,ACT,49,3,16.333333333333332
2020,00-0028087,D.Lewis,RB,NYG,29,115.0,2,30,19,127.0,1,80.0,0,0,0,0.0,16,,3.9655172413793105,4.2105263157894735,3,Dion Lewis,RB,9.0,33.0,ACT,49,3,16.333333333333332
2019,00-0035704,D.Lock,QB,DEN,18,72.0,0,0,0,0.0,0,0.0,7,100,156,1020.0,5,0.6410256410256411,4.0,,7,Drew Lock,QB,0.0,3.0,ACT,35,5,7.0
2020,00-0035704,D.Lock,QB,DEN,44,160.0,3,0,0,0.0,0,0.0,16,254,443,2933.0,13,0.5733634311512416,3.6363636363636362,,19,Drew Lock,QB,1.0,3.0,ACT,35,5,7.0
2021,00-0035704,D.Lock,QB,DEN,10,53.0,2,1,1,1.0,0,6.0,2,67,111,787.0,6,0.6036036036036037,5.3,6.0,4,Drew Lock,QB,2.0,3.0,ACT,35,5,7.0
2023,00-0035704,D.Lock,QB,SEA,5,14.0,0,0,0,0.0,0,0.0,3,48,76,543.0,4,0.631578947368421,2.8,,3,Drew Lock,QB,4.0,2.0,ACT,35,5,7.0
2024,00-0035704,D.Lock,QB,NYG,18,133.0,2,0,0,0.0,0,0.0,6,107,181,1071.0,7,0.5911602209944752,7.388888888888889,,8,Drew Lock,QB,5.0,2.0,ACT,35,5,7.0
2022,00-0037238,D.London,WR,ATL,0,0.0,0,117,72,866.0,4,224.0,0,0,0,0.0,17,,,3.111111111111111,4,Drake London,WR,0.0,5.0,ACT,50,3,16.666666666666668
2023,00-0037238,D.London,WR,ATL,0,0.0,0,110,69,905.0,2,188.0,0,1,1,22.0,16,1.0,,2.7246376811594204,2,Drake London,WR,1.0,5.0,ACT,50,3,16.666666666666668
2024,00-0037238,D.London,WR,ATL,1,-3.0,0,158,100,1271.0,9,327.0,0,0,0,0.0,17,,-3.0,3.27,9,Drake London,WR,2.0,5.0,ACT,50,3,16.666666666666668
2018,00-0029613,D.Martin,RB,LV,172,723.0,4,24,18,116.0,0,94.0,0,0,0,0.0,16,,4.203488372093023,5.222222222222222,4,,,,,,16,1,16.0
2024,00-0039648,D.Martin-Robinson,TE,TEN,0,0.0,0,2,1,6.0,0,6.0,0,0,0,0.0,2,,,6.0,0,David Martin-Robinson,TE,0.0,88.0,ACT,2,1,2.0
2024,00-0039851,D.Maye,QB,NE,54,421.0,2,0,0,0.0,0,0.0,15,225,338,2276.0,13,0.665680473372781,7.796296296296297,,17,Drake Maye,QB,0.0,10.0,ACT,13,1,13.0
2019,00-0035640,D.Metcalf,WR,SEA,2,11.0,0,114,69,1119.0,8,336.0,0,0,0,0.0,18,,5.5,4.869565217391305,8,D.K. Metcalf,WR,0.0,14.0,ACT,101,6,16.833333333333332
2020,00-0035640,D.Metcalf,WR,SEA,0,0.0,0,140,88,1399.0,12,383.0,0,0,0,0.0,17,,,4.3522727272727275,12,DK Metcalf,WR,1.0,14.0,ACT,101,6,16.833333333333332
2021,00-0035640,D.Metcalf,WR,SEA,1,6.0,0,129,75,967.0,12,328.0,0,0,0,0.0,17,,6.0,4.373333333333333,12,DK Metcalf,WR,2.0,14.0,ACT,101,6,16.833333333333332
2022,00-0035640,D.Metcalf,WR,SEA,0,0.0,0,154,100,1184.0,8,261.0,0,0,0,0.0,18,,,2.61,8,DK Metcalf,WR,3.0,14.0,ACT,101,6,16.833333333333332
2023,00-0035640,D.Metcalf,WR,SEA,0,0.0,0,119,66,1114.0,8,367.0,0,0,0,0.0,16,,,5.5606060606060606,8,DK Metcalf,WR,4.0,14.0,ACT,101,6,16.833333333333332
2024,00-0035640,D.Metcalf,WR,SEA,0,0.0,0,108,66,992.0,5,263.0,0,0,0,0.0,15,,,3.984848484848485,5,DK Metcalf,WR,5.0,14.0,ACT,101,6,16.833333333333332
2021,00-0036898,D.Mills,QB,HOU,18,44.0,0,0,0,0.0,0,0.0,16,263,394,2664.0,13,0.6675126903553299,2.4444444444444446,,16,Davis Mills,QB,0.0,10.0,ACT,38,4,9.5
2022,00-0036898,D.Mills,QB,HOU,32,108.0,2,0,0,0.0,0,0.0,17,292,479,3118.0,15,0.6096033402922756,3.375,,19,Davis Mills,QB,1.0,10.0,ACT,38,4,9.5
2023,00-0036898,D.Mills,QB,HOU,5,5.0,0,0,0,0.0,0,0.0,2,19,40,179.0,6,0.475,1.0,,2,Davis Mills,QB,2.0,10.0,ACT,38,4,9.5
2024,00-0036898,D.Mills,QB,HOU,3,11.0,0,0,0,0.0,0,0.0,0,20,36,212.0,4,0.5555555555555556,3.6666666666666665,,0,Davis Mills,QB,3.0,10.0,ACT,38,4,9.5
2021,00-0036671,D.Milne,WR,WAS,1,1.0,0,14,9,83.0,0,39.0,0,0,0,0.0,9,,1.0,4.333333333333333,0,Dax Milne,WR,0.0,15.0,ACT,16,2,8.0
2022,00-0036671,D.Milne,WR,WAS,0,0.0,0,7,6,37.0,1,13.0,0,0,0,0.0,7,,,2.1666666666666665,1,Dax Milne,WR,1.0,15.0,ACT,16,2,8.0
2020,00-0036255,D.Mims,WR,NYJ,0,0.0,0,44,23,357.0,0,106.0,0,0,0,0.0,9,,,4.608695652173913,0,Denzel Mims,WR,0.0,11.0,ACT,28,3,9.333333333333334
2021,00-0036255,D.Mims,WR,NYJ,0,0.0,0,23,8,133.0,0,49.0,0,0,0,0.0,10,,,6.125,0,Denzel Mims,WR,1.0,11.0,ACT,28,3,9.333333333333334
2022,00-0036255,D.Mims,WR,NYJ,0,0.0,0,25,11,186.0,0,75.0,0,0,0,0.0,9,,,6.818181818181818,0,Denzel Mims,WR,2.0,11.0,ACT,28,3,9.333333333333334
2018,00-0031339,D.Moncrief,WR,JAX,0,0.0,0,89,48,668.0,3,236.0,0,0,0,0.0,16,,,4.916666666666667,3,Donte Moncrief,WR,4.0,10.0,ACT,22,3,7.333333333333333
2019,00-0031339,D.Moncrief,WR,PIT,0,0.0,0,15,4,18.0,0,3.0,0,0,0,0.0,4,,,0.75,0,,,,,,22,3,7.333333333333333
2020,00-0031339,D.Moncrief,WR,NE,1,4.0,0,2,1,15.0,0,14.0,0,0,0,0.0,2,,4.0,14.0,0,Donte Moncrief,WR,6.0,14.0,ACT,22,3,7.333333333333333
2019,00-0035685,D.Montgomery,RB,CHI,242,889.0,6,35,25,185.0,1,156.0,0,0,0,0.0,16,,3.6735537190082646,6.24,7,David Montgomery,RB,0.0,32.0,ACT,93,6,15.5
2020,00-0035685,D.Montgomery,RB,CHI,259,1101.0,8,69,54,438.0,2,396.0,0,0,0,0.0,16,,4.250965250965251,7.333333333333333,10,David Montgomery,RB,1.0,32.0,ACT,93,6,15.5
2021,00-0035045,D.Montgomery,WR,NYJ,0,0.0,0,6,3,36.0,0,15.0,0,0,0,0.0,1,,,5.0,0,D.J. Montgomery,WR,2.0,14.0,DEV,3,2,1.5
2021,00-0035685,D.Montgomery,RB,CHI,225,849.0,7,51,42,301.0,0,273.0,0,0,1,0.0,13,0.0,3.7733333333333334,6.5,7,David Montgomery,RB,2.0,32.0,ACT,93,6,15.5
2022,00-0035685,D.Montgomery,RB,CHI,201,801.0,5,40,34,316.0,1,283.0,0,0,0,0.0,16,,3.985074626865672,8.323529411764707,6,David Montgomery,RB,3.0,32.0,ACT,93,6,15.5
2023,00-0035045,D.Montgomery,WR,IND,0,0.0,0,8,3,56.0,1,28.0,0,0,0,0.0,2,,,9.333333333333334,1,D.J. Montgomery,WR,4.0,2.0,ACT,3,2,1.5
2023,00-0035685,D.Montgomery,RB,DET,258,1198.0,15,31,22,162.0,0,184.0,0,0,0,0.0,17,,4.6434108527131785,8.363636363636363,15,David Montgomery,RB,4.0,5.0,ACT,93,6,15.5
2024,00-0035685,D.Montgomery,RB,DET,192,803.0,12,38,36,341.0,0,365.0,1,2,2,23.0,15,1.0,4.182291666666667,10.13888888888889,13,David Montgomery,RB,5.0,5.0,ACT,93,6,15.5
2020,00-0036309,D.Mooney,WR,CHI,4,20.0,0,98,61,631.0,4,254.0,0,0,0,0.0,16,,5.0,4.163934426229508,4,Darnell Mooney,WR,0.0,11.0,INA,74,5,14.8
2021,00-0036309,D.Mooney,WR,CHI,6,32.0,1,140,81,1055.0,4,381.0,0,0,0,0.0,17,,5.333333333333333,4.703703703703703,5,Darnell Mooney,WR,1.0,11.0,ACT,74,5,14.8
2022,00-0036309,D.Mooney,WR,CHI,1,2.0,0,61,40,493.0,2,168.0,0,0,0,0.0,11,,2.0,4.2,2,Darnell Mooney,WR,2.0,11.0,RES,74,5,14.8
2023,00-0036309,D.Mooney,WR,CHI,2,5.0,0,61,31,414.0,1,181.0,0,0,0,0.0,14,,2.5,5.838709677419355,1,Darnell Mooney,WR,3.0,11.0,INA,74,5,14.8
2024,00-0036309,D.Mooney,WR,ATL,0,0.0,0,106,64,992.0,5,275.0,0,0,1,0.0,16,0.0,,4.296875,5,Darnell Mooney,WR,4.0,1.0,INA,74,5,14.8
2018,00-0033589,D.Moore,WR,SEA,1,5.0,0,53,26,445.0,5,93.0,0,0,0,0.0,14,,5.0,3.576923076923077,5,David Moore,WR,1.0,83.0,ACT,69,6,11.5
2018,00-0034827,D.Moore,WR,CAR,13,172.0,0,82,55,788.0,2,421.0,0,0,0,0.0,16,,13.23076923076923,7.654545454545454,2,D.J. Moore,WR,0.0,12.0,ACT,114,7,16.285714285714285
2019,00-0033589,D.Moore,WR,SEA,4,31.0,0,38,19,358.0,2,170.0,0,0,0,0.0,15,,7.75,8.947368421052632,2,David Moore,WR,2.0,83.0,ACT,69,6,11.5
2019,00-0034827,D.Moore,WR,CAR,6,40.0,0,135,87,1175.0,4,390.0,0,0,0,0.0,15,,6.666666666666667,4.482758620689655,4,D.J. Moore,WR,1.0,12.0,INA,114,7,16.285714285714285
2020,00-0033589,D.Moore,WR,SEA,9,65.0,0,48,36,418.0,6,174.0,0,0,0,0.0,17,,7.222222222222222,4.833333333333333,6,David Moore,WR,3.0,83.0,ACT,69,6,11.5
2020,00-0034827,D.Moore,WR,CAR,2,22.0,0,118,66,1193.0,4,382.0,0,0,1,0.0,15,0.0,11.0,5.787878787878788,4,D.J. Moore,WR,2.0,12.0,ACT,114,7,16.285714285714285
2021,00-0033589,D.Moore,WR,DEN,0,0.0,0,2,0,0.0,0,0.0,0,0,0,0.0,1,,,,0,,,,,,69,6,11.5
2021,00-0034827,D.Moore,WR,CAR,8,48.0,0,163,93,1157.0,4,422.0,0,0,0,0.0,17,,6.0,4.537634408602151,4,D.J. Moore,WR,3.0,2.0,ACT,114,7,16.285714285714285
2022,00-0034827,D.Moore,WR,CAR,10,53.0,0,118,63,888.0,7,186.0,0,0,0,0.0,17,,5.3,2.9523809523809526,7,D.J. Moore,WR,4.0,2.0,ACT,114,7,16.285714285714285
2023,00-0033589,D.Moore,WR,TB,0,0.0,0,11,8,171.0,2,104.0,0,0,0,0.0,8,,,13.0,2,David Moore,WR,6.0,19.0,ACT,69,6,11.5
2023,00-0034827,D.Moore,WR,CHI,4,21.0,1,136,96,1364.0,8,539.0,0,0,0,0.0,17,,5.25,5.614583333333333,9,D.J. Moore,WR,5.0,2.0,ACT,114,7,16.285714285714285
2024,00-0033589,D.Moore,WR,CAR,1,0.0,0,57,32,351.0,3,60.0,0,0,0,0.0,14,,0.0,1.875,3,David Moore,WR,7.0,83.0,ACT,69,6,11.5
2024,00-0034827,D.Moore,WR,CHI,14,75.0,0,140,98,966.0,6,588.0,0,0,1,0.0,17,0.0,5.357142857142857,6.0,6,DJ Moore,WR,6.0,2.0,ACT,114,7,16.285714285714285
2018,00-0032430,D.Morgan,TE,MIN,0,0.0,0,6,5,36.0,0,27.0,0,0,0,0.0,5,,,5.4,0,David Morgan,TE,2.0,89.0,ACT,5,1,5.0
2018,00-0034565,D.Newsome,RB,LAC,11,49.0,0,2,2,19.0,0,19.0,0,0,0,0.0,3,,4.454545454545454,9.5,0,Detrez Newsome,RB,0.0,38.0,ACT,3,1,3.0
2021,00-0036907,D.Newsome,WR,CHI,0,0.0,0,5,2,23.0,0,15.0,0,0,0,0.0,3,,,7.5,0,Dazz Newsome,WR,0.0,83.0,ACT,3,1,3.0
2018,00-0033885,D.Njoku,TE,CLE,0,0.0,0,88,56,639.0,4,306.0,0,0,0,0.0,15,,,5.464285714285714,4,David Njoku,TE,1.0,85.0,ACT,88,7,12.571428571428571
2019,00-0033885,D.Njoku,TE,CLE,0,0.0,0,10,5,41.0,1,16.0,0,0,0,0.0,3,,,3.2,1,David Njoku,TE,2.0,85.0,ACT,88,7,12.571428571428571
2020,00-0033885,D.Njoku,TE,CLE,0,0.0,0,35,24,279.0,2,127.0,0,0,0,0.0,13,,,5.291666666666667,2,David Njoku,TE,3.0,85.0,ACT,88,7,12.571428571428571
2021,00-0033885,D.Njoku,TE,CLE,1,1.0,0,53,36,475.0,4,247.0,0,0,0,0.0,15,,1.0,6.861111111111111,4,David Njoku,TE,4.0,85.0,ACT,88,7,12.571428571428571
2022,00-0033885,D.Njoku,TE,CLE,2,-8.0,0,80,58,628.0,4,332.0,0,0,0,0.0,14,,-4.0,5.724137931034483,4,David Njoku,TE,5.0,85.0,ACT,88,7,12.571428571428571
2023,00-0033885,D.Njoku,TE,CLE,0,0.0,0,134,88,975.0,6,618.0,0,0,0,0.0,17,,,7.0227272727272725,6,David Njoku,TE,6.0,85.0,ACT,88,7,12.571428571428571
2024,00-0033885,D.Njoku,TE,CLE,0,0.0,0,97,64,505.0,5,251.0,0,0,0,0.0,11,,,3.921875,5,David Njoku,TE,7.0,85.0,RES,88,7,12.571428571428571
2019,00-0033854,D.Ogunbowale,RB,TB,11,17.0,2,46,35,286.0,0,207.0,0,0,0,0.0,16,,1.5454545454545454,5.914285714285715,2,Dare Ogunbowale,RB,2.0,44.0,ACT,68,6,11.333333333333334
2020,00-0033854,D.Ogunbowale,RB,JAX,32,145.0,0,20,10,54.0,0,63.0,0,0,0,0.0,7,,4.53125,6.3,0,Dare Ogunbowale,RB,3.0,33.0,ACT,68,6,11.333333333333334
2021,00-0033854,D.Ogunbowale,RB,JAX,43,137.0,1,21,13,114.0,1,100.0,0,0,0,0.0,10,,3.186046511627907,7.6923076923076925,2,Dare Ogunbowale,RB,4.0,33.0,ACT,68,6,11.333333333333334
2022,00-0033854,D.Ogunbowale,RB,HOU,42,123.0,1,26,20,104.0,0,124.0,0,0,0,0.0,11,,2.9285714285714284,6.2,1,Dare Ogunbowale,RB,5.0,33.0,ACT,68,6,11.333333333333334
2023,00-0033854,D.Ogunbowale,RB,HOU,10,42.0,0,8,3,31.0,0,13.0,0,0,0,0.0,7,,4.2,4.333333333333333,0,Dare Ogunbowale,RB,6.0,33.0,ACT,68,6,11.333333333333334
2024,00-0033854,D.Ogunbowale,RB,HOU,32,126.0,0,29,20,198.0,1,174.0,0,0,0,0.0,17,,3.9375,8.7,1,Dare Ogunbowale,RB,7.0,33.0,ACT,68,6,11.333333333333334
2019,00-0035184,D.Ozigbo,RB,JAX,9,27.0,0,5,3,23.0,0,20.0,0,0,0,0.0,1,,3.0,6.666666666666667,0,Devine Ozigbo,RB,0.0,33.0,ACT,10,5,2.0
2020,00-0035184,D.Ozigbo,RB,JAX,1,1.0,0,9,9,42.0,0,39.0,0,0,0,0.0,4,,1.0,4.333333333333333,0,Devine Ozigbo,RB,1.0,22.0,ACT,10,5,2.0
2021,00-0035184,D.Ozigbo,RB,NO,1,-3.0,0,1,1,7.0,0,3.0,0,0,0,0.0,1,,-3.0,3.0,0,,,,,,10,5,2.0
2022,00-0035184,D.Ozigbo,RB,DEN,3,4.0,0,1,1,3.0,0,7.0,0,0,0,0.0,3,,1.3333333333333333,7.0,0,Devine Ozigbo,RB,3.0,36.0,CUT,10,5,2.0
2023,00-0035184,D.Ozigbo,RB,DET,3,5.0,0,1,1,8.0,0,5.0,0,0,0,0.0,1,,1.6666666666666667,5.0,0,Devine Ozigbo,RB,4.0,33.0,CUT,10,5,2.0
2020,00-0035329,D.Parham,TE,LAC,0,0.0,0,20,10,159.0,3,56.0,0,0,0,0.0,10,,,5.6,3,Donald Parham,TE,1.0,89.0,ACT,42,4,10.5
2021,00-0035329,D.Parham,TE,LAC,0,0.0,0,27,20,190.0,3,138.0,0,0,0,0.0,12,,,6.9,3,Donald Parham,TE,2.0,89.0,RES,42,4,10.5
2022,00-0035329,D.Parham,TE,LAC,0,0.0,0,17,14,153.0,1,44.0,0,0,0,0.0,7,,,3.142857142857143,1,Donald Parham,TE,3.0,89.0,ACT,42,4,10.5
2023,00-0035329,D.Parham,TE,LAC,0,0.0,0,41,27,285.0,4,126.0,0,0,0,0.0,13,,,4.666666666666667,4,Donald Parham,TE,4.0,89.0,ACT,42,4,10.5
2018,00-0031547,D.Parker,WR,MIA,0,0.0,0,47,24,309.0,1,94.0,0,0,0,0.0,11,,,3.9166666666666665,1,DeVante Parker,WR,3.0,11.0,ACT,75,6,12.5
2019,00-0031547,D.Parker,WR,MIA,0,0.0,0,128,72,1202.0,9,263.0,0,0,0,0.0,16,,,3.6527777777777777,9,DeVante Parker,WR,4.0,11.0,ACT,75,6,12.5
2020,00-0031547,D.Parker,WR,MIA,0,0.0,0,103,63,793.0,4,173.0,0,0,0,0.0,14,,,2.746031746031746,4,DeVante Parker,WR,5.0,11.0,ACT,75,6,12.5
2021,00-0031547,D.Parker,WR,MIA,0,0.0,0,73,40,515.0,2,104.0,0,0,0,0.0,9,,,2.6,2,DeVante Parker,WR,6.0,11.0,ACT,75,6,12.5
2022,00-0031547,D.Parker,WR,NE,0,0.0,0,47,31,539.0,3,105.0,0,0,0,0.0,12,,,3.3870967741935485,3,DeVante Parker,WR,7.0,1.0,ACT,75,6,12.5
2023,00-0031547,D.Parker,WR,NE,0,0.0,0,55,33,394.0,0,126.0,0,0,0,0.0,13,,,3.8181818181818183,0,DeVante Parker,WR,8.0,1.0,ACT,75,6,12.5
2021,00-0036228,D.Patmon,WR,IND,0,0.0,0,4,2,21.0,1,3.0,0,0,0,0.0,4,,,1.5,1,Dezmon Patmon,WR,1.0,10.0,INA,5,2,2.5
2022,00-0036228,D.Patmon,WR,IND,0,0.0,0,6,2,24.0,0,7.0,0,0,0,0.0,1,,,3.5,0,,,,,,5,2,2.5
2020,00-0036233,D.Peoples-Jones,WR,CLE,0,0.0,0,23,16,335.0,2,79.0,0,0,0,0.0,9,,,4.9375,2,Donovan Peoples-Jones,WR,0.0,11.0,ACT,63,4,15.75
2021,00-0036233,D.Peoples-Jones,WR,CLE,0,0.0,0,58,34,597.0,3,146.0,0,0,0,0.0,13,,,4.294117647058823,3,Donovan Peoples-Jones,WR,1.0,11.0,ACT,63,4,15.75
2022,00-0036233,D.Peoples-Jones,WR,CLE,1,2.0,0,96,61,839.0,3,191.0,0,0,0,0.0,17,,2.0,3.1311475409836067,3,Donovan Peoples-Jones,WR,2.0,11.0,ACT,63,4,15.75
2023,00-0036233,D.Peoples-Jones,WR,CLE,0,0.0,0,18,8,97.0,0,22.0,0,0,0,0.0,12,,,2.75,0,,,,,,63,4,15.75
2023,00-0036233,D.Peoples-Jones,WR,DET,0,0.0,0,7,5,58.0,0,13.0,0,0,0,0.0,12,,,2.6,0,Donovan Peoples-Jones,WR,3.0,19.0,ACT,63,4,15.75
2018,00-0034860,D.Pettis,WR,SF,1,-2.0,0,45,27,467.0,5,205.0,0,0,0,0.0,9,,-2.0,7.592592592592593,5,Dante Pettis,WR,0.0,18.0,RES,48,6,8.0
2019,00-0034860,D.Pettis,WR,SF,0,0.0,0,24,11,109.0,2,23.0,0,1,1,16.0,9,1.0,,2.090909090909091,2,Dante Pettis,WR,1.0,18.0,INA,48,6,8.0
2020,00-0034860,D.Pettis,WR,NYG,0,0.0,0,5,4,76.0,1,6.0,0,0,0,0.0,3,,,1.5,1,Dante Pettis,WR,2.0,13.0,ACT,48,6,8.0
2020,00-0034860,D.Pettis,WR,SF,0,0.0,0,1,0,0.0,0,0.0,0,0,0,0.0,3,,,,0,,,,,,48,6,8.0
2021,00-0034860,D.Pettis,WR,NYG,0,0.0,0,16,10,87.0,1,38.0,0,1,1,16.0,2,1.0,,3.8,1,Dante Pettis,WR,3.0,13.0,RES,48,6,8.0
2022,00-0034860,D.Pettis,WR,CHI,2,37.0,0,41,19,245.0,3,63.0,0,0,0,0.0,14,,18.5,3.3157894736842106,3,Dante Pettis,WR,4.0,18.0,ACT,48,6,8.0
2024,00-0034860,D.Pettis,WR,NO,0,0.0,0,28,12,120.0,1,36.0,0,0,0,0.0,8,,,3.0,1,Dante Pettis,WR,6.0,17.0,ACT,48,6,8.0
2022,00-0037258,D.Pierce,RB,HOU,220,939.0,4,39,30,165.0,1,197.0,0,0,0,0.0,13,,4.2681818181818185,6.566666666666666,5,Dameon Pierce,RB,0.0,31.0,RES,38,3,12.666666666666666
2023,00-0037258,D.Pierce,RB,HOU,148,416.0,2,17,13,101.0,0,95.0,0,0,0,0.0,14,,2.810810810810811,7.3076923076923075,2,Dameon Pierce,RB,1.0,31.0,ACT,38,3,12.666666666666666
2024,00-0037258,D.Pierce,RB,HOU,46,318.0,2,5,2,2.0,0,5.0,0,0,0,0.0,11,,6.913043478260869,2.5,2,Dameon Pierce,RB,2.0,31.0,ACT,38,3,12.666666666666666
2018,00-0033077,D.Prescott,QB,DAL,83,337.0,8,1,0,0.0,0,0.0,24,398,591,4377.0,18,0.6734348561759729,4.0602409638554215,,32,Dak Prescott,QB,2.0,4.0,ACT,96,7,13.714285714285714
2019,00-0033077,D.Prescott,QB,DAL,52,277.0,3,0,0,0.0,0,0.0,30,388,596,4902.0,16,0.6510067114093959,5.326923076923077,,33,Dak Prescott,QB,3.0,4.0,ACT,96,7,13.714285714285714
2020,00-0033077,D.Prescott,QB,DAL,18,93.0,3,1,1,11.0,1,1.0,9,151,222,1856.0,5,0.6801801801801802,5.166666666666667,1.0,13,Dak Prescott,QB,4.0,4.0,RES,96,7,13.714285714285714
2021,00-0033077,D.Prescott,QB,DAL,52,173.0,2,0,0,0.0,0,0.0,38,433,639,4703.0,17,0.6776212832550861,3.326923076923077,,40,Dak Prescott,QB,5.0,4.0,ACT,96,7,13.714285714285714
2022,00-0033077,D.Prescott,QB,DAL,56,228.0,2,0,0,0.0,0,0.0,28,309,464,3371.0,14,0.665948275862069,4.071428571428571,,30,Dak Prescott,QB,6.0,4.0,ACT,96,7,13.714285714285714
2023,00-0033077,D.Prescott,QB,DAL,61,287.0,2,0,0,0.0,0,0.0,39,451,650,4919.0,18,0.6938461538461539,4.704918032786885,,41,Dak Prescott,QB,7.0,4.0,ACT,96,7,13.714285714285714
2024,00-0033077,D.Prescott,QB,DAL,13,54.0,1,0,0,0.0,0,0.0,11,185,286,1978.0,8,0.6468531468531469,4.153846153846154,,12,Dak Prescott,QB,8.0,4.0,RES,96,7,13.714285714285714
2018,00-0034273,D.Ratley,WR,CLE,0,0.0,0,20,13,144.0,0,51.0,0,0,0,0.0,5,,,3.923076923076923,0,Damion Ratley,WR,0.0,18.0,ACT,19,3,6.333333333333333
2019,00-0034273,D.Ratley,WR,CLE,0,0.0,0,24,12,200.0,1,47.0,0,0,0,0.0,9,,,3.9166666666666665,1,Damion Ratley,WR,1.0,18.0,ACT,19,3,6.333333333333333
2020,00-0034273,D.Ratley,WR,NYG,0,0.0,0,10,4,63.0,0,10.0,0,0,0,0.0,5,,,2.5,0,,,,,,19,3,6.333333333333333
2022,00-0038122,D.Ridder,QB,ATL,16,64.0,0,0,0,0.0,0,0.0,2,73,115,708.0,4,0.6347826086956522,4.0,,2,Desmond Ridder,QB,0.0,4.0,ACT,24,3,8.0
2023,00-0038122,D.Ridder,QB,ATL,53,193.0,5,1,1,-6.0,0,0.0,12,249,388,2836.0,15,0.6417525773195877,3.641509433962264,0.0,17,Desmond Ridder,QB,1.0,9.0,ACT,24,3,8.0
2024,00-0038122,D.Ridder,QB,LV,9,36.0,0,0,0,0.0,0,0.0,2,52,85,458.0,5,0.611764705882353,4.0,,2,Desmond Ridder,QB,2.0,10.0,ACT,24,3,8.0
2018,00-0032775,D.Robinson,WR,KC,0,0.0,0,34,23,315.0,4,116.0,0,0,0,0.0,15,,,5.043478260869565,4,Demarcus Robinson,WR,2.0,11.0,ACT,111,7,15.857142857142858
2019,00-0032775,D.Robinson,WR,KC,0,0.0,0,61,35,484.0,4,124.0,0,0,0,0.0,17,,,3.5428571428571427,4,Demarcus Robinson,WR,3.0,11.0,ACT,111,7,15.857142857142858
2020,00-0032775,D.Robinson,WR,KC,0,0.0,0,64,47,491.0,3,177.0,0,0,0,0.0,17,,,3.765957446808511,3,Demarcus Robinson,WR,4.0,11.0,ACT,111,7,15.857142857142858
2021,00-0032775,D.Robinson,WR,KC,0,0.0,0,50,29,340.0,3,90.0,0,0,0,0.0,17,,,3.103448275862069,3,Demarcus Robinson,WR,5.0,11.0,ACT,111,7,15.857142857142858
2022,00-0032775,D.Robinson,WR,BAL,0,0.0,0,78,50,507.0,3,165.0,0,0,0,0.0,17,,,3.3,3,Demarcus Robinson,WR,6.0,10.0,ACT,111,7,15.857142857142858
2023,00-0032775,D.Robinson,WR,LA,1,23.0,0,45,29,415.0,4,91.0,0,0,0,0.0,9,,23.0,3.1379310344827585,4,Demarcus Robinson,WR,7.0,15.0,ACT,111,7,15.857142857142858
2024,00-0032775,D.Robinson,WR,LA,0,0.0,0,73,35,602.0,7,79.0,0,0,0,0.0,19,,,2.257142857142857,7,Demarcus Robinson,WR,8.0,15.0,ACT,111,7,15.857142857142858
2019,00-0035631,D.Sample,TE,CIN,0,0.0,0,6,5,30.0,0,13.0,0,0,0,0.0,4,,,2.6,0,Drew Sample,TE,0.0,89.0,RES,56,6,9.333333333333334
2020,00-0035631,D.Sample,TE,CIN,0,0.0,0,53,40,349.0,1,198.0,0,0,0,0.0,16,,,4.95,1,Drew Sample,TE,1.0,89.0,ACT,56,6,9.333333333333334
2021,00-0035631,D.Sample,TE,CIN,0,0.0,0,17,12,85.0,0,82.0,0,0,0,0.0,9,,,6.833333333333333,0,Drew Sample,TE,2.0,89.0,ACT,56,6,9.333333333333334
2022,00-0035631,D.Sample,TE,CIN,0,0.0,0,2,2,-2.0,0,0.0,0,0,0,0.0,2,,,0.0,0,Drew Sample,TE,3.0,89.0,RES,56,6,9.333333333333334
2023,00-0035631,D.Sample,TE,CIN,0,0.0,0,27,22,163.0,2,173.0,0,0,0,0.0,14,,,7.863636363636363,2,Drew Sample,TE,4.0,89.0,ACT,56,6,9.333333333333334
2024,00-0035631,D.Sample,TE,CIN,1,-4.0,0,22,20,109.0,1,81.0,0,0,0,0.0,11,,-4.0,4.05,1,Drew Sample,TE,5.0,89.0,ACT,56,6,9.333333333333334
2019,00-0035719,D.Samuel,WR,SF,20,261.0,3,99,67,929.0,3,551.0,0,0,0,0.0,18,,13.05,8.223880597014926,6,Deebo Samuel,WR,0.0,19.0,ACT,92,6,15.333333333333334
2020,00-0035719,D.Samuel,WR,SF,8,26.0,0,44,33,391.0,1,398.0,0,0,0,0.0,7,,3.25,12.06060606060606,1,Deebo Samuel,WR,1.0,19.0,INA,92,6,15.333333333333334
2021,00-0035719,D.Samuel,WR,SF,86,502.0,9,135,87,1559.0,7,934.0,1,1,2,24.0,19,0.5,5.837209302325581,10.735632183908047,17,Deebo Samuel,WR,2.0,19.0,ACT,92,6,15.333333333333334
2022,00-0035719,D.Samuel,WR,SF,55,266.0,3,116,69,843.0,3,648.0,0,0,0,0.0,16,,4.836363636363636,9.391304347826088,6,Deebo Samuel,WR,3.0,19.0,ACT,92,6,15.333333333333334
2023,00-0035719,D.Samuel,WR,SF,43,240.0,5,111,73,1038.0,7,641.0,0,0,1,0.0,18,0.0,5.5813953488372094,8.780821917808218,12,Deebo Samuel,WR,4.0,19.0,ACT,92,6,15.333333333333334
2024,00-0035719,D.Samuel,WR,SF,42,136.0,1,81,51,670.0,3,421.0,0,0,0,0.0,14,,3.238095238095238,8.254901960784315,4,Deebo Samuel Sr.,WR,5.0,1.0,INA,92,6,15.333333333333334
2018,00-0034383,D.Schultz,TE,DAL,0,0.0,0,19,13,136.0,0,74.0,0,0,0,0.0,8,,,5.6923076923076925,0,Dalton Schultz,TE,0.0,86.0,ACT,97,7,13.857142857142858
2019,00-0034383,D.Schultz,TE,DAL,0,0.0,0,2,1,6.0,0,1.0,0,0,0,0.0,2,,,1.0,0,Dalton Schultz,TE,1.0,86.0,ACT,97,7,13.857142857142858
2020,00-0034383,D.Schultz,TE,DAL,0,0.0,0,89,63,615.0,4,279.0,0,0,0,0.0,16,,,4.428571428571429,4,Dalton Schultz,TE,2.0,86.0,ACT,97,7,13.857142857142858
2021,00-0034383,D.Schultz,TE,DAL,0,0.0,0,112,85,897.0,8,372.0,0,0,0,0.0,18,,,4.376470588235295,8,Dalton Schultz,TE,3.0,86.0,ACT,97,7,13.857142857142858
2022,00-0034383,D.Schultz,TE,DAL,0,0.0,0,107,69,699.0,8,222.0,0,0,0,0.0,17,,,3.217391304347826,8,Dalton Schultz,TE,4.0,86.0,ACT,97,7,13.857142857142858
2023,00-0034383,D.Schultz,TE,HOU,0,0.0,0,97,65,715.0,6,263.0,0,0,0,0.0,17,,,4.046153846153846,6,Dalton Schultz,TE,5.0,86.0,ACT,97,7,13.857142857142858
2024,00-0034383,D.Schultz,TE,HOU,0,0.0,0,93,59,618.0,2,237.0,0,0,0,0.0,19,,,4.016949152542373,2,Dalton Schultz,TE,6.0,86.0,ACT,97,7,13.857142857142858
2019,00-0034256,D.Scott,WR,NYG,1,5.0,0,3,2,22.0,0,14.0,0,0,0,0.0,2,,5.0,7.0,0,Da'Mari Scott,WR,1.0,18.0,ACT,2,1,2.0
2019,00-0035181,D.Shepherd,WR,GB,0,0.0,0,2,1,1.0,0,3.0,0,0,0,0.0,1,,,3.0,0,Darrius Shepherd,WR,0.0,10.0,DEV,7,2,3.5
2020,00-0035181,D.Shepherd,WR,GB,0,0.0,0,8,5,46.0,0,18.0,0,0,0,0.0,6,,,3.6,0,Darrius Shepherd,WR,1.0,82.0,ACT,7,2,3.5
2021,00-0035359,D.Sills,WR,NYG,0,0.0,0,6,2,17.0,0,2.0,0,0,0,0.0,4,,,1.0,0,David Sills,WR,2.0,84.0,ACT,11,2,5.5
2022,00-0035359,D.Sills,WR,NYG,0,0.0,0,17,11,106.0,0,40.0,0,0,0,0.0,7,,,3.6363636363636362,0,David Sills,WR,3.0,13.0,DEV,11,2,5.5
2018,00-0030422,D.Sims,TE,CHI,0,0.0,0,4,2,9.0,0,9.0,0,0,0,0.0,2,,,4.5,0,Dion Sims,TE,5.0,88.0,RES,2,1,2.0
2019,00-0035250,D.Singletary,RB,BUF,164,833.0,2,48,35,270.0,2,263.0,0,0,0,0.0,13,,5.079268292682927,7.514285714285714,4,Devin Singletary,RB,0.0,26.0,ACT,103,6,17.166666666666668
2020,00-0035250,D.Singletary,RB,BUF,172,750.0,2,59,46,313.0,0,305.0,0,0,0,0.0,19,,4.3604651162790695,6.630434782608695,2,Devin Singletary,RB,1.0,26.0,ACT,103,6,17.166666666666668
2021,00-0035250,D.Singletary,RB,BUF,214,977.0,10,59,47,266.0,1,300.0,0,0,0,0.0,19,,4.565420560747664,6.382978723404255,11,Devin Singletary,RB,2.0,26.0,ACT,103,6,17.166666666666668
2022,00-0035250,D.Singletary,RB,BUF,193,892.0,5,60,43,317.0,1,306.0,0,0,0,0.0,18,,4.6217616580310885,7.116279069767442,6,Devin Singletary,RB,3.0,26.0,ACT,103,6,17.166666666666668
2023,00-0035250,D.Singletary,RB,HOU,238,986.0,5,47,38,245.0,0,265.0,1,1,1,6.0,19,1.0,4.142857142857143,6.973684210526316,6,Devin Singletary,RB,4.0,26.0,ACT,103,6,17.166666666666668
2024,00-0035250,D.Singletary,RB,NYG,113,437.0,4,24,21,119.0,0,178.0,0,0,0,0.0,15,,3.8672566371681416,8.476190476190476,4,Devin Singletary,RB,5.0,26.0,ACT,103,6,17.166666666666668
2019,00-0035535,D.Slayton,WR,NYG,0,0.0,0,84,48,740.0,8,192.0,0,0,0,0.0,14,,,4.0,8,Darius Slayton,WR,0.0,86.0,ACT,91,6,15.166666666666666
2020,00-0035535,D.Slayton,WR,NYG,2,-1.0,0,96,50,751.0,3,159.0,0,0,0,0.0,16,,-0.5,3.18,3,Darius Slayton,WR,1.0,86.0,ACT,91,6,15.166666666666666
2021,00-0035535,D.Slayton,WR,NYG,1,-13.0,0,58,26,339.0,2,65.0,0,0,0,0.0,13,,-13.0,2.5,2,Darius Slayton,WR,2.0,86.0,ACT,91,6,15.166666666666666
2022,00-0035535,D.Slayton,WR,NYG,1,3.0,0,84,51,816.0,2,307.0,0,0,0,0.0,15,,3.0,6.019607843137255,2,Darius Slayton,WR,3.0,86.0,ACT,91,6,15.166666666666666
2023,00-0035535,D.Slayton,WR,NYG,0,0.0,0,79,50,770.0,4,298.0,0,0,0,0.0,17,,,5.96,4,Darius Slayton,WR,4.0,86.0,ACT,91,6,15.166666666666666
2024,00-0035535,D.Slayton,WR,NYG,2,17.0,0,71,39,573.0,2,124.0,0,0,0,0.0,16,,8.5,3.1794871794871793,2,Darius Slayton,WR,5.0,86.0,ACT,91,6,15.166666666666666
2019,00-0031934,D.Smith,WR,DAL,0,0.0,0,9,5,113.0,1,32.0,0,0,0,0.0,3,,,6.4,1,Devin Smith,WR,4.0,15.0,INA,4,2,2.0
2021,00-0031934,D.Smith,WR,JAX,0,0.0,0,1,0,0.0,0,0.0,0,0,0,0.0,1,,,,0,,,,,,4,2,2.0
2021,00-0036912,D.Smith,WR,PHI,0,0.0,0,115,68,976.0,5,258.0,0,0,0,0.0,18,,,3.7941176470588234,5,DeVonta Smith,WR,0.0,6.0,ACT,72,4,18.0
2022,00-0036912,D.Smith,WR,PHI,0,0.0,0,158,110,1393.0,8,545.0,0,0,0,0.0,20,,,4.954545454545454,8,DeVonta Smith,WR,1.0,6.0,ACT,72,4,18.0
2023,00-0036912,D.Smith,WR,PHI,0,0.0,0,124,89,1214.0,7,337.0,0,0,0,0.0,17,,,3.7865168539325844,7,DeVonta Smith,WR,2.0,6.0,ACT,72,4,18.0
2024,00-0036912,D.Smith,WR,PHI,1,1.0,0,106,84,1023.0,9,364.0,0,0,0,0.0,17,,1.0,4.333333333333333,9,DeVonta Smith,WR,3.0,6.0,ACT,72,4,18.0
2018,00-0034798,D.Smythe,TE,MIA,0,0.0,0,11,6,50.0,0,7.0,0,0,0,0.0,6,,,1.1666666666666667,0,Durham Smythe,TE,0.0,81.0,ACT,82,7,11.714285714285714
2019,00-0034798,D.Smythe,TE,MIA,0,0.0,0,14,7,65.0,0,10.0,0,0,0,0.0,8,,,1.4285714285714286,0,Durham Smythe,TE,1.0,81.0,ACT,82,7,11.714285714285714
2020,00-0034798,D.Smythe,TE,MIA,0,0.0,0,29,26,208.0,2,122.0,0,0,0,0.0,13,,,4.6923076923076925,2,Durham Smythe,TE,2.0,81.0,ACT,82,7,11.714285714285714
2021,00-0034798,D.Smythe,TE,MIA,2,3.0,0,41,34,357.0,0,160.0,0,0,0,0.0,15,,1.5,4.705882352941177,0,Durham Smythe,TE,3.0,81.0,ACT,82,7,11.714285714285714
2022,00-0034798,D.Smythe,TE,MIA,2,1.0,1,21,16,149.0,1,55.0,0,0,0,0.0,13,,0.5,3.4375,2,Durham Smythe,TE,4.0,81.0,ACT,82,7,11.714285714285714
2023,00-0034798,D.Smythe,TE,MIA,0,0.0,0,47,38,378.0,0,142.0,0,0,0,0.0,14,,,3.736842105263158,0,Durham Smythe,TE,5.0,81.0,ACT,82,7,11.714285714285714
2024,00-0034798,D.Smythe,TE,MIA,0,0.0,0,17,9,53.0,0,16.0,0,0,0,0.0,13,,,1.7777777777777777,0,Durham Smythe,TE,6.0,81.0,ACT,82,7,11.714285714285714
2019,00-0031319,D.Spencer,WR,DEN,3,6.0,0,8,6,31.0,0,33.0,0,0,0,0.0,7,,2.0,5.5,0,Diontae Spencer,WR,5.0,11.0,ACT,16,3,5.333333333333333
2020,00-0031319,D.Spencer,WR,DEN,3,19.0,0,6,3,26.0,0,12.0,0,0,0,0.0,5,,6.333333333333333,4.0,0,Diontae Spencer,WR,6.0,11.0,ACT,16,3,5.333333333333333
2021,00-0031319,D.Spencer,WR,DEN,0,0.0,0,4,1,-3.0,0,0.0,0,0,0,0.0,4,,,0.0,0,Diontae Spencer,WR,7.0,11.0,INA,16,3,5.333333333333333
2018,00-0023564,D.Sproles,RB,PHI,45,145.0,1,30,20,195.0,2,175.0,0,0,0,0.0,8,,3.2222222222222223,8.75,3,Darren Sproles,RB,13.0,43.0,ACT,14,2,7.0
2019,00-0023564,D.Sproles,RB,PHI,17,66.0,0,10,6,24.0,0,25.0,0,0,0,0.0,6,,3.8823529411764706,4.166666666666667,0,Darren Sproles,RB,14.0,43.0,RES,14,2,7.0
2020,00-0036275,D.Swift,RB,DET,114,521.0,8,57,46,357.0,2,351.0,0,0,0,0.0,13,,4.5701754385964914,7.630434782608695,10,D'Andre Swift,RB,0.0,32.0,ACT,74,5,14.8
2021,00-0036275,D.Swift,RB,DET,151,617.0,5,78,62,452.0,2,502.0,0,0,1,0.0,13,0.0,4.086092715231788,8.096774193548388,7,D'Andre Swift,RB,1.0,32.0,ACT,74,5,14.8
2022,00-0036275,D.Swift,RB,DET,99,542.0,5,70,48,389.0,3,454.0,0,0,0,0.0,14,,5.474747474747475,9.458333333333334,8,D'Andre Swift,RB,2.0,32.0,ACT,74,5,14.8
2023,00-0036275,D.Swift,RB,PHI,239,1083.0,5,53,43,246.0,1,293.0,0,0,0,0.0,17,,4.531380753138075,6.813953488372093,6,D'Andre Swift,RB,3.0,0.0,ACT,74,5,14.8
2024,00-0036275,D.Swift,RB,CHI,253,959.0,6,52,42,386.0,0,405.0,0,0,0,0.0,17,,3.7905138339920947,9.642857142857142,6,D'Andre Swift,RB,4.0,4.0,ACT,74,5,14.8
2018,00-0027874,D.Thomas,WR,DEN,0,0.0,0,56,36,402.0,3,132.0,0,0,0,0.0,15,,,3.6666666666666665,3,,,,,,41,2,20.5
2018,00-0027874,D.Thomas,WR,HOU,0,0.0,0,33,23,275.0,2,145.0,0,0,0,0.0,15,,,6.304347826086956,2,Demaryius Thomas,WR,8.0,87.0,RES,41,2,20.5
2018,00-0031060,D.Thomas,WR,KC,1,6.0,0,5,3,29.0,1,30.0,0,0,0,0.0,3,,6.0,10.0,1,De'Anthony Thomas,WR,4.0,13.0,RES,9,2,4.5
2019,00-0027874,D.Thomas,WR,NYJ,0,0.0,0,58,36,433.0,1,170.0,0,0,0,0.0,11,,,4.722222222222222,1,Demaryius Thomas,WR,9.0,18.0,INA,41,2,20.5
2019,00-0031060,D.Thomas,WR,BAL,1,1.0,0,0,0,0.0,0,0.0,0,0,0,0.0,3,,1.0,,0,De'Anthony Thomas,WR,5.0,16.0,ACT,9,2,4.5
2019,00-0031060,D.Thomas,WR,KC,1,4.0,0,2,1,6.0,0,3.0,0,0,0,0.0,3,,4.0,3.0,0,,,,,,9,2,4.5
2022,00-0037487,D.Thompkins,WR,TB,2,26.0,0,10,5,32.0,0,32.0,0,0,0,0.0,2,,13.0,6.4,0,Deven Thompkins,WR,0.0,83.0,ACT,20,3,6.666666666666667
2023,00-0037487,D.Thompkins,WR,TB,9,66.0,0,27,18,87.0,1,82.0,0,0,0,0.0,14,,7.333333333333333,4.555555555555555,1,Deven Thompkins,WR,1.0,83.0,ACT,20,3,6.666666666666667
2024,00-0037487,D.Thompkins,WR,CAR,2,7.0,0,4,4,20.0,0,28.0,0,0,0,0.0,4,,3.5,7.0,0,Deven Thompkins,WR,2.0,13.0,INA,20,3,6.666666666666667
2018,00-0029388,D.Thompson,WR,BUF,0,0.0,0,10,3,37.0,0,4.0,0,0,0,0.0,12,,,1.3333333333333333,0,Deonte Thompson,WR,6.0,10.0,ACT,24,1,24.0
2018,00-0029388,D.Thompson,WR,DAL,0,0.0,0,20,14,124.0,0,34.0,0,0,0,0.0,12,,,2.4285714285714284,0,,,,,,24,1,24.0
2019,00-0035148,D.Thompson,RB,KC,39,135.0,1,12,9,43.0,0,62.0,0,0,0,0.0,12,,3.4615384615384617,6.888888888888889,1,Darwin Thompson,RB,0.0,34.0,ACT,17,2,8.5
2020,00-0035148,D.Thompson,RB,KC,27,97.0,1,11,7,65.0,1,88.0,0,0,0,0.0,5,,3.5925925925925926,12.571428571428571,2,Darwin Thompson,RB,1.0,34.0,INA,17,2,8.5
2023,00-0038583,D.Thompson-Robinson,QB,CLE,14,65.0,0,0,0,0.0,0,0.0,1,60,112,440.0,7,0.5357142857142857,4.642857142857143,,1,Dorian Thompson-Robinson,QB,0.0,17.0,RES,13,2,6.5
2024,00-0038583,D.Thompson-Robinson,QB,CLE,21,122.0,0,0,0,0.0,0,0.0,0,61,118,440.0,6,0.5169491525423728,5.809523809523809,,0,Dorian Thompson-Robinson,QB,1.0,17.0,ACT,13,2,6.5
2018,00-0034201,D.Turner,RB,BAL,1,4.0,0,2,2,17.0,0,14.0,0,0,0,0.0,2,,4.0,7.0,0,De'Lance Turner,RB,0.0,47.0,RES,3,2,1.5
2019,00-0034201,D.Turner,RB,MIA,4,6.0,0,0,0,0.0,0,0.0,0,0,0,0.0,1,,1.5,,0,De'Lance Turner,RB,1.0,34.0,ACT,3,2,1.5
2022,00-0036527,D.Turner,WR,LV,4,26.0,0,1,0,0.0,0,0.0,0,0,0,0.0,2,,6.5,,0,D.J. Turner,WR,1.0,19.0,DEV,12,2,6.0
2024,00-0036527,D.Turner,WR,LV,5,33.0,1,29,16,158.0,1,83.0,0,0,0,0.0,10,,6.6,5.1875,2,DJ Turner,WR,3.0,19.0,RES,12,2,6.0
2023,00-0038622,D.Vaughn,RB,DAL,23,40.0,0,7,7,40.0,0,46.0,0,0,0,0.0,6,,1.7391304347826086,6.571428571428571,0,Deuce Vaughn,RB,0.0,42.0,RES,11,2,5.5
2024,00-0038622,D.Vaughn,RB,DAL,17,70.0,0,5,3,18.0,0,13.0,0,0,0,0.0,5,,4.117647058823529,4.333333333333333,0,Deuce Vaughn,RB,1.0,42.0,ACT,11,2,5.5
2024,00-0039424,D.Vele,WR,DEN,0,0.0,0,57,41,475.0,3,127.0,0,0,0,0.0,14,,,3.097560975609756,3,Devaughn Vele,WR,0.0,17.0,ACT,14,1,14.0
2024,00-0039792,D.Walker,WR,BAL,0,0.0,0,3,1,21.0,1,0.0,0,0,0,0.0,2,,,0.0,1,Devontez Walker,WR,0.0,81.0,ACT,2,1,2.0
2018,00-0031610,D.Waller,TE,LV,1,21.0,0,6,6,75.0,0,56.0,0,0,0,0.0,3,,21.0,9.333333333333334,0,,,,,,67,6,11.166666666666666
2019,00-0031610,D.Waller,TE,LV,2,5.0,0,117,90,1145.0,3,578.0,0,0,0,0.0,16,,2.5,6.4222222222222225,3,,,,,,67,6,11.166666666666666
2020,00-0031610,D.Waller,TE,LV,0,0.0,0,145,107,1196.0,9,572.0,0,0,0,0.0,16,,,5.345794392523365,9,Darren Waller,TE,5.0,83.0,ACT,67,6,11.166666666666666
2021,00-0031610,D.Waller,TE,LV,0,0.0,0,105,62,741.0,2,258.0,0,0,0,0.0,12,,,4.161290322580645,2,Darren Waller,TE,6.0,83.0,ACT,67,6,11.166666666666666
2022,00-0031610,D.Waller,TE,LV,0,0.0,0,43,28,388.0,3,80.0,0,0,0,0.0,8,,,2.857142857142857,3,Darren Waller,TE,7.0,83.0,ACT,67,6,11.166666666666666
2023,00-0031610,D.Waller,TE,NYG,0,0.0,0,74,52,552.0,1,211.0,0,0,0,0.0,12,,,4.0576923076923075,1,Darren Waller,TE,8.0,12.0,ACT,67,6,11.166666666666666
2018,00-0032450,D.Washington,RB,NO,27,154.0,0,0,0,0.0,0,0.0,0,0,0,0.0,4,,5.703703703703703,,0,Dwayne Washington,RB,2.0,27.0,ACT,17,5,3.4
2018,00-0032940,D.Washington,RB,LV,30,115.0,0,1,1,9.0,0,7.0,0,0,0,0.0,8,,3.8333333333333335,7.0,0,,,,,,32,3,10.666666666666666
2019,00-0032450,D.Washington,RB,NO,8,60.0,0,1,1,6.0,0,11.0,0,0,0,0.0,4,,7.5,11.0,0,Dwayne Washington,RB,3.0,27.0,ACT,17,5,3.4
2019,00-0032940,D.Washington,RB,LV,108,387.0,3,41,36,292.0,0,246.0,0,0,0,0.0,16,,3.5833333333333335,6.833333333333333,3,,,,,,32,3,10.666666666666666
2020,00-0032450,D.Washington,RB,NO,9,17.0,0,0,0,0.0,0,0.0,0,0,0,0.0,3,,1.8888888888888888,,0,Dwayne Washington,RB,4.0,24.0,ACT,17,5,3.4
2020,00-0032940,D.Washington,RB,KC,3,5.0,0,1,1,2.0,0,1.0,0,0,0,0.0,4,,1.6666666666666667,1.0,0,,,,,,32,3,10.666666666666666
2020,00-0032940,D.Washington,RB,MIA,28,86.0,0,9,4,28.0,0,22.0,0,0,0,0.0,4,,3.0714285714285716,5.5,0,DeAndre Washington,RB,4.0,31.0,INA,32,3,10.666666666666666
2021,00-0032450,D.Washington,RB,NO,4,16.0,0,2,2,12.0,0,10.0,0,0,0,0.0,3,,4.0,5.0,0,Dwayne Washington,RB,5.0,24.0,ACT,17,5,3.4
2022,00-0032450,D.Washington,RB,NO,11,38.0,0,1,1,7.0,0,6.0,0,0,0,0.0,3,,3.4545454545454546,6.0,0,Dwayne Washington,RB,6.0,24.0,RES,17,5,3.4
2023,00-0038558,D.Washington,TE,PIT,0,0.0,0,11,7,61.0,0,50.0,0,0,0,0.0,9,,,7.142857142857143,0,Darnell Washington,TE,0.0,80.0,ACT,23,2,11.5
2024,00-0038558,D.Washington,TE,PIT,0,0.0,0,28,20,209.0,1,131.0,0,0,0,0.0,14,,,6.55,1,Darnell Washington,TE,1.0,80.0,ACT,23,2,11.5
2018,00-0033537,D.Watson,QB,HOU,107,627.0,5,0,0,0.0,0,0.0,27,374,554,4400.0,17,0.6750902527075813,5.859813084112149,,32,Deshaun Watson,QB,1.0,4.0,ACT,69,6,11.5
2019,00-0033537,D.Watson,QB,HOU,102,505.0,9,1,1,6.0,1,6.0,29,384,572,4487.0,17,0.6713286713286714,4.950980392156863,6.0,39,Deshaun Watson,QB,2.0,4.0,ACT,69,6,11.5
2020,00-0033537,D.Watson,QB,HOU,90,444.0,3,0,0,0.0,0,0.0,33,382,544,4823.0,16,0.7022058823529411,4.933333333333334,,36,Deshaun Watson,QB,3.0,4.0,ACT,69,6,11.5
2022,00-0033537,D.Watson,QB,CLE,36,175.0,1,0,0,0.0,0,0.0,7,99,170,1102.0,6,0.5823529411764706,4.861111111111111,,8,Deshaun Watson,QB,5.0,4.0,ACT,69,6,11.5
2023,00-0033537,D.Watson,QB,CLE,26,142.0,1,0,0,0.0,0,0.0,7,105,171,1115.0,6,0.6140350877192983,5.461538461538462,,8,Deshaun Watson,QB,6.0,4.0,RES,69,6,11.5
2024,00-0033537,D.Watson,QB,CLE,31,148.0,1,0,0,0.0,0,0.0,5,137,216,1148.0,7,0.6342592592592593,4.774193548387097,,6,Deshaun Watson,QB,7.0,4.0,RES,69,6,11.5
2021,00-0033550,D.Webb,QB,BUF,2,-3.0,0,0,0,0.0,0,0.0,0,0,0,0.0,1,,-1.5,,0,Davis Webb,QB,4.0,7.0,DEV,2,2,1.0
2022,00-0033550,D.Webb,QB,NYG,6,41.0,1,0,0,0.0,0,0.0,1,23,40,168.0,1,0.575,6.833333333333333,,2,Davis Webb,QB,5.0,12.0,DEV,2,2,1.0
2023,00-0034575,D.Wells,TE,TB,0,0.0,0,2,2,-10.0,0,-10.0,0,0,0,0.0,1,,,-5.0,0,David Wells,TE,5.0,89.0,DEV,1,1,1.0
2018,00-0033839,D.Westbrook,WR,JAX,9,98.0,0,101,66,717.0,5,362.0,0,0,1,0.0,16,0.0,10.88888888888889,5.484848484848484,5,Dede Westbrook,WR,1.0,12.0,ACT,40,4,10.0
2019,00-0033839,D.Westbrook,WR,JAX,5,27.0,0,101,66,660.0,3,311.0,0,0,0,0.0,15,,5.4,4.712121212121212,3,Dede Westbrook,WR,2.0,12.0,ACT,40,4,10.0
2020,00-0033839,D.Westbrook,WR,JAX,0,0.0,0,1,1,4.0,0,0.0,0,0,0,0.0,1,,,0.0,0,Dede Westbrook,WR,3.0,12.0,RES,40,4,10.0
2021,00-0033839,D.Westbrook,WR,MIN,0,0.0,0,15,10,68.0,0,17.0,0,0,0,0.0,8,,,1.7,0,Dede Westbrook,WR,4.0,12.0,ACT,40,4,10.0
2019,00-0031511,D.White,WR,CAR,0,0.0,0,9,4,51.0,0,28.0,0,0,0,0.0,3,,,7.0,0,DeAndrew White,WR,4.0,18.0,ACT,3,1,3.0
2023,00-0038393,D.Wicks,WR,GB,1,1.0,0,62,41,606.0,5,211.0,0,1,1,14.0,17,1.0,1.0,5.146341463414634,5,Dontayvion Wicks,WR,0.0,13.0,ACT,35,2,17.5
2024,00-0038393,D.Wicks,WR,GB,0,0.0,0,82,41,454.0,5,141.0,0,0,0,0.0,18,,,3.4390243902439024,5,Dontayvion Wicks,WR,1.0,13.0,ACT,35,2,17.5
2018,00-0030874,D.Williams,RB,KC,85,415.0,6,38,33,251.0,4,312.0,0,0,0,0.0,12,,4.882352941176471,9.454545454545455,10,Damien Williams,RB,4.0,26.0,ACT,40,5,8.0
2018,00-0034301,D.Williams,RB,KC,16,53.0,1,3,3,27.0,1,34.0,0,0,0,0.0,4,,3.3125,11.333333333333334,2,Darrel Williams,RB,0.0,31.0,ACT,52,5,10.4
2019,00-0030874,D.Williams,RB,KC,157,694.0,9,57,41,307.0,4,306.0,0,0,0,0.0,14,,4.420382165605096,7.463414634146342,13,Damien Williams,RB,5.0,26.0,ACT,40,5,8.0
2019,00-0032945,D.Williams,WR,BUF,0,0.0,0,29,16,215.0,1,55.0,0,0,0,0.0,5,,,3.4375,1,Duke Williams,WR,3.0,82.0,ACT,5,1,5.0
2019,00-0034301,D.Williams,RB,KC,41,141.0,3,19,15,167.0,1,179.0,0,0,0,0.0,9,,3.4390243902439024,11.933333333333334,4,Darrel Williams,RB,1.0,31.0,RES,52,5,10.4
2019,00-0034995,D.Williams,RB,GB,5,11.0,0,0,0,0.0,0,0.0,0,0,0,0.0,2,,2.2,,0,Dexter Williams,RB,0.0,22.0,INA,3,2,1.5
2020,00-0034301,D.Williams,RB,KC,67,304.0,2,38,25,151.0,0,209.0,0,0,0,0.0,16,,4.537313432835821,8.36,2,Darrel Williams,RB,2.0,31.0,ACT,52,5,10.4
2020,00-0034995,D.Williams,RB,GB,2,8.0,0,0,0,0.0,0,0.0,0,0,0,0.0,1,,4.0,,0,Dexter Williams,RB,1.0,22.0,CUT,3,2,1.5
2021,00-0030874,D.Williams,RB,CHI,40,164.0,2,23,16,103.0,1,109.0,0,0,0,0.0,10,,4.1,6.8125,3,Damien Williams,RB,7.0,8.0,ACT,40,5,8.0
2021,00-0034301,D.Williams,RB,KC,145,562.0,6,57,47,452.0,2,435.0,0,0,0,0.0,18,,3.8758620689655174,9.25531914893617,8,Darrel Williams,RB,3.0,31.0,ACT,52,5,10.4
2022,00-0030874,D.Williams,RB,ATL,2,2.0,0,0,0,0.0,0,0.0,0,0,0,0.0,1,,1.0,,0,Damien Williams,RB,8.0,6.0,CUT,40,5,8.0
2022,00-0034301,D.Williams,RB,ARI,21,102.0,1,8,4,9.0,0,15.0,0,0,0,0.0,5,,4.857142857142857,3.75,1,Darrel Williams,RB,4.0,24.0,RES,52,5,10.4
2023,00-0030874,D.Williams,RB,ARI,11,43.0,0,2,2,12.0,0,11.0,0,0,0,0.0,3,,3.909090909090909,5.5,0,Damien Williams,RB,9.0,29.0,CUT,40,5,8.0
2018,00-0034258,D.Willies,WR,CLE,0,0.0,0,5,3,61.0,0,32.0,0,0,0,0.0,1,,,10.666666666666666,0,Derrick Willies,WR,0.0,84.0,RES,1,1,1.0
2019,00-0035401,D.Willis,WR,CIN,0,0.0,0,16,9,82.0,0,16.0,0,0,0,0.0,7,,,1.7777777777777777,0,Damion Willis,WR,0.0,15.0,INA,7,1,7.0
2019,00-0034319,D.Yelder,TE,KC,0,0.0,0,5,4,61.0,0,42.0,0,0,0,0.0,4,,,10.5,0,Deon Yelder,TE,1.0,82.0,ACT,11,3,3.6666666666666665
2020,00-0034319,D.Yelder,TE,KC,0,0.0,0,11,7,36.0,0,30.0,0,0,0,0.0,6,,,4.285714285714286,0,Deon Yelder,TE,2.0,82.0,ACT,11,3,3.6666666666666665
2021,00-0034319,D.Yelder,TE,TB,0,0.0,0,1,1,0.0,0,2.0,0,0,0,0.0,1,,,2.0,0,,,,,,11,3,3.6666666666666665
2022,00-0037093,D.Young,WR,SEA,0,0.0,0,3,3,35.0,0,24.0,0,0,0,0.0,2,,,8.0,0,Dareke Young,WR,0.0,83.0,ACT,3,2,1.5
2024,00-0037093,D.Young,WR,SEA,0,0.0,0,1,0,0.0,0,0.0,0,0,0,0.0,1,,,,0,Dareke Young,WR,2.0,83.0,ACT,3,2,1.5
2018,00-0034427,Da.Williams,RB,JAX,8,36.0,0,0,0,0.0,0,0.0,0,0,0,0.0,3,,4.5,,0,David Williams,RB,0.0,33.0,ACT,3,1,3.0
2018,00-0024389,De.Walker,TE,TEN,0,0.0,0,7,4,52.0,0,20.0,0,0,0,0.0,1,,,5.0,0,Delanie Walker,TE,12.0,82.0,RES,7,2,3.5
2019,00-0024389,De.Walker,TE,TEN,0,0.0,0,31,21,215.0,2,66.0,0,0,0,0.0,6,,,3.142857142857143,2,Delanie Walker,TE,13.0,82.0,RES,7,2,3.5
2024,00-0039814,E.All,TE,CIN,0,0.0,0,22,20,158.0,0,87.0,0,0,0,0.0,8,,,4.35,0,Erick All,TE,0.0,83.0,RES,8,1,8.0
2021,00-0036383,E.Benjamin,RB,ARI,38,126.0,1,9,8,68.0,0,79.0,0,0,0,0.0,8,,3.3157894736842106,9.875,1,Eno Benjamin,RB,1.0,26.0,ACT,44,2,22.0
2022,00-0036383,E.Benjamin,RB,ARI,70,299.0,2,33,24,184.0,0,222.0,0,0,0,0.0,12,,4.271428571428571,9.25,2,,,,,,44,2,22.0
2022,00-0036383,E.Benjamin,RB,HOU,3,1.0,0,0,0,0.0,0,0.0,0,0,0,0.0,12,,0.3333333333333333,,0,,,,,,44,2,22.0
2022,00-0036383,E.Benjamin,RB,NO,4,13.0,0,1,1,9.0,0,12.0,0,0,0,0.0,12,,3.25,12.0,0,Eno Benjamin,RB,2.0,31.0,ACT,44,2,22.0
2023,00-0038667,E.Cooks,WR,JAX,0,0.0,0,4,3,38.0,0,8.0,0,0,0,0.0,2,,,2.6666666666666665,0,Elijah Cooks,WR,0.0,14.0,ACT,2,1,2.0
2023,00-0038705,E.Demercado,RB,ARI,58,284.0,2,30,21,119.0,0,109.0,0,0,0,0.0,11,,4.896551724137931,5.190476190476191,2,Emari Demercado,RB,0.0,31.0,ACT,24,2,12.0
2024,00-0038705,E.Demercado,RB,ARI,24,223.0,1,20,16,104.0,0,95.0,0,0,0,0.0,13,,9.291666666666666,5.9375,1,Emari Demercado,RB,1.0,31.0,RES,24,2,12.0
2018,00-0027675,E.Dickson,TE,SEA,1,9.0,0,18,16,185.0,3,99.0,0,0,0,0.0,10,,9.0,6.1875,3,Ed Dickson,TE,8.0,84.0,ACT,10,1,10.0
2023,00-0038862,E.Dotson,RB,LAC,4,6.0,0,2,2,13.0,0,14.0,0,0,0,0.0,1,,1.5,7.0,0,Elijah Dotson,RB,0.0,42.0,DEV,1,1,1.0
2018,00-0031387,E.Ebron,TE,IND,3,-8.0,1,125,74,827.0,14,269.0,0,0,1,0.0,18,0.0,-2.6666666666666665,3.635135135135135,15,Eric Ebron,TE,4.0,85.0,ACT,53,4,13.25
2019,00-0031387,E.Ebron,TE,IND,0,0.0,0,52,31,375.0,3,155.0,0,0,0,0.0,11,,,5.0,3,Eric Ebron,TE,5.0,85.0,RES,53,4,13.25
2020,00-0031387,E.Ebron,TE,PIT,0,0.0,0,102,63,620.0,6,228.0,0,0,0,0.0,16,,,3.619047619047619,6,Eric Ebron,TE,6.0,85.0,ACT,53,4,13.25
2021,00-0031387,E.Ebron,TE,PIT,1,1.0,1,18,12,84.0,1,21.0,0,0,0,0.0,8,,1.0,1.75,2,Eric Ebron,TE,7.0,85.0,RES,53,4,13.25
2018,00-0033045,E.Elliott,RB,DAL,350,1618.0,8,105,83,618.0,3,619.0,0,0,0,0.0,17,,4.622857142857143,7.457831325301205,11,Ezekiel Elliott,RB,2.0,21.0,ACT,115,7,16.428571428571427
2019,00-0033045,E.Elliott,RB,DAL,301,1357.0,12,71,54,420.0,2,395.0,0,0,0,0.0,16,,4.5083056478405314,7.314814814814815,14,Ezekiel Elliott,RB,3.0,21.0,ACT,115,7,16.428571428571427
2020,00-0033045,E.Elliott,RB,DAL,244,979.0,6,71,52,338.0,2,360.0,0,0,0,0.0,15,,4.012295081967213,6.923076923076923,8,Ezekiel Elliott,RB,4.0,21.0,ACT,115,7,16.428571428571427
2021,00-0033045,E.Elliott,RB,DAL,249,1033.0,10,69,48,287.0,2,318.0,0,1,1,4.0,18,1.0,4.14859437751004,6.625,12,Ezekiel Elliott,RB,5.0,21.0,ACT,115,7,16.428571428571427
2022,00-0033045,E.Elliott,RB,DAL,254,929.0,12,29,20,108.0,0,107.0,0,0,0,0.0,17,,3.65748031496063,5.35,12,Ezekiel Elliott,RB,6.0,21.0,ACT,115,7,16.428571428571427
2023,00-0033045,E.Elliott,RB,NE,184,642.0,3,65,51,313.0,2,374.0,0,0,0,0.0,17,,3.489130434782609,7.333333333333333,5,Ezekiel Elliott,RB,7.0,15.0,ACT,115,7,16.428571428571427
2024,00-0033045,E.Elliott,RB,DAL,74,226.0,3,15,12,69.0,0,97.0,0,0,0,0.0,15,,3.054054054054054,8.083333333333334,3,,,,,,115,7,16.428571428571427
2018,00-0033881,E.Engram,TE,NYG,3,36.0,0,64,45,577.0,3,388.0,0,0,0,0.0,11,,12.0,8.622222222222222,3,Evan Engram,TE,1.0,88.0,ACT,95,7,13.571428571428571
2019,00-0033881,E.Engram,TE,NYG,3,7.0,0,68,44,467.0,3,252.0,0,0,0,0.0,8,,2.3333333333333335,5.7272727272727275,3,Evan Engram,TE,2.0,88.0,RES,95,7,13.571428571428571
2020,00-0033881,E.Engram,TE,NYG,6,26.0,1,109,63,654.0,1,287.0,0,0,0,0.0,16,,4.333333333333333,4.555555555555555,2,Evan Engram,TE,3.0,88.0,ACT,95,7,13.571428571428571
2021,00-0033881,E.Engram,TE,NYG,1,-3.0,0,73,46,408.0,3,185.0,0,0,0,0.0,15,,-3.0,4.021739130434782,3,Evan Engram,TE,4.0,88.0,ACT,95,7,13.571428571428571
2022,00-0033881,E.Engram,TE,JAX,2,13.0,0,115,85,890.0,5,553.0,0,0,0,0.0,19,,6.5,6.5058823529411764,5,Evan Engram,TE,5.0,17.0,ACT,95,7,13.571428571428571
2023,00-0033881,E.Engram,TE,JAX,0,0.0,0,143,114,963.0,4,516.0,0,0,0,0.0,17,,,4.526315789473684,4,Evan Engram,TE,6.0,17.0,ACT,95,7,13.571428571428571
2024,00-0033881,E.Engram,TE,JAX,0,0.0,0,64,47,365.0,1,150.0,0,0,0,0.0,9,,,3.1914893617021276,1,Evan Engram,TE,7.0,17.0,RES,95,7,13.571428571428571
2022,00-0038092,E.Ezukanma,WR,MIA,0,0.0,0,1,1,3.0,0,7.0,0,0,0,0.0,1,,,7.0,0,Erik Ezukanma,WR,0.0,18.0,ACT,4,3,1.3333333333333333
2023,00-0038092,E.Ezukanma,WR,MIA,5,22.0,0,1,0,0.0,0,0.0,0,0,0,0.0,2,,4.4,,0,Erik Ezukanma,WR,1.0,18.0,RES,4,3,1.3333333333333333
2024,00-0038092,E.Ezukanma,WR,MIA,0,0.0,0,2,0,0.0,0,0.0,0,0,0,0.0,1,,,,0,Erik Ezukanma,WR,2.0,84.0,INA,4,3,1.3333333333333333
2023,00-0038396,E.Gray,RB,NYG,17,48.0,0,7,6,22.0,0,40.0,0,0,0,0.0,5,,2.823529411764706,6.666666666666667,0,Eric Gray,RB,0.0,20.0,ACT,15,2,7.5
2024,00-0038396,E.Gray,RB,NYG,14,31.0,0,11,10,82.0,0,103.0,0,0,0,0.0,10,,2.2142857142857144,10.3,0,Eric Gray,RB,1.0,20.0,ACT,15,2,7.5
2023,00-0039041,E.Higgins,TE,ARI,0,0.0,0,19,14,163.0,1,67.0,0,0,0,0.0,9,,,4.785714285714286,1,Elijah Higgins,TE,0.0,84.0,ACT,23,2,11.5
2024,00-0039041,E.Higgins,TE,ARI,0,0.0,0,24,20,172.0,2,90.0,0,0,0,0.0,14,,,4.5,2,Elijah Higgins,TE,1.0,84.0,ACT,23,2,11.5
2023,00-0038397,E.Hull,RB,IND,1,1.0,0,1,1,6.0,0,3.0,0,0,0,0.0,1,,1.0,3.0,0,Evan Hull,RB,0.0,26.0,RES,1,1,1.0
2024,00-0038498,E.Jenkins,TE,PHI,0,0.0,0,2,1,7.0,1,3.0,0,0,0,0.0,2,,,3.0,1,E.J. Jenkins,TE,1.0,84.0,ACT,2,1,2.0
2018,00-0022803,E.Manning,QB,NYG,15,20.0,1,0,0,0.0,0,0.0,21,380,576,4299.0,16,0.6597222222222222,1.3333333333333333,,22,Eli Manning,QB,14.0,10.0,ACT,20,2,10.0
2019,00-0022803,E.Manning,QB,NYG,4,7.0,0,0,0,0.0,0,0.0,6,91,147,1042.0,4,0.6190476190476191,1.75,,6,Eli Manning,QB,15.0,10.0,ACT,20,2,10.0
2018,00-0033295,E.McGuire,RB,NYJ,92,276.0,3,31,19,193.0,1,169.0,0,0,0,0.0,8,,3.0,8.894736842105264,4,Elijah McGuire,RB,1.0,25.0,ACT,8,1,8.0
2021,00-0036567,E.Mitchell,RB,SF,262,1132.0,6,29,26,194.0,1,208.0,0,0,0,0.0,14,,4.320610687022901,8.0,7,Elijah Mitchell,RB,0.0,25.0,ACT,34,3,11.333333333333334
2022,00-0036567,E.Mitchell,RB,SF,68,332.0,2,7,5,32.0,1,38.0,0,0,0,0.0,7,,4.882352941176471,7.6,3,Elijah Mitchell,RB,1.0,25.0,INA,34,3,11.333333333333334
2023,00-0036567,E.Mitchell,RB,SF,81,296.0,3,8,6,14.0,0,26.0,0,0,0,0.0,13,,3.654320987654321,4.333333333333333,3,Elijah Mitchell,RB,2.0,25.0,ACT,34,3,11.333333333333334
2021,00-0036980,E.Moore,WR,NYJ,5,54.0,1,77,43,538.0,5,207.0,0,0,0,0.0,11,,10.8,4.813953488372093,6,Elijah Moore,WR,0.0,8.0,RES,59,4,14.75
2022,00-0036980,E.Moore,WR,NYJ,5,5.0,0,65,37,446.0,1,93.0,0,0,0,0.0,14,,1.0,2.5135135135135136,1,Elijah Moore,WR,1.0,8.0,ACT,59,4,14.75
2023,00-0036980,E.Moore,WR,CLE,9,11.0,0,106,61,652.0,2,200.0,0,0,0,0.0,17,,1.2222222222222223,3.278688524590164,2,Elijah Moore,WR,2.0,8.0,ACT,59,4,14.75
2024,00-0036980,E.Moore,WR,CLE,1,1.0,0,102,61,538.0,1,133.0,0,0,0,0.0,17,,1.0,2.180327868852459,1,Elijah Moore,WR,3.0,8.0,ACT,59,4,14.75
2018,00-0032813,E.Penny,RB,NYG,7,25.0,0,9,8,50.0,0,51.0,0,0,0,0.0,9,,3.5714285714285716,6.375,0,Elijhaa Penny,RB,2.0,39.0,ACT,34,4,8.5
2019,00-0032813,E.Penny,RB,NYG,15,39.0,0,4,2,9.0,0,22.0,0,0,0,0.0,8,,2.6,11.0,0,Elijhaa Penny,RB,3.0,39.0,ACT,34,4,8.5
2020,00-0032813,E.Penny,RB,NYG,6,15.0,0,3,2,20.0,0,16.0,0,0,0,0.0,6,,2.5,8.0,0,Elijhaa Penny,FB,4.0,39.0,RES,34,4,8.5
2021,00-0032813,E.Penny,RB,NYG,24,99.0,1,13,9,30.0,1,36.0,0,0,0,0.0,11,,4.125,4.0,2,Elijhaa Penny,RB,5.0,39.0,ACT,34,4,8.5
2018,00-0031782,E.Rogers,WR,PIT,1,-4.0,0,14,12,79.0,0,40.0,0,0,0,0.0,3,,-4.0,3.3333333333333335,0,Eli Rogers,WR,3.0,17.0,ACT,3,1,3.0
2018,00-0027685,E.Sanders,WR,DEN,4,53.0,1,98,71,868.0,4,297.0,1,1,1,28.0,12,1.0,13.25,4.183098591549296,6,Emmanuel Sanders,WR,8.0,10.0,RES,84,4,21.0
2019,00-0027685,E.Sanders,WR,DEN,0,0.0,0,44,30,367.0,2,118.0,0,0,0,0.0,20,,,3.933333333333333,2,,,,,,84,4,21.0
2019,00-0027685,E.Sanders,WR,SF,0,0.0,0,61,41,573.0,3,125.0,1,1,1,35.0,20,1.0,,3.048780487804878,4,Emmanuel Sanders,WR,9.0,17.0,ACT,84,4,21.0
2020,00-0027685,E.Sanders,WR,NO,1,12.0,0,94,69,777.0,5,191.0,0,0,0,0.0,16,,12.0,2.7681159420289854,5,Emmanuel Sanders,WR,10.0,17.0,ACT,84,4,21.0
2021,00-0027685,E.Sanders,WR,BUF,2,31.0,0,76,45,678.0,5,85.0,0,0,0,0.0,16,,15.5,1.8888888888888888,5,Emmanuel Sanders,WR,11.0,1.0,ACT,84,4,21.0
2018,00-0033576,E.Saubert,TE,ATL,0,0.0,0,9,5,48.0,0,13.0,0,0,0,0.0,5,,,2.6,0,Eric Saubert,TE,1.0,85.0,ACT,40,7,5.714285714285714
2019,00-0033576,E.Saubert,TE,CHI,0,0.0,0,3,2,21.0,0,18.0,0,0,0,0.0,2,,,9.0,0,Eric Saubert,TE,2.0,43.0,ACT,40,7,5.714285714285714
2020,00-0033576,E.Saubert,TE,JAX,0,0.0,0,4,3,16.0,0,7.0,0,0,0,0.0,4,,,2.3333333333333335,0,Eric Saubert,TE,3.0,85.0,ACT,40,7,5.714285714285714
2021,00-0033576,E.Saubert,TE,DEN,0,0.0,0,12,8,47.0,1,29.0,0,0,0,0.0,7,,,3.625,1,Eric Saubert,TE,4.0,82.0,ACT,40,7,5.714285714285714
2022,00-0033576,E.Saubert,TE,DEN,0,0.0,0,24,15,148.0,1,75.0,0,0,0,0.0,11,,,5.0,1,Eric Saubert,TE,5.0,82.0,ACT,40,7,5.714285714285714
2023,00-0033576,E.Saubert,TE,HOU,0,0.0,0,3,3,12.0,0,6.0,0,0,0,0.0,3,,,2.0,0,Eric Saubert,TE,6.0,81.0,INA,40,7,5.714285714285714
2024,00-0033576,E.Saubert,TE,SF,0,0.0,0,14,11,97.0,1,35.0,0,0,0,0.0,8,,,3.1818181818181817,1,Eric Saubert,TE,7.0,82.0,ACT,40,7,5.714285714285714
2018,00-0034279,E.St. Brown,WR,GB,1,5.0,0,36,21,328.0,0,120.0,0,0,0,0.0,11,,5.0,5.714285714285714,0,Equanimeous St. Brown,WR,0.0,19.0,ACT,52,5,10.4
2020,00-0034279,E.St. Brown,WR,GB,1,7.0,0,16,9,154.0,1,72.0,0,0,0,0.0,10,,7.0,8.0,1,Equanimeous St. Brown,WR,2.0,19.0,ACT,52,5,10.4
2021,00-0034279,E.St. Brown,WR,GB,4,15.0,0,17,9,98.0,0,58.0,0,0,0,0.0,10,,3.75,6.444444444444445,0,Equanimeous St. Brown,WR,3.0,19.0,ACT,52,5,10.4
2022,00-0034279,E.St. Brown,WR,CHI,6,54.0,0,38,21,323.0,1,98.0,0,0,0,0.0,16,,9.0,4.666666666666667,1,Equanimeous St. Brown,WR,4.0,19.0,ACT,52,5,10.4
2023,00-0034279,E.St. Brown,WR,CHI,0,0.0,0,6,5,62.0,0,7.0,0,0,0,0.0,5,,,1.4,0,Equanimeous St. Brown,WR,5.0,19.0,ACT,52,5,10.4
2020,00-0035282,E.Stick,QB,LAC,1,-2.0,0,0,0,0.0,0,0.0,0,1,1,4.0,1,1.0,-2.0,,0,Easton Stick,QB,1.0,2.0,INA,6,2,3.0
2023,00-0035282,E.Stick,QB,LAC,27,144.0,1,0,0,0.0,0,0.0,3,111,174,1129.0,5,0.6379310344827587,5.333333333333333,,4,Easton Stick,QB,4.0,2.0,ACT,6,2,3.0
2018,00-0030854,E.Swoope,TE,IND,0,0.0,0,10,8,87.0,3,17.0,0,0,0,0.0,7,,,2.125,3,Erik Swoope,TE,4.0,86.0,DEV,7,1,7.0
2018,00-0031690,E.Tomlinson,TE,NYJ,0,0.0,0,14,8,72.0,0,89.0,0,0,0,0.0,8,,,11.125,0,Eric Tomlinson,TE,3.0,83.0,RES,23,6,3.8333333333333335
2019,00-0031690,E.Tomlinson,TE,NE,0,0.0,0,1,1,1.0,0,1.0,0,0,0,0.0,1,,,1.0,0,,,,,,23,6,3.8333333333333335
2020,00-0031690,E.Tomlinson,TE,BAL,0,0.0,0,1,0,0.0,0,0.0,0,0,0,0.0,1,,,,0,Eric Tomlinson,TE,5.0,85.0,ACT,23,6,3.8333333333333335
2021,00-0031690,E.Tomlinson,TE,BAL,0,0.0,0,1,1,7.0,0,4.0,0,0,0,0.0,1,,,4.0,0,Eric Tomlinson,TE,6.0,85.0,ACT,23,6,3.8333333333333335
2022,00-0031690,E.Tomlinson,TE,DEN,0,0.0,0,13,9,79.0,2,44.0,0,0,0,0.0,8,,,4.888888888888889,2,Eric Tomlinson,TE,7.0,87.0,ACT,23,6,3.8333333333333335
2024,00-0031690,E.Tomlinson,TE,LAC,0,0.0,0,4,2,9.0,0,12.0,0,0,0,0.0,4,,,6.0,0,Eric Tomlinson,TE,9.0,83.0,DEV,23,6,3.8333333333333335
2023,00-0038797,E.Wilson,RB,GB,26,121.0,0,6,5,34.0,0,46.0,0,0,0,0.0,7,,4.653846153846154,9.2,0,Emanuel Wilson,RB,0.0,31.0,ACT,25,2,12.5
2024,00-0038797,E.Wilson,RB,GB,106,508.0,4,17,12,71.0,1,129.0,0,0,0,0.0,18,,4.7924528301886795,10.75,5,Emanuel Wilson,RB,1.0,31.0,ACT,25,2,12.5
2021,00-0036080,E.Winston,WR,NO,0,0.0,0,1,1,5.0,0,9.0,0,0,0,0.0,1,,,9.0,0,Easop Winston,WR,1.0,18.0,DEV,1,1,1.0
2021,00-0034672,E.Wolf,TE,NO,0,0.0,0,2,2,8.0,0,6.0,0,0,0,0.0,1,,,3.0,0,Ethan Wolf,TE,3.0,86.0,DEV,1,1,1.0
2019,00-0033994,F.Brown,WR,DEN,0,0.0,0,3,2,21.0,0,0.0,0,0,0,0.0,2,,,0.0,0,Fred Brown,WR,2.0,19.0,ACT,2,1,2.0
2021,00-0036951,F.Darby,WR,ATL,0,0.0,0,4,1,14.0,0,11.0,0,0,0,0.0,2,,,11.0,0,Frank Darby,WR,0.0,88.0,INA,3,2,1.5
2022,00-0036951,F.Darby,WR,ATL,0,0.0,0,1,1,15.0,0,1.0,0,0,0,0.0,1,,,1.0,0,Frank Darby,WR,1.0,88.0,ACT,3,2,1.5
2021,00-0036825,F.Franks,TE,ATL,3,6.0,0,0,0,0.0,0,0.0,0,0,1,0.0,3,0.0,2.0,,0,,,,,,8,3,2.6666666666666665
2022,00-0036825,F.Franks,TE,ATL,1,0.0,0,2,0,0.0,0,0.0,0,0,0,0.0,2,,0.0,,0,Feleipe Franks,TE,1.0,15.0,INA,8,3,2.6666666666666665
2024,00-0036825,F.Franks,TE,CAR,0,0.0,0,3,1,12.0,0,0.0,0,0,0,0.0,3,,,0.0,0,Feleipe Franks,TE,3.0,84.0,ACT,8,3,2.6666666666666665
2018,00-0023500,F.Gore,RB,MIA,156,722.0,0,16,12,124.0,1,115.0,0,0,0,0.0,14,,4.628205128205129,9.583333333333334,1,Frank Gore,RB,13.0,21.0,RES,45,3,15.0
2019,00-0023500,F.Gore,RB,BUF,174,621.0,2,17,13,100.0,0,88.0,0,0,0,0.0,16,,3.5689655172413794,6.769230769230769,2,Frank Gore,RB,14.0,20.0,ACT,45,3,15.0
2020,00-0023500,F.Gore,RB,NYJ,187,653.0,2,19,16,89.0,0,73.0,0,0,0,0.0,15,,3.4919786096256686,4.5625,2,Frank Gore,RB,15.0,21.0,RES,45,3,15.0
2018,00-0030737,F.Martino,WR,TB,0,0.0,0,1,0,0.0,0,0.0,0,0,0,0.0,1,,,,0,Freddie Martino,WR,4.0,16.0,CUT,1,1,1.0
2019,00-0034981,F.Moreau,TE,LV,0,0.0,0,25,21,174.0,5,97.0,0,0,0,0.0,11,,,4.619047619047619,5,,,,,,71,6,11.833333333333334
2020,00-0034981,F.Moreau,TE,LV,0,0.0,0,9,7,140.0,2,51.0,0,0,0,0.0,7,,,7.285714285714286,2,Foster Moreau,TE,1.0,87.0,ACT,71,6,11.833333333333334
2021,00-0034981,F.Moreau,TE,LV,0,0.0,0,47,30,373.0,3,189.0,0,0,0,0.0,13,,,6.3,3,Foster Moreau,TE,2.0,87.0,ACT,71,6,11.833333333333334
2022,00-0034981,F.Moreau,TE,LV,0,0.0,0,54,33,420.0,2,237.0,0,0,0,0.0,14,,,7.181818181818182,2,Foster Moreau,TE,3.0,87.0,ACT,71,6,11.833333333333334
2023,00-0034981,F.Moreau,TE,NO,0,0.0,0,25,21,193.0,1,96.0,0,0,0,0.0,11,,,4.571428571428571,1,Foster Moreau,TE,4.0,87.0,ACT,71,6,11.833333333333334
2024,00-0034981,F.Moreau,TE,NO,0,0.0,0,43,32,413.0,5,158.0,0,0,0,0.0,15,,,4.9375,5,Foster Moreau,TE,5.0,87.0,ACT,71,6,11.833333333333334
2020,00-0036247,F.Swain,WR,SEA,0,0.0,0,22,14,187.0,2,101.0,0,0,0,0.0,13,,,7.214285714285714,2,Freddie Swain,WR,0.0,18.0,ACT,32,3,10.666666666666666
2021,00-0036247,F.Swain,WR,SEA,5,32.0,0,40,25,343.0,4,206.0,0,0,0,0.0,16,,6.4,8.24,4,Freddie Swain,WR,1.0,18.0,ACT,32,3,10.666666666666666
2022,00-0036247,F.Swain,WR,DEN,0,0.0,0,6,4,74.0,0,27.0,0,0,0,0.0,3,,,6.75,0,Freddie Swain,WR,2.0,86.0,ACT,32,3,10.666666666666666
2018,00-0032626,G.Allison,WR,GB,0,0.0,0,30,20,303.0,2,106.0,0,0,0,0.0,5,,,5.3,2,Geronimo Allison,WR,2.0,81.0,RES,23,3,7.666666666666667
2019,00-0032626,G.Allison,WR,GB,1,7.0,0,59,37,306.0,2,111.0,0,0,0,0.0,17,,7.0,3.0,2,Geronimo Allison,WR,3.0,81.0,ACT,23,3,7.666666666666667
2021,00-0032626,G.Allison,WR,DET,0,0.0,0,2,0,0.0,0,0.0,0,0,0,0.0,1,,,,0,Geronimo Allison,WR,5.0,13.0,DEV,23,3,7.666666666666667
2018,00-0030456,G.Bernard,RB,CIN,56,211.0,3,48,35,218.0,0,227.0,0,0,0,0.0,12,,3.767857142857143,6.485714285714286,3,Giovani Bernard,HB,5.0,25.0,ACT,58,5,11.6
2019,00-0030456,G.Bernard,RB,CIN,53,170.0,0,43,30,234.0,0,220.0,0,0,0,0.0,16,,3.207547169811321,7.333333333333333,0,Giovani Bernard,HB,6.0,25.0,ACT,58,5,11.6
2020,00-0030456,G.Bernard,RB,CIN,124,416.0,3,59,47,355.0,3,350.0,0,0,0,0.0,16,,3.3548387096774195,7.446808510638298,6,Giovani Bernard,RB,7.0,25.0,ACT,58,5,11.6
2021,00-0030456,G.Bernard,RB,TB,21,102.0,1,37,28,162.0,3,167.0,0,0,0,0.0,12,,4.857142857142857,5.964285714285714,4,Giovani Bernard,RB,8.0,25.0,ACT,58,5,11.6
2022,00-0030456,G.Bernard,RB,TB,8,28.0,0,2,2,-1.0,0,7.0,0,0,0,0.0,2,,3.5,3.5,0,Giovani Bernard,RB,9.0,25.0,ACT,58,5,11.6
2021,00-0036569,G.Brightwell,RB,NYG,1,4.0,0,1,1,6.0,0,5.0,0,0,0,0.0,2,,4.0,5.0,0,Gary Brightwell,RB,0.0,37.0,RES,14,3,4.666666666666667
2022,00-0036569,G.Brightwell,RB,NYG,32,151.0,1,8,5,39.0,0,35.0,0,0,0,0.0,9,,4.71875,7.0,1,Gary Brightwell,RB,1.0,23.0,ACT,14,3,4.666666666666667
2023,00-0036569,G.Brightwell,RB,NYG,9,19.0,0,7,5,47.0,0,53.0,0,0,0,0.0,3,,2.111111111111111,10.6,0,Gary Brightwell,RB,2.0,23.0,RES,14,3,4.666666666666667
2022,00-0037086,G.Calcaterra,TE,PHI,0,0.0,0,9,5,81.0,0,41.0,0,0,0,0.0,5,,,8.2,0,Grant Calcaterra,TE,0.0,81.0,ACT,21,3,7.0
2023,00-0037086,G.Calcaterra,TE,PHI,0,0.0,0,4,4,39.0,0,32.0,0,0,0,0.0,2,,,8.0,0,Grant Calcaterra,TE,1.0,81.0,ACT,21,3,7.0
2024,00-0037086,G.Calcaterra,TE,PHI,0,0.0,0,31,25,302.0,1,126.0,0,0,0,0.0,14,,,5.04,1,Grant Calcaterra,TE,2.0,81.0,ACT,21,3,7.0
2018,00-0028903,G.Celek,TE,SF,0,0.0,0,8,5,90.0,2,43.0,0,0,0,0.0,6,,,8.6,2,Garrett Celek,TE,6.0,88.0,ACT,6,1,6.0
2018,00-0031953,G.Davis,WR,LAC,0,0.0,0,1,0,0.0,0,0.0,0,0,0,0.0,1,,,,0,Geremy Davis,WR,3.0,11.0,ACT,3,2,1.5
2019,00-0031953,G.Davis,WR,LAC,0,0.0,0,3,3,38.0,0,2.0,0,0,0,0.0,2,,,0.6666666666666666,0,Geremy Davis,WR,4.0,11.0,RES,3,2,1.5
2020,00-0036196,G.Davis,WR,BUF,1,0.0,0,73,39,684.0,7,131.0,0,0,0,0.0,19,,0.0,3.358974358974359,7,Gabriel Davis,WR,0.0,13.0,ACT,78,5,15.6
2021,00-0036196,G.Davis,WR,BUF,0,0.0,0,76,45,791.0,11,174.0,0,0,0,0.0,17,,,3.8666666666666667,11,Gabriel Davis,WR,1.0,13.0,ACT,78,5,15.6
2022,00-0036196,G.Davis,WR,BUF,0,0.0,0,106,56,983.0,8,149.0,0,0,0,0.0,17,,,2.6607142857142856,8,Gabe Davis,WR,2.0,13.0,ACT,78,5,15.6
2023,00-0036196,G.Davis,WR,BUF,1,-2.0,0,81,45,746.0,7,180.0,0,0,0,0.0,16,,-2.0,4.0,7,Gabe Davis,WR,3.0,13.0,INA,78,5,15.6
2024,00-0036196,G.Davis,WR,JAX,0,0.0,0,42,20,239.0,2,39.0,0,0,0,0.0,9,,,1.95,2,Gabe Davis,WR,4.0,0.0,RES,78,5,15.6
2018,00-0033474,G.Dieter,WR,KC,0,0.0,0,4,2,33.0,0,19.0,0,0,0,0.0,3,,,9.5,0,Gehrig Dieter,WR,1.0,12.0,ACT,4,2,2.0
2020,00-0033474,G.Dieter,WR,KC,0,0.0,0,2,1,10.0,0,5.0,0,0,0,0.0,1,,,5.0,0,Gehrig Dieter,WR,3.0,12.0,DEV,4,2,2.0
2021,00-0035500,G.Dortch,WR,ARI,1,24.0,0,3,3,15.0,0,31.0,0,0,0,0.0,2,,24.0,10.333333333333334,0,Greg Dortch,WR,2.0,83.0,ACT,39,4,9.75
2022,00-0035500,G.Dortch,WR,ARI,7,44.0,0,64,52,467.0,2,293.0,0,0,0,0.0,11,,6.285714285714286,5.634615384615385,2,Greg Dortch,WR,3.0,83.0,ACT,39,4,9.75
2023,00-0035500,G.Dortch,WR,ARI,1,5.0,0,41,24,280.0,2,152.0,0,0,0,0.0,9,,5.0,6.333333333333333,2,Greg Dortch,WR,4.0,83.0,ACT,39,4,9.75
2024,00-0035500,G.Dortch,WR,ARI,5,31.0,0,50,37,342.0,3,294.0,0,0,0,0.0,17,,6.2,7.945945945945946,3,Greg Dortch,WR,5.0,4.0,ACT,39,4,9.75
2024,00-0038507,G.DuBose,WR,MIA,0,0.0,0,4,2,11.0,0,3.0,0,0,0,0.0,2,,,1.5,0,Grant DuBose,WR,1.0,88.0,RES,2,1,2.0
2022,00-0037252,G.Dulcich,TE,DEN,0,0.0,0,55,33,411.0,2,155.0,0,0,0,0.0,10,,,4.696969696969697,2,Greg Dulcich,TE,0.0,80.0,RES,15,3,5.0
2023,00-0037252,G.Dulcich,TE,DEN,0,0.0,0,4,3,25.0,0,5.0,0,0,0,0.0,2,,,1.6666666666666667,0,Greg Dulcich,TE,1.0,80.0,RES,15,3,5.0
2024,00-0037252,G.Dulcich,TE,DEN,0,0.0,0,12,5,28.0,0,15.0,0,0,0,0.0,3,,,3.0,0,,,,,,15,3,5.0
2018,00-0034184,G.Edwards,RB,BAL,145,741.0,2,2,2,20.0,0,17.0,0,0,0,0.0,12,,5.110344827586207,8.5,2,Gus Edwards,RB,0.0,35.0,ACT,88,6,14.666666666666666
2019,00-0034184,G.Edwards,RB,BAL,136,731.0,2,7,7,45.0,0,45.0,0,0,0,0.0,17,,5.375,6.428571428571429,2,Gus Edwards,RB,1.0,35.0,ACT,88,6,14.666666666666666
2020,00-0034184,G.Edwards,RB,BAL,162,803.0,6,13,9,129.0,0,93.0,0,0,0,0.0,18,,4.95679012345679,10.333333333333334,6,Gus Edwards,RB,2.0,35.0,ACT,88,6,14.666666666666666
2022,00-0034184,G.Edwards,RB,BAL,99,472.0,3,3,1,13.0,0,18.0,0,0,0,0.0,10,,4.767676767676767,18.0,3,Gus Edwards,RB,4.0,35.0,ACT,88,6,14.666666666666666
2023,00-0034184,G.Edwards,RB,BAL,211,870.0,13,16,14,195.0,0,160.0,0,0,0,0.0,19,,4.123222748815166,11.428571428571429,13,Gus Edwards,RB,5.0,35.0,ACT,88,6,14.666666666666666
2024,00-0034184,G.Edwards,RB,LAC,108,387.0,4,5,3,6.0,0,11.0,0,0,0,0.0,12,,3.5833333333333335,3.6666666666666665,4,Gus Edwards,RB,6.0,4.0,ACT,88,6,14.666666666666666
2018,00-0033895,G.Everett,TE,LA,2,16.0,0,57,35,370.0,3,169.0,0,0,0,0.0,18,,8.0,4.828571428571428,3,Gerald Everett,TE,1.0,81.0,ACT,102,7,14.571428571428571
2019,00-0033895,G.Everett,TE,LA,1,0.0,0,60,37,408.0,2,178.0,0,0,0,0.0,12,,0.0,4.8108108108108105,2,Gerald Everett,TE,2.0,81.0,ACT,102,7,14.571428571428571
2020,00-0033895,G.Everett,TE,LA,1,2.0,1,64,41,417.0,1,243.0,0,0,0,0.0,17,,2.0,5.926829268292683,2,Gerald Everett,TE,3.0,81.0,ACT,102,7,14.571428571428571
2021,00-0033895,G.Everett,TE,SEA,3,20.0,0,63,48,478.0,4,249.0,0,0,0,0.0,15,,6.666666666666667,5.1875,4,Gerald Everett,TE,4.0,81.0,ACT,102,7,14.571428571428571
2022,00-0033895,G.Everett,TE,LAC,1,0.0,0,95,64,664.0,5,401.0,0,0,0,0.0,16,,0.0,6.265625,5,Gerald Everett,TE,5.0,7.0,ACT,102,7,14.571428571428571
2023,00-0033895,G.Everett,TE,LAC,3,10.0,0,70,51,411.0,3,275.0,0,0,0,0.0,15,,3.3333333333333335,5.392156862745098,3,Gerald Everett,TE,6.0,7.0,ACT,102,7,14.571428571428571
2024,00-0033895,G.Everett,TE,CHI,0,0.0,0,13,8,36.0,0,41.0,0,0,0,0.0,9,,,5.125,0,Gerald Everett,TE,7.0,14.0,ACT,102,7,14.571428571428571
2018,00-0031395,G.Gilbert,QB,CAR,0,0.0,0,0,0,0.0,0,0.0,0,2,3,40.0,1,0.6666666666666666,,,0,Garrett Gilbert,QB,4.0,3.0,ACT,8,4,2.0
2019,00-0031395,G.Gilbert,QB,CLE,3,-3.0,0,0,0,0.0,0,0.0,0,0,3,0.0,5,0.0,-1.0,,0,Garrett Gilbert,QB,5.0,3.0,ACT,8,4,2.0
2020,00-0031395,G.Gilbert,QB,DAL,3,28.0,0,0,0,0.0,0,0.0,1,21,38,243.0,1,0.5526315789473685,9.333333333333334,,1,Garrett Gilbert,QB,6.0,3.0,ACT,8,4,2.0
2021,00-0031395,G.Gilbert,QB,WAS,0,0.0,0,0,0,0.0,0,0.0,0,20,31,194.0,1,0.6451612903225806,,,0,Garrett Gilbert,QB,7.0,19.0,INA,8,4,2.0
2018,00-0033095,G.Griffin,TE,NO,0,0.0,0,2,2,12.0,1,12.0,0,0,0,0.0,1,,,6.0,1,Garrett Griffin,TE,2.0,45.0,ACT,3,2,1.5
2021,00-0033095,G.Griffin,TE,NO,0,0.0,0,4,4,39.0,0,27.0,0,0,0,0.0,2,,,6.75,0,Garrett Griffin,TE,5.0,45.0,RES,3,2,1.5
2024,00-0039299,G.Holani,RB,SEA,3,10.0,0,1,1,-1.0,0,0.0,0,0,0,0.0,2,,3.3333333333333335,0.0,0,George Holani,RB,0.0,36.0,ACT,2,1,2.0
2021,00-0034614,G.Igwebuike,RB,DET,18,118.0,1,10,7,60.0,0,64.0,0,0,0,0.0,8,,6.555555555555555,9.142857142857142,1,Godwin Igwebuike,RB,3.0,35.0,ACT,9,2,4.5
2022,00-0034614,G.Igwebuike,RB,SEA,3,4.0,0,1,1,3.0,0,0.0,0,0,0,0.0,1,,1.3333333333333333,0.0,0,Godwin Igwebuike,RB,4.0,38.0,ACT,9,2,4.5
2018,00-0033288,G.Kittle,TE,SF,1,10.0,0,136,88,1377.0,5,870.0,0,0,0,0.0,16,,10.0,9.886363636363637,5,George Kittle,TE,1.0,85.0,ACT,110,7,15.714285714285714
2019,00-0033288,G.Kittle,TE,SF,5,22.0,0,120,93,1124.0,5,656.0,0,0,0,0.0,17,,4.4,7.053763440860215,5,George Kittle,TE,2.0,85.0,ACT,110,7,15.714285714285714
2020,00-0033288,G.Kittle,TE,SF,2,17.0,0,63,48,634.0,2,297.0,0,0,0,0.0,8,,8.5,6.1875,2,George Kittle,TE,3.0,85.0,ACT,110,7,15.714285714285714
2021,00-0033288,G.Kittle,TE,SF,3,20.0,0,108,78,1018.0,7,489.0,0,0,0,0.0,17,,6.666666666666667,6.269230769230769,7,George Kittle,TE,4.0,85.0,ACT,110,7,15.714285714285714
2022,00-0033288,G.Kittle,TE,SF,1,4.0,0,97,70,929.0,11,440.0,0,0,0,0.0,18,,4.0,6.285714285714286,11,George Kittle,TE,5.0,85.0,ACT,110,7,15.714285714285714
2023,00-0033288,G.Kittle,TE,SF,1,2.0,0,103,73,1132.0,7,539.0,0,0,0,0.0,19,,2.0,7.383561643835616,7,George Kittle,TE,6.0,85.0,ACT,110,7,15.714285714285714
2024,00-0033288,G.Kittle,TE,SF,0,0.0,0,94,78,1106.0,8,522.0,0,0,0,0.0,15,,,6.6923076923076925,8,George Kittle,TE,7.0,85.0,ACT,110,7,15.714285714285714
2019,00-0035289,G.Minshew,QB,JAX,67,344.0,0,0,0,0.0,0,0.0,21,285,470,3271.0,14,0.6063829787234043,5.134328358208955,,21,Gardner Minshew,QB,0.0,15.0,ACT,58,6,9.666666666666666
2020,00-0035289,G.Minshew,QB,JAX,29,153.0,1,1,1,0.0,0,8.0,16,216,327,2259.0,9,0.6605504587155964,5.275862068965517,8.0,17,Gardner Minshew,QB,1.0,15.0,ACT,58,6,9.666666666666666
2021,00-0035289,G.Minshew,QB,PHI,9,21.0,0,0,0,0.0,0,0.0,4,41,60,439.0,3,0.6833333333333333,2.3333333333333335,,4,Gardner Minshew,QB,2.0,10.0,ACT,58,6,9.666666666666666
2022,00-0035289,G.Minshew,QB,PHI,9,1.0,1,0,0,0.0,0,0.0,3,44,76,663.0,6,0.5789473684210527,0.1111111111111111,,4,Gardner Minshew,QB,3.0,10.0,ACT,58,6,9.666666666666666
2023,00-0035289,G.Minshew,QB,IND,34,100.0,3,0,0,0.0,0,0.0,15,305,490,3305.0,16,0.6224489795918368,2.9411764705882355,,18,Gardner Minshew,QB,4.0,10.0,ACT,58,6,9.666666666666666
2024,00-0035289,G.Minshew,QB,LV,19,58.0,0,0,0,0.0,0,0.0,9,203,306,2013.0,10,0.6633986928104575,3.0526315789473686,,9,Gardner Minshew,QB,5.0,15.0,RES,58,6,9.666666666666666
2018,00-0025418,G.Olsen,TE,CAR,0,0.0,0,38,27,291.0,4,84.0,0,0,0,0.0,9,,,3.111111111111111,4,Greg Olsen,TE,11.0,88.0,RES,34,3,11.333333333333334
2019,00-0025418,G.Olsen,TE,CAR,0,0.0,0,82,52,597.0,2,201.0,0,0,0,0.0,14,,,3.8653846153846154,2,Greg Olsen,TE,12.0,88.0,ACT,34,3,11.333333333333334
2020,00-0025418,G.Olsen,TE,SEA,0,0.0,0,37,24,239.0,1,49.0,0,0,0,0.0,11,,,2.0416666666666665,1,Greg Olsen,TE,13.0,88.0,ACT,34,3,11.333333333333334
2019,00-0035645,G.Olszewski,WR,NE,0,0.0,0,4,2,34.0,0,16.0,0,0,0,0.0,2,,,8.0,0,Gunner Olszewski,WR,0.0,80.0,RES,26,5,5.2
2020,00-0035645,G.Olszewski,WR,NE,5,23.0,0,5,5,62.0,1,35.0,0,0,0,0.0,6,,4.6,7.0,1,Gunner Olszewski,WR,1.0,80.0,ACT,26,5,5.2
2021,00-0035645,G.Olszewski,WR,NE,1,9.0,0,3,2,31.0,0,14.0,0,0,0,0.0,4,,9.0,7.0,0,Gunner Olszewski,WR,2.0,80.0,ACT,26,5,5.2
2022,00-0035645,G.Olszewski,WR,PIT,8,39.0,0,7,5,53.0,0,13.0,0,0,0,0.0,10,,4.875,2.6,0,Gunner Olszewski,WR,3.0,89.0,ACT,26,5,5.2
2023,00-0035645,G.Olszewski,WR,NYG,0,0.0,0,0,0,0.0,0,0.0,0,0,0,0.0,2,,,,0,Gunner Olszewski,WR,4.0,80.0,ACT,26,5,5.2
2023,00-0035645,G.Olszewski,WR,PIT,0,0.0,0,1,1,0.0,0,0.0,0,0,0,0.0,2,,,0.0,0,,,,,,26,5,5.2
2022,00-0037247,G.Pickens,WR,PIT,3,24.0,1,84,52,801.0,4,104.0,0,0,0,0.0,17,,8.0,2.0,5,George Pickens,WR,0.0,14.0,ACT,50,3,16.666666666666668
2023,00-0037247,G.Pickens,WR,PIT,4,33.0,0,117,68,1190.0,5,390.0,0,0,0,0.0,18,,8.25,5.735294117647059,5,George Pickens,WR,1.0,14.0,ACT,50,3,16.666666666666668
2024,00-0037247,G.Pickens,WR,PIT,2,-6.0,0,108,64,987.0,4,236.0,0,0,0,0.0,15,,-3.0,3.6875,4,George Pickens,WR,2.0,14.0,ACT,50,3,16.666666666666668
2021,00-0035956,G.Ricci,TE,CAR,0,0.0,0,2,0,0.0,0,0.0,0,0,0,0.0,2,,,,0,,,,,,9,3,3.0
2022,00-0035956,G.Ricci,TE,CAR,0,0.0,0,9,8,100.0,0,52.0,0,0,0,0.0,6,,,6.5,0,Giovanni Ricci,TE,2.0,45.0,ACT,9,3,3.0
2023,00-0035956,G.Ricci,TE,CAR,0,0.0,0,1,1,2.0,0,3.0,0,0,0,0.0,1,,,3.0,0,Giovanni Ricci,TE,3.0,45.0,RES,9,3,3.0
2018,00-0030565,G.Smith,QB,LAC,8,2.0,0,0,0,0.0,0,0.0,0,1,4,8.0,4,0.25,0.25,,0,Geno Smith,QB,5.0,3.0,ACT,59,6,9.833333333333334
2020,00-0030565,G.Smith,QB,SEA,2,-2.0,0,0,0,0.0,0,0.0,0,4,5,33.0,1,0.8,-1.0,,0,Geno Smith,QB,7.0,7.0,ACT,59,6,9.833333333333334
2021,00-0030565,G.Smith,QB,SEA,9,42.0,1,0,0,0.0,0,0.0,5,65,95,702.0,4,0.6842105263157895,4.666666666666667,,6,Geno Smith,QB,8.0,7.0,ACT,59,6,9.833333333333334
2022,00-0030565,G.Smith,QB,SEA,72,394.0,1,0,0,0.0,0,0.0,32,424,607,4535.0,18,0.6985172981878089,5.472222222222222,,33,Geno Smith,QB,9.0,7.0,ACT,59,6,9.833333333333334
2023,00-0030565,G.Smith,QB,SEA,37,155.0,1,1,1,-2.0,0,6.0,20,323,499,3624.0,15,0.6472945891783567,4.1891891891891895,6.0,21,Geno Smith,QB,10.0,7.0,ACT,59,6,9.833333333333334
2024,00-0030565,G.Smith,QB,SEA,53,272.0,2,0,0,0.0,0,0.0,21,407,578,4320.0,17,0.7041522491349481,5.132075471698113,,23,Geno Smith,QB,11.0,7.0,ACT,59,6,9.833333333333334
2018,00-0032141,G.Swaim,TE,DAL,0,0.0,0,32,26,242.0,1,164.0,0,0,0,0.0,8,,,6.3076923076923075,1,Geoff Swaim,TE,3.0,87.0,RES,56,7,8.0
2019,00-0032141,G.Swaim,TE,JAX,0,0.0,0,17,13,65.0,0,41.0,0,0,0,0.0,6,,,3.1538461538461537,0,Geoff Swaim,TE,4.0,87.0,RES,56,7,8.0
2020,00-0032141,G.Swaim,TE,TEN,0,0.0,0,13,10,88.0,1,35.0,0,0,0,0.0,7,,,3.5,1,Geoff Swaim,TE,5.0,87.0,ACT,56,7,8.0
2021,00-0032141,G.Swaim,TE,TEN,0,0.0,0,40,31,210.0,3,139.0,0,0,0,0.0,16,,,4.483870967741935,3,Geoff Swaim,TE,6.0,87.0,ACT,56,7,8.0
2022,00-0032141,G.Swaim,TE,TEN,0,0.0,0,16,12,58.0,1,43.0,0,0,0,0.0,11,,,3.5833333333333335,1,Geoff Swaim,TE,7.0,87.0,ACT,56,7,8.0
2023,00-0032141,G.Swaim,TE,ARI,0,0.0,0,11,10,94.0,0,30.0,0,0,0,0.0,7,,,3.0,0,Geoff Swaim,TE,8.0,87.0,RES,56,7,8.0
2024,00-0032141,G.Swaim,TE,CLE,0,0.0,0,1,1,7.0,0,5.0,0,0,0,0.0,1,,,5.0,0,Geoff Swaim,TE,9.0,84.0,RES,56,7,8.0
2018,00-0027891,G.Tate,WR,DET,3,42.0,0,69,44,517.0,3,281.0,0,0,0,0.0,17,,14.0,6.386363636363637,3,,,,,,57,3,19.0
2018,00-0027891,G.Tate,WR,PHI,1,-8.0,0,57,37,342.0,2,159.0,0,0,0,0.0,17,,-8.0,4.297297297297297,2,Golden Tate,WR,8.0,19.0,ACT,57,3,19.0
2019,00-0027891,G.Tate,WR,NYG,1,16.0,0,85,49,676.0,6,284.0,0,0,0,0.0,11,,16.0,5.795918367346939,6,Golden Tate,WR,9.0,15.0,ACT,57,3,19.0
2020,00-0027891,G.Tate,WR,NYG,0,0.0,0,52,35,388.0,2,75.0,0,1,2,18.0,12,0.5,,2.142857142857143,2,Golden Tate,WR,10.0,15.0,INA,57,3,19.0
2019,00-0033733,G.Ward,WR,PHI,2,8.0,0,44,31,278.0,1,106.0,0,0,0,0.0,7,,4.0,3.4193548387096775,1,Greg Ward,WR,2.0,84.0,ACT,30,3,10.0
2020,00-0033733,G.Ward,WR,PHI,2,-4.0,0,79,53,419.0,6,164.0,0,1,1,15.0,16,1.0,-2.0,3.0943396226415096,6,Greg Ward,WR,3.0,84.0,ACT,30,3,10.0
2021,00-0033733,G.Ward,WR,PHI,0,0.0,0,11,7,95.0,3,16.0,0,1,2,2.0,7,0.5,,2.2857142857142856,3,Greg Ward,WR,4.0,84.0,ACT,30,3,10.0
2022,00-0037740,G.Wilson,WR,NYJ,4,4.0,0,147,83,1103.0,4,384.0,0,0,1,0.0,17,0.0,1.0,4.626506024096385,4,Garrett Wilson,WR,0.0,17.0,ACT,51,3,17.0
2023,00-0037740,G.Wilson,WR,NYJ,4,0.0,0,168,95,1042.0,3,327.0,0,0,1,0.0,17,0.0,0.0,3.442105263157895,3,Garrett Wilson,WR,1.0,17.0,ACT,51,3,17.0
2024,00-0037740,G.Wilson,WR,NYJ,2,5.0,0,153,101,1104.0,7,442.0,0,0,0,0.0,17,,2.5,4.376237623762377,7,Garrett Wilson,WR,2.0,5.0,ACT,51,3,17.0
2020,00-0036008,H.Bryant,TE,DET,0,0.0,0,3,1,44.0,0,12.0,0,0,0,0.0,2,,,12.0,0,Hunter Bryant,TE,0.0,86.0,ACT,2,1,2.0
2020,00-0036232,H.Bryant,TE,CLE,0,0.0,0,39,24,238.0,3,117.0,0,0,0,0.0,13,,,4.875,3,Harrison Bryant,TE,0.0,88.0,ACT,59,5,11.8
2021,00-0036232,H.Bryant,TE,CLE,0,0.0,0,28,21,233.0,3,79.0,0,0,0,0.0,13,,,3.761904761904762,3,Harrison Bryant,TE,1.0,88.0,ACT,59,5,11.8
2022,00-0036232,H.Bryant,TE,CLE,1,8.0,0,42,31,239.0,1,113.0,0,0,0,0.0,14,,8.0,3.6451612903225805,1,Harrison Bryant,TE,2.0,88.0,ACT,59,5,11.8
2023,00-0036232,H.Bryant,TE,CLE,5,8.0,0,26,17,146.0,3,71.0,0,0,0,0.0,14,,1.6,4.176470588235294,3,Harrison Bryant,TE,3.0,88.0,ACT,59,5,11.8
2024,00-0036232,H.Bryant,TE,LV,0,0.0,0,12,9,86.0,0,71.0,0,0,0,0.0,5,,,7.888888888888889,0,Harrison Bryant,TE,4.0,84.0,ACT,59,5,11.8
2020,00-0035529,H.Butler,WR,PHI,0,0.0,0,1,0,0.0,0,0.0,0,0,0,0.0,1,,,,0,,,,,,1,1,1.0
2022,00-0037617,H.Haskins,RB,TEN,25,93.0,0,12,11,57.0,0,58.0,0,0,0,0.0,7,,3.72,5.2727272727272725,0,Hassan Haskins,RB,0.0,25.0,ACT,19,2,9.5
2024,00-0037617,H.Haskins,RB,LAC,35,94.0,2,4,3,49.0,1,42.0,0,0,0,0.0,12,,2.6857142857142855,14.0,3,Hassan Haskins,RB,2.0,28.0,ACT,19,2,9.5
2018,00-0033090,H.Henry,TE,LAC,0,0.0,0,1,0,0.0,0,0.0,0,0,0,0.0,1,,,,0,Hunter Henry,TE,2.0,86.0,ACT,89,7,12.714285714285714
2019,00-0033090,H.Henry,TE,LAC,0,0.0,0,76,55,652.0,5,159.0,0,0,0,0.0,12,,,2.890909090909091,5,Hunter Henry,TE,3.0,86.0,ACT,89,7,12.714285714285714
2020,00-0033090,H.Henry,TE,LAC,0,0.0,0,93,60,613.0,4,226.0,0,0,0,0.0,14,,,3.7666666666666666,4,Hunter Henry,TE,4.0,86.0,RES,89,7,12.714285714285714
2021,00-0033090,H.Henry,TE,NE,0,0.0,0,79,51,633.0,9,151.0,0,0,0,0.0,17,,,2.9607843137254903,9,Hunter Henry,TE,5.0,85.0,ACT,89,7,12.714285714285714
2022,00-0033090,H.Henry,TE,NE,0,0.0,0,59,41,509.0,2,203.0,0,0,0,0.0,16,,,4.951219512195122,2,Hunter Henry,TE,6.0,85.0,ACT,89,7,12.714285714285714
2023,00-0033090,H.Henry,TE,NE,0,0.0,0,61,42,419.0,6,78.0,0,0,0,0.0,13,,,1.8571428571428572,6,Hunter Henry,TE,7.0,85.0,RES,89,7,12.714285714285714
2024,00-0033090,H.Henry,TE,NE,0,0.0,0,97,66,674.0,2,268.0,0,0,0,0.0,16,,,4.0606060606060606,2,Hunter Henry,TE,8.0,85.0,INA,89,7,12.714285714285714
2019,00-0035025,H.Hentges,TE,WAS,0,0.0,0,14,8,103.0,1,47.0,0,0,0,0.0,5,,,5.875,1,Hale Hentges,TE,0.0,88.0,ACT,5,1,5.0
2024,00-0038550,H.Hooker,QB,DET,5,2.0,0,0,0,0.0,0,0.0,0,6,9,62.0,3,0.6666666666666666,0.4,,0,Hendon Hooker,QB,1.0,2.0,INA,3,1,3.0
2018,00-0034830,H.Hurst,TE,BAL,1,0.0,0,24,13,163.0,1,74.0,0,0,0,0.0,10,,0.0,5.6923076923076925,1,Hayden Hurst,TE,0.0,81.0,ACT,87,7,12.428571428571429
2019,00-0034830,H.Hurst,TE,BAL,0,0.0,0,45,34,402.0,3,167.0,0,0,0,0.0,17,,,4.911764705882353,3,Hayden Hurst,TE,1.0,81.0,ACT,87,7,12.428571428571429
2020,00-0034830,H.Hurst,TE,ATL,0,0.0,0,88,56,571.0,6,245.0,0,0,0,0.0,16,,,4.375,6,Hayden Hurst,TE,2.0,81.0,ACT,87,7,12.428571428571429
2021,00-0034830,H.Hurst,TE,ATL,0,0.0,0,31,26,221.0,3,89.0,0,0,0,0.0,12,,,3.423076923076923,3,Hayden Hurst,TE,3.0,81.0,ACT,87,7,12.428571428571429
2022,00-0034830,H.Hurst,TE,CIN,0,0.0,0,85,65,555.0,3,246.0,0,0,0,0.0,16,,,3.7846153846153845,3,Hayden Hurst,TE,4.0,88.0,ACT,87,7,12.428571428571429
2023,00-0034830,H.Hurst,TE,CAR,0,0.0,0,32,18,184.0,1,67.0,0,0,0,0.0,9,,,3.7222222222222223,1,Hayden Hurst,TE,5.0,81.0,RES,87,7,12.428571428571429
2024,00-0034830,H.Hurst,TE,LAC,0,0.0,0,13,8,73.0,0,20.0,0,0,0,0.0,7,,,2.5,0,Hayden Hurst,TE,6.0,88.0,INA,87,7,12.428571428571429
2021,00-0037004,H.Long,TE,MIA,0,0.0,0,3,1,8.0,0,4.0,0,0,0,0.0,3,,,4.0,0,Hunter Long,TE,0.0,84.0,INA,12,3,4.0
2022,00-0037004,H.Long,TE,MIA,0,0.0,0,1,0,0.0,0,0.0,0,0,0,0.0,1,,,,0,Hunter Long,TE,1.0,84.0,ACT,12,3,4.0
2024,00-0037004,H.Long,TE,LA,0,0.0,0,11,8,73.0,0,30.0,0,0,0,0.0,8,,,3.75,0,Hunter Long,TE,3.0,84.0,ACT,12,3,4.0
2019,00-0034983,H.Renfrow,WR,LV,0,0.0,0,71,49,605.0,4,301.0,0,0,0,0.0,13,,,6.142857142857143,4,,,,,,70,5,14.0
2020,00-0034983,H.Renfrow,WR,LV,0,0.0,0,77,56,656.0,2,338.0,0,0,0,0.0,16,,,6.035714285714286,2,Hunter Renfrow,WR,1.0,13.0,ACT,70,5,14.0
2021,00-0034983,H.Renfrow,WR,LV,3,3.0,0,139,111,1096.0,9,487.0,0,0,0,0.0,18,,1.0,4.387387387387387,9,Hunter Renfrow,WR,2.0,13.0,ACT,70,5,14.0
2022,00-0034983,H.Renfrow,WR,LV,0,0.0,0,50,36,330.0,2,149.0,0,0,0,0.0,10,,,4.138888888888889,2,Hunter Renfrow,WR,3.0,13.0,ACT,70,5,14.0
2023,00-0034983,H.Renfrow,WR,LV,0,0.0,0,37,25,255.0,0,152.0,0,0,0,0.0,13,,,6.08,0,Hunter Renfrow,WR,4.0,13.0,ACT,70,5,14.0
2020,00-0036357,H.Ruggs,WR,LV,9,49.0,0,43,26,452.0,2,145.0,0,0,0,0.0,13,,5.444444444444445,5.576923076923077,2,Henry Ruggs,WR,0.0,11.0,ACT,20,2,10.0
2021,00-0036357,H.Ruggs,WR,LV,3,16.0,0,36,24,469.0,2,109.0,0,0,0,0.0,7,,5.333333333333333,4.541666666666667,2,Henry Ruggs,WR,1.0,11.0,CUT,20,2,10.0
2018,00-0032508,H.Valles,TE,DET,0,0.0,0,3,2,11.0,0,1.0,0,0,0,0.0,2,,,0.5,0,,,,,,2,1,2.0
2023,00-0038389,I.Abanikanda,RB,NYJ,22,70.0,0,11,7,43.0,0,46.0,0,0,0,0.0,6,,3.1818181818181817,6.571428571428571,0,Israel Abanikanda,RB,0.0,25.0,ACT,6,1,6.0
2021,00-0036929,I.Book,QB,NO,3,6.0,0,0,0,0.0,0,0.0,0,12,20,135.0,1,0.6,2.0,,0,Ian Book,QB,0.0,16.0,INA,1,1,1.0
2023,00-0037156,I.Charles,WR,NYJ,0,0.0,0,1,0,0.0,0,0.0,0,0,0,0.0,1,,,,0,Irvin Charles,WR,1.0,19.0,ACT,2,2,1.0
2024,00-0037156,I.Charles,WR,NYJ,0,0.0,0,1,0,0.0,0,0.0,0,0,0,0.0,1,,,,0,Irvin Charles,WR,2.0,19.0,RES,2,2,1.0
2021,00-0036308,I.Coulter,WR,CHI,0,0.0,0,1,0,0.0,0,0.0,0,0,0,0.0,1,,,,0,Isaiah Coulter,WR,1.0,82.0,DEV,1,1,1.0
2018,00-0030656,I.Crowell,RB,NYJ,143,685.0,6,28,21,152.0,0,173.0,0,0,0,0.0,13,,4.79020979020979,8.238095238095237,6,Isaiah Crowell,RB,4.0,20.0,RES,13,1,13.0
2024,00-0039798,I.Davis,RB,NYJ,30,174.0,1,12,9,75.0,1,75.0,0,0,0,0.0,9,,5.8,8.333333333333334,2,Isaiah Davis,RB,0.0,32.0,ACT,9,1,9.0
2018,00-0033471,I.Ford,WR,MIA,0,0.0,0,1,0,0.0,0,0.0,0,0,0,0.0,1,,,,0,Isaiah Ford,WR,1.0,84.0,ACT,28,4,7.0
2019,00-0033471,I.Ford,WR,MIA,1,11.0,0,35,23,244.0,0,86.0,0,0,0,0.0,8,,11.0,3.739130434782609,0,Isaiah Ford,WR,2.0,84.0,ACT,28,4,7.0
2020,00-0033471,I.Ford,WR,MIA,0,0.0,0,44,28,276.0,0,68.0,0,0,0,0.0,9,,,2.4285714285714284,0,Isaiah Ford,WR,3.0,84.0,ACT,28,4,7.0
2021,00-0033471,I.Ford,WR,MIA,0,0.0,0,17,12,161.0,2,60.0,0,0,0,0.0,10,,,5.0,2,Isaiah Ford,WR,4.0,87.0,ACT,28,4,7.0
2024,00-0039363,I.Guerendo,RB,SF,84,420.0,4,16,15,152.0,0,107.0,0,0,0,0.0,13,,5.0,7.133333333333334,4,Isaac Guerendo,RB,0.0,31.0,ACT,13,1,13.0
2022,00-0036165,I.Hodgins,WR,BUF,0,0.0,0,6,4,41.0,0,19.0,0,0,0,0.0,11,,,4.75,0,,,,,,38,3,12.666666666666666
2022,00-0036165,I.Hodgins,WR,NYG,0,0.0,0,53,42,459.0,5,104.0,0,0,0,0.0,11,,,2.4761904761904763,5,Isaiah Hodgins,WR,2.0,18.0,ACT,38,3,12.666666666666666
2023,00-0036165,I.Hodgins,WR,NYG,0,0.0,0,33,21,230.0,3,75.0,0,0,0,0.0,14,,,3.5714285714285716,3,Isaiah Hodgins,WR,3.0,18.0,ACT,38,3,12.666666666666666
2024,00-0036165,I.Hodgins,WR,NYG,0,0.0,0,2,2,12.0,0,1.0,0,0,0,0.0,2,,,0.5,0,Isaiah Hodgins,WR,4.0,18.0,DEV,38,3,12.666666666666666
2019,00-0034922,I.Hyman,WR,TB,0,0.0,0,4,2,34.0,0,1.0,0,0,0,0.0,2,,,0.5,0,Ishmael Hyman,WR,0.0,18.0,DEV,2,1,2.0
2022,00-0037838,I.Likely,TE,BAL,0,0.0,0,60,36,373.0,3,151.0,0,0,0,0.0,14,,,4.194444444444445,3,Isaiah Likely,TE,0.0,80.0,ACT,46,3,15.333333333333334
2023,00-0037838,I.Likely,TE,BAL,0,0.0,0,46,34,461.0,6,239.0,0,0,0,0.0,15,,,7.029411764705882,6,Isaiah Likely,TE,1.0,80.0,ACT,46,3,15.333333333333334
2024,00-0037838,I.Likely,TE,BAL,0,0.0,0,67,49,603.0,7,297.0,0,0,0,0.0,17,,,6.061224489795919,7,Isaiah Likely,TE,2.0,80.0,ACT,46,3,15.333333333333334
2018,00-0033466,I.McKenzie,WR,BUF,10,66.0,2,30,18,179.0,0,76.0,0,0,0,0.0,6,,6.6,4.222222222222222,2,Isaiah McKenzie,WR,1.0,19.0,ACT,74,6,12.333333333333334
2019,00-0033466,I.McKenzie,WR,BUF,8,49.0,0,44,31,277.0,1,232.0,0,0,0,0.0,13,,6.125,7.483870967741935,1,Isaiah McKenzie,WR,2.0,19.0,ACT,74,6,12.333333333333334
2020,00-0033466,I.McKenzie,WR,BUF,12,18.0,0,37,33,296.0,6,202.0,1,1,1,12.0,17,1.0,1.5,6.121212121212121,7,Isaiah McKenzie,WR,3.0,19.0,ACT,74,6,12.333333333333334
2021,00-0033466,I.McKenzie,WR,BUF,15,91.0,1,30,24,226.0,1,118.0,0,0,0,0.0,13,,6.066666666666666,4.916666666666667,2,Isaiah McKenzie,WR,4.0,19.0,ACT,74,6,12.333333333333334
2022,00-0033466,I.McKenzie,WR,BUF,9,55.0,1,67,44,433.0,4,144.0,0,0,0,0.0,16,,6.111111111111111,3.272727272727273,5,Isaiah McKenzie,WR,5.0,6.0,ACT,74,6,12.333333333333334
2023,00-0033466,I.McKenzie,WR,IND,3,14.0,0,14,11,82.0,0,72.0,0,0,0,0.0,9,,4.666666666666667,6.545454545454546,0,Isaiah McKenzie,WR,6.0,6.0,RES,74,6,12.333333333333334
2019,00-0035539,I.Nauta,TE,DET,0,0.0,0,3,2,13.0,0,8.0,0,0,0,0.0,2,,,4.0,0,Isaac Nauta,TE,0.0,89.0,ACT,4,2,2.0
2020,00-0035539,I.Nauta,TE,DET,0,0.0,0,2,1,3.0,0,0.0,0,0,0,0.0,2,,,0.0,0,,,,,,4,2,2.0
2022,00-0037197,I.Pacheco,RB,KC,207,1027.0,6,21,19,195.0,0,246.0,0,0,0,0.0,20,,4.961352657004831,12.947368421052632,6,Isiah Pacheco,RB,0.0,10.0,ACT,48,3,16.0
2023,00-0037197,I.Pacheco,RB,KC,286,1248.0,10,61,56,304.0,2,434.0,0,0,0,0.0,18,,4.363636363636363,7.75,12,Isiah Pacheco,RB,1.0,10.0,ACT,48,3,16.0
2024,00-0037197,I.Pacheco,RB,KC,96,347.0,1,21,15,96.0,0,138.0,0,0,0,0.0,10,,3.6145833333333335,9.2,1,Isiah Pacheco,RB,2.0,10.0,ACT,48,3,16.0
2018,00-0034378,I.Smith,RB,ATL,90,315.0,4,32,27,152.0,0,160.0,0,0,0,0.0,13,,3.5,5.925925925925926,4,Ito Smith,RB,0.0,25.0,RES,35,4,8.75
2019,00-0034378,I.Smith,RB,ATL,22,106.0,1,14,11,87.0,0,72.0,0,0,0,0.0,7,,4.818181818181818,6.545454545454546,1,Ito Smith,RB,1.0,25.0,RES,35,4,8.75
2019,00-0034970,I.Smith,TE,MIN,0,0.0,0,50,39,350.0,2,147.0,0,0,0,0.0,15,,,3.769230769230769,2,Irv Smith,TE,0.0,84.0,ACT,46,5,9.2
2020,00-0034378,I.Smith,RB,ATL,63,268.0,1,26,17,75.0,0,81.0,0,0,0,0.0,14,,4.253968253968254,4.764705882352941,1,Ito Smith,RB,2.0,25.0,ACT,35,4,8.75
2020,00-0034970,I.Smith,TE,MIN,0,0.0,0,43,30,365.0,5,126.0,0,0,0,0.0,12,,,4.2,5,Irv Smith,TE,1.0,84.0,ACT,46,5,9.2
2021,00-0034378,I.Smith,RB,DAL,1,4.0,1,0,0,0.0,0,0.0,0,0,0,0.0,1,,4.0,,1,Ito Smith,RB,3.0,43.0,DEV,35,4,8.75
2022,00-0034970,I.Smith,TE,MIN,0,0.0,0,38,26,185.0,3,91.0,0,0,0,0.0,9,,,3.5,3,Irv Smith,TE,3.0,84.0,ACT,46,5,9.2
2023,00-0034970,I.Smith,TE,CIN,0,0.0,0,26,18,115.0,1,66.0,0,0,0,0.0,9,,,3.6666666666666665,1,Irv Smith,TE,4.0,81.0,INA,46,5,9.2
2024,00-0034970,I.Smith,TE,HOU,0,0.0,0,1,1,2.0,0,0.0,0,0,0,0.0,1,,,0.0,0,Irv Smith,TE,5.0,83.0,ACT,46,5,9.2
2021,00-0036635,I.Smith-Marsette,WR,MIN,0,0.0,0,6,5,116.0,2,17.0,0,0,0,0.0,3,,,3.4,2,Ihmir Smith-Marsette,WR,0.0,15.0,ACT,14,4,3.5
2022,00-0036635,I.Smith-Marsette,WR,CHI,1,-1.0,0,4,1,15.0,0,5.0,0,0,0,0.0,3,,-1.0,5.0,0,,,,,,14,4,3.5
2023,00-0036635,I.Smith-Marsette,WR,CAR,8,74.0,1,10,8,51.0,0,48.0,0,0,0,0.0,7,,9.25,6.0,1,Ihmir Smith-Marsette,WR,2.0,11.0,ACT,14,4,3.5
2024,00-0036635,I.Smith-Marsette,WR,NYG,0,0.0,0,0,0,0.0,0,0.0,0,0,0,0.0,1,,,,0,Ihmir Smith-Marsette,WR,3.0,87.0,ACT,14,4,3.5
2022,00-0038045,I.Spiller,RB,LAC,18,41.0,0,3,3,13.0,0,23.0,0,0,0,0.0,5,,2.2777777777777777,7.666666666666667,0,Isaiah Spiller,RB,0.0,28.0,INA,14,2,7.0
2023,00-0038045,I.Spiller,RB,LAC,37,96.0,0,6,6,34.0,0,39.0,0,0,0,0.0,9,,2.5945945945945947,6.5,0,Isaiah Spiller,RB,1.0,28.0,INA,14,2,7.0
2018,00-0034365,I.Thomas,TE,CAR,0,0.0,0,49,36,333.0,2,158.0,0,0,0,0.0,10,,,4.388888888888889,2,Ian Thomas,TE,0.0,80.0,ACT,69,7,9.857142857142858
2019,00-0034365,I.Thomas,TE,CAR,0,0.0,0,30,16,136.0,1,77.0,0,0,0,0.0,9,,,4.8125,1,Ian Thomas,TE,1.0,80.0,ACT,69,7,9.857142857142858
2020,00-0034365,I.Thomas,TE,CAR,0,0.0,0,31,20,145.0,1,78.0,0,0,0,0.0,13,,,3.9,1,Ian Thomas,TE,2.0,80.0,ACT,69,7,9.857142857142858
2021,00-0034365,I.Thomas,TE,CAR,0,0.0,0,30,18,188.0,0,92.0,0,0,0,0.0,14,,,5.111111111111111,0,Ian Thomas,TE,3.0,80.0,ACT,69,7,9.857142857142858
2022,00-0034365,I.Thomas,TE,CAR,0,0.0,0,30,21,197.0,0,182.0,0,0,0,0.0,13,,,8.666666666666666,0,Ian Thomas,TE,4.0,80.0,ACT,69,7,9.857142857142858
2023,00-0034365,I.Thomas,TE,CAR,0,0.0,0,9,5,56.0,0,33.0,0,0,0,0.0,7,,,6.6,0,Ian Thomas,TE,5.0,80.0,ACT,69,7,9.857142857142858
2024,00-0034365,I.Thomas,TE,CAR,0,0.0,0,6,3,7.0,0,6.0,0,0,0,0.0,3,,,2.0,0,Ian Thomas,TE,6.0,80.0,RES,69,7,9.857142857142858
2024,00-0039451,I.Williams,WR,DET,0,0.0,0,3,2,6.0,0,7.0,0,0,0,0.0,1,,,3.5,0,,,,,,1,1,1.0
2020,00-0036142,I.Wright,WR,WAS,3,16.0,0,36,27,197.0,0,143.0,0,0,1,0.0,12,0.0,5.333333333333333,5.296296296296297,0,Isaiah Wright,WR,0.0,83.0,ACT,12,1,12.0
2020,00-0036100,I.Zuber,WR,NE,2,21.0,0,2,2,29.0,0,30.0,0,0,0,0.0,4,,10.5,15.0,0,Isaiah Zuber,WR,0.0,19.0,DEV,4,1,4.0
2018,00-0034457,J.Adams,RB,PHI,121,513.0,3,13,7,58.0,0,65.0,0,0,0,0.0,13,,4.239669421487603,9.285714285714286,3,Josh Adams,RB,0.0,33.0,ACT,21,3,7.0
2019,00-0034457,J.Adams,RB,NYJ,8,12.0,0,0,0,0.0,0,0.0,0,0,0,0.0,2,,1.5,,0,Josh Adams,RB,1.0,36.0,INA,21,3,7.0
2020,00-0034457,J.Adams,RB,NYJ,29,157.0,2,8,6,29.0,0,24.0,0,0,0,0.0,6,,5.413793103448276,4.0,2,Josh Adams,RB,2.0,36.0,ACT,21,3,7.0
2023,00-0038994,J.Addison,WR,MIN,1,2.0,0,108,70,911.0,10,262.0,0,0,0,0.0,17,,2.0,3.742857142857143,10,Jordan Addison,WR,0.0,3.0,ACT,33,2,16.5
2024,00-0038994,J.Addison,WR,MIN,3,20.0,1,107,66,904.0,9,213.0,0,0,0,0.0,16,,6.666666666666667,3.227272727272727,10,Jordan Addison,WR,1.0,3.0,ACT,33,2,16.5
2018,00-0033572,J.Agnew,WR,DET,1,17.0,0,0,0,0.0,0,0.0,0,0,0,0.0,1,,17.0,,0,,,,,,51,6,8.5
2019,00-0033572,J.Agnew,WR,DET,1,9.0,0,2,1,-2.0,0,1.0,0,0,0,0.0,4,,9.0,1.0,0,,,,,,51,6,8.5
2020,00-0033572,J.Agnew,WR,DET,6,33.0,0,20,13,89.0,0,101.0,0,0,1,0.0,13,0.0,5.5,7.769230769230769,0,Jamal Agnew,WR,3.0,39.0,ACT,51,6,8.5
2021,00-0033572,J.Agnew,WR,JAX,7,111.0,1,39,24,229.0,1,118.0,0,0,0,0.0,9,,15.857142857142858,4.916666666666667,2,Jamal Agnew,WR,4.0,39.0,RES,51,6,8.5
2022,00-0033572,J.Agnew,WR,JAX,13,88.0,0,34,26,194.0,3,132.0,0,0,0,0.0,16,,6.769230769230769,5.076923076923077,3,Jamal Agnew,WR,5.0,39.0,ACT,51,6,8.5
2023,00-0033572,J.Agnew,WR,JAX,4,-2.0,0,21,14,225.0,1,76.0,0,0,0,0.0,8,,-0.5,5.428571428571429,1,Jamal Agnew,WR,6.0,39.0,RES,51,6,8.5
2018,00-0031590,J.Ajayi,RB,PHI,45,184.0,3,6,5,20.0,0,30.0,0,0,0,0.0,4,,4.088888888888889,6.0,3,Jay Ajayi,RB,3.0,26.0,RES,7,2,3.5
2019,00-0031590,J.Ajayi,RB,PHI,10,30.0,0,1,0,0.0,0,0.0,0,0,0,0.0,3,,3.0,,0,Jay Ajayi,RB,4.0,28.0,CUT,7,2,3.5
2018,00-0034364,J.Akins,TE,HOU,0,0.0,0,28,19,233.0,0,132.0,0,0,0,0.0,14,,,6.947368421052632,0,Jordan Akins,TE,0.0,88.0,ACT,99,7,14.142857142857142
2019,00-0034364,J.Akins,TE,HOU,0,0.0,0,55,36,418.0,2,246.0,0,0,0,0.0,16,,,6.833333333333333,2,Jordan Akins,TE,1.0,88.0,INA,99,7,14.142857142857142
2020,00-0034364,J.Akins,TE,HOU,1,4.0,0,49,37,403.0,1,172.0,0,0,0,0.0,13,,4.0,4.648648648648648,1,Jordan Akins,TE,2.0,88.0,ACT,99,7,14.142857142857142
2021,00-0034364,J.Akins,TE,HOU,1,3.0,0,33,24,214.0,0,81.0,0,0,0,0.0,12,,3.0,3.375,0,Jordan Akins,TE,3.0,88.0,INA,99,7,14.142857142857142
2022,00-0034364,J.Akins,TE,HOU,0,0.0,0,54,37,495.0,5,270.0,0,0,0,0.0,15,,,7.297297297297297,5,Jordan Akins,TE,4.0,88.0,ACT,99,7,14.142857142857142
2023,00-0034364,J.Akins,TE,CLE,0,0.0,0,23,15,132.0,0,58.0,0,0,0,0.0,13,,,3.8666666666666667,0,Jordan Akins,TE,5.0,84.0,ACT,99,7,14.142857142857142
2024,00-0034364,J.Akins,TE,CLE,0,0.0,0,58,40,390.0,2,187.0,0,0,0,0.0,16,,,4.675,2,Jordan Akins,TE,6.0,88.0,ACT,99,7,14.142857142857142
2022,00-0038149,J.Ali,WR,ATL,0,0.0,0,1,0,0.0,0,0.0,0,0,0,0.0,1,,,,0,Josh Ali,WR,0.0,80.0,ACT,1,1,1.0
2018,00-0031577,J.Allen,RB,BAL,41,110.0,3,43,35,196.0,2,177.0,0,0,0,0.0,11,,2.682926829268293,5.057142857142857,5,Javorius Allen,RB,3.0,37.0,ACT,14,2,7.0
2018,00-0034857,J.Allen,QB,BUF,89,631.0,8,1,0,0.0,0,0.0,10,168,319,2044.0,12,0.5266457680250783,7.089887640449438,,18,Josh Allen,QB,0.0,17.0,ACT,123,7,17.571428571428573
2019,00-0031577,J.Allen,RB,NYG,10,36.0,1,2,1,9.0,0,4.0,0,0,0,0.0,3,,3.6,4.0,1,Javorius Allen,RB,4.0,37.0,ACT,14,2,7.0
2019,00-0034857,J.Allen,QB,BUF,118,602.0,9,1,1,16.0,1,4.0,20,295,507,3353.0,17,0.5818540433925049,5.101694915254237,4.0,30,Josh Allen,QB,1.0,17.0,ACT,123,7,17.571428571428573
2020,00-0034857,J.Allen,QB,BUF,127,566.0,9,1,1,12.0,1,17.0,42,473,692,5361.0,19,0.6835260115606936,4.456692913385827,17.0,52,Josh Allen,QB,2.0,17.0,ACT,123,7,17.571428571428573
2021,00-0034857,J.Allen,QB,BUF,139,897.0,6,0,0,0.0,0,0.0,45,457,708,5044.0,19,0.6454802259887006,6.453237410071942,,51,Josh Allen,QB,3.0,17.0,ACT,123,7,17.571428571428573
2022,00-0034857,J.Allen,QB,BUF,136,808.0,8,0,0,0.0,0,0.0,38,407,648,4899.0,18,0.6280864197530864,5.9411764705882355,,46,Josh Allen,QB,4.0,17.0,ACT,123,7,17.571428571428573
2023,00-0034857,J.Allen,QB,BUF,131,670.0,18,0,0,0.0,0,0.0,33,432,648,4695.0,19,0.6666666666666666,5.114503816793893,,51,Josh Allen,QB,5.0,17.0,ACT,123,7,17.571428571428573
2024,00-0034857,J.Allen,QB,BUF,131,636.0,14,0,0,0.0,0,0.0,32,365,565,4367.0,19,0.6460176991150443,4.854961832061068,,46,Josh Allen,QB,6.0,17.0,ACT,123,7,17.571428571428573
2019,00-0035246,J.Arcega-Whiteside,WR,PHI,0,0.0,0,22,10,169.0,1,16.0,0,0,0,0.0,8,,,1.6,1,J.J. Arcega-Whiteside,WR,0.0,19.0,ACT,16,3,5.333333333333333
2020,00-0035246,J.Arcega-Whiteside,WR,PHI,0,0.0,0,8,4,85.0,0,11.0,0,0,0,0.0,5,,,2.75,0,J.J. Arcega-Whiteside,WR,1.0,19.0,ACT,16,3,5.333333333333333
2021,00-0035246,J.Arcega-Whiteside,WR,PHI,0,0.0,0,5,2,36.0,0,29.0,0,0,0,0.0,3,,,14.5,0,J.J. Arcega-Whiteside,WR,2.0,19.0,RES,16,3,5.333333333333333
2020,00-0034207,J.Badet,WR,WAS,0,0.0,0,1,0,0.0,0,0.0,0,0,0,0.0,1,,,,0,Jeff Badet,WR,2.0,84.0,DEV,1,1,1.0
2024,00-0039853,J.Baker,WR,NE,0,0.0,0,4,1,12.0,0,0.0,0,0,0,0.0,4,,,0.0,0,Javon Baker,WR,0.0,6.0,ACT,4,1,4.0
2021,00-0036628,J.Bates,TE,WAS,0,0.0,0,25,20,249.0,1,139.0,0,0,0,0.0,11,,,6.95,1,John Bates,TE,0.0,87.0,ACT,47,4,11.75
2022,00-0036628,J.Bates,TE,WAS,0,0.0,0,22,14,108.0,1,54.0,0,0,0,0.0,9,,,3.857142857142857,1,John Bates,TE,1.0,87.0,ACT,47,4,11.75
2023,00-0036628,J.Bates,TE,WAS,0,0.0,0,28,19,151.0,0,65.0,0,0,0,0.0,14,,,3.4210526315789473,0,John Bates,TE,2.0,87.0,ACT,47,4,11.75
2024,00-0036628,J.Bates,TE,WAS,0,0.0,0,18,11,115.0,0,54.0,0,0,0,0.0,13,,,4.909090909090909,0,John Bates,TE,3.0,87.0,ACT,47,4,11.75
2024,00-0039420,J.Bell,TE,NE,0,0.0,0,3,2,20.0,0,5.0,0,0,0,0.0,3,,,2.5,0,Jaheim Bell,TE,0.0,88.0,ACT,3,1,3.0
2018,00-0029319,J.Bellamy,WR,CHI,0,0.0,0,26,15,151.0,1,49.0,0,0,0,0.0,14,,,3.2666666666666666,1,Josh Bellamy,WR,6.0,15.0,ACT,16,2,8.0
2019,00-0029319,J.Bellamy,WR,NYJ,0,0.0,0,3,2,20.0,0,10.0,0,0,0,0.0,2,,,5.0,0,Josh Bellamy,WR,7.0,15.0,RES,16,2,8.0
2023,00-0038752,J.Bobo,WR,SEA,1,3.0,1,25,19,196.0,2,87.0,0,0,0,0.0,14,,3.0,4.578947368421052,3,Jake Bobo,WR,0.0,19.0,ACT,25,2,12.5
2024,00-0038752,J.Bobo,WR,SEA,0,0.0,0,17,13,107.0,1,27.0,0,0,0,0.0,11,,,2.076923076923077,1,Jake Bobo,WR,1.0,19.0,ACT,25,2,12.5
2020,00-0036110,J.Bradley,WR,CLE,0,0.0,0,11,5,60.0,0,11.0,0,0,0,0.0,1,,,2.2,0,Ja'Marcus Bradley,WR,0.0,84.0,DEV,3,2,1.5
2021,00-0036110,J.Bradley,WR,CLE,0,0.0,0,4,4,64.0,0,16.0,0,0,0,0.0,2,,,4.0,0,Ja'Marcus Bradley,WR,1.0,84.0,ACT,3,2,1.5
2018,00-0033119,J.Brissett,QB,IND,7,-7.0,0,0,0,0.0,0,0.0,0,2,4,2.0,4,0.5,-1.0,,0,Jacoby Brissett,QB,2.0,7.0,ACT,64,7,9.142857142857142
2019,00-0033119,J.Brissett,QB,IND,56,228.0,4,1,1,2.0,0,2.0,18,272,447,2942.0,15,0.6085011185682326,4.071428571428571,2.0,22,Jacoby Brissett,QB,3.0,7.0,ACT,64,7,9.142857142857142
2020,00-0033119,J.Brissett,QB,IND,18,19.0,3,0,0,0.0,0,0.0,0,2,8,17.0,12,0.25,1.0555555555555556,,3,Jacoby Brissett,QB,4.0,7.0,ACT,64,7,9.142857142857142
2021,00-0033119,J.Brissett,QB,MIA,19,70.0,1,0,0,0.0,0,0.0,5,141,225,1283.0,10,0.6266666666666667,3.6842105263157894,,6,Jacoby Brissett,QB,5.0,14.0,ACT,64,7,9.142857142857142
2022,00-0033119,J.Brissett,QB,CLE,49,243.0,2,0,0,0.0,0,0.0,12,236,369,2608.0,14,0.6395663956639567,4.959183673469388,,14,Jacoby Brissett,QB,6.0,7.0,ACT,64,7,9.142857142857142
2023,00-0033119,J.Brissett,QB,WAS,3,19.0,0,0,0,0.0,0,0.0,3,18,23,224.0,2,0.782608695652174,6.333333333333333,,3,Jacoby Brissett,QB,7.0,12.0,INA,64,7,9.142857142857142
2024,00-0033119,J.Brissett,QB,NE,15,62.0,0,0,0,0.0,0,0.0,2,95,161,826.0,7,0.5900621118012422,4.133333333333334,,2,Jacoby Brissett,QB,8.0,7.0,ACT,64,7,9.142857142857142
2023,00-0038640,J.Brooks,WR,DAL,0,0.0,0,6,6,64.0,0,28.0,0,0,0,0.0,3,,,4.666666666666667,0,Jalen Brooks,WR,0.0,83.0,INA,15,2,7.5
2024,00-0038640,J.Brooks,WR,DAL,0,0.0,0,30,12,177.0,1,37.0,0,0,0,0.0,12,,,3.0833333333333335,1,Jalen Brooks,WR,1.0,83.0,ACT,15,2,7.5
2024,00-0039344,J.Brooks,RB,CAR,9,22.0,0,3,3,23.0,0,31.0,0,0,0,0.0,3,,2.4444444444444446,10.333333333333334,0,Jonathon Brooks,RB,0.0,24.0,RES,3,1,3.0
2018,00-0030300,J.Brown,WR,SEA,0,0.0,0,19,14,166.0,5,46.0,0,0,0,0.0,10,,,3.2857142857142856,5,Jaron Brown,WR,5.0,18.0,ACT,18,2,9.0
2018,00-0031051,J.Brown,WR,BAL,3,4.0,0,100,44,729.0,5,162.0,0,0,0,0.0,17,,1.3333333333333333,3.6818181818181817,5,John Brown,WR,4.0,13.0,ACT,54,5,10.8
2019,00-0030300,J.Brown,WR,SEA,0,0.0,0,28,16,220.0,2,59.0,0,0,0,0.0,8,,,3.6875,2,Jaron Brown,WR,6.0,18.0,ACT,18,2,9.0
2019,00-0031051,J.Brown,WR,BUF,2,7.0,0,123,76,1110.0,6,223.0,2,2,2,44.0,16,1.0,3.5,2.9342105263157894,8,John Brown,WR,5.0,15.0,ACT,54,5,10.8
2020,00-0031051,J.Brown,WR,BUF,0,0.0,0,71,43,544.0,3,192.0,0,0,0,0.0,12,,,4.465116279069767,3,John Brown,WR,6.0,15.0,ACT,54,5,10.8
2021,00-0031051,J.Brown,WR,DEN,0,0.0,0,1,0,0.0,0,0.0,0,0,0,0.0,3,,,,0,,,,,,54,5,10.8
2021,00-0031051,J.Brown,WR,JAX,0,0.0,0,2,0,0.0,0,0.0,0,0,0,0.0,3,,,,0,,,,,,54,5,10.8
2022,00-0031051,J.Brown,WR,BUF,0,0.0,0,3,1,42.0,1,0.0,0,0,0,0.0,3,,,0.0,1,John Brown,WR,8.0,16.0,DEV,54,5,10.8
2023,00-0035100,J.Browning,QB,CIN,27,127.0,3,1,1,-7.0,0,0.0,12,171,243,1936.0,9,0.7037037037037037,4.703703703703703,0.0,15,Jake Browning,QB,4.0,6.0,ACT,11,2,5.5
2024,00-0035100,J.Browning,QB,CIN,2,-2.0,0,0,0,0.0,0,0.0,0,0,0,0.0,2,,-1.0,,0,Jake Browning,QB,5.0,6.0,ACT,11,2,5.5
2023,00-0038492,J.Brownlee,WR,NYJ,0,0.0,0,8,5,56.0,1,20.0,0,0,0,0.0,4,,,4.0,1,Jason Brownlee,WR,0.0,16.0,ACT,4,1,4.0
2020,00-0036442,J.Burrow,QB,CIN,37,142.0,3,0,0,0.0,0,0.0,13,264,404,2688.0,10,0.6534653465346535,3.8378378378378377,,16,Joe Burrow,QB,0.0,9.0,RES,76,5,15.2
2021,00-0036442,J.Burrow,QB,CIN,51,149.0,2,0,0,0.0,0,0.0,39,463,662,5716.0,20,0.6993957703927492,2.9215686274509802,,41,Joe Burrow,QB,1.0,9.0,ACT,76,5,15.2
2022,00-0036442,J.Burrow,QB,CIN,90,327.0,6,0,0,0.0,0,0.0,39,486,715,5196.0,19,0.6797202797202797,3.6333333333333333,,45,Joe Burrow,QB,2.0,9.0,ACT,76,5,15.2
2023,00-0036442,J.Burrow,QB,CIN,31,88.0,0,0,0,0.0,0,0.0,15,244,365,2309.0,10,0.6684931506849315,2.838709677419355,,15,Joe Burrow,QB,3.0,9.0,RES,76,5,15.2
2024,00-0036442,J.Burrow,QB,CIN,42,201.0,2,0,0,0.0,0,0.0,43,460,652,4918.0,17,0.7055214723926381,4.785714285714286,,45,Joe Burrow,QB,4.0,9.0,ACT,76,5,15.2
2024,00-0039810,J.Burton,WR,CIN,0,0.0,0,14,4,107.0,0,22.0,0,0,0,0.0,4,,,5.5,0,Jermaine Burton,WR,0.0,81.0,INA,4,1,4.0
2018,00-0033564,J.Butt,TE,DEN,0,0.0,0,13,8,85.0,0,44.0,0,0,0,0.0,3,,,5.5,0,Jake Butt,TE,1.0,80.0,RES,6,2,3.0
2020,00-0033564,J.Butt,TE,DEN,0,0.0,0,4,2,5.0,0,2.0,0,0,0,0.0,3,,,1.0,0,Jake Butt,TE,3.0,80.0,ACT,6,2,3.0
2022,00-0036858,J.Camp,WR,HOU,0,0.0,0,1,1,7.0,0,0.0,0,0,0,0.0,1,,,0.0,0,Jalen Camp,WR,1.0,17.0,DEV,1,1,1.0
2018,00-0026213,J.Charles,RB,JAX,6,7.0,0,3,2,7.0,0,5.0,0,0,0,0.0,2,,1.1666666666666667,2.5,0,Jamaal Charles,RB,10.0,31.0,CUT,2,1,2.0
2021,00-0036900,J.Chase,WR,CIN,13,53.0,0,163,106,1823.0,14,822.0,0,0,0,0.0,21,,4.076923076923077,7.754716981132075,14,Ja'Marr Chase,WR,0.0,1.0,ACT,69,4,17.25
2022,00-0036900,J.Chase,WR,CIN,6,11.0,0,162,107,1266.0,11,520.0,0,0,0,0.0,15,,1.8333333333333333,4.859813084112149,11,Ja'Marr Chase,WR,1.0,1.0,ACT,69,4,17.25
2023,00-0036900,J.Chase,WR,CIN,3,-6.0,0,145,100,1216.0,7,541.0,0,1,1,-7.0,16,1.0,-2.0,5.41,7,Ja'Marr Chase,WR,2.0,1.0,ACT,69,4,17.25
2024,00-0036900,J.Chase,WR,CIN,3,32.0,0,175,127,1708.0,17,787.0,0,0,0,0.0,17,,10.666666666666666,6.196850393700787,17,Ja'Marr Chase,WR,3.0,1.0,ACT,69,4,17.25
2018,00-0033464,J.Chesson,WR,WAS,1,-4.0,0,2,1,7.0,0,0.0,0,0,0,0.0,3,,-4.0,0.0,0,Jehu Chesson,WR,1.0,16.0,ACT,3,1,3.0
2022,00-0037594,J.Chestnut,RB,TEN,9,12.0,0,3,3,41.0,0,39.0,0,0,0,0.0,3,,1.3333333333333333,13.0,0,Julius Chestnut,RB,0.0,36.0,ACT,10,2,5.0
2024,00-0037594,J.Chestnut,RB,TEN,22,102.0,0,3,2,11.0,0,14.0,0,0,0,0.0,7,,4.636363636363637,7.0,0,Julius Chestnut,RB,2.0,36.0,ACT,10,2,5.0
2024,00-0039491,J.Coker,WR,CAR,0,0.0,0,46,32,478.0,2,171.0,0,1,1,19.0,11,1.0,,5.34375,2,Jalen Coker,WR,0.0,18.0,ACT,11,1,11.0
2018,00-0033553,J.Conner,RB,PIT,215,973.0,12,71,55,497.0,1,548.0,0,0,0,0.0,13,,4.525581395348837,9.963636363636363,13,James Conner,RB,1.0,30.0,ACT,95,7,13.571428571428571
2019,00-0033553,J.Conner,RB,PIT,116,464.0,4,38,34,251.0,3,298.0,0,0,0,0.0,10,,4.0,8.764705882352942,7,James Conner,RB,2.0,30.0,INA,95,7,13.571428571428571
2020,00-0033553,J.Conner,RB,PIT,180,758.0,7,48,40,245.0,0,272.0,0,0,0,0.0,14,,4.211111111111111,6.8,7,James Conner,RB,3.0,30.0,ACT,95,7,13.571428571428571
2021,00-0033553,J.Conner,RB,ARI,206,771.0,16,41,38,380.0,3,388.0,0,0,0,0.0,16,,3.7427184466019416,10.210526315789474,19,James Conner,RB,4.0,6.0,ACT,95,7,13.571428571428571
2022,00-0033553,J.Conner,RB,ARI,183,782.0,7,58,46,300.0,1,376.0,0,0,0,0.0,13,,4.273224043715847,8.173913043478262,8,James Conner,RB,5.0,6.0,INA,95,7,13.571428571428571
2023,00-0033553,J.Conner,RB,ARI,208,1040.0,7,33,27,165.0,2,221.0,0,0,0,0.0,13,,5.0,8.185185185185185,9,James Conner,RB,6.0,6.0,ACT,95,7,13.571428571428571
2024,00-0033553,J.Conner,RB,ARI,236,1094.0,8,55,47,414.0,1,483.0,0,0,0,0.0,16,,4.635593220338983,10.27659574468085,9,James Conner,RB,7.0,6.0,RES,95,7,13.571428571428571
2018,00-0027061,J.Cook,TE,LV,0,0.0,0,101,68,896.0,6,343.0,0,0,0,0.0,16,,,5.044117647058823,6,,,,,,64,4,16.0
2019,00-0027061,J.Cook,TE,NO,0,0.0,0,70,48,759.0,9,275.0,0,0,0,0.0,15,,,5.729166666666667,9,Jared Cook,TE,10.0,87.0,ACT,64,4,16.0
2020,00-0027061,J.Cook,TE,NO,0,0.0,0,74,46,572.0,7,147.0,0,0,0,0.0,17,,,3.1956521739130435,7,Jared Cook,TE,11.0,87.0,ACT,64,4,16.0
2021,00-0027061,J.Cook,TE,LAC,0,0.0,0,83,48,564.0,4,238.0,0,0,0,0.0,16,,,4.958333333333333,4,Jared Cook,TE,12.0,87.0,ACT,64,4,16.0
2022,00-0037248,J.Cook,RB,BUF,106,559.0,3,32,21,180.0,1,132.0,0,0,0,0.0,18,,5.273584905660377,6.285714285714286,4,James Cook,RB,0.0,28.0,ACT,56,3,18.666666666666668
2023,00-0037248,J.Cook,RB,BUF,273,1262.0,2,63,52,471.0,4,444.0,0,0,0,0.0,19,,4.622710622710622,8.538461538461538,6,James Cook,RB,1.0,4.0,ACT,56,3,18.666666666666668
2024,00-0037248,J.Cook,RB,BUF,260,1281.0,19,44,38,322.0,2,336.0,0,0,0,0.0,19,,4.926923076923077,8.842105263157896,21,James Cook,RB,2.0,4.0,ACT,56,3,18.666666666666668
2023,00-0037410,J.Corbin,RB,NYG,1,1.0,0,3,3,12.0,0,13.0,0,0,0,0.0,1,,1.0,4.333333333333333,0,Jashaun Corbin,RB,1.0,35.0,ACT,1,1,1.0
2024,00-0039365,J.Cowing,WR,SF,1,7.0,0,6,4,80.0,0,26.0,0,0,0,0.0,3,,7.0,6.5,0,Jacob Cowing,WR,0.0,19.0,ACT,3,1,3.0
2018,00-0033627,J.Croom,TE,BUF,0,0.0,0,35,22,259.0,1,137.0,0,0,0,0.0,12,,,6.2272727272727275,1,Jason Croom,TE,1.0,80.0,ACT,13,2,6.5
2020,00-0033627,J.Croom,TE,PHI,0,0.0,0,1,1,3.0,1,0.0,0,0,0,0.0,1,,,0.0,1,Jason Croom,TE,3.0,81.0,ACT,13,2,6.5
2018,00-0031941,J.Crowder,WR,WAS,4,30.0,0,49,29,388.0,2,204.0,0,0,0,0.0,9,,7.5,7.0344827586206895,2,Jamison Crowder,WR,3.0,80.0,ACT,66,7,9.428571428571429
2019,00-0031941,J.Crowder,WR,NYJ,1,4.0,0,122,78,833.0,6,353.0,0,0,0,0.0,16,,4.0,4.5256410256410255,6,Jamison Crowder,WR,4.0,82.0,ACT,66,7,9.428571428571429
2020,00-0031941,J.Crowder,WR,NYJ,1,14.0,0,89,59,699.0,6,327.0,1,1,1,43.0,12,1.0,14.0,5.5423728813559325,7,Jamison Crowder,WR,5.0,82.0,ACT,66,7,9.428571428571429
2021,00-0031941,J.Crowder,WR,NYJ,0,0.0,0,71,51,447.0,2,174.0,0,0,0,0.0,12,,,3.411764705882353,2,Jamison Crowder,WR,6.0,82.0,ACT,66,7,9.428571428571429
2022,00-0031941,J.Crowder,WR,BUF,0,0.0,0,13,6,60.0,0,30.0,0,0,0,0.0,4,,,5.0,0,Jamison Crowder,WR,7.0,80.0,RES,66,7,9.428571428571429
2023,00-0031941,J.Crowder,WR,WAS,0,0.0,0,20,16,159.0,1,80.0,0,0,0,0.0,7,,,5.0,1,Jamison Crowder,WR,8.0,83.0,ACT,66,7,9.428571428571429
2024,00-0031941,J.Crowder,WR,WAS,0,0.0,0,18,12,101.0,2,24.0,0,0,0,0.0,6,,,2.0,2,Jamison Crowder,WR,9.0,80.0,ACT,66,7,9.428571428571429
2018,00-0031462,J.Cunningham,TE,DET,0,0.0,0,1,0,0.0,0,0.0,0,0,0,0.0,1,,,,0,Jerome Cunningham,TE,4.0,86.0,ACT,1,1,1.0
2024,00-0039910,J.Daniels,QB,WAS,183,1026.0,7,0,0,0.0,0,0.0,30,406,594,4390.0,20,0.6835016835016835,5.60655737704918,,37,Jayden Daniels,QB,0.0,5.0,ACT,20,1,20.0
2021,00-0036877,J.Darden,WR,TB,1,11.0,0,12,6,43.0,0,24.0,0,0,0,0.0,7,,11.0,4.0,0,Jaelon Darden,WR,0.0,1.0,ACT,11,3,3.6666666666666665
2022,00-0036877,J.Darden,WR,TB,1,2.0,0,2,2,26.0,0,16.0,0,0,0,0.0,3,,2.0,8.0,0,,,,,,11,3,3.6666666666666665
2024,00-0036877,J.Darden,WR,CLE,0,0.0,0,1,1,6.0,0,9.0,0,0,0,0.0,1,,,9.0,0,,,,,,11,3,3.6666666666666665
2018,00-0033760,J.Davis,RB,LA,2,19.0,0,0,0,0.0,0,0.0,0,0,0,0.0,2,,9.5,,0,Justin Davis,RB,1.0,33.0,ACT,2,1,2.0
2018,00-0034499,J.Davis,WR,NYG,0,0.0,0,8,4,40.0,0,4.0,0,0,0,0.0,3,,,1.0,0,Jawill Davis,WR,0.0,80.0,RES,3,1,3.0
2020,00-0036332,J.Deguara,TE,GB,0,0.0,0,2,1,12.0,0,11.0,0,0,0,0.0,1,,,11.0,0,Josiah Deguara,TE,0.0,81.0,RES,30,5,6.0
2021,00-0036332,J.Deguara,TE,GB,0,0.0,0,34,25,245.0,2,204.0,0,0,0,0.0,13,,,8.16,2,Josiah Deguara,TE,1.0,81.0,ACT,30,5,6.0
2022,00-0036332,J.Deguara,TE,GB,0,0.0,0,15,13,114.0,0,63.0,0,0,0,0.0,9,,,4.846153846153846,0,Josiah Deguara,TE,2.0,81.0,ACT,30,5,6.0
2023,00-0036332,J.Deguara,TE,GB,0,0.0,0,8,8,65.0,0,39.0,0,0,0,0.0,4,,,4.875,0,Josiah Deguara,TE,3.0,81.0,ACT,30,5,6.0
2024,00-0036332,J.Deguara,TE,JAX,0,0.0,0,3,3,14.0,0,12.0,0,0,0,0.0,3,,,4.0,0,Josiah Deguara,TE,4.0,81.0,ACT,30,5,6.0
2020,00-0036158,J.Dobbins,RB,BAL,153,890.0,10,30,22,165.0,0,150.0,0,0,0,0.0,17,,5.816993464052287,6.818181818181818,10,J.K. Dobbins,RB,0.0,27.0,ACT,41,4,10.25
2022,00-0036158,J.Dobbins,RB,BAL,105,582.0,2,13,11,85.0,2,78.0,0,0,0,0.0,9,,5.542857142857143,7.090909090909091,4,J.K. Dobbins,RB,2.0,27.0,ACT,41,4,10.25
2023,00-0036158,J.Dobbins,RB,BAL,8,22.0,1,3,2,15.0,0,15.0,0,0,0,0.0,1,,2.75,7.5,1,J.K. Dobbins,RB,3.0,27.0,RES,41,4,10.25
2024,00-0036158,J.Dobbins,RB,LAC,204,931.0,9,39,32,153.0,0,204.0,0,0,0,0.0,14,,4.563725490196078,6.375,9,J.K. Dobbins,RB,4.0,27.0,ACT,41,4,10.25
2018,00-0033949,J.Dobbs,QB,PIT,4,11.0,0,0,0,0.0,0,0.0,0,6,12,43.0,5,0.5,2.75,,0,Joshua Dobbs,QB,1.0,5.0,ACT,36,5,7.2
2020,00-0033949,J.Dobbs,QB,PIT,2,20.0,0,0,0,0.0,0,0.0,0,4,5,2.0,1,0.8,10.0,,0,Joshua Dobbs,QB,3.0,5.0,INA,36,5,7.2
2022,00-0033949,J.Dobbs,QB,TEN,8,44.0,0,0,0,0.0,0,0.0,2,40,68,411.0,2,0.5882352941176471,5.5,,2,Joshua Dobbs,QB,5.0,11.0,ACT,36,5,7.2
2023,00-0033949,J.Dobbs,QB,ARI,47,258.0,3,0,0,0.0,0,0.0,8,167,266,1569.0,13,0.6278195488721805,5.48936170212766,,11,,,,,,36,5,7.2
2023,00-0033949,J.Dobbs,QB,MIN,30,163.0,3,0,0,0.0,0,0.0,5,95,151,895.0,13,0.6291390728476821,5.433333333333334,,8,Joshua Dobbs,QB,6.0,15.0,ACT,36,5,7.2
2024,00-0033949,J.Dobbs,QB,SF,9,24.0,2,0,0,0.0,0,0.0,2,32,47,361.0,2,0.6808510638297872,2.6666666666666665,,4,Joshua Dobbs,QB,7.0,5.0,ACT,36,5,7.2
2018,00-0032760,J.Doctson,WR,WAS,0,0.0,0,78,44,532.0,2,132.0,0,0,0,0.0,15,,,3.0,2,Josh Doctson,WR,2.0,18.0,ACT,15,1,15.0
2022,00-0037741,J.Dotson,WR,WAS,2,-7.0,0,61,35,523.0,7,137.0,0,0,0,0.0,12,,-3.5,3.914285714285714,7,Jahan Dotson,WR,0.0,1.0,ACT,45,3,15.0
2023,00-0037741,J.Dotson,WR,WAS,0,0.0,0,83,49,518.0,4,115.0,0,0,0,0.0,17,,,2.3469387755102042,4,Jahan Dotson,WR,1.0,1.0,ACT,45,3,15.0
2024,00-0037741,J.Dotson,WR,PHI,1,13.0,0,38,22,269.0,1,89.0,0,0,0,0.0,16,,13.0,4.045454545454546,1,Jahan Dotson,WR,2.0,83.0,ACT,45,3,15.0
2023,00-0038997,J.Downs,WR,IND,0,0.0,0,98,68,771.0,2,371.0,0,0,0,0.0,17,,,5.455882352941177,2,Josh Downs,WR,0.0,1.0,ACT,31,2,15.5
2024,00-0038997,J.Downs,WR,IND,1,-1.0,0,107,72,803.0,5,396.0,0,0,0,0.0,14,,-1.0,5.5,5,Josh Downs,WR,1.0,1.0,ACT,31,2,15.5
2018,00-0030181,J.Doyle,TE,IND,0,0.0,0,33,26,245.0,2,108.0,0,0,0,0.0,6,,,4.153846153846154,2,Jack Doyle,TE,5.0,84.0,RES,50,4,12.5
2019,00-0030181,J.Doyle,TE,IND,0,0.0,0,72,43,448.0,4,216.0,0,0,0,0.0,15,,,5.023255813953488,4,Jack Doyle,TE,6.0,84.0,ACT,50,4,12.5
2020,00-0030181,J.Doyle,TE,IND,0,0.0,0,42,30,321.0,4,101.0,0,0,0,0.0,14,,,3.3666666666666667,4,Jack Doyle,TE,7.0,84.0,ACT,50,4,12.5
2021,00-0030181,J.Doyle,TE,IND,0,0.0,0,43,29,302.0,3,125.0,0,0,0,0.0,15,,,4.310344827586207,3,Jack Doyle,TE,8.0,84.0,ACT,50,4,12.5
2018,00-0032436,J.Driskel,QB,CIN,25,130.0,2,0,0,0.0,0,0.0,6,105,176,1003.0,8,0.5965909090909091,5.2,,8,Jeff Driskel,QB,2.0,6.0,ACT,22,5,4.4
2019,00-0032436,J.Driskel,QB,DET,22,151.0,1,1,1,6.0,0,9.0,4,62,105,685.0,3,0.5904761904761905,6.863636363636363,9.0,5,Jeff Driskel,QB,3.0,2.0,RES,22,5,4.4
2020,00-0032436,J.Driskel,QB,DEN,6,28.0,0,0,0,0.0,0,0.0,3,35,64,432.0,3,0.546875,4.666666666666667,,3,Jeff Driskel,QB,4.0,9.0,INA,22,5,4.4
2022,00-0032436,J.Driskel,QB,HOU,20,75.0,0,1,1,4.0,0,7.0,1,14,20,108.0,7,0.7,3.75,7.0,1,Jeff Driskel,QB,6.0,6.0,ACT,22,5,4.4
2023,00-0032436,J.Driskel,QB,CLE,7,33.0,0,0,0,0.0,0,0.0,2,13,26,166.0,1,0.5,4.714285714285714,,2,Jeff Driskel,QB,7.0,12.0,INA,22,5,4.4
2021,00-0036226,J.Eason,QB,IND,0,0.0,0,0,0,0.0,0,0.0,0,2,5,25.0,1,0.4,,,0,,,,,,2,2,1.0
2022,00-0036226,J.Eason,QB,CAR,0,0.0,0,0,0,0.0,0,0.0,0,3,5,59.0,1,0.6,,,0,,,,,,2,2,1.0
2018,00-0027150,J.Edelman,WR,NE,11,122.0,0,143,100,1238.0,6,490.0,0,2,2,43.0,15,1.0,11.090909090909092,4.9,6,Julian Edelman,WR,9.0,11.0,ACT,38,3,12.666666666666666
2019,00-0027150,J.Edelman,WR,NE,10,39.0,1,158,103,1147.0,6,328.0,1,2,2,47.0,17,1.0,3.9,3.1844660194174756,8,Julian Edelman,WR,10.0,11.0,ACT,38,3,12.666666666666666
2020,00-0027150,J.Edelman,WR,NE,2,22.0,0,39,21,315.0,0,64.0,0,2,2,38.0,6,1.0,11.0,3.0476190476190474,0,Julian Edelman,WR,11.0,11.0,RES,38,3,12.666666666666666
2019,00-0032377,J.Ferguson,RB,WAS,3,9.0,0,0,0,0.0,0,0.0,0,0,0,0.0,1,,3.0,,0,Josh Ferguson,RB,3.0,36.0,ACT,1,1,1.0
2022,00-0038041,J.Ferguson,TE,DAL,0,0.0,0,23,20,208.0,2,156.0,0,0,0,0.0,12,,,7.8,2,Jake Ferguson,TE,0.0,87.0,ACT,44,3,14.666666666666666
2023,00-0038041,J.Ferguson,TE,DAL,0,0.0,0,114,81,854.0,8,452.0,0,0,0,0.0,18,,,5.580246913580247,8,Jake Ferguson,TE,1.0,87.0,ACT,44,3,14.666666666666666
2024,00-0038041,J.Ferguson,TE,DAL,0,0.0,0,86,59,494.0,0,309.0,0,0,0,0.0,14,,,5.237288135593221,0,Jake Ferguson,TE,2.0,87.0,ACT,44,3,14.666666666666666
2021,00-0036945,J.Fields,QB,CHI,72,420.0,2,0,0,0.0,0,0.0,7,159,270,1870.0,12,0.5888888888888889,5.833333333333333,,9,Justin Fields,QB,0.0,1.0,RES,51,4,12.75
2022,00-0036945,J.Fields,QB,CHI,160,1143.0,8,0,0,0.0,0,0.0,17,192,318,2242.0,15,0.6037735849056604,7.14375,,25,Justin Fields,QB,1.0,1.0,INA,51,4,12.75
2023,00-0036945,J.Fields,QB,CHI,124,657.0,4,0,0,0.0,0,0.0,16,227,370,2562.0,13,0.6135135135135135,5.298387096774194,,20,Justin Fields,QB,2.0,1.0,ACT,51,4,12.75
2024,00-0036945,J.Fields,QB,PIT,62,289.0,5,0,0,0.0,0,0.0,5,106,162,1106.0,11,0.654320987654321,4.661290322580645,,10,Justin Fields,QB,3.0,2.0,ACT,51,4,12.75
2023,00-0037306,J.FitzPatrick,TE,ATL,0,0.0,0,1,1,12.0,0,10.0,0,0,0,0.0,1,,,10.0,0,John FitzPatrick,TE,1.0,87.0,ACT,2,2,1.0
2024,00-0037306,J.FitzPatrick,TE,GB,0,0.0,0,1,1,2.0,0,0.0,0,0,0,0.0,1,,,0.0,0,John FitzPatrick,TE,2.0,86.0,ACT,2,2,1.0
2018,00-0026158,J.Flacco,QB,BAL,19,45.0,0,0,0,0.0,0,0.0,12,232,379,2465.0,9,0.6121372031662269,2.3684210526315788,,12,Joe Flacco,QB,10.0,5.0,ACT,42,7,6.0
2019,00-0026158,J.Flacco,QB,DEN,12,20.0,0,0,0,0.0,0,0.0,6,171,262,1822.0,8,0.6526717557251909,1.6666666666666667,,6,Joe Flacco,QB,11.0,5.0,RES,42,7,6.0
2020,00-0026158,J.Flacco,QB,NYJ,6,22.0,0,0,0,0.0,0,0.0,6,74,134,864.0,5,0.5522388059701493,3.6666666666666665,,6,Joe Flacco,QB,12.0,5.0,ACT,42,7,6.0
2021,00-0026158,J.Flacco,QB,NYJ,2,3.0,0,0,0,0.0,0,0.0,3,27,42,338.0,2,0.6428571428571429,1.5,,3,Joe Flacco,QB,13.0,19.0,ACT,42,7,6.0
2022,00-0026158,J.Flacco,QB,NYJ,3,6.0,0,0,0,0.0,0,0.0,5,110,191,1051.0,5,0.5759162303664922,2.0,,5,Joe Flacco,QB,14.0,19.0,ACT,42,7,6.0
2023,00-0026158,J.Flacco,QB,CLE,12,15.0,0,0,0,0.0,0,0.0,14,157,250,1923.0,6,0.628,1.25,,14,Joe Flacco,QB,15.0,15.0,ACT,42,7,6.0
2024,00-0026158,J.Flacco,QB,IND,9,26.0,0,0,0,0.0,0,0.0,12,162,248,1761.0,7,0.6532258064516129,2.888888888888889,,12,Joe Flacco,QB,16.0,15.0,ACT,42,7,6.0
2022,00-0037267,J.Ford,RB,CLE,8,12.0,0,0,0,0.0,0,0.0,0,0,0,0.0,2,,1.5,,0,Jerome Ford,RB,0.0,34.0,ACT,34,3,11.333333333333334
2023,00-0037267,J.Ford,RB,CLE,213,830.0,4,67,48,334.0,5,329.0,0,0,0,0.0,18,,3.896713615023474,6.854166666666667,9,Jerome Ford,RB,1.0,34.0,ACT,34,3,11.333333333333334
2024,00-0037267,J.Ford,RB,CLE,104,565.0,3,43,37,225.0,0,294.0,0,0,0,0.0,14,,5.4326923076923075,7.945945945945946,3,Jerome Ford,RB,2.0,34.0,RES,34,3,11.333333333333334
2021,00-0035547,J.Fortson,TE,KC,0,0.0,0,5,5,47.0,2,9.0,0,0,0,0.0,4,,,1.8,2,Joe Fortson,TE,2.0,88.0,RES,17,3,5.666666666666667
2022,00-0035547,J.Fortson,TE,KC,0,0.0,0,14,9,108.0,2,40.0,0,0,0,0.0,10,,,4.444444444444445,2,Joe Fortson,TE,3.0,88.0,ACT,17,3,5.666666666666667
2024,00-0035547,J.Fortson,TE,KC,0,0.0,0,3,1,5.0,0,2.0,0,0,0,0.0,3,,,2.0,0,Joseph Fortson,TE,5.0,89.0,RES,17,3,5.666666666666667
2019,00-0034705,J.Franklin,WR,TB,1,11.0,0,0,0,0.0,0,0.0,0,0,0,0.0,1,,11.0,,0,,,,,,1,1,1.0
2018,00-0034532,J.Franks,TE,CIN,0,0.0,0,3,2,37.0,0,14.0,0,0,0,0.0,3,,,7.0,0,,,,,,3,1,3.0
2021,00-0036197,J.Fromm,QB,NYG,8,65.0,0,0,0,0.0,0,0.0,1,27,60,210.0,3,0.45,8.125,,1,Jake Fromm,QB,1.0,17.0,ACT,3,1,3.0
2021,00-0036860,J.Funk,RB,LA,4,10.0,0,0,0,0.0,0,0.0,0,0,0,0.0,3,,2.5,,0,Jake Funk,RB,0.0,34.0,INA,4,2,2.0
2023,00-0036860,J.Funk,RB,IND,2,10.0,0,1,1,12.0,0,12.0,0,0,0,0.0,1,,5.0,12.0,0,,,,,,4,2,2.0
2018,00-0031345,J.Garoppolo,QB,SF,8,33.0,0,0,0,0.0,0,0.0,5,53,89,718.0,3,0.5955056179775281,4.125,,5,Jimmy Garoppolo,QB,4.0,10.0,RES,65,7,9.285714285714286
2019,00-0031345,J.Garoppolo,QB,SF,56,63.0,1,0,0,0.0,0,0.0,29,366,534,4405.0,19,0.6853932584269663,1.125,,30,Jimmy Garoppolo,QB,5.0,10.0,ACT,65,7,9.285714285714286
2020,00-0031345,J.Garoppolo,QB,SF,10,25.0,0,0,0,0.0,0,0.0,7,94,140,1096.0,6,0.6714285714285714,2.5,,7,Jimmy Garoppolo,QB,6.0,10.0,RES,65,7,9.285714285714286
2021,00-0031345,J.Garoppolo,QB,SF,40,56.0,3,0,0,0.0,0,0.0,22,344,515,4345.0,18,0.6679611650485436,1.4,,25,Jimmy Garoppolo,QB,7.0,10.0,ACT,65,7,9.285714285714286
2022,00-0031345,J.Garoppolo,QB,SF,23,33.0,2,0,0,0.0,0,0.0,16,207,308,2437.0,11,0.672077922077922,1.434782608695652,,18,Jimmy Garoppolo,QB,8.0,10.0,INA,65,7,9.285714285714286
2023,00-0031345,J.Garoppolo,QB,LV,20,39.0,0,0,0,0.0,0,0.0,7,110,169,1205.0,7,0.650887573964497,1.95,,7,Jimmy Garoppolo,QB,9.0,10.0,ACT,65,7,9.285714285714286
2024,00-0031345,J.Garoppolo,QB,LA,2,5.0,0,0,0,0.0,0,0.0,2,27,41,334.0,1,0.6585365853658537,2.5,,2,Jimmy Garoppolo,QB,10.0,11.0,ACT,65,7,9.285714285714286
2023,00-0039139,J.Gibbs,RB,DET,211,1089.0,13,85,63,410.0,1,427.0,0,0,0,0.0,18,,5.161137440758294,6.777777777777778,14,Jahmyr Gibbs,RB,0.0,26.0,ACT,36,2,18.0
2024,00-0039139,J.Gibbs,RB,DET,264,1517.0,18,74,58,567.0,3,624.0,0,0,0,0.0,18,,5.746212121212121,10.758620689655173,21,Jahmyr Gibbs,RB,1.0,26.0,ACT,36,2,18.0
2018,00-0033106,J.Goff,QB,LA,52,130.0,2,0,0,0.0,0,0.0,33,423,667,5400.0,19,0.6341829085457271,2.5,,35,Jared Goff,QB,2.0,16.0,ACT,121,7,17.285714285714285
2019,00-0033106,J.Goff,QB,LA,33,40.0,2,0,0,0.0,0,0.0,22,394,626,4638.0,16,0.6293929712460063,1.2121212121212122,,24,Jared Goff,QB,3.0,16.0,ACT,121,7,17.285714285714285
2020,00-0033106,J.Goff,QB,LA,56,109.0,4,0,0,0.0,0,0.0,22,400,598,4281.0,17,0.6688963210702341,1.9464285714285714,,26,Jared Goff,QB,4.0,16.0,ACT,121,7,17.285714285714285
2021,00-0033106,J.Goff,QB,DET,17,87.0,0,0,0,0.0,0,0.0,19,332,494,3245.0,14,0.6720647773279352,5.117647058823529,,19,Jared Goff,QB,5.0,16.0,ACT,121,7,17.285714285714285
2022,00-0033106,J.Goff,QB,DET,29,73.0,0,1,1,5.0,0,9.0,29,382,587,4438.0,17,0.6507666098807495,2.5172413793103448,9.0,29,Jared Goff,QB,6.0,16.0,ACT,121,7,17.285714285714285
2023,00-0033106,J.Goff,QB,DET,41,24.0,2,0,0,0.0,0,0.0,34,484,716,5412.0,20,0.6759776536312849,0.5853658536585366,,36,Jared Goff,QB,7.0,16.0,ACT,121,7,17.285714285714285
2024,00-0033106,J.Goff,QB,DET,36,63.0,0,1,1,7.0,1,2.0,38,413,579,4942.0,18,0.7132987910189983,1.75,2.0,39,Jared Goff,QB,8.0,16.0,ACT,121,7,17.285714285714285
2018,00-0029664,J.Gordon,WR,CLE,0,0.0,0,3,1,17.0,1,0.0,0,0,0,0.0,12,,,0.0,1,,,,,,56,4,14.0
2018,00-0029664,J.Gordon,WR,NE,0,0.0,0,68,40,720.0,3,264.0,0,0,0,0.0,12,,,6.6,3,Josh Gordon,WR,6.0,10.0,SUS,56,4,14.0
2019,00-0029664,J.Gordon,WR,NE,1,1.0,0,36,20,287.0,1,133.0,0,0,0,0.0,11,,1.0,6.65,1,,,,,,56,4,14.0
2019,00-0029664,J.Gordon,WR,SEA,0,0.0,0,11,7,139.0,0,16.0,0,0,1,0.0,11,0.0,,2.2857142857142856,0,Josh Gordon,WR,7.0,10.0,SUS,56,4,14.0
2021,00-0029664,J.Gordon,WR,KC,0,0.0,0,14,5,32.0,1,5.0,0,0,0,0.0,9,,,1.0,1,Josh Gordon,WR,9.0,19.0,DEV,56,4,14.0
2022,00-0029664,J.Gordon,WR,TEN,0,0.0,0,1,0,0.0,0,0.0,0,0,0,0.0,1,,,,0,Josh Gordon,WR,10.0,19.0,DEV,56,4,14.0
2018,00-0027696,J.Graham,TE,GB,0,0.0,0,89,55,636.0,2,261.0,0,0,0,0.0,16,,,4.745454545454545,2,Jimmy Graham,TE,8.0,80.0,ACT,67,5,13.4
2019,00-0027696,J.Graham,TE,GB,0,0.0,0,69,45,555.0,3,294.0,0,0,0,0.0,18,,,6.533333333333333,3,Jimmy Graham,TE,9.0,80.0,ACT,67,5,13.4
2019,00-0034788,J.Graham,TE,ATL,0,0.0,0,10,9,149.0,1,73.0,0,0,0,0.0,5,,,8.11111111111111,1,Jaeden Graham,TE,1.0,87.0,ACT,9,2,4.5
2020,00-0027696,J.Graham,TE,CHI,0,0.0,0,78,52,481.0,9,202.0,0,0,0,0.0,17,,,3.8846153846153846,9,Jimmy Graham,TE,10.0,80.0,ACT,67,5,13.4
2020,00-0034788,J.Graham,TE,ATL,0,0.0,0,5,3,25.0,0,14.0,0,0,0,0.0,4,,,4.666666666666667,0,Jaeden Graham,TE,2.0,87.0,ACT,9,2,4.5
2021,00-0027696,J.Graham,TE,CHI,0,0.0,0,23,14,167.0,3,55.0,0,0,0,0.0,11,,,3.9285714285714284,3,Jimmy Graham,TE,11.0,80.0,ACT,67,5,13.4
2023,00-0027696,J.Graham,TE,NO,0,0.0,0,7,6,39.0,4,3.0,0,0,0,0.0,5,,,0.5,4,Jimmy Graham,TE,13.0,80.0,ACT,67,5,13.4
2018,00-0032791,J.Grant,WR,MIA,1,5.0,0,34,21,268.0,2,140.0,0,0,0,0.0,10,,5.0,6.666666666666667,2,Jakeem Grant,WR,2.0,19.0,RES,47,4,11.75
2019,00-0032791,J.Grant,WR,MIA,4,5.0,1,33,19,164.0,0,87.0,0,0,0,0.0,9,,1.25,4.578947368421052,1,Jakeem Grant,WR,3.0,19.0,RES,47,4,11.75
2020,00-0032791,J.Grant,WR,MIA,3,20.0,0,54,36,373.0,1,172.0,0,0,0,0.0,14,,6.666666666666667,4.777777777777778,1,Jakeem Grant,WR,4.0,19.0,INA,47,4,11.75
2021,00-0032791,J.Grant,WR,CHI,5,33.0,0,15,9,139.0,2,111.0,0,0,0,0.0,7,,6.6,12.333333333333334,2,Jakeem Grant,WR,5.0,17.0,RES,47,4,11.75
2021,00-0032791,J.Grant,WR,MIA,0,0.0,0,2,2,-7.0,0,-8.0,0,0,0,0.0,7,,,-4.0,0,,,,,,47,4,11.75
2018,00-0027873,J.Gresham,TE,ARI,0,0.0,0,12,9,94.0,0,75.0,0,0,0,0.0,8,,,8.333333333333334,0,Jermaine Gresham,TE,8.0,84.0,ACT,8,1,8.0
2019,00-0035414,J.Guyton,WR,LAC,0,0.0,0,2,0,0.0,0,0.0,0,0,0,0.0,1,,,,0,Jalen Guyton,WR,0.0,15.0,INA,42,5,8.4
2020,00-0035414,J.Guyton,WR,LAC,2,0.0,0,55,28,511.0,3,179.0,0,0,0,0.0,16,,0.0,6.392857142857143,3,Jalen Guyton,WR,1.0,15.0,ACT,42,5,8.4
2021,00-0035414,J.Guyton,WR,LAC,7,34.0,0,48,31,448.0,3,149.0,0,0,0,0.0,16,,4.857142857142857,4.806451612903226,3,Jalen Guyton,WR,2.0,15.0,ACT,42,5,8.4
2022,00-0035414,J.Guyton,WR,LAC,0,0.0,0,4,2,64.0,0,7.0,0,0,0,0.0,2,,,3.5,0,Jalen Guyton,WR,3.0,15.0,RES,42,5,8.4
2023,00-0035414,J.Guyton,WR,LAC,0,0.0,0,21,10,89.0,1,32.0,0,0,0,0.0,7,,,3.2,1,Jalen Guyton,WR,4.0,15.0,INA,42,5,8.4
2024,00-0038998,J.Haener,QB,NO,11,22.0,0,0,0,0.0,0,0.0,1,18,39,226.0,8,0.46153846153846156,2.0,,1,Jake Haener,QB,1.0,3.0,ACT,8,1,8.0
2023,00-0038598,J.Hall,QB,MIN,6,14.0,0,0,0,0.0,0,0.0,0,13,20,168.0,3,0.65,2.3333333333333335,,0,Jaren Hall,QB,0.0,16.0,INA,3,1,3.0
2018,00-0031570,J.Hardy,WR,ATL,0,0.0,0,22,14,133.0,2,71.0,0,0,0,0.0,8,,,5.071428571428571,2,Justin Hardy,WR,3.0,14.0,ACT,19,2,9.5
2019,00-0031570,J.Hardy,WR,ATL,0,0.0,0,26,19,195.0,0,81.0,0,0,0,0.0,11,,,4.2631578947368425,0,Justin Hardy,WR,4.0,14.0,ACT,19,2,9.5
2021,00-0036768,J.Hardy,RB,DAL,4,29.0,1,0,0,0.0,0,0.0,0,0,0,0.0,2,,7.25,,1,Jaquan Hardy,RB,0.0,37.0,DEV,2,1,2.0
2022,00-0036918,J.Harris,WR,LA,0,0.0,0,1,1,6.0,0,2.0,0,0,0,0.0,1,,,2.0,0,Jacob Harris,WR,1.0,87.0,RES,1,1,1.0
2020,00-0035806,J.Hasty,RB,SF,39,148.0,1,8,7,33.0,0,47.0,0,0,0,0.0,6,,3.7948717948717947,6.714285714285714,1,Jamycal Hasty,RB,0.0,38.0,RES,42,5,8.4
2021,00-0035806,J.Hasty,RB,SF,16,68.0,1,32,24,163.0,0,132.0,0,0,0,0.0,11,,4.25,5.5,1,Jamycal Hasty,RB,1.0,23.0,ACT,42,5,8.4
2022,00-0035806,J.Hasty,RB,JAX,50,230.0,2,28,21,133.0,1,147.0,0,0,0,0.0,15,,4.6,7.0,3,Jamycal Hasty,RB,2.0,22.0,ACT,42,5,8.4
2023,00-0035806,J.Hasty,RB,JAX,0,0.0,0,2,0,0.0,0,0.0,0,0,0,0.0,1,,,,0,,,,,,42,5,8.4
2024,00-0035806,J.Hasty,RB,NE,20,69.0,0,12,10,59.0,1,72.0,0,0,0,0.0,9,,3.45,7.2,1,JaMycal Hasty,RB,4.0,39.0,INA,42,5,8.4
2020,00-0036355,J.Herbert,QB,LAC,55,234.0,5,0,0,0.0,0,0.0,31,396,595,4336.0,15,0.6655462184873949,4.254545454545455,,36,Justin Herbert,QB,0.0,10.0,ACT,81,5,16.2
2021,00-0036355,J.Herbert,QB,LAC,63,302.0,3,0,0,0.0,0,0.0,38,443,672,5014.0,17,0.6592261904761905,4.7936507936507935,,41,Justin Herbert,QB,1.0,10.0,ACT,81,5,16.2
2022,00-0036355,J.Herbert,QB,LAC,57,159.0,0,2,2,-10.0,0,5.0,26,502,742,5012.0,18,0.6765498652291105,2.789473684210526,2.5,26,Justin Herbert,QB,2.0,10.0,ACT,81,5,16.2
2023,00-0036355,J.Herbert,QB,LAC,52,228.0,3,1,1,10.0,0,17.0,20,297,456,3134.0,13,0.6513157894736842,4.384615384615385,17.0,23,Justin Herbert,QB,3.0,10.0,RES,81,5,16.2
2024,00-0036355,J.Herbert,QB,LAC,69,306.0,2,0,0,0.0,0,0.0,24,346,536,4112.0,18,0.6455223880597015,4.434782608695652,,26,Justin Herbert,QB,4.0,10.0,ACT,81,5,16.2
2018,00-0032227,J.Heuerman,TE,DEN,0,0.0,0,48,31,281.0,2,150.0,0,0,0,0.0,10,,,4.838709677419355,2,Jeff Heuerman,TE,3.0,82.0,RES,18,2,9.0
2019,00-0032227,J.Heuerman,TE,DEN,0,0.0,0,20,14,114.0,1,42.0,0,0,0,0.0,8,,,3.0,1,Jeff Heuerman,TE,4.0,82.0,ACT,18,2,9.0
2020,00-0036398,J.Hightower,WR,PHI,1,1.0,0,29,10,167.0,0,57.0,0,0,0,0.0,10,,1.0,5.7,0,John Hightower,WR,0.0,82.0,ACT,10,1,10.0
2018,00-0030216,J.Hill,TE,NO,0,0.0,0,28,20,216.0,1,209.0,0,0,0,0.0,13,,,10.45,1,Josh Hill,TE,5.0,89.0,ACT,36,3,12.0
2018,00-0031301,J.Hill,RB,NE,4,25.0,0,1,1,6.0,0,5.0,0,0,0,0.0,1,,6.25,5.0,0,Jeremy Hill,RB,4.0,33.0,RES,1,1,1.0
2019,00-0030216,J.Hill,TE,NO,0,0.0,0,38,27,229.0,3,159.0,0,0,0,0.0,14,,,5.888888888888889,3,Josh Hill,TE,6.0,89.0,ACT,36,3,12.0
2019,00-0034975,J.Hill,RB,BAL,58,225.0,2,20,12,96.0,0,107.0,0,0,0,0.0,16,,3.8793103448275863,8.916666666666666,2,Justice Hill,RB,0.0,43.0,ACT,72,5,14.4
2020,00-0030216,J.Hill,TE,NO,0,0.0,0,11,9,43.0,1,41.0,0,0,0,0.0,9,,,4.555555555555555,1,Josh Hill,TE,7.0,89.0,ACT,36,3,12.0
2020,00-0034975,J.Hill,RB,BAL,12,60.0,0,6,5,20.0,0,27.0,0,0,0,0.0,7,,5.0,5.4,0,Justice Hill,RB,1.0,43.0,ACT,72,5,14.4
2022,00-0034975,J.Hill,RB,BAL,49,262.0,0,14,14,68.0,0,92.0,0,0,0,0.0,14,,5.346938775510204,6.571428571428571,0,Justice Hill,RB,3.0,43.0,ACT,72,5,14.4
2023,00-0034975,J.Hill,RB,BAL,100,456.0,3,48,34,251.0,1,278.0,0,0,0,0.0,18,,4.56,8.176470588235293,4,Justice Hill,RB,4.0,43.0,ACT,72,5,14.4
2023,00-0038720,J.Hill,TE,MIA,0,0.0,0,9,6,48.0,0,30.0,0,0,0,0.0,6,,,5.0,0,Julian Hill,TE,0.0,89.0,ACT,17,2,8.5
2024,00-0034975,J.Hill,RB,BAL,59,290.0,1,57,48,403.0,4,468.0,0,0,0,0.0,17,,4.915254237288136,9.75,5,Justice Hill,RB,5.0,43.0,ACT,72,5,14.4
2024,00-0038720,J.Hill,TE,MIA,0,0.0,0,19,12,100.0,0,58.0,0,0,0,0.0,11,,,4.833333333333333,0,Julian Hill,TE,1.0,89.0,ACT,17,2,8.5
2019,00-0035013,J.Hilliman,RB,NYG,30,91.0,0,4,3,1.0,0,10.0,0,0,0,0.0,3,,3.033333333333333,3.3333333333333335,0,Jon Hilliman,RB,0.0,28.0,DEV,3,1,3.0
2018,00-0033387,J.Hollister,TE,NE,0,0.0,0,5,4,52.0,0,16.0,0,0,0,0.0,2,,,4.0,0,Jacob Hollister,TE,1.0,47.0,RES,34,4,8.5
2019,00-0033387,J.Hollister,TE,SEA,0,0.0,0,69,48,412.0,3,192.0,0,0,0,0.0,12,,,4.0,3,Jacob Hollister,TE,2.0,48.0,ACT,34,4,8.5
2020,00-0033387,J.Hollister,TE,SEA,0,0.0,0,45,25,209.0,3,80.0,0,0,0,0.0,14,,,3.2,3,Jacob Hollister,TE,3.0,86.0,ACT,34,4,8.5
2021,00-0033387,J.Hollister,TE,JAX,0,0.0,0,14,9,55.0,1,31.0,0,0,0,0.0,6,,,3.4444444444444446,1,Jacob Hollister,TE,4.0,86.0,ACT,34,4,8.5
2018,00-0032935,J.Holton,WR,LV,0,0.0,0,1,0,0.0,0,0.0,0,0,0,0.0,1,,,,0,,,,,,9,2,4.5
2019,00-0032935,J.Holton,WR,PIT,1,9.0,0,15,3,21.0,0,10.0,0,0,0,0.0,8,,9.0,3.3333333333333335,0,Johnny Holton,WR,3.0,80.0,ACT,9,2,4.5
2019,00-0032986,J.Holtz,TE,CHI,0,0.0,0,8,7,91.0,0,79.0,0,0,0,0.0,5,,,11.285714285714286,0,J.P. Holtz,TE,3.0,81.0,ACT,6,2,3.0
2020,00-0032986,J.Holtz,TE,CHI,0,0.0,0,1,0,0.0,0,0.0,0,0,0,0.0,1,,,,0,J.P. Holtz,TE,4.0,81.0,ACT,6,2,3.0
2019,00-0035562,J.Horsted,TE,CHI,0,0.0,0,10,8,87.0,1,30.0,0,0,0,0.0,5,,,3.75,1,Jesper Horsted,TE,0.0,49.0,ACT,11,4,2.75
2021,00-0035562,J.Horsted,TE,CHI,0,0.0,0,3,2,21.0,2,0.0,0,0,0,0.0,3,,,0.0,2,Jesper Horsted,TE,2.0,87.0,RES,11,4,2.75
2022,00-0035562,J.Horsted,TE,LV,0,0.0,0,4,3,19.0,0,6.0,0,0,0,0.0,2,,,2.0,0,Jesper Horsted,TE,3.0,80.0,ACT,11,4,2.75
2023,00-0035562,J.Horsted,TE,LV,0,0.0,0,1,1,4.0,0,2.0,0,0,0,0.0,1,,,2.0,0,Jesper Horsted,TE,4.0,80.0,RES,11,4,2.75
2018,00-0032780,J.Howard,RB,CHI,260,970.0,9,28,20,145.0,0,127.0,0,0,0,0.0,17,,3.730769230769231,6.35,9,Jordan Howard,RB,2.0,24.0,ACT,49,5,9.8
2019,00-0032780,J.Howard,RB,PHI,119,525.0,6,14,10,69.0,1,69.0,0,0,0,0.0,9,,4.411764705882353,6.9,7,Jordan Howard,RB,3.0,24.0,ACT,49,5,9.8
2020,00-0032780,J.Howard,RB,MIA,28,33.0,4,1,1,-3.0,0,0.0,0,0,0,0.0,7,,1.1785714285714286,0.0,4,,,,,,49,5,9.8
2020,00-0032780,J.Howard,RB,PHI,7,27.0,0,0,0,0.0,0,0.0,0,0,0,0.0,7,,3.857142857142857,,0,Jordan Howard,RB,4.0,28.0,DEV,49,5,9.8
2021,00-0032780,J.Howard,RB,PHI,86,406.0,3,6,3,26.0,0,25.0,0,0,0,0.0,8,,4.72093023255814,8.333333333333334,3,Jordan Howard,RB,5.0,24.0,ACT,49,5,9.8
2022,00-0032780,J.Howard,RB,NO,1,1.0,0,0,0,0.0,0,0.0,0,0,0,0.0,1,,1.0,,0,Jordan Howard,RB,6.0,28.0,CUT,49,5,9.8
2018,00-0030521,J.Hunter,WR,PIT,0,0.0,0,13,3,21.0,0,2.0,0,0,0,0.0,4,,,0.6666666666666666,0,Justin Hunter,WR,5.0,11.0,RES,4,1,4.0
2020,00-0036278,J.Huntley,RB,PHI,5,19.0,0,2,1,0.0,0,1.0,0,0,0,0.0,3,,3.8,1.0,0,Jason Huntley,RB,0.0,32.0,ACT,4,2,2.0
2021,00-0036278,J.Huntley,RB,PHI,13,51.0,0,1,0,0.0,0,0.0,0,0,0,0.0,1,,3.923076923076923,,0,Jason Huntley,RB,1.0,32.0,INA,4,2,2.0
2020,00-0036389,J.Hurts,QB,PHI,63,354.0,3,1,1,3.0,0,9.0,6,77,148,1061.0,14,0.5202702702702703,5.619047619047619,9.0,9,Jalen Hurts,QB,0.0,2.0,ACT,85,5,17.0
2021,00-0036389,J.Hurts,QB,PHI,147,823.0,10,1,0,0.0,0,0.0,17,288,475,3402.0,16,0.6063157894736843,5.598639455782313,,27,Jalen Hurts,QB,1.0,1.0,ACT,85,5,17.0
2022,00-0036389,J.Hurts,QB,PHI,200,903.0,18,0,0,0.0,0,0.0,25,364,547,4280.0,18,0.6654478976234004,4.515,,43,Jalen Hurts,QB,2.0,1.0,ACT,85,5,17.0
2023,00-0036389,J.Hurts,QB,PHI,158,610.0,15,0,0,0.0,0,0.0,24,377,573,4108.0,18,0.6579406631762653,3.8607594936708862,,39,Jalen Hurts,QB,3.0,1.0,ACT,85,5,17.0
2024,00-0036389,J.Hurts,QB,PHI,184,824.0,19,0,0,0.0,0,0.0,23,313,452,3629.0,19,0.6924778761061947,4.478260869565218,,42,Jalen Hurts,QB,4.0,1.0,ACT,85,5,17.0
2023,00-0038938,J.Hyatt,WR,NYG,0,0.0,0,40,23,373.0,0,48.0,0,0,0,0.0,13,,,2.0869565217391304,0,Jalin Hyatt,WR,0.0,13.0,ACT,23,2,11.5
2024,00-0038938,J.Hyatt,WR,NYG,0,0.0,0,19,8,62.0,0,6.0,0,0,0,0.0,10,,,0.75,0,Jalin Hyatt,WR,1.0,13.0,ACT,23,2,11.5
2018,00-0034440,J.Jackson,RB,LAC,53,215.0,2,23,18,157.0,0,181.0,0,0,0,0.0,10,,4.056603773584905,10.055555555555555,2,Justin Jackson,RB,0.0,32.0,ACT,50,5,10.0
2019,00-0034440,J.Jackson,RB,LAC,29,200.0,0,11,9,22.0,0,38.0,0,0,0,0.0,7,,6.896551724137931,4.222222222222222,0,Justin Jackson,RB,1.0,22.0,ACT,50,5,10.0
2020,00-0034440,J.Jackson,RB,LAC,59,270.0,0,24,19,173.0,0,221.0,0,0,0,0.0,8,,4.576271186440678,11.631578947368421,0,Justin Jackson,RB,2.0,22.0,ACT,50,5,10.0
2021,00-0034440,J.Jackson,RB,LAC,68,364.0,2,25,22,178.0,0,165.0,0,0,0,0.0,13,,5.352941176470588,7.5,2,Justin Jackson,RB,3.0,22.0,ACT,50,5,10.0
2022,00-0034440,J.Jackson,RB,DET,42,170.0,1,19,12,101.0,1,110.0,0,0,0,0.0,12,,4.0476190476190474,9.166666666666666,2,Justin Jackson,RB,4.0,42.0,ACT,50,5,10.0
2024,00-0039392,J.Jackson,WR,TEN,1,-5.0,0,3,1,8.0,0,2.0,0,0,0,0.0,2,,-5.0,2.0,0,Jha'Quan Jackson,WR,0.0,19.0,INA,2,1,2.0
2024,00-0039614,J.Jackson,WR,NO,1,-1.0,0,0,0,0.0,0,0.0,0,0,0,0.0,1,,-1.0,,0,Jermaine Jackson,WR,0.0,80.0,DEV,1,1,1.0
2019,00-0035700,J.Jacobs,RB,LV,242,1150.0,7,27,20,166.0,0,183.0,0,0,0,0.0,13,,4.75206611570248,9.15,7,,,,,,92,6,15.333333333333334
2020,00-0035700,J.Jacobs,RB,LV,273,1065.0,12,45,33,238.0,0,238.0,0,0,0,0.0,15,,3.901098901098901,7.212121212121212,12,Josh Jacobs,RB,1.0,28.0,ACT,92,6,15.333333333333334
2021,00-0035700,J.Jacobs,RB,LV,230,955.0,9,69,58,392.0,0,437.0,0,0,0,0.0,16,,4.1521739130434785,7.5344827586206895,9,Josh Jacobs,RB,2.0,28.0,ACT,92,6,15.333333333333334
2022,00-0035700,J.Jacobs,RB,LV,340,1653.0,12,64,53,400.0,0,374.0,0,0,0,0.0,17,,4.8617647058823525,7.056603773584905,12,Josh Jacobs,RB,3.0,28.0,ACT,92,6,15.333333333333334
2023,00-0035700,J.Jacobs,RB,LV,233,805.0,6,54,37,296.0,0,293.0,0,0,0,0.0,13,,3.4549356223175964,7.918918918918919,6,Josh Jacobs,RB,4.0,8.0,INA,92,6,15.333333333333334
2024,00-0035700,J.Jacobs,RB,GB,319,1410.0,16,46,39,382.0,1,437.0,0,0,0,0.0,18,,4.420062695924765,11.205128205128204,17,Josh Jacobs,RB,5.0,8.0,ACT,92,6,15.333333333333334
2018,00-0032135,J.James,TE,PIT,0,0.0,0,39,30,423.0,2,185.0,0,0,0,0.0,14,,,6.166666666666667,2,Jesse James,TE,3.0,81.0,ACT,43,4,10.75
2019,00-0032135,J.James,TE,DET,0,0.0,0,27,16,142.0,0,65.0,0,0,0,0.0,13,,,4.0625,0,Jesse James,TE,4.0,83.0,ACT,43,4,10.75
2020,00-0032135,J.James,TE,DET,0,0.0,0,22,14,129.0,2,76.0,0,0,0,0.0,12,,,5.428571428571429,2,Jesse James,TE,5.0,83.0,ACT,43,4,10.75
2021,00-0032135,J.James,TE,CHI,0,0.0,0,8,7,62.0,1,18.0,0,0,0,0.0,4,,,2.5714285714285716,1,Jesse James,TE,6.0,18.0,ACT,43,4,10.75
2020,00-0036322,J.Jefferson,WR,MIN,1,2.0,0,125,88,1400.0,7,453.0,0,0,0,0.0,16,,2.0,5.1477272727272725,7,Justin Jefferson,WR,0.0,18.0,ACT,79,5,15.8
2021,00-0036322,J.Jefferson,WR,MIN,6,14.0,0,167,108,1616.0,10,490.0,0,2,4,35.0,17,0.5,2.3333333333333335,4.537037037037037,10,Justin Jefferson,WR,1.0,18.0,ACT,79,5,15.8
2021,00-0036670,J.Jefferson,RB,DET,15,74.0,2,5,4,23.0,0,21.0,0,0,0,0.0,4,,4.933333333333334,5.25,2,Jermar Jefferson,RB,0.0,28.0,INA,6,2,3.0
2022,00-0036322,J.Jefferson,WR,MIN,4,24.0,1,193,135,1856.0,8,620.0,0,3,3,32.0,18,1.0,6.0,4.592592592592593,9,Justin Jefferson,WR,2.0,18.0,ACT,79,5,15.8
2023,00-0036322,J.Jefferson,WR,MIN,1,-12.0,0,100,68,1074.0,5,260.0,0,0,1,0.0,10,0.0,-12.0,3.823529411764706,5,Justin Jefferson,WR,3.0,18.0,ACT,79,5,15.8
2024,00-0036322,J.Jefferson,WR,MIN,1,3.0,0,162,108,1591.0,10,498.0,0,1,1,22.0,18,1.0,3.0,4.611111111111111,10,Justin Jefferson,WR,4.0,18.0,ACT,79,5,15.8
2024,00-0036670,J.Jefferson,RB,DET,6,22.0,0,1,1,10.0,0,10.0,0,0,0,0.0,2,,3.6666666666666665,10.0,0,Jermar Jefferson,RB,3.0,28.0,DEV,6,2,3.0
2021,00-0036259,J.Jennings,WR,SF,0,0.0,0,47,30,325.0,5,118.0,0,0,0,0.0,16,,,3.933333333333333,5,Jauan Jennings,WR,1.0,15.0,ACT,64,4,16.0
2022,00-0036259,J.Jennings,WR,SF,0,0.0,0,63,39,483.0,1,191.0,0,0,0,0.0,18,,,4.897435897435898,1,Jauan Jennings,WR,2.0,15.0,ACT,64,4,16.0
2023,00-0036259,J.Jennings,WR,SF,1,-1.0,0,46,29,376.0,2,128.0,1,1,1,21.0,15,1.0,-1.0,4.413793103448276,3,Jauan Jennings,WR,3.0,15.0,ACT,64,4,16.0
2024,00-0036259,J.Jennings,WR,SF,0,0.0,0,113,77,975.0,6,238.0,0,0,0,0.0,15,,,3.090909090909091,6,Jauan Jennings,WR,4.0,15.0,ACT,64,4,16.0
2020,00-0036407,J.Jeudy,WR,DEN,0,0.0,0,113,52,856.0,3,284.0,0,0,0,0.0,16,,,5.461538461538462,3,Jerry Jeudy,WR,0.0,10.0,ACT,74,5,14.8
2021,00-0036407,J.Jeudy,WR,DEN,2,3.0,0,56,38,467.0,0,178.0,0,0,0,0.0,10,,1.5,4.684210526315789,0,Jerry Jeudy,WR,1.0,10.0,ACT,74,5,14.8
2022,00-0036407,J.Jeudy,WR,DEN,4,40.0,0,100,67,972.0,6,396.0,0,0,0,0.0,15,,10.0,5.91044776119403,6,Jerry Jeudy,WR,2.0,10.0,ACT,74,5,14.8
2023,00-0036407,J.Jeudy,WR,DEN,0,0.0,0,87,54,758.0,2,323.0,0,0,0,0.0,16,,,5.981481481481482,2,Jerry Jeudy,WR,3.0,10.0,ACT,74,5,14.8
2024,00-0036407,J.Jeudy,WR,CLE,0,0.0,0,145,90,1229.0,4,387.0,0,0,0,0.0,17,,,4.3,4,Jerry Jeudy,WR,4.0,3.0,ACT,74,5,14.8
2018,00-0026300,J.Johnson,QB,WAS,23,120.0,1,0,0,0.0,0,0.0,3,52,91,590.0,4,0.5714285714285714,5.217391304347826,,4,Josh Johnson,QB,10.0,8.0,ACT,18,4,4.5
2020,00-0036040,J.Johnson,TE,NO,0,0.0,0,10,4,39.0,0,20.0,0,0,0,0.0,5,,,5.0,0,,,,,,61,5,12.2
2021,00-0026300,J.Johnson,QB,BAL,5,10.0,0,0,0,0.0,0,0.0,2,28,40,304.0,4,0.7,2.0,,2,Josh Johnson,QB,13.0,15.0,ACT,18,4,4.5
2021,00-0026300,J.Johnson,QB,NYJ,4,18.0,0,0,0,0.0,0,0.0,3,29,45,334.0,4,0.6444444444444445,4.5,,3,,,,,,18,4,4.5
2021,00-0036040,J.Johnson,TE,NO,0,0.0,0,22,13,159.0,4,42.0,0,0,0,0.0,12,,,3.230769230769231,4,Juwan Johnson,TE,1.0,83.0,ACT,61,5,12.2
2022,00-0026300,J.Johnson,QB,SF,4,5.0,0,0,0,0.0,0,0.0,0,8,15,84.0,2,0.5333333333333333,1.25,,0,Josh Johnson,QB,14.0,17.0,ACT,18,4,4.5
2022,00-0036040,J.Johnson,TE,NO,0,0.0,0,65,42,508.0,7,166.0,0,0,0,0.0,16,,,3.9523809523809526,7,Juwan Johnson,TE,2.0,83.0,ACT,61,5,12.2
2023,00-0036040,J.Johnson,TE,NO,0,0.0,0,59,37,368.0,4,145.0,0,0,0,0.0,13,,,3.918918918918919,4,Juwan Johnson,TE,3.0,83.0,ACT,61,5,12.2
2024,00-0026300,J.Johnson,QB,BAL,4,1.0,0,0,0,0.0,0,0.0,0,2,3,17.0,4,0.6666666666666666,0.25,,0,Josh Johnson,QB,16.0,17.0,ACT,18,4,4.5
2024,00-0036040,J.Johnson,TE,NO,0,0.0,0,66,50,548.0,3,212.0,0,0,0,0.0,15,,,4.24,3,Juwan Johnson,TE,4.0,83.0,ACT,61,5,12.2
2018,00-0027944,J.Jones,WR,ATL,2,12.0,0,170,113,1677.0,8,448.0,0,0,0,0.0,16,,6.0,3.9646017699115044,8,Julio Jones,WR,7.0,11.0,ACT,71,6,11.833333333333334
2018,00-0034560,J.Jones,WR,LAC,1,0.0,0,0,0,0.0,0,0.0,0,0,0,0.0,2,,0.0,,0,,,,,,4,1,4.0
2018,00-0034560,J.Jones,WR,NYJ,0,0.0,0,1,1,3.0,0,1.0,0,0,0,0.0,2,,,1.0,0,J.J. Jones,WR,0.0,84.0,ACT,4,1,4.0
2019,00-0027944,J.Jones,WR,ATL,2,-3.0,0,157,99,1394.0,6,342.0,0,0,0,0.0,15,,-1.5,3.4545454545454546,6,Julio Jones,WR,8.0,11.0,ACT,71,6,11.833333333333334
2020,00-0027944,J.Jones,WR,ATL,0,0.0,0,68,51,771.0,3,231.0,0,0,0,0.0,9,,,4.529411764705882,3,Julio Jones,WR,9.0,11.0,INA,71,6,11.833333333333334
2021,00-0027944,J.Jones,WR,TEN,0,0.0,0,55,37,496.0,1,136.0,0,0,0,0.0,11,,,3.675675675675676,1,Julio Jones,WR,10.0,2.0,ACT,71,6,11.833333333333334
2022,00-0027944,J.Jones,WR,TB,5,45.0,0,54,31,373.0,3,131.0,0,0,0,0.0,11,,9.0,4.225806451612903,3,Julio Jones,WR,11.0,6.0,ACT,71,6,11.833333333333334
2023,00-0027944,J.Jones,WR,PHI,0,0.0,0,22,14,96.0,3,28.0,0,0,0,0.0,9,,,2.0,3,Julio Jones,WR,12.0,80.0,ACT,71,6,11.833333333333334
2018,00-0029159,J.Kearse,WR,NYJ,0,0.0,0,76,37,371.0,1,125.0,0,0,0,0.0,13,,,3.3783783783783785,1,Jermaine Kearse,WR,6.0,10.0,ACT,13,1,13.0
2020,00-0036370,J.Kelley,RB,LAC,111,354.0,2,23,23,148.0,0,173.0,0,0,0,0.0,13,,3.189189189189189,7.521739130434782,2,Joshua Kelley,RB,0.0,27.0,ACT,52,5,10.4
2021,00-0036370,J.Kelley,RB,LAC,33,102.0,0,6,5,38.0,0,31.0,0,0,0,0.0,8,,3.090909090909091,6.2,0,Joshua Kelley,RB,1.0,27.0,ACT,52,5,10.4
2022,00-0036370,J.Kelley,RB,LAC,76,307.0,2,26,15,109.0,0,92.0,0,0,0,0.0,13,,4.0394736842105265,6.133333333333334,2,Joshua Kelley,RB,2.0,25.0,ACT,52,5,10.4
2023,00-0036370,J.Kelley,RB,LAC,107,405.0,2,12,8,32.0,0,39.0,0,0,0,0.0,17,,3.7850467289719627,4.875,2,Joshua Kelley,RB,3.0,25.0,ACT,52,5,10.4
2024,00-0036370,J.Kelley,RB,TEN,1,2.0,0,0,0,0.0,0,0.0,0,0,0,0.0,1,,2.0,,0,Joshua Kelley,RB,4.0,25.0,ACT,52,5,10.4
2018,00-0034808,J.Kelly,RB,LA,27,74.0,0,3,2,27.0,0,27.0,0,0,0,0.0,3,,2.740740740740741,13.5,0,John Kelly,RB,0.0,42.0,ACT,5,3,1.6666666666666667
2019,00-0034808,J.Kelly,RB,LA,3,9.0,0,0,0,0.0,0,0.0,0,0,0,0.0,1,,3.0,,0,John Kelly,RB,1.0,42.0,ACT,5,3,1.6666666666666667
2021,00-0034808,J.Kelly,RB,CLE,2,13.0,0,0,0,0.0,0,0.0,0,0,0,0.0,1,,6.5,,0,John Kelly,RB,3.0,41.0,DEV,5,3,1.6666666666666667
2018,00-0028091,J.Kerley,WR,BUF,0,0.0,0,4,2,7.0,0,15.0,0,0,0,0.0,1,,,7.5,0,Jeremy Kerley,WR,7.0,10.0,CUT,1,1,1.0
2024,00-0039617,J.Kibodi,RB,CLE,5,24.0,0,3,1,15.0,0,11.0,0,0,0,0.0,1,,4.8,11.0,0,Jacob Kibodi,RB,0.0,36.0,ACT,1,1,1.0
2018,00-0031787,J.Kumerow,WR,GB,0,0.0,0,11,8,103.0,1,23.0,0,0,0,0.0,4,,,2.875,1,Jake Kumerow,WR,3.0,16.0,ACT,26,5,5.2
2019,00-0031787,J.Kumerow,WR,GB,0,0.0,0,23,13,242.0,1,92.0,0,0,0,0.0,13,,,7.076923076923077,1,Jake Kumerow,WR,4.0,16.0,ACT,26,5,5.2
2020,00-0031787,J.Kumerow,WR,BUF,0,0.0,0,1,1,22.0,1,0.0,0,0,0,0.0,1,,,0.0,1,,,,,,26,5,5.2
2021,00-0031787,J.Kumerow,WR,BUF,0,0.0,0,6,2,28.0,0,7.0,0,0,0,0.0,4,,,3.5,0,Jake Kumerow,WR,6.0,15.0,ACT,26,5,5.2
2022,00-0031787,J.Kumerow,WR,BUF,0,0.0,0,7,4,64.0,0,17.0,0,0,0,0.0,4,,,4.25,0,Jake Kumerow,WR,7.0,15.0,RES,26,5,5.2
2018,00-0031382,J.Landry,WR,CLE,3,60.0,1,149,81,976.0,4,274.0,0,1,2,63.0,16,0.5,20.0,3.382716049382716,5,Jarvis Landry,WR,4.0,80.0,ACT,70,5,14.0
2019,00-0031382,J.Landry,WR,CLE,1,10.0,0,138,83,1174.0,6,436.0,0,0,0,0.0,16,,10.0,5.253012048192771,6,Jarvis Landry,WR,5.0,80.0,ACT,70,5,14.0
2020,00-0031382,J.Landry,WR,CLE,4,10.0,1,119,84,952.0,5,417.0,1,4,4,74.0,17,1.0,2.5,4.964285714285714,7,Jarvis Landry,WR,6.0,80.0,ACT,70,5,14.0
2021,00-0031382,J.Landry,WR,CLE,6,40.0,2,87,52,570.0,2,273.0,0,0,0,0.0,12,,6.666666666666667,5.25,4,Jarvis Landry,WR,7.0,80.0,ACT,70,5,14.0
2022,00-0031382,J.Landry,WR,NO,0,0.0,0,39,25,272.0,1,61.0,0,0,0,0.0,9,,,2.44,1,Jarvis Landry,WR,8.0,5.0,RES,70,5,14.0
2018,00-0031569,J.Langford,RB,ATL,9,25.0,0,0,0,0.0,0,0.0,0,0,0,0.0,1,,2.7777777777777777,,0,Jeremy Langford,RB,3.0,43.0,ACT,1,1,1.0
2018,00-0033953,J.Leggett,TE,NYJ,0,0.0,0,25,14,114.0,1,49.0,0,0,0,0.0,13,,,3.5,1,Jordan Leggett,TE,1.0,86.0,ACT,13,1,13.0
2021,00-0036264,J.Love,QB,GB,12,27.0,0,0,0,0.0,0,0.0,2,36,62,411.0,6,0.5806451612903226,2.25,,2,Jordan Love,QB,1.0,10.0,ACT,45,4,11.25
2022,00-0036264,J.Love,QB,GB,1,-1.0,0,0,0,0.0,0,0.0,1,14,21,195.0,4,0.6666666666666666,-1.0,,1,Jordan Love,QB,2.0,10.0,ACT,45,4,11.25
2023,00-0036264,J.Love,QB,GB,56,249.0,4,0,0,0.0,0,0.0,37,409,634,4625.0,19,0.6451104100946372,4.446428571428571,,41,Jordan Love,QB,3.0,10.0,ACT,45,4,11.25
2024,00-0036264,J.Love,QB,GB,27,93.0,1,0,0,0.0,0,0.0,25,288,458,3601.0,16,0.62882096069869,3.4444444444444446,,26,Jordan Love,QB,4.0,10.0,ACT,45,4,11.25
2020,00-0035161,J.Lovett,QB,GB,3,6.0,0,0,0,0.0,0,0.0,0,0,0,0.0,1,,2.0,,0,John Lovett,QB,1.0,45.0,RES,1,1,1.0
2020,00-0036312,J.Luton,QB,JAX,1,13.0,1,0,0,0.0,0,0.0,2,60,110,624.0,3,0.5454545454545454,13.0,,3,Jake Luton,QB,0.0,6.0,INA,3,1,3.0
2018,00-0033859,J.Malone,WR,CIN,0,0.0,0,5,1,12.0,0,0.0,0,0,0,0.0,3,,,0.0,0,Josh Malone,WR,1.0,80.0,ACT,4,2,2.0
2020,00-0033859,J.Malone,WR,NYJ,1,12.0,0,6,4,16.0,0,8.0,0,0,0,0.0,1,,12.0,2.0,0,Josh Malone,WR,3.0,83.0,DEV,4,2,2.0
2022,00-0037525,J.Mason,RB,SF,45,270.0,1,0,0,0.0,0,0.0,0,0,0,0.0,9,,6.0,,1,Jordan Mason,RB,0.0,24.0,ACT,30,3,10.0
2023,00-0037525,J.Mason,RB,SF,40,206.0,3,4,3,31.0,0,23.0,0,0,0,0.0,9,,5.15,7.666666666666667,3,Jordan Mason,RB,1.0,24.0,ACT,30,3,10.0
2024,00-0037525,J.Mason,RB,SF,153,789.0,3,14,11,91.0,0,59.0,0,0,0,0.0,12,,5.1568627450980395,5.363636363636363,3,Jordan Mason,RB,2.0,24.0,RES,30,3,10.0
2018,00-0031299,J.Matthews,TE,PHI,0,0.0,0,30,21,337.0,3,90.0,0,0,0,0.0,12,,,4.285714285714286,3,,,,,,15,3,5.0
2019,00-0031299,J.Matthews,TE,PHI,0,0.0,0,12,4,33.0,0,7.0,0,0,0,0.0,2,,,1.75,0,,,,,,15,3,5.0
2024,00-0031299,J.Matthews,TE,CAR,0,0.0,0,1,0,0.0,0,0.0,0,0,0,0.0,1,,,,0,Jordan Matthews,TE,10.0,81.0,DEV,15,3,5.0
2024,00-0039393,J.McClellan,RB,ATL,13,32.0,0,0,0,0.0,0,0.0,0,0,0,0.0,2,,2.4615384615384617,,0,Jase McClellan,RB,0.0,30.0,RES,2,1,2.0
2018,00-0021206,J.McCown,QB,NYJ,5,32.0,0,0,0,0.0,0,0.0,1,60,110,539.0,4,0.5454545454545454,6.4,,1,Josh McCown,QB,16.0,15.0,ACT,7,2,3.5
2019,00-0021206,J.McCown,QB,PHI,7,21.0,0,0,0,0.0,0,0.0,0,21,29,198.0,3,0.7241379310344828,3.0,,0,Josh McCown,QB,17.0,18.0,ACT,7,2,3.5
2020,00-0031376,J.McKinnon,RB,SF,81,319.0,5,46,33,253.0,1,178.0,0,0,0,0.0,14,,3.9382716049382718,5.393939393939394,6,Jerick McKinnon,RB,6.0,28.0,ACT,57,4,14.25
2021,00-0031376,J.McKinnon,RB,KC,46,212.0,0,37,27,272.0,2,330.0,0,0,0,0.0,10,,4.608695652173913,12.222222222222221,2,Jerick McKinnon,RB,7.0,1.0,ACT,57,4,14.25
2022,00-0031376,J.McKinnon,RB,KC,91,351.0,1,78,61,544.0,9,570.0,0,0,0,0.0,20,,3.857142857142857,9.344262295081966,10,Jerick McKinnon,RB,8.0,1.0,ACT,57,4,14.25
2023,00-0031376,J.McKinnon,RB,KC,21,60.0,1,34,27,207.0,4,233.0,1,1,1,4.0,13,1.0,2.857142857142857,8.62962962962963,6,Jerick McKinnon,RB,9.0,1.0,ACT,57,4,14.25
2018,00-0032602,J.McKissic,RB,SEA,3,8.0,0,4,2,13.0,1,7.0,0,0,0,0.0,4,,2.6666666666666665,3.5,1,J.D. McKissic,RB,2.0,21.0,ACT,55,5,11.0
2019,00-0032602,J.McKissic,RB,DET,38,205.0,0,42,34,233.0,1,237.0,0,0,0,0.0,15,,5.394736842105263,6.970588235294118,1,J.D. McKissic,RB,3.0,41.0,ACT,55,5,11.0
2020,00-0032602,J.McKissic,RB,WAS,87,370.0,2,113,82,597.0,2,517.0,0,0,0,0.0,17,,4.252873563218391,6.304878048780488,4,J.D. McKissic,RB,4.0,41.0,ACT,55,5,11.0
2021,00-0032602,J.McKissic,RB,WAS,48,212.0,2,53,43,397.0,2,380.0,0,0,0,0.0,11,,4.416666666666667,8.837209302325581,4,J.D. McKissic,RB,5.0,41.0,RES,55,5,11.0
2022,00-0032602,J.McKissic,RB,WAS,22,95.0,0,40,27,173.0,0,152.0,0,0,0,0.0,8,,4.318181818181818,5.62962962962963,0,J.D. McKissic,RB,6.0,23.0,RES,55,5,11.0
2023,00-0038794,J.McLaughlin,RB,DEN,76,410.0,1,36,31,160.0,2,290.0,0,0,0,0.0,17,,5.394736842105263,9.35483870967742,3,Jaleel McLaughlin,RB,0.0,38.0,ACT,34,2,17.0
2024,00-0038794,J.McLaughlin,RB,DEN,115,494.0,1,28,25,76.0,2,169.0,0,0,0,0.0,17,,4.2956521739130435,6.76,3,Jaleel McLaughlin,RB,1.0,38.0,ACT,34,2,17.0
2024,00-0039855,J.McMillan,WR,TB,4,43.0,0,62,39,502.0,8,144.0,0,0,0,0.0,14,,10.75,3.6923076923076925,8,Jalen McMillan,WR,0.0,15.0,ACT,14,1,14.0
2018,00-0033955,J.McNichols,RB,IND,2,4.0,0,0,0,0.0,0,0.0,0,0,0,0.0,1,,2.0,,0,,,,,,46,4,11.5
2020,00-0033955,J.McNichols,RB,TEN,48,208.0,1,17,12,55.0,0,51.0,0,0,0,0.0,16,,4.333333333333333,4.25,1,Jeremy McNichols,RB,3.0,28.0,ACT,46,4,11.5
2021,00-0033955,J.McNichols,RB,TEN,41,156.0,0,38,28,240.0,1,255.0,0,0,0,0.0,13,,3.8048780487804876,9.107142857142858,1,Jeremy McNichols,RB,4.0,28.0,DEV,46,4,11.5
2024,00-0033955,J.McNichols,RB,WAS,60,270.0,5,12,9,27.0,0,33.0,0,0,0,0.0,16,,4.5,3.6666666666666665,5,Jeremy McNichols,RB,7.0,26.0,ACT,46,4,11.5
2023,00-0037614,J.Metchie,WR,HOU,2,13.0,0,33,19,202.0,0,99.0,0,0,0,0.0,15,,6.5,5.2105263157894735,0,John Metchie III,WR,1.0,8.0,ACT,27,2,13.5
2024,00-0037614,J.Metchie,WR,HOU,0,0.0,0,47,30,317.0,1,79.0,0,0,0,0.0,12,,,2.6333333333333333,1,John Metchie III,WR,2.0,8.0,ACT,27,2,13.5
2019,00-0034960,J.Meyers,WR,NE,0,0.0,0,41,26,359.0,0,114.0,0,0,0,0.0,11,,,4.384615384615385,0,Jakobi Meyers,WR,0.0,16.0,ACT,85,6,14.166666666666666
2020,00-0034960,J.Meyers,WR,NE,2,9.0,0,81,59,729.0,0,216.0,2,2,2,43.0,12,1.0,4.5,3.6610169491525424,2,Jakobi Meyers,WR,1.0,16.0,ACT,85,6,14.166666666666666
2021,00-0034960,J.Meyers,WR,NE,1,9.0,0,135,89,906.0,2,226.0,0,2,2,45.0,17,1.0,9.0,2.539325842696629,2,Jakobi Meyers,WR,2.0,16.0,ACT,85,6,14.166666666666666
2022,00-0034960,J.Meyers,WR,NE,2,9.0,0,96,67,804.0,6,238.0,0,0,0,0.0,14,,4.5,3.5522388059701493,6,Jakobi Meyers,WR,3.0,16.0,ACT,85,6,14.166666666666666
2023,00-0034960,J.Meyers,WR,LV,4,24.0,2,106,71,807.0,8,242.0,1,2,3,12.0,16,0.6666666666666666,6.0,3.408450704225352,11,Jakobi Meyers,WR,4.0,16.0,ACT,85,6,14.166666666666666
2024,00-0034960,J.Meyers,WR,LV,2,23.0,0,129,87,1027.0,4,293.0,0,0,0,0.0,15,,11.5,3.367816091954023,4,Jakobi Meyers,WR,5.0,16.0,ACT,85,6,14.166666666666666
2020,00-0033006,J.Mickens,WR,TB,0,0.0,0,10,7,58.0,0,31.0,0,0,0,0.0,2,,,4.428571428571429,0,Jaydon Mickens,WR,4.0,85.0,ACT,4,2,2.0
2021,00-0033006,J.Mickens,WR,JAX,0,0.0,0,3,2,10.0,0,3.0,0,0,0,0.0,2,,,1.5,0,Jaydon Mickens,WR,5.0,4.0,ACT,4,2,2.0
2024,00-0039398,J.Milton,QB,NE,10,16.0,1,0,0,0.0,0,0.0,1,22,29,241.0,1,0.7586206896551724,1.6,,2,Joe Milton III,QB,0.0,19.0,ACT,1,1,1.0
2023,00-0038678,J.Mims,RB,NO,0,0.0,0,2,0,0.0,0,0.0,0,0,0,0.0,1,,,,0,Jordan Mims,RB,0.0,33.0,ACT,8,2,4.0
2024,00-0038678,J.Mims,RB,NO,20,70.0,0,18,12,71.0,0,80.0,0,0,0,0.0,7,,3.5,6.666666666666667,0,Jordan Mims,RB,1.0,33.0,ACT,8,2,4.0
2023,00-0039062,J.Mingo,WR,CAR,0,0.0,0,85,43,418.0,0,155.0,0,0,0,0.0,15,,,3.604651162790698,0,Jonathan Mingo,WR,0.0,15.0,RES,43,2,21.5
2024,00-0039062,J.Mingo,WR,CAR,2,5.0,0,26,12,121.0,0,64.0,0,0,0,0.0,14,,2.5,5.333333333333333,0,,,,,,43,2,21.5
2024,00-0039062,J.Mingo,WR,DAL,0,0.0,0,16,5,46.0,0,3.0,0,0,0,0.0,14,,,0.6,0,Jonathan Mingo,WR,1.0,81.0,ACT,43,2,21.5
2022,00-0037282,J.Mitchell,TE,DET,0,0.0,0,11,11,113.0,1,62.0,0,0,0,0.0,8,,,5.636363636363637,1,James Mitchell,TE,0.0,82.0,ACT,10,2,5.0
2023,00-0037282,J.Mitchell,TE,DET,0,0.0,0,2,2,28.0,0,12.0,0,0,0,0.0,2,,,6.0,0,James Mitchell,TE,1.0,82.0,RES,10,2,5.0
2018,00-0033897,J.Mixon,RB,CIN,237,1168.0,8,55,43,296.0,1,333.0,0,0,0,0.0,14,,4.928270042194093,7.744186046511628,9,Joe Mixon,HB,1.0,28.0,ACT,106,7,15.142857142857142
2019,00-0033897,J.Mixon,RB,CIN,278,1137.0,5,45,35,287.0,3,331.0,0,0,0,0.0,16,,4.089928057553957,9.457142857142857,8,Joe Mixon,HB,2.0,28.0,ACT,106,7,15.142857142857142
2020,00-0033897,J.Mixon,RB,CIN,119,428.0,3,26,21,138.0,1,171.0,0,0,0,0.0,6,,3.596638655462185,8.142857142857142,4,Joe Mixon,RB,3.0,28.0,RES,106,7,15.142857142857142
2021,00-0033897,J.Mixon,RB,CIN,359,1467.0,14,69,60,421.0,3,446.0,1,1,1,6.0,20,1.0,4.086350974930362,7.433333333333334,18,Joe Mixon,RB,4.0,28.0,ACT,106,7,15.142857142857142
2022,00-0033897,J.Mixon,RB,CIN,249,977.0,8,85,68,491.0,2,530.0,0,0,0,0.0,17,,3.923694779116466,7.794117647058823,10,Joe Mixon,RB,5.0,28.0,ACT,106,7,15.142857142857142
2023,00-0033897,J.Mixon,RB,CIN,257,1034.0,9,64,52,376.0,3,463.0,0,0,0,0.0,17,,4.023346303501945,8.903846153846153,12,Joe Mixon,RB,6.0,28.0,ACT,106,7,15.142857142857142
2024,00-0033897,J.Mixon,RB,HOU,288,1210.0,13,57,39,334.0,1,384.0,0,0,1,0.0,16,0.0,4.201388888888889,9.846153846153847,14,Joe Mixon,RB,7.0,28.0,ACT,106,7,15.142857142857142
2018,00-0034268,J.Moore,WR,GB,0,0.0,0,3,2,15.0,0,6.0,0,0,0,0.0,2,,,3.0,0,J'Mon Moore,WR,0.0,82.0,ACT,2,1,2.0
2019,00-0035432,J.Moore,WR,LAC,0,0.0,0,5,2,43.0,0,6.0,0,0,0,0.0,4,,,3.0,0,Jason Moore,WR,0.0,89.0,ACT,6,3,2.0
2021,00-0035432,J.Moore,WR,LAC,0,0.0,0,4,3,56.0,0,26.0,0,0,0,0.0,1,,,8.666666666666666,0,Jason Moore,WR,2.0,11.0,DEV,6,3,2.0
2022,00-0035432,J.Moore,WR,LAC,0,0.0,0,2,1,5.0,0,0.0,0,0,0,0.0,1,,,0.0,0,Jason Moore,WR,3.0,11.0,DEV,6,3,2.0
2018,00-0033246,J.Mundt,TE,LA,0,0.0,0,1,1,5.0,0,5.0,0,0,0,0.0,1,,,5.0,0,Johnny Mundt,TE,1.0,82.0,ACT,46,7,6.571428571428571
2019,00-0033246,J.Mundt,TE,LA,0,0.0,0,7,4,26.0,0,10.0,0,0,0,0.0,5,,,2.5,0,Johnny Mundt,TE,2.0,82.0,ACT,46,7,6.571428571428571
2020,00-0033246,J.Mundt,TE,LA,0,0.0,0,4,4,53.0,0,45.0,0,0,0,0.0,2,,,11.25,0,Johnny Mundt,TE,3.0,82.0,ACT,46,7,6.571428571428571
2021,00-0033246,J.Mundt,TE,LA,0,0.0,0,1,1,9.0,0,2.0,0,0,0,0.0,1,,,2.0,0,Johnny Mundt,TE,4.0,82.0,RES,46,7,6.571428571428571
2022,00-0033246,J.Mundt,TE,MIN,0,0.0,0,22,20,152.0,1,129.0,0,0,0,0.0,14,,,6.45,1,Johnny Mundt,TE,5.0,86.0,ACT,46,7,6.571428571428571
2023,00-0033246,J.Mundt,TE,MIN,0,0.0,0,23,17,172.0,1,94.0,0,0,0,0.0,9,,,5.529411764705882,1,Johnny Mundt,TE,6.0,86.0,ACT,46,7,6.571428571428571
2024,00-0033246,J.Mundt,TE,MIN,0,0.0,0,30,21,170.0,2,102.0,0,0,0,0.0,14,,,4.857142857142857,2,Johnny Mundt,TE,7.0,86.0,ACT,46,7,6.571428571428571
2022,00-0037291,J.Nailor,WR,MIN,0,0.0,0,13,9,179.0,1,67.0,0,0,0,0.0,5,,,7.444444444444445,1,Jalen Nailor,WR,0.0,83.0,ACT,23,3,7.666666666666667
2023,00-0037291,J.Nailor,WR,MIN,0,0.0,0,6,3,29.0,0,21.0,0,0,0,0.0,2,,,7.0,0,Jalen Nailor,WR,1.0,83.0,RES,23,3,7.666666666666667
2024,00-0037291,J.Nailor,WR,MIN,3,-4.0,0,47,31,447.0,6,114.0,0,0,0,0.0,16,,-1.3333333333333333,3.6774193548387095,6,Jalen Nailor,WR,2.0,83.0,ACT,23,3,7.666666666666667
2020,00-0033266,J.Natson,WR,CLE,1,3.0,0,0,0,0.0,0,0.0,0,0,0,0.0,1,,3.0,,0,JoJo Natson,WR,3.0,19.0,RES,1,1,1.0
2018,00-0026176,J.Nelson,WR,LV,1,-2.0,0,88,63,739.0,3,241.0,0,0,0,0.0,15,,-2.0,3.8253968253968256,3,,,,,,15,1,15.0
2018,00-0032112,J.Nelson,WR,ARI,4,0.0,0,19,7,64.0,0,24.0,0,0,0,0.0,9,,0.0,3.4285714285714284,0,J.J. Nelson,WR,3.0,14.0,ACT,10,2,5.0
2019,00-0032112,J.Nelson,WR,LV,0,0.0,0,5,4,36.0,1,15.0,0,0,0,0.0,1,,,3.75,1,,,,,,10,2,5.0
2018,00-0031951,J.O'Shaughnessy,TE,JAX,0,0.0,0,38,24,214.0,0,122.0,0,0,0,0.0,13,,,5.083333333333333,0,James O'Shaughnessy,TE,3.0,80.0,ACT,40,4,10.0
2019,00-0031951,J.O'Shaughnessy,TE,JAX,0,0.0,0,20,14,153.0,2,81.0,0,0,0,0.0,5,,,5.785714285714286,2,James O'Shaughnessy,TE,4.0,80.0,RES,40,4,10.0
2020,00-0031951,J.O'Shaughnessy,TE,JAX,0,0.0,0,38,28,262.0,0,94.0,0,0,0,0.0,15,,,3.357142857142857,0,James O'Shaughnessy,TE,5.0,80.0,ACT,40,4,10.0
2021,00-0031951,J.O'Shaughnessy,TE,JAX,0,0.0,0,34,24,244.0,0,114.0,0,0,0,0.0,7,,,4.75,0,James O'Shaughnessy,TE,6.0,80.0,INA,40,4,10.0
2019,00-0035249,J.Oliver,TE,JAX,0,0.0,0,6,3,15.0,0,5.0,0,0,0,0.0,3,,,1.6666666666666667,0,Josh Oliver,TE,0.0,89.0,RES,50,5,10.0
2021,00-0035249,J.Oliver,TE,BAL,0,0.0,0,15,9,66.0,0,25.0,0,0,0,0.0,10,,,2.7777777777777777,0,Josh Oliver,TE,2.0,84.0,ACT,50,5,10.0
2022,00-0035249,J.Oliver,TE,BAL,0,0.0,0,27,16,175.0,2,90.0,0,0,0,0.0,13,,,5.625,2,Josh Oliver,TE,3.0,84.0,ACT,50,5,10.0
2023,00-0035249,J.Oliver,TE,MIN,0,0.0,0,28,22,213.0,2,162.0,0,0,0,0.0,12,,,7.363636363636363,2,Josh Oliver,TE,4.0,84.0,ACT,50,5,10.0
2024,00-0035249,J.Oliver,TE,MIN,0,0.0,0,29,23,263.0,3,136.0,0,0,0,0.0,12,,,5.913043478260869,3,Josh Oliver,TE,5.0,84.0,ACT,50,5,10.0
2021,00-0036988,J.Palmer,WR,LAC,1,6.0,0,49,33,353.0,4,100.0,0,0,0,0.0,15,,6.0,3.0303030303030303,4,Josh Palmer,WR,0.0,5.0,ACT,57,4,14.25
2022,00-0036988,J.Palmer,WR,LAC,1,4.0,0,113,74,800.0,3,261.0,0,0,0,0.0,17,,4.0,3.527027027027027,3,Josh Palmer,WR,1.0,5.0,ACT,57,4,14.25
2023,00-0036988,J.Palmer,WR,LAC,1,6.0,0,61,38,581.0,2,196.0,0,0,0,0.0,10,,6.0,5.157894736842105,2,Josh Palmer,WR,2.0,5.0,ACT,57,4,14.25
2024,00-0036988,J.Palmer,WR,LAC,0,0.0,0,65,39,584.0,1,101.0,0,0,0,0.0,15,,,2.58974358974359,1,Josh Palmer,WR,3.0,5.0,INA,57,4,14.25
2021,00-0035760,J.Patrick,RB,SF,2,12.0,0,0,0,0.0,0,0.0,0,0,0,0.0,1,,6.0,,0,,,,,,1,1,1.0
2021,00-0036755,J.Patterson,RB,WAS,68,266.0,2,11,10,73.0,0,75.0,0,0,0,0.0,14,,3.911764705882353,7.5,2,Jaret Patterson,RB,0.0,32.0,ACT,15,2,7.5
2022,00-0036755,J.Patterson,RB,WAS,17,78.0,0,1,0,0.0,0,0.0,0,0,0,0.0,1,,4.588235294117647,,0,Jaret Patterson,RB,1.0,32.0,ACT,15,2,7.5
2018,00-0032599,J.Perkins,TE,PHI,0,0.0,0,11,5,67.0,0,16.0,0,0,0,0.0,3,,,3.2,0,Josh Perkins,TE,2.0,83.0,RES,6,2,3.0
2019,00-0032599,J.Perkins,TE,PHI,0,0.0,0,13,9,87.0,1,26.0,0,0,0,0.0,3,,,2.888888888888889,1,Josh Perkins,TE,3.0,81.0,ACT,6,2,3.0
2018,00-0027139,J.Phillips,TE,ARI,0,0.0,0,3,3,38.0,0,8.0,0,0,0,0.0,2,,,2.6666666666666665,0,John Phillips,TE,9.0,82.0,ACT,2,1,2.0
2024,00-0039907,J.Polk,WR,NE,1,0.0,0,33,12,87.0,2,13.0,0,0,0,0.0,13,,0.0,1.0833333333333333,2,Ja'Lynn Polk,WR,0.0,1.0,RES,13,1,13.0
2020,00-0036133,J.Proche,WR,BAL,0,0.0,0,3,1,14.0,0,8.0,0,0,0,0.0,3,,,8.0,0,James Proche,WR,0.0,11.0,INA,21,5,4.2
2021,00-0036133,J.Proche,WR,BAL,0,0.0,0,20,16,202.0,0,55.0,0,0,0,0.0,7,,,3.4375,0,James Proche,WR,1.0,11.0,INA,21,5,4.2
2022,00-0036133,J.Proche,WR,BAL,0,0.0,0,17,8,62.0,0,16.0,0,0,1,0.0,7,0.0,,2.0,0,James Proche,WR,2.0,3.0,ACT,21,5,4.2
2023,00-0036133,J.Proche,WR,CLE,0,0.0,0,5,0,0.0,0,0.0,0,0,0,0.0,2,,,,0,James Proche,WR,3.0,11.0,ACT,21,5,4.2
2024,00-0036133,J.Proche,WR,CLE,0,0.0,0,3,3,21.0,0,4.0,0,0,0,0.0,2,,,1.3333333333333333,0,James Proche,WR,4.0,11.0,ACT,21,5,4.2
2020,00-0036387,J.Reagor,WR,PHI,4,26.0,0,54,31,396.0,1,173.0,0,0,0,0.0,11,,6.5,5.580645161290323,1,Jalen Reagor,WR,0.0,18.0,ACT,55,5,11.0
2021,00-0036387,J.Reagor,WR,PHI,10,32.0,0,60,34,301.0,2,156.0,0,0,0,0.0,18,,3.2,4.588235294117647,2,Jalen Reagor,WR,1.0,18.0,ACT,55,5,11.0
2022,00-0036387,J.Reagor,WR,MIN,4,25.0,0,13,8,104.0,1,28.0,0,0,0,0.0,10,,6.25,3.5,1,Jalen Reagor,WR,2.0,5.0,ACT,55,5,11.0
2023,00-0036387,J.Reagor,WR,NE,1,17.0,0,23,7,138.0,0,18.0,0,0,0,0.0,9,,17.0,2.5714285714285716,0,Jalen Reagor,WR,3.0,83.0,ACT,55,5,11.0
2024,00-0036387,J.Reagor,WR,LAC,3,-3.0,0,12,7,100.0,0,26.0,0,0,0,0.0,7,,-1.0,3.7142857142857144,0,Jalen Reagor,WR,4.0,89.0,RES,55,5,11.0
2018,00-0030472,J.Reed,TE,WAS,0,0.0,0,84,54,558.0,2,231.0,0,0,0,0.0,13,,,4.277777777777778,2,Jordan Reed,TE,5.0,86.0,RES,23,2,11.5
2020,00-0030472,J.Reed,TE,SF,0,0.0,0,46,26,231.0,4,84.0,0,0,0,0.0,10,,,3.230769230769231,4,Jordan Reed,TE,7.0,81.0,ACT,23,2,11.5
2020,00-0036377,J.Reed,WR,LAC,5,29.0,1,1,0,0.0,0,0.0,0,0,0,0.0,3,,5.8,,1,Joe Reed,WR,0.0,12.0,ACT,3,1,3.0
2023,00-0039146,J.Reed,WR,GB,12,128.0,2,101,68,828.0,8,355.0,0,0,0,0.0,18,,10.666666666666666,5.220588235294118,10,Jayden Reed,WR,0.0,11.0,ACT,36,2,18.0
2024,00-0039146,J.Reed,WR,GB,20,163.0,1,79,59,903.0,6,400.0,0,0,0,0.0,18,,8.15,6.779661016949152,7,Jayden Reed,WR,1.0,11.0,ACT,36,2,18.0
2018,00-0033943,J.Reynolds,WR,LA,4,33.0,0,71,37,523.0,5,167.0,0,0,0,0.0,14,,8.25,4.513513513513513,5,Josh Reynolds,WR,1.0,83.0,ACT,114,7,16.285714285714285
2019,00-0033943,J.Reynolds,WR,LA,5,23.0,0,43,21,326.0,1,139.0,0,0,0,0.0,16,,4.6,6.619047619047619,1,Josh Reynolds,WR,2.0,83.0,ACT,114,7,16.285714285714285
2020,00-0033943,J.Reynolds,WR,LA,1,5.0,0,85,55,683.0,2,248.0,0,0,0,0.0,17,,5.0,4.509090909090909,2,Josh Reynolds,WR,3.0,11.0,ACT,114,7,16.285714285714285
2021,00-0033943,J.Reynolds,WR,DET,0,0.0,0,36,19,306.0,2,78.0,0,0,0,0.0,10,,,4.105263157894737,2,Josh Reynolds,WR,4.0,8.0,ACT,114,7,16.285714285714285
2021,00-0033943,J.Reynolds,WR,TEN,0,0.0,0,13,10,90.0,0,41.0,0,0,0,0.0,10,,,4.1,0,,,,,,114,7,16.285714285714285
2022,00-0033943,J.Reynolds,WR,DET,0,0.0,0,59,38,479.0,3,115.0,0,0,0,0.0,12,,,3.026315789473684,3,Josh Reynolds,WR,5.0,8.0,ACT,114,7,16.285714285714285
2023,00-0033943,J.Reynolds,WR,DET,0,0.0,0,78,48,740.0,6,209.0,0,0,0,0.0,19,,,4.354166666666667,6,Josh Reynolds,WR,6.0,8.0,ACT,114,7,16.285714285714285
2024,00-0033943,J.Reynolds,WR,DEN,0,0.0,0,19,12,183.0,1,35.0,0,0,0,0.0,8,,,2.9166666666666665,1,,,,,,114,7,16.285714285714285
2024,00-0033943,J.Reynolds,WR,JAX,0,0.0,0,5,1,11.0,0,0.0,0,0,0,0.0,8,,,0.0,0,Josh Reynolds,WR,7.0,87.0,ACT,114,7,16.285714285714285
2018,00-0033025,J.Richard,RB,LV,55,259.0,1,81,68,607.0,0,499.0,0,0,0,0.0,16,,4.709090909090909,7.338235294117647,1,,,,,,53,4,13.25
2019,00-0033025,J.Richard,RB,LV,39,145.0,0,43,36,323.0,0,236.0,0,0,0,0.0,16,,3.717948717948718,6.555555555555555,0,,,,,,53,4,13.25
2020,00-0033025,J.Richard,RB,LV,22,123.0,1,23,19,138.0,0,97.0,0,0,0,0.0,12,,5.590909090909091,5.105263157894737,1,Jalen Richard,RB,4.0,30.0,RES,53,4,13.25
2021,00-0033025,J.Richard,RB,LV,9,40.0,0,16,13,76.0,0,75.0,0,0,0,0.0,9,,4.444444444444445,5.769230769230769,0,Jalen Richard,RB,5.0,30.0,ACT,53,4,13.25
2020,00-0035831,J.Robinson,RB,JAX,240,1070.0,7,60,49,344.0,3,383.0,0,0,0,0.0,14,,4.458333333333333,7.816326530612245,10,James Robinson,RB,0.0,30.0,INA,51,4,12.75
2021,00-0035831,J.Robinson,RB,JAX,164,767.0,8,46,31,222.0,0,230.0,0,0,0,0.0,14,,4.676829268292683,7.419354838709677,8,James Robinson,RB,1.0,25.0,RES,51,4,12.75
2022,00-0035831,J.Robinson,RB,JAX,81,340.0,3,11,9,46.0,1,49.0,0,0,0,0.0,11,,4.197530864197531,5.444444444444445,4,,,,,,51,4,12.75
2022,00-0035831,J.Robinson,RB,NYJ,29,85.0,0,3,2,5.0,1,14.0,0,0,0,0.0,11,,2.9310344827586206,7.0,1,James Robinson,RB,2.0,23.0,INA,51,4,12.75
2023,00-0035831,J.Robinson,RB,GB,1,2.0,0,1,1,-2.0,0,1.0,0,0,0,0.0,1,,2.0,1.0,0,,,,,,51,4,12.75
2018,00-0028083,J.Rodgers,RB,TB,33,106.0,1,45,38,304.0,0,240.0,0,0,0,0.0,13,,3.212121212121212,6.315789473684211,1,Jacquizz Rodgers,RB,7.0,32.0,ACT,13,1,13.0
2018,00-0034343,J.Rosen,QB,ARI,23,138.0,0,0,0,0.0,0,0.0,11,217,393,2278.0,14,0.5521628498727735,6.0,,11,Josh Rosen,QB,0.0,3.0,ACT,22,3,7.333333333333333
2019,00-0034343,J.Rosen,QB,MIA,3,13.0,0,0,0,0.0,0,0.0,1,58,109,567.0,5,0.5321100917431193,4.333333333333333,,1,Josh Rosen,QB,1.0,3.0,ACT,22,3,7.333333333333333
2021,00-0034343,J.Rosen,QB,ATL,0,0.0,0,0,0,0.0,0,0.0,0,2,11,19.0,3,0.18181818181818182,,,0,Josh Rosen,QB,3.0,16.0,INA,22,3,7.333333333333333
2018,00-0033460,J.Ross,WR,CIN,4,9.0,0,58,21,210.0,7,59.0,0,0,0,0.0,13,,2.25,2.8095238095238093,7,John Ross,WR,1.0,15.0,ACT,33,5,6.6
2019,00-0033460,J.Ross,WR,CIN,3,4.0,0,56,28,506.0,3,198.0,0,0,0,0.0,8,,1.3333333333333333,7.071428571428571,3,John Ross,WR,2.0,11.0,ACT,33,5,6.6
2020,00-0033460,J.Ross,WR,CIN,0,0.0,0,7,2,17.0,0,3.0,0,0,0,0.0,2,,,1.5,0,John Ross,WR,3.0,11.0,RES,33,5,6.6
2021,00-0033460,J.Ross,WR,NYG,1,16.0,0,20,11,224.0,1,40.0,0,0,0,0.0,9,,16.0,3.6363636363636362,1,John Ross,WR,4.0,12.0,INA,33,5,6.6
2023,00-0037216,J.Ross,WR,KC,0,0.0,0,11,6,53.0,0,15.0,0,0,0,0.0,5,,,2.5,0,Justyn Ross,WR,1.0,8.0,INA,6,2,3.0
2024,00-0033460,J.Ross,WR,PHI,0,0.0,0,2,1,6.0,0,2.0,0,0,0,0.0,1,,,2.0,0,John Ross,WR,7.0,38.0,CUT,33,5,6.6
2024,00-0037216,J.Ross,WR,KC,0,0.0,0,1,0,0.0,0,0.0,0,0,0,0.0,1,,,,0,Justyn Ross,WR,2.0,82.0,DEV,6,2,3.0
2022,00-0037805,J.Ruckert,TE,NYJ,0,0.0,0,2,1,8.0,0,1.0,0,0,0,0.0,2,,,1.0,0,Jeremy Ruckert,TE,0.0,89.0,ACT,25,3,8.333333333333334
2023,00-0037805,J.Ruckert,TE,NYJ,0,0.0,0,22,16,151.0,0,51.0,0,0,0,0.0,10,,,3.1875,0,Jeremy Ruckert,TE,1.0,89.0,RES,25,3,8.333333333333334
2024,00-0037805,J.Ruckert,TE,NYJ,0,0.0,0,28,18,105.0,0,84.0,0,0,0,0.0,13,,,4.666666666666667,0,Jeremy Ruckert,TE,2.0,89.0,ACT,25,3,8.333333333333334
2018,00-0034331,J.Samuels,RB,PIT,56,256.0,0,29,26,199.0,3,215.0,0,0,0,0.0,9,,4.571428571428571,8.26923076923077,3,Jaylen Samuels,RB,0.0,38.0,ACT,32,4,8.0
2019,00-0034331,J.Samuels,RB,PIT,66,175.0,1,57,47,305.0,1,366.0,0,4,5,35.0,13,0.8,2.6515151515151514,7.787234042553192,2,Jaylen Samuels,RB,1.0,38.0,ACT,32,4,8.0
2020,00-0034331,J.Samuels,RB,PIT,9,28.0,0,14,9,46.0,0,56.0,0,0,0,0.0,8,,3.111111111111111,6.222222222222222,0,Jaylen Samuels,RB,2.0,38.0,ACT,32,4,8.0
2021,00-0034331,J.Samuels,RB,HOU,5,9.0,0,4,3,14.0,0,17.0,0,0,0,0.0,2,,1.8,5.666666666666667,0,Jaylen Samuels,RB,3.0,38.0,DEV,32,4,8.0
2024,00-0039356,J.Sanders,TE,CAR,0,0.0,0,43,33,342.0,1,190.0,0,0,0,0.0,15,,,5.757575757575758,1,Ja'Tavion Sanders,TE,0.0,0.0,ACT,15,1,15.0
2019,00-0035275,J.Scarlett,RB,CAR,4,9.0,0,0,0,0.0,0,0.0,0,0,0,0.0,1,,2.25,,0,Jordan Scarlett,RB,0.0,20.0,RES,1,1,1.0
2019,00-0034267,J.Scott,WR,BAL,0,0.0,0,3,1,6.0,0,6.0,0,0,0,0.0,1,,,6.0,0,Jaleel Scott,WR,1.0,12.0,INA,2,2,1.0
2020,00-0034267,J.Scott,WR,NYJ,0,0.0,0,1,1,16.0,0,3.0,0,0,0,0.0,1,,,3.0,0,Jaleel Scott,WR,2.0,18.0,DEV,2,2,1.0
2024,00-0038920,J.Shenker,TE,LV,0,0.0,0,1,1,7.0,0,3.0,0,0,0,0.0,1,,,3.0,0,John Shenker,TE,1.0,86.0,ACT,1,1,1.0
2018,00-0033858,J.Smith,TE,TEN,0,0.0,0,30,20,258.0,3,180.0,0,0,0,0.0,11,,,9.0,3,Jonnu Smith,TE,1.0,81.0,RES,103,7,14.714285714285714
2019,00-0033858,J.Smith,TE,TEN,4,78.0,0,53,41,498.0,4,300.0,0,0,0,0.0,18,,19.5,7.317073170731708,4,Jonnu Smith,TE,2.0,81.0,ACT,103,7,14.714285714285714
2019,00-0035510,J.Smith,WR,NYJ,0,0.0,0,2,1,12.0,0,0.0,0,0,0,0.0,1,,,0.0,0,Jeff Smith,WR,0.0,16.0,RES,24,4,6.0
2020,00-0033858,J.Smith,TE,TEN,2,4.0,1,68,43,457.0,8,240.0,0,0,0,0.0,15,,2.0,5.5813953488372094,9,Jonnu Smith,TE,3.0,81.0,ACT,103,7,14.714285714285714
2020,00-0035510,J.Smith,WR,NYJ,0,0.0,0,37,17,167.0,0,49.0,0,0,0,0.0,8,,,2.8823529411764706,0,Jeff Smith,WR,1.0,16.0,ACT,24,4,6.0
2021,00-0033858,J.Smith,TE,NE,9,40.0,0,45,28,294.0,1,232.0,0,0,0,0.0,15,,4.444444444444445,8.285714285714286,1,Jonnu Smith,TE,4.0,81.0,ACT,103,7,14.714285714285714
2021,00-0035510,J.Smith,WR,NYJ,1,-1.0,0,17,8,113.0,0,15.0,0,0,0,0.0,8,,-1.0,1.875,0,Jeff Smith,WR,2.0,16.0,ACT,24,4,6.0
2022,00-0033858,J.Smith,TE,NE,1,5.0,0,38,27,245.0,0,200.0,0,0,0,0.0,12,,5.0,7.407407407407407,0,Jonnu Smith,TE,5.0,81.0,INA,103,7,14.714285714285714
2022,00-0035510,J.Smith,WR,NYJ,0,0.0,0,11,8,134.0,0,37.0,0,0,0,0.0,7,,,4.625,0,Jeff Smith,WR,3.0,16.0,RES,24,4,6.0
2023,00-0033858,J.Smith,TE,ATL,1,0.0,0,70,50,582.0,3,357.0,0,0,1,0.0,15,0.0,0.0,7.14,3,Jonnu Smith,TE,6.0,81.0,ACT,103,7,14.714285714285714
2024,00-0033858,J.Smith,TE,MIA,2,-1.0,0,111,88,884.0,8,510.0,0,0,0,0.0,17,,-0.5,5.795454545454546,8,Jonnu Smith,TE,7.0,9.0,ACT,103,7,14.714285714285714
2023,00-0038543,J.Smith-Njigba,WR,SEA,0,0.0,0,93,63,628.0,4,366.0,0,0,0,0.0,17,,,5.809523809523809,4,Jaxon Smith-Njigba,WR,0.0,11.0,ACT,34,2,17.0
2024,00-0038543,J.Smith-Njigba,WR,SEA,5,26.0,0,137,100,1130.0,6,477.0,0,1,1,35.0,17,1.0,5.2,4.77,6,Jaxon Smith-Njigba,WR,1.0,11.0,ACT,34,2,17.0
2018,00-0033857,J.Smith-Schuster,WR,PIT,1,13.0,0,166,111,1426.0,7,648.0,0,0,0,0.0,16,,13.0,5.837837837837838,7,JuJu Smith-Schuster,WR,1.0,19.0,ACT,95,7,13.571428571428571
2019,00-0033857,J.Smith-Schuster,WR,PIT,0,0.0,0,70,42,552.0,3,222.0,0,0,0,0.0,12,,,5.285714285714286,3,JuJu Smith-Schuster,WR,2.0,19.0,ACT,95,7,13.571428571428571
2020,00-0033857,J.Smith-Schuster,WR,PIT,0,0.0,0,147,110,988.0,10,450.0,0,0,0,0.0,17,,,4.090909090909091,10,JuJu Smith-Schuster,WR,3.0,19.0,ACT,95,7,13.571428571428571
2021,00-0033857,J.Smith-Schuster,WR,PIT,3,9.0,1,36,20,155.0,0,83.0,0,0,0,0.0,6,,3.0,4.15,1,JuJu Smith-Schuster,WR,4.0,19.0,ACT,95,7,13.571428571428571
2022,00-0033857,J.Smith-Schuster,WR,KC,0,0.0,0,113,88,1022.0,3,477.0,0,0,0,0.0,19,,,5.420454545454546,3,JuJu Smith-Schuster,WR,5.0,9.0,ACT,95,7,13.571428571428571
2023,00-0033857,J.Smith-Schuster,WR,NE,0,0.0,0,47,29,260.0,1,94.0,0,0,0,0.0,11,,,3.2413793103448274,1,JuJu Smith-Schuster,WR,6.0,7.0,RES,95,7,13.571428571428571
2024,00-0033857,J.Smith-Schuster,WR,KC,0,0.0,0,32,22,307.0,2,202.0,0,0,0,0.0,14,,,9.181818181818182,2,JuJu Smith-Schuster,WR,7.0,9.0,ACT,95,7,13.571428571428571
2018,00-0033528,J.Sprinkle,TE,WAS,0,0.0,0,9,5,41.0,1,21.0,0,0,0,0.0,5,,,4.2,1,Jeremy Sprinkle,TE,1.0,87.0,ACT,26,4,6.5
2019,00-0033528,J.Sprinkle,TE,WAS,0,0.0,0,40,26,241.0,1,91.0,0,0,0,0.0,15,,,3.5,1,Jeremy Sprinkle,TE,2.0,87.0,ACT,26,4,6.5
2020,00-0033528,J.Sprinkle,TE,WAS,0,0.0,0,4,2,14.0,0,9.0,0,0,0,0.0,4,,,4.5,0,Jeremy Sprinkle,TE,3.0,87.0,ACT,26,4,6.5
2021,00-0033528,J.Sprinkle,TE,DAL,0,0.0,0,3,3,31.0,0,19.0,0,0,0,0.0,2,,,6.333333333333333,0,Jeremy Sprinkle,TE,4.0,87.0,ACT,26,4,6.5
2019,00-0035671,J.Sternberger,TE,GB,0,0.0,0,4,3,15.0,1,6.0,0,0,0,0.0,3,,,2.0,1,Jace Sternberger,TE,0.0,87.0,ACT,11,2,5.5
2020,00-0035671,J.Sternberger,TE,GB,0,0.0,0,15,12,114.0,1,66.0,0,0,0,0.0,8,,,5.5,1,Jace Sternberger,TE,1.0,87.0,INA,11,2,5.5
2018,00-0026153,J.Stewart,RB,NYG,6,17.0,0,0,0,0.0,0,0.0,0,0,0,0.0,3,,2.8333333333333335,,0,Jonathan Stewart,RB,10.0,28.0,RES,3,1,3.0
2019,00-0035264,J.Stidham,QB,NE,2,-2.0,0,0,0,0.0,0,0.0,0,2,4,14.0,3,0.5,-1.0,,0,Jarrett Stidham,QB,0.0,4.0,ACT,15,5,3.0
2020,00-0035264,J.Stidham,QB,NE,7,7.0,0,0,0,0.0,0,0.0,2,22,44,256.0,5,0.5,1.0,,2,Jarrett Stidham,QB,1.0,4.0,ACT,15,5,3.0
2022,00-0035264,J.Stidham,QB,LV,14,84.0,0,0,0,0.0,0,0.0,4,53,83,656.0,3,0.6385542168674698,6.0,,4,Jarrett Stidham,QB,3.0,3.0,ACT,15,5,3.0
2023,00-0035264,J.Stidham,QB,DEN,9,8.0,0,0,0,0.0,0,0.0,2,40,66,496.0,2,0.6060606060606061,0.8888888888888888,,2,Jarrett Stidham,QB,4.0,4.0,ACT,15,5,3.0
2024,00-0035264,J.Stidham,QB,DEN,4,5.0,0,0,0,0.0,0,0.0,0,0,0,0.0,2,,1.25,,0,Jarrett Stidham,QB,5.0,8.0,ACT,15,5,3.0
2021,00-0036741,J.Stoll,TE,PHI,0,0.0,0,5,4,22.0,0,20.0,0,0,0,0.0,3,,,5.0,0,Jack Stoll,TE,0.0,89.0,ACT,20,4,5.0
2022,00-0036741,J.Stoll,TE,PHI,0,0.0,0,15,12,128.0,0,49.0,0,0,0,0.0,10,,,4.083333333333333,0,Jack Stoll,TE,1.0,89.0,ACT,20,4,5.0
2023,00-0036741,J.Stoll,TE,PHI,0,0.0,0,8,5,38.0,0,25.0,0,0,0,0.0,5,,,5.0,0,Jack Stoll,TE,2.0,89.0,ACT,20,4,5.0
2024,00-0036741,J.Stoll,TE,PHI,0,0.0,0,3,2,10.0,0,2.0,0,0,0,0.0,2,,,1.0,0,,,,,,20,4,5.0
2020,00-0036096,J.Taylor,RB,NE,23,110.0,0,2,1,4.0,0,8.0,0,0,0,0.0,5,,4.782608695652174,8.0,0,J.J. Taylor,RB,0.0,42.0,ACT,14,4,3.5
2020,00-0036223,J.Taylor,RB,IND,253,1247.0,12,43,38,305.0,1,376.0,0,0,0,0.0,16,,4.928853754940712,9.894736842105264,13,Jonathan Taylor,RB,0.0,28.0,ACT,68,5,13.6
2021,00-0036096,J.Taylor,RB,NE,19,37.0,2,4,4,8.0,0,10.0,0,0,0,0.0,5,,1.9473684210526316,2.5,2,J.J. Taylor,RB,1.0,42.0,INA,14,4,3.5
2021,00-0036223,J.Taylor,RB,IND,332,1811.0,18,51,40,360.0,2,406.0,0,0,0,0.0,17,,5.454819277108434,10.15,20,Jonathan Taylor,RB,1.0,28.0,ACT,68,5,13.6
2022,00-0036096,J.Taylor,RB,NE,10,9.0,0,1,1,8.0,0,5.0,0,0,0,0.0,1,,0.9,5.0,0,J.J. Taylor,RB,2.0,42.0,DEV,14,4,3.5
2022,00-0036223,J.Taylor,RB,IND,192,861.0,4,40,28,143.0,0,208.0,0,0,0,0.0,11,,4.484375,7.428571428571429,4,Jonathan Taylor,RB,2.0,28.0,RES,68,5,13.6
2023,00-0036223,J.Taylor,RB,IND,169,741.0,7,23,19,153.0,1,174.0,0,0,0,0.0,10,,4.384615384615385,9.157894736842104,8,Jonathan Taylor,RB,3.0,28.0,ACT,68,5,13.6
2024,00-0036096,J.Taylor,RB,HOU,10,44.0,0,3,2,0.0,0,1.0,0,0,0,0.0,3,,4.4,0.5,0,J.J. Taylor,RB,4.0,26.0,INA,14,4,3.5
2024,00-0036223,J.Taylor,RB,IND,303,1431.0,11,31,18,136.0,1,150.0,0,0,0,0.0,14,,4.7227722772277225,8.333333333333334,12,Jonathan Taylor,RB,4.0,28.0,ACT,68,5,13.6
2018,00-0034420,J.Thomas,TE,HOU,0,0.0,0,27,20,215.0,4,95.0,0,0,0,0.0,14,,,4.75,4,Jordan Thomas,TE,0.0,83.0,ACT,20,3,6.666666666666667
2019,00-0034420,J.Thomas,TE,HOU,0,0.0,0,4,2,15.0,0,12.0,0,0,0,0.0,2,,,6.0,0,Jordan Thomas,TE,1.0,83.0,ACT,20,3,6.666666666666667
2020,00-0034420,J.Thomas,TE,ARI,0,0.0,0,1,1,3.0,1,0.0,0,0,0,0.0,2,,,0.0,1,,,,,,20,3,6.666666666666667
2020,00-0034420,J.Thomas,TE,NE,0,0.0,0,1,0,0.0,0,0.0,0,0,0,0.0,2,,,,0,,,,,,20,3,6.666666666666667
2024,00-0039379,J.Thrash,WR,CLE,0,0.0,0,7,3,22.0,0,14.0,0,0,0,0.0,6,,,4.666666666666667,0,Jamari Thrash,WR,0.0,80.0,ACT,6,1,6.0
2022,00-0037666,J.Tolbert,WR,DAL,0,0.0,0,3,2,12.0,0,2.0,0,0,0,0.0,2,,,1.0,0,Jalen Tolbert,WR,0.0,18.0,INA,33,3,11.0
2023,00-0037666,J.Tolbert,WR,DAL,0,0.0,0,38,22,268.0,2,34.0,0,0,0,0.0,14,,,1.5454545454545454,2,Jalen Tolbert,WR,1.0,18.0,ACT,33,3,11.0
2024,00-0037666,J.Tolbert,WR,DAL,0,0.0,0,79,49,610.0,7,166.0,0,0,0,0.0,17,,,3.3877551020408165,7,Jalen Tolbert,WR,2.0,1.0,ACT,33,3,11.0
2018,00-0034489,J.Tolliver,WR,ARI,0,0.0,0,6,3,37.0,0,14.0,0,0,0,0.0,3,,,4.666666666666667,0,Jalen Tolliver,WR,0.0,17.0,ACT,3,1,3.0
2022,00-0037112,J.Tonges,TE,CHI,0,0.0,0,1,0,0.0,0,0.0,0,0,0,0.0,1,,,,0,Jake Tonges,TE,0.0,81.0,DEV,1,1,1.0
2019,00-0035597,J.Ursua,WR,SEA,0,0.0,0,1,1,11.0,0,0.0,0,0,0,0.0,1,,,0.0,0,John Ursua,WR,0.0,15.0,INA,1,1,1.0
2022,00-0037387,J.Virgil,WR,DEN,0,0.0,0,5,2,75.0,1,43.0,0,0,0,0.0,4,,,21.5,1,Jalen Virgil,WR,0.0,15.0,ACT,4,1,4.0
2021,00-0036613,J.Waddle,WR,MIA,2,3.0,1,140,104,1015.0,6,439.0,0,0,0,0.0,16,,1.5,4.221153846153846,7,Jaylen Waddle,WR,0.0,17.0,ACT,64,4,16.0
2022,00-0036613,J.Waddle,WR,MIA,4,34.0,0,124,78,1400.0,8,516.0,0,0,0,0.0,18,,8.5,6.615384615384615,8,Jaylen Waddle,WR,1.0,17.0,ACT,64,4,16.0
2023,00-0036613,J.Waddle,WR,MIA,4,21.0,0,109,74,1045.0,4,421.0,0,0,0,0.0,15,,5.25,5.6891891891891895,4,Jaylen Waddle,WR,2.0,17.0,ACT,64,4,16.0
2024,00-0036613,J.Waddle,WR,MIA,4,12.0,0,83,58,744.0,2,236.0,0,0,0,0.0,15,,3.0,4.068965517241379,2,Jaylen Waddle,WR,3.0,17.0,ACT,64,4,16.0
2020,00-0035924,J.Ward,RB,ARI,0,0.0,0,1,1,11.0,1,15.0,0,0,0,0.0,1,,,15.0,1,Jonathan Ward,RB,0.0,38.0,ACT,12,5,2.4
2021,00-0035924,J.Ward,RB,ARI,9,33.0,0,4,3,34.0,0,26.0,0,0,0,0.0,6,,3.6666666666666665,8.666666666666666,0,Jonathan Ward,RB,1.0,29.0,INA,12,5,2.4
2022,00-0035924,J.Ward,RB,TEN,5,25.0,0,3,2,7.0,0,4.0,0,0,0,0.0,2,,5.0,2.0,0,Jonathan Ward,RB,2.0,33.0,ACT,12,5,2.4
2023,00-0035924,J.Ward,RB,TEN,3,11.0,0,0,0,0.0,0,0.0,0,0,0,0.0,1,,3.6666666666666665,,0,Jonathan Ward,RB,3.0,20.0,ACT,12,5,2.4
2024,00-0035924,J.Ward,RB,PIT,5,22.0,0,0,0,0.0,0,0.0,0,0,0,0.0,2,,4.4,,0,Jonathan Ward,RB,4.0,35.0,DEV,12,5,2.4
2022,00-0037228,J.Warren,RB,PIT,77,379.0,1,33,28,214.0,0,225.0,0,0,0,0.0,16,,4.922077922077922,8.035714285714286,1,Jaylen Warren,RB,0.0,30.0,ACT,50,3,16.666666666666668
2023,00-0037228,J.Warren,RB,PIT,157,822.0,4,76,63,386.0,0,503.0,0,0,0,0.0,18,,5.235668789808917,7.984126984126984,4,Jaylen Warren,RB,1.0,30.0,ACT,50,3,16.666666666666668
2024,00-0037228,J.Warren,RB,PIT,122,517.0,1,52,42,329.0,0,343.0,0,0,0,0.0,16,,4.237704918032787,8.166666666666666,1,Jaylen Warren,RB,2.0,30.0,ACT,50,3,16.666666666666668
2018,00-0034676,J.Washington,WR,PIT,0,0.0,0,38,16,217.0,1,53.0,0,0,0,0.0,12,,,3.3125,1,James Washington,WR,0.0,13.0,ACT,61,5,12.2
2019,00-0034676,J.Washington,WR,PIT,0,0.0,0,80,44,735.0,3,185.0,0,0,0,0.0,15,,,4.204545454545454,3,James Washington,WR,1.0,13.0,ACT,61,5,12.2
2020,00-0034676,J.Washington,WR,PIT,0,0.0,0,62,35,464.0,5,161.0,0,0,0,0.0,17,,,4.6,5,James Washington,WR,2.0,13.0,ACT,61,5,12.2
2021,00-0034676,J.Washington,WR,PIT,2,13.0,0,47,26,322.0,3,82.0,0,0,0,0.0,16,,6.5,3.1538461538461537,3,James Washington,WR,3.0,13.0,ACT,61,5,12.2
2022,00-0034676,J.Washington,WR,DAL,0,0.0,0,1,0,0.0,0,0.0,0,0,0,0.0,1,,,,0,,,,,,61,5,12.2
2018,00-0034386,J.Watson,WR,TB,0,0.0,0,3,1,5.0,0,0.0,0,0,0,0.0,3,,,0.0,0,Justin Watson,WR,0.0,17.0,ACT,67,6,11.166666666666666
2019,00-0034386,J.Watson,WR,TB,0,0.0,0,26,15,159.0,2,14.0,0,0,0,0.0,6,,,0.9333333333333333,2,Justin Watson,WR,1.0,17.0,ACT,67,6,11.166666666666666
2020,00-0034386,J.Watson,WR,TB,0,0.0,0,11,7,94.0,0,19.0,0,0,0,0.0,3,,,2.7142857142857144,0,Justin Watson,WR,2.0,17.0,INA,67,6,11.166666666666666
2022,00-0034386,J.Watson,WR,KC,0,0.0,0,37,18,345.0,2,61.0,0,0,0,0.0,19,,,3.388888888888889,2,Justin Watson,WR,4.0,84.0,ACT,67,6,11.166666666666666
2023,00-0034386,J.Watson,WR,KC,0,0.0,0,63,33,550.0,3,71.0,0,0,0,0.0,19,,,2.1515151515151514,3,Justin Watson,WR,5.0,84.0,ACT,67,6,11.166666666666666
2024,00-0034386,J.Watson,WR,KC,0,0.0,0,32,22,289.0,2,68.0,0,0,0,0.0,17,,,3.090909090909091,2,Justin Watson,WR,6.0,84.0,ACT,67,6,11.166666666666666
2024,00-0038728,J.Wayne,WR,HOU,0,0.0,0,2,0,0.0,0,0.0,0,0,0,0.0,1,,,,0,Jared Wayne,WR,1.0,14.0,ACT,1,1,1.0
2018,00-0027796,J.Webb,QB,HOU,0,0.0,0,3,2,13.0,0,6.0,0,0,0,0.0,1,,,3.0,0,Joe Webb,QB,8.0,5.0,ACT,1,1,1.0
2018,00-0031062,J.White,RB,NE,102,452.0,5,150,107,902.0,7,832.0,0,0,0,0.0,19,,4.431372549019608,7.775700934579439,12,James White,RB,4.0,28.0,ACT,52,4,13.0
2019,00-0031062,J.White,RB,NE,68,277.0,1,100,77,707.0,5,594.0,0,1,1,35.0,16,1.0,4.073529411764706,7.714285714285714,6,James White,RB,5.0,28.0,ACT,52,4,13.0
2020,00-0031062,J.White,RB,NE,35,121.0,2,62,49,375.0,1,411.0,0,0,0,0.0,14,,3.4571428571428573,8.387755102040817,3,James White,RB,6.0,28.0,ACT,52,4,13.0
2021,00-0031062,J.White,RB,NE,10,38.0,1,14,12,94.0,0,70.0,0,0,0,0.0,3,,3.8,5.833333333333333,1,James White,RB,7.0,28.0,RES,52,4,13.0
2024,00-0039751,J.Whittington,WR,LA,2,12.0,0,29,23,305.0,0,204.0,0,0,0,0.0,7,,6.0,8.869565217391305,0,Jordan Whittington,WR,0.0,88.0,ACT,7,1,7.0
2023,00-0038589,J.Whyle,TE,TEN,0,0.0,0,15,9,94.0,1,40.0,0,0,0,0.0,8,,,4.444444444444445,1,Josh Whyle,TE,0.0,81.0,RES,22,2,11.0
2024,00-0038589,J.Whyle,TE,TEN,0,0.0,0,37,28,248.0,1,143.0,0,0,0,0.0,14,,,5.107142857142857,1,Josh Whyle,TE,1.0,81.0,ACT,22,2,11.0
2024,00-0039824,J.Wiley,TE,KC,0,0.0,0,1,1,7.0,0,3.0,0,0,0,0.0,1,,,3.0,0,Jared Wiley,TE,0.0,12.0,RES,1,1,1.0
2018,00-0034400,J.Wilkins,RB,IND,62,345.0,1,18,16,85.0,0,105.0,0,0,0,0.0,15,,5.564516129032258,6.5625,1,Jordan Wilkins,RB,0.0,20.0,ACT,43,4,10.75
2019,00-0034400,J.Wilkins,RB,IND,51,307.0,2,11,7,43.0,0,32.0,0,0,0,0.0,12,,6.019607843137255,4.571428571428571,2,Jordan Wilkins,RB,1.0,20.0,INA,43,4,10.75
2020,00-0034400,J.Wilkins,RB,IND,84,308.0,1,16,12,105.0,0,143.0,0,0,0,0.0,12,,3.6666666666666665,11.916666666666666,1,Jordan Wilkins,RB,2.0,20.0,RES,43,4,10.75
2022,00-0034400,J.Wilkins,RB,IND,13,58.0,0,8,6,29.0,0,44.0,0,0,0,0.0,4,,4.461538461538462,7.333333333333333,0,Jordan Wilkins,RB,4.0,29.0,CUT,43,4,10.75
2018,00-0032975,J.Williams,RB,NO,3,0.0,0,1,1,1.0,0,0.0,0,0,0,0.0,3,,0.0,0.0,0,,,,,,21,6,3.5
2018,00-0033948,J.Williams,RB,GB,121,464.0,3,41,27,210.0,0,229.0,0,0,0,0.0,16,,3.834710743801653,8.481481481481481,3,Jamaal Williams,RB,1.0,30.0,ACT,104,7,14.857142857142858
2019,00-0032975,J.Williams,RB,IND,49,235.0,1,5,5,59.0,0,64.0,0,0,0,0.0,4,,4.795918367346939,12.8,1,Jonathan Williams,RB,3.0,33.0,ACT,21,6,3.5
2019,00-0033948,J.Williams,RB,GB,111,469.0,1,49,42,263.0,5,292.0,0,0,0,0.0,16,,4.225225225225225,6.9523809523809526,6,Jamaal Williams,RB,2.0,30.0,ACT,104,7,14.857142857142858
2020,00-0032975,J.Williams,RB,DET,1,5.0,0,4,4,21.0,0,23.0,0,0,0,0.0,1,,5.0,5.75,0,,,,,,21,6,3.5
2020,00-0033948,J.Williams,RB,GB,138,593.0,2,39,35,258.0,1,245.0,0,0,0,0.0,16,,4.297101449275362,7.0,3,Jamaal Williams,RB,3.0,30.0,ACT,104,7,14.857142857142858
2021,00-0032975,J.Williams,RB,WAS,17,79.0,1,6,4,28.0,0,36.0,0,0,0,0.0,5,,4.647058823529412,9.0,1,Jonathan Williams,RB,5.0,35.0,ACT,21,6,3.5
2021,00-0033948,J.Williams,RB,DET,153,601.0,3,28,26,157.0,0,156.0,0,0,0,0.0,13,,3.9281045751633985,6.0,3,Jamaal Williams,RB,4.0,30.0,ACT,104,7,14.857142857142858
2021,00-0036997,J.Williams,RB,DEN,203,903.0,4,53,43,316.0,3,343.0,0,0,0,0.0,17,,4.448275862068965,7.976744186046512,7,Javonte Williams,RB,0.0,33.0,ACT,55,4,13.75
2022,00-0032975,J.Williams,RB,WAS,37,152.0,0,10,7,40.0,0,38.0,0,0,0,0.0,7,,4.108108108108108,5.428571428571429,0,Jonathan Williams,RB,6.0,41.0,ACT,21,6,3.5
2022,00-0033948,J.Williams,RB,DET,262,1066.0,17,16,12,73.0,0,65.0,0,0,0,0.0,17,,4.068702290076335,5.416666666666667,17,Jamaal Williams,RB,5.0,30.0,ACT,104,7,14.857142857142858
2022,00-0036997,J.Williams,RB,DEN,47,204.0,0,22,16,76.0,0,118.0,0,0,0,0.0,4,,4.340425531914893,7.375,0,Javonte Williams,RB,1.0,33.0,RES,55,4,13.75
2022,00-0037240,J.Williams,WR,DET,1,40.0,0,9,1,41.0,1,5.0,0,0,0,0.0,6,,40.0,5.0,1,Jameson Williams,WR,0.0,9.0,ACT,37,3,12.333333333333334
2023,00-0032975,J.Williams,RB,WAS,1,-2.0,0,1,0,0.0,0,0.0,0,0,0,0.0,1,,-2.0,,0,Jonathan Williams,RB,7.0,18.0,DEV,21,6,3.5
2023,00-0033948,J.Williams,RB,NO,106,306.0,1,20,18,62.0,0,87.0,0,0,0,0.0,13,,2.8867924528301887,4.833333333333333,1,Jamaal Williams,RB,6.0,21.0,ACT,104,7,14.857142857142858
2023,00-0036997,J.Williams,RB,DEN,217,774.0,3,58,47,228.0,2,301.0,0,0,0,0.0,16,,3.5668202764976957,6.404255319148936,5,Javonte Williams,RB,2.0,33.0,ACT,55,4,13.75
2023,00-0037240,J.Williams,WR,DET,4,71.0,2,51,30,433.0,3,109.0,0,0,0,0.0,15,,17.75,3.6333333333333333,5,Jameson Williams,WR,1.0,9.0,ACT,37,3,12.333333333333334
2024,00-0033948,J.Williams,RB,NO,48,164.0,1,11,9,57.0,0,53.0,0,0,0,0.0,13,,3.4166666666666665,5.888888888888889,1,Jamaal Williams,RB,7.0,21.0,ACT,104,7,14.857142857142858
2024,00-0036997,J.Williams,RB,DEN,146,542.0,4,72,54,360.0,0,408.0,0,0,0,0.0,18,,3.712328767123288,7.555555555555555,4,Javonte Williams,RB,3.0,33.0,ACT,55,4,13.75
2024,00-0037240,J.Williams,WR,DET,12,122.0,2,95,59,1020.0,7,497.0,0,0,1,0.0,16,0.0,10.166666666666666,8.423728813559322,9,Jameson Williams,WR,2.0,9.0,ACT,37,3,12.333333333333334
2018,00-0034115,J.Wilson,RB,SF,66,266.0,0,15,12,98.0,0,97.0,0,0,0,0.0,6,,4.03030303030303,8.083333333333334,0,Jeff Wilson,RB,0.0,41.0,ACT,83,7,11.857142857142858
2019,00-0034115,J.Wilson,RB,SF,27,105.0,4,6,4,54.0,1,37.0,0,0,0,0.0,9,,3.888888888888889,9.25,5,Jeff Wilson,RB,1.0,30.0,ACT,83,7,11.857142857142858
2020,00-0034115,J.Wilson,RB,SF,126,600.0,7,28,13,133.0,3,111.0,0,0,0,0.0,11,,4.761904761904762,8.538461538461538,10,Jeffery Wilson,RB,2.0,30.0,ACT,83,7,11.857142857142858
2021,00-0034115,J.Wilson,RB,SF,79,294.0,2,8,7,31.0,0,43.0,0,0,0,0.0,6,,3.721518987341772,6.142857142857143,2,Jeffery Wilson,RB,3.0,22.0,INA,83,7,11.857142857142858
2022,00-0034115,J.Wilson,RB,MIA,94,415.0,4,28,13,107.0,1,90.0,0,0,0,0.0,17,,4.414893617021277,6.923076923076923,5,Jeffery Wilson,RB,4.0,23.0,ACT,83,7,11.857142857142858
2022,00-0034115,J.Wilson,RB,SF,92,468.0,2,13,10,91.0,0,67.0,0,0,0,0.0,17,,5.086956521739131,6.7,2,,,,,,83,7,11.857142857142858
2023,00-0034115,J.Wilson,RB,MIA,41,188.0,0,19,15,91.0,0,78.0,0,0,0,0.0,10,,4.585365853658536,5.2,0,Jeff Wilson,RB,5.0,23.0,ACT,83,7,11.857142857142858
2024,00-0034115,J.Wilson,RB,MIA,16,57.0,0,3,3,19.0,0,19.0,0,0,0,0.0,7,,3.5625,6.333333333333333,0,Jeff Wilson,RB,6.0,23.0,ACT,83,7,11.857142857142858
2024,00-0039236,J.Wilson,WR,PHI,0,0.0,0,16,5,38.0,1,15.0,0,0,0,0.0,10,,,3.0,1,Johnny Wilson,WR,0.0,89.0,ACT,10,1,10.0
2018,00-0034426,J.Wims,WR,CHI,0,0.0,0,5,4,32.0,0,2.0,0,0,0,0.0,2,,,0.5,0,Javon Wims,WR,0.0,83.0,ACT,23,3,7.666666666666667
2019,00-0034426,J.Wims,WR,CHI,0,0.0,0,39,18,186.0,1,45.0,0,0,0,0.0,11,,,2.5,1,Javon Wims,WR,1.0,83.0,ACT,23,3,7.666666666666667
2020,00-0034426,J.Wims,WR,CHI,1,2.0,0,16,7,76.0,1,6.0,0,0,0,0.0,10,,2.0,0.8571428571428571,1,Javon Wims,WR,2.0,83.0,ACT,23,3,7.666666666666667
2021,00-0035593,J.Winfree,WR,GB,0,0.0,0,13,8,58.0,0,31.0,0,0,0,0.0,5,,,3.875,0,Juwann Winfree,WR,2.0,88.0,ACT,9,3,3.0
2022,00-0035593,J.Winfree,WR,GB,0,0.0,0,4,1,17.0,0,5.0,0,0,0,0.0,3,,,5.0,0,Juwann Winfree,WR,3.0,88.0,DEV,9,3,3.0
2023,00-0035593,J.Winfree,WR,IND,0,0.0,0,1,0,0.0,0,0.0,0,0,0,0.0,1,,,,0,Juwann Winfree,WR,4.0,9.0,ACT,9,3,3.0
2018,00-0031503,J.Winston,QB,TB,49,281.0,1,0,0,0.0,0,0.0,19,244,378,2992.0,11,0.6455026455026455,5.73469387755102,,20,Jameis Winston,QB,3.0,3.0,ACT,58,7,8.285714285714286
2019,00-0031503,J.Winston,QB,TB,59,250.0,1,0,0,0.0,0,0.0,33,380,626,5109.0,16,0.6070287539936102,4.237288135593221,,34,Jameis Winston,QB,4.0,3.0,ACT,58,7,8.285714285714286
2020,00-0031503,J.Winston,QB,NO,8,-6.0,0,0,0,0.0,0,0.0,1,8,12,131.0,4,0.6666666666666666,-0.75,,1,Jameis Winston,QB,5.0,2.0,ACT,58,7,8.285714285714286
2021,00-0031503,J.Winston,QB,NO,32,166.0,1,0,0,0.0,0,0.0,14,95,161,1170.0,7,0.5900621118012422,5.1875,,15,Jameis Winston,QB,6.0,2.0,RES,58,7,8.285714285714286
2022,00-0031503,J.Winston,QB,NO,5,16.0,0,0,0,0.0,0,0.0,4,73,115,858.0,3,0.6347826086956522,3.2,,4,Jameis Winston,QB,7.0,2.0,ACT,58,7,8.285714285714286
2023,00-0031503,J.Winston,QB,NO,5,-6.0,0,0,0,0.0,0,0.0,2,25,47,264.0,6,0.5319148936170213,-1.2,,2,Jameis Winston,QB,8.0,2.0,ACT,58,7,8.285714285714286
2024,00-0031503,J.Winston,QB,CLE,25,83.0,1,0,0,0.0,0,0.0,13,181,296,2121.0,11,0.6114864864864865,3.32,,14,Jameis Winston,QB,9.0,5.0,INA,58,7,8.285714285714286
2019,00-0022127,J.Witten,TE,DAL,0,0.0,0,83,63,529.0,4,162.0,0,0,0,0.0,16,,,2.5714285714285716,4,Jason Witten,TE,16.0,82.0,ACT,26,2,13.0
2020,00-0022127,J.Witten,TE,LV,0,0.0,0,17,13,69.0,2,20.0,0,0,0,0.0,10,,,1.5384615384615385,2,Jason Witten,TE,17.0,82.0,ACT,26,2,13.0
2020,00-0034899,J.Wolford,QB,LA,7,58.0,0,0,0,0.0,0,0.0,0,25,44,260.0,2,0.5681818181818182,8.285714285714286,,0,John Wolford,QB,2.0,9.0,INA,6,3,2.0
2021,00-0034899,J.Wolford,QB,LA,2,-1.0,0,0,0,0.0,0,0.0,0,1,4,5.0,2,0.25,-0.5,,0,John Wolford,QB,3.0,13.0,ACT,6,3,2.0
2022,00-0034899,J.Wolford,QB,LA,8,32.0,0,0,0,0.0,0,0.0,1,38,62,390.0,2,0.6129032258064516,4.0,,1,John Wolford,QB,4.0,13.0,INA,6,3,2.0
2022,00-0037755,J.Woods,TE,IND,0,0.0,0,40,25,312.0,3,120.0,0,0,0,0.0,12,,,4.8,3,Jelani Woods,TE,0.0,80.0,ACT,12,1,12.0
2018,00-0029572,J.Wright,WR,CAR,2,39.0,0,59,43,447.0,1,198.0,0,0,0,0.0,16,,19.5,4.604651162790698,1,Jarius Wright,WR,6.0,13.0,ACT,32,2,16.0
2019,00-0029572,J.Wright,WR,CAR,1,-7.0,0,58,28,296.0,0,89.0,0,0,0,0.0,16,,-7.0,3.1785714285714284,0,Jarius Wright,WR,7.0,13.0,ACT,32,2,16.0
2024,00-0039874,J.Wright,RB,MIA,68,249.0,0,6,3,8.0,0,8.0,0,0,0,0.0,13,,3.661764705882353,2.6666666666666665,0,Jaylen Wright,RB,0.0,25.0,ACT,13,1,13.0
2018,00-0028497,K.Aiken,WR,PHI,0,0.0,0,7,6,53.0,0,11.0,0,0,0,0.0,2,,,1.8333333333333333,0,Kamar Aiken,WR,7.0,81.0,CUT,2,1,2.0
2018,00-0030279,K.Allen,WR,LAC,9,75.0,0,148,103,1308.0,7,424.0,0,0,0,0.0,17,,8.333333333333334,4.116504854368932,7,Keenan Allen,WR,5.0,13.0,ACT,102,7,14.571428571428571
2018,00-0034577,K.Allen,QB,CAR,5,19.0,1,0,0,0.0,0,0.0,2,20,31,266.0,2,0.6451612903225806,3.8,,3,Kyle Allen,QB,0.0,7.0,ACT,30,7,4.285714285714286
2019,00-0030279,K.Allen,WR,LAC,3,16.0,0,149,104,1199.0,6,369.0,0,0,0,0.0,16,,5.333333333333333,3.548076923076923,6,Keenan Allen,WR,6.0,13.0,ACT,102,7,14.571428571428571
2019,00-0034577,K.Allen,QB,CAR,32,106.0,2,0,0,0.0,0,0.0,17,303,489,3322.0,13,0.6196319018404908,3.3125,,19,Kyle Allen,QB,1.0,7.0,ACT,30,7,4.285714285714286
2020,00-0030279,K.Allen,WR,LAC,1,-1.0,0,147,100,992.0,8,437.0,0,0,1,0.0,14,0.0,-1.0,4.37,8,Keenan Allen,WR,7.0,13.0,RES,102,7,14.571428571428571
2020,00-0034577,K.Allen,QB,WAS,7,26.0,1,0,0,0.0,0,0.0,4,60,87,610.0,4,0.6896551724137931,3.7142857142857144,,5,Kyle Allen,QB,2.0,8.0,RES,30,7,4.285714285714286
2021,00-0030279,K.Allen,WR,LAC,0,0.0,0,157,106,1138.0,6,341.0,0,0,1,0.0,16,0.0,,3.2169811320754715,6,Keenan Allen,WR,8.0,13.0,ACT,102,7,14.571428571428571
2021,00-0034577,K.Allen,QB,WAS,2,11.0,0,0,0,0.0,0,0.0,1,12,19,120.0,2,0.631578947368421,5.5,,1,Kyle Allen,QB,3.0,8.0,ACT,30,7,4.285714285714286
2022,00-0030279,K.Allen,WR,LAC,1,8.0,0,102,72,813.0,4,291.0,0,0,0,0.0,11,,8.0,4.041666666666667,4,Keenan Allen,WR,9.0,13.0,ACT,102,7,14.571428571428571
2022,00-0034577,K.Allen,QB,HOU,6,13.0,0,0,0,0.0,0,0.0,2,46,78,416.0,2,0.5897435897435898,2.1666666666666665,,2,Kyle Allen,QB,4.0,3.0,INA,30,7,4.285714285714286
2023,00-0030279,K.Allen,WR,LAC,2,6.0,0,150,108,1243.0,7,396.0,1,1,2,49.0,13,0.5,3.0,3.6666666666666665,8,Keenan Allen,WR,10.0,13.0,INA,102,7,14.571428571428571
2023,00-0034577,K.Allen,QB,BUF,13,-13.0,0,0,0,0.0,0,0.0,0,0,0,0.0,6,,-1.0,,0,Kyle Allen,QB,5.0,9.0,ACT,30,7,4.285714285714286
2024,00-0030279,K.Allen,WR,CHI,0,0.0,0,121,70,744.0,7,240.0,0,0,1,0.0,15,0.0,,3.4285714285714284,7,Keenan Allen,WR,11.0,13.0,ACT,102,7,14.571428571428571
2024,00-0034577,K.Allen,QB,PIT,0,0.0,0,0,0,0.0,0,0.0,0,1,1,19.0,1,1.0,,,0,Kyle Allen,QB,6.0,4.0,INA,30,7,4.285714285714286
2024,00-0037231,K.Austin,WR,NO,1,9.0,0,22,11,151.0,0,37.0,0,0,0,0.0,8,,9.0,3.3636363636363638,0,Kevin Austin Jr.,WR,2.0,81.0,ACT,8,1,8.0
2018,00-0034799,K.Ballage,RB,MIA,36,191.0,1,11,9,56.0,0,76.0,0,0,0,0.0,10,,5.305555555555555,8.444444444444445,1,Kalen Ballage,RB,0.0,27.0,ACT,53,4,13.25
2019,00-0034799,K.Ballage,RB,MIA,74,135.0,3,24,14,63.0,0,87.0,0,0,0,0.0,12,,1.8243243243243243,6.214285714285714,3,Kalen Ballage,RB,1.0,27.0,RES,53,4,13.25
2020,00-0034799,K.Ballage,RB,LAC,88,290.0,3,27,20,99.0,0,130.0,0,0,0,0.0,11,,3.2954545454545454,6.5,3,Kalen Ballage,RB,2.0,31.0,ACT,53,4,13.25
2020,00-0034799,K.Ballage,RB,NYJ,3,13.0,0,10,9,67.0,0,83.0,0,0,0,0.0,11,,4.333333333333333,9.222222222222221,0,,,,,,53,4,13.25
2021,00-0034799,K.Ballage,RB,PIT,16,49.0,0,7,2,8.0,0,10.0,0,0,0,0.0,9,,3.0625,5.0,0,Kalen Ballage,RB,3.0,29.0,ACT,53,4,13.25
2018,00-0030465,K.Barner,RB,CAR,0,0.0,0,1,1,3.0,0,0.0,0,0,0,0.0,6,,,0.0,0,Kenjon Barner,RB,5.0,23.0,RES,22,4,5.5
2018,00-0030465,K.Barner,RB,NE,19,71.0,0,0,0,0.0,0,0.0,0,0,0,0.0,6,,3.736842105263158,,0,,,,,,22,4,5.5
2019,00-0030465,K.Barner,RB,ATL,4,28.0,0,8,6,22.0,0,27.0,0,1,1,3.0,8,1.0,7.0,4.5,0,Kenjon Barner,RB,6.0,38.0,ACT,22,4,5.5
2020,00-0030465,K.Barner,RB,TB,0,0.0,0,1,0,0.0,0,0.0,0,0,0,0.0,1,,,,0,Kenjon Barner,RB,7.0,44.0,RES,22,4,5.5
2021,00-0030465,K.Barner,RB,TB,4,0.0,0,0,0,0.0,0,0.0,0,0,0,0.0,1,,0.0,,0,Kenjon Barner,RB,8.0,38.0,DEV,22,4,5.5
2018,00-0031359,K.Benjamin,WR,BUF,0,0.0,0,62,23,354.0,1,63.0,0,0,0,0.0,15,,,2.739130434782609,1,,,,,,30,1,30.0
2018,00-0031359,K.Benjamin,WR,KC,0,0.0,0,5,2,26.0,0,1.0,0,0,0,0.0,15,,,0.5,0,Kelvin Benjamin,WR,4.0,81.0,ACT,30,1,30.0
2021,00-0034131,K.Benkert,QB,GB,2,-1.0,0,0,0,0.0,0,0.0,0,0,0,0.0,1,,-0.5,,0,Kurt Benkert,QB,3.0,6.0,DEV,1,1,1.0
2018,00-0031102,K.Bibbs,RB,GB,1,2.0,0,5,3,13.0,0,8.0,0,0,0,0.0,9,,2.0,2.6666666666666665,0,Kapri Bibbs,RB,4.0,22.0,ACT,18,1,18.0
2018,00-0031102,K.Bibbs,RB,WAS,20,101.0,3,18,13,102.0,1,100.0,0,0,0,0.0,9,,5.05,7.6923076923076925,4,,,,,,18,1,18.0
2021,00-0035603,K.Blanton,TE,LA,0,0.0,0,14,11,112.0,1,69.0,0,0,0,0.0,6,,,6.2727272727272725,1,Kendall Blanton,TE,2.0,86.0,ACT,8,2,4.0
2022,00-0035603,K.Blanton,TE,LA,0,0.0,0,2,2,35.0,0,23.0,0,0,0,0.0,2,,,11.5,0,,,,,,8,2,4.0
2018,00-0033307,K.Bourne,WR,SF,0,0.0,0,67,42,487.0,4,147.0,0,0,0,0.0,16,,,3.5,4,Kendrick Bourne,WR,1.0,84.0,ACT,103,7,14.714285714285714
2019,00-0033307,K.Bourne,WR,SF,0,0.0,0,54,36,446.0,6,143.0,0,0,0,0.0,18,,,3.9722222222222223,6,Kendrick Bourne,WR,2.0,84.0,ACT,103,7,14.714285714285714
2020,00-0033307,K.Bourne,WR,SF,0,0.0,0,74,49,667.0,2,219.0,0,0,0,0.0,15,,,4.469387755102041,2,Kendrick Bourne,WR,3.0,84.0,ACT,103,7,14.714285714285714
2021,00-0033307,K.Bourne,WR,NE,13,139.0,0,78,62,877.0,7,407.0,1,1,1,25.0,18,1.0,10.692307692307692,6.564516129032258,8,Kendrick Bourne,WR,4.0,84.0,ACT,103,7,14.714285714285714
2022,00-0033307,K.Bourne,WR,NE,6,39.0,0,48,35,434.0,1,145.0,0,0,0,0.0,16,,6.5,4.142857142857143,1,Kendrick Bourne,WR,5.0,84.0,ACT,103,7,14.714285714285714
2023,00-0033307,K.Bourne,WR,NE,1,4.0,0,55,37,406.0,4,203.0,0,0,0,0.0,8,,4.0,5.486486486486487,4,Kendrick Bourne,WR,6.0,84.0,RES,103,7,14.714285714285714
2024,00-0033307,K.Bourne,WR,NE,1,6.0,0,38,28,305.0,1,94.0,0,0,1,0.0,12,0.0,6.0,3.357142857142857,1,Kendrick Bourne,WR,7.0,84.0,ACT,103,7,14.714285714285714
2023,00-0038608,K.Boutte,WR,NE,0,0.0,0,7,2,19.0,0,10.0,0,0,0,0.0,3,,,5.0,0,Kayshon Boutte,WR,0.0,80.0,ACT,18,2,9.0
2024,00-0038608,K.Boutte,WR,NE,0,0.0,0,68,43,589.0,3,150.0,0,0,0,0.0,15,,,3.488372093023256,3,Kayshon Boutte,WR,1.0,9.0,ACT,18,2,9.0
2018,00-0033681,K.Cole,WR,JAX,0,0.0,0,70,38,491.0,1,136.0,0,0,0,0.0,13,,,3.5789473684210527,1,Keelan Cole,WR,1.0,84.0,ACT,63,5,12.6
2019,00-0033681,K.Cole,WR,JAX,1,6.0,0,35,24,361.0,3,99.0,0,0,0,0.0,11,,6.0,4.125,3,Keelan Cole,WR,2.0,84.0,ACT,63,5,12.6
2020,00-0033681,K.Cole,WR,JAX,1,2.0,0,88,55,642.0,5,174.0,0,0,0,0.0,16,,2.0,3.1636363636363636,5,Keelan Cole,WR,3.0,84.0,ACT,63,5,12.6
2021,00-0033681,K.Cole,WR,NYJ,0,0.0,0,51,28,449.0,1,85.0,0,0,1,0.0,14,0.0,,3.0357142857142856,1,Keelan Cole,WR,4.0,88.0,ACT,63,5,12.6
2022,00-0033681,K.Cole,WR,LV,0,0.0,0,21,10,141.0,1,20.0,0,0,0,0.0,9,,,2.0,1,Keelan Cole,WR,5.0,84.0,ACT,63,5,12.6
2024,00-0039901,K.Coleman,WR,BUF,1,9.0,0,65,32,578.0,4,219.0,0,0,0,0.0,16,,9.0,6.84375,4,Keon Coleman,WR,0.0,0.0,ACT,16,1,16.0
2018,00-0029604,K.Cousins,QB,MIN,44,123.0,1,1,1,-1.0,0,6.0,30,425,606,4298.0,16,0.7013201320132013,2.7954545454545454,6.0,31,Kirk Cousins,QB,6.0,8.0,ACT,105,7,15.0
2019,00-0029604,K.Cousins,QB,MIN,33,62.0,1,1,0,0.0,0,0.0,28,347,504,4017.0,17,0.6884920634920635,1.878787878787879,,29,Kirk Cousins,QB,7.0,8.0,ACT,105,7,15.0
2020,00-0029604,K.Cousins,QB,MIN,32,156.0,1,0,0,0.0,0,0.0,35,349,516,4265.0,16,0.6763565891472868,4.875,,36,Kirk Cousins,QB,8.0,8.0,ACT,105,7,15.0
2021,00-0029604,K.Cousins,QB,MIN,29,115.0,1,0,0,0.0,0,0.0,33,372,561,4221.0,16,0.6631016042780749,3.9655172413793105,,34,Kirk Cousins,QB,9.0,8.0,ACT,105,7,15.0
2022,00-0029604,K.Cousins,QB,MIN,32,98.0,3,1,1,-2.0,0,4.0,31,455,682,4820.0,18,0.6671554252199413,3.0625,4.0,34,Kirk Cousins,QB,10.0,8.0,ACT,105,7,15.0
2023,00-0029604,K.Cousins,QB,MIN,14,25.0,0,0,0,0.0,0,0.0,18,216,311,2331.0,8,0.6945337620578779,1.7857142857142858,,18,Kirk Cousins,QB,11.0,8.0,RES,105,7,15.0
2024,00-0029604,K.Cousins,QB,ATL,23,0.0,0,0,0,0.0,0,0.0,18,303,453,3508.0,14,0.6688741721854304,0.0,,18,Kirk Cousins,QB,12.0,18.0,ACT,105,7,15.0
2018,00-0034366,K.Coutee,WR,HOU,3,0.0,0,55,39,397.0,2,259.0,0,0,0,0.0,7,,0.0,6.641025641025641,2,Keke Coutee,WR,0.0,16.0,ACT,25,5,5.0
2019,00-0034366,K.Coutee,WR,HOU,2,14.0,1,36,22,254.0,0,140.0,0,0,0,0.0,8,,7.0,6.363636363636363,1,Keke Coutee,WR,1.0,16.0,ACT,25,5,5.0
2020,00-0034366,K.Coutee,WR,HOU,0,0.0,0,40,33,400.0,3,148.0,0,0,0,0.0,8,,,4.484848484848484,3,Keke Coutee,WR,2.0,16.0,ACT,25,5,5.0
2021,00-0034366,K.Coutee,WR,IND,0,0.0,0,1,1,5.0,0,0.0,0,0,0,0.0,1,,,0.0,0,Keke Coutee,WR,3.0,15.0,DEV,25,5,5.0
2022,00-0034366,K.Coutee,WR,IND,0,0.0,0,1,1,20.0,0,8.0,0,0,0,0.0,1,,,8.0,0,Keke Coutee,WR,4.0,15.0,ACT,25,5,5.0
2018,00-0032411,K.Dixon,RB,BAL,66,346.0,2,10,9,104.0,0,98.0,0,0,0,0.0,7,,5.242424242424242,10.88888888888889,2,Kenneth Dixon,RB,2.0,30.0,ACT,7,1,7.0
2019,00-0035120,K.Doss,WR,LV,0,0.0,0,14,11,133.0,0,57.0,0,0,0,0.0,6,,,5.181818181818182,0,,,,,,8,2,4.0
2023,00-0035120,K.Doss,WR,LAC,0,0.0,0,13,6,33.0,0,14.0,0,0,0,0.0,2,,,2.3333333333333335,0,Keelan Doss,WR,4.0,86.0,ACT,8,2,4.0
2018,00-0033118,K.Drake,RB,MIA,120,535.0,4,73,53,477.0,5,423.0,0,0,0,0.0,16,,4.458333333333333,7.981132075471698,9,Kenyan Drake,RB,2.0,32.0,ACT,87,6,14.5
2019,00-0033118,K.Drake,RB,ARI,121,611.0,8,35,28,171.0,0,261.0,0,0,0,0.0,14,,5.049586776859504,9.321428571428571,8,Kenyan Drake,RB,3.0,41.0,ACT,87,6,14.5
2019,00-0033118,K.Drake,RB,MIA,47,174.0,0,33,22,174.0,0,163.0,0,0,0,0.0,14,,3.702127659574468,7.409090909090909,0,,,,,,87,6,14.5
2020,00-0033118,K.Drake,RB,ARI,239,955.0,10,31,25,137.0,0,165.0,0,0,0,0.0,15,,3.99581589958159,6.6,10,Kenyan Drake,RB,4.0,41.0,ACT,87,6,14.5
2021,00-0033118,K.Drake,RB,LV,63,254.0,2,40,30,291.0,1,259.0,0,0,0,0.0,12,,4.031746031746032,8.633333333333333,3,Kenyan Drake,RB,5.0,23.0,RES,87,6,14.5
2022,00-0033118,K.Drake,RB,BAL,109,482.0,4,26,17,89.0,1,125.0,0,0,0,0.0,12,,4.422018348623853,7.352941176470588,5,Kenyan Drake,RB,6.0,17.0,INA,87,6,14.5
2023,00-0033118,K.Drake,RB,BAL,1,0.0,0,3,2,31.0,0,36.0,0,0,0,0.0,2,,0.0,18.0,0,,,,,,87,6,14.5
2023,00-0033118,K.Drake,RB,GB,1,0.0,0,0,0,0.0,0,0.0,0,0,0,0.0,2,,0.0,,0,Kenyan Drake,RB,7.0,32.0,CUT,87,6,14.5
2018,00-0034509,K.Ford,RB,BUF,21,79.0,0,5,3,21.0,0,22.0,0,0,0,0.0,2,,3.761904761904762,7.333333333333333,0,Keith Ford,RB,0.0,35.0,ACT,2,1,2.0
2021,00-0036919,K.Gainwell,RB,PHI,69,297.0,5,55,38,302.0,2,282.0,0,0,0,0.0,17,,4.304347826086956,7.421052631578948,7,Kenneth Gainwell,RB,0.0,14.0,ACT,74,4,18.5
2022,00-0036919,K.Gainwell,RB,PHI,86,421.0,5,38,30,224.0,0,199.0,0,0,0,0.0,20,,4.895348837209302,6.633333333333334,5,Kenneth Gainwell,RB,1.0,14.0,ACT,74,4,18.5
2023,00-0036919,K.Gainwell,RB,PHI,88,367.0,2,39,32,193.0,0,186.0,0,1,1,17.0,17,1.0,4.170454545454546,5.8125,2,Kenneth Gainwell,RB,2.0,14.0,ACT,74,4,18.5
2024,00-0036919,K.Gainwell,RB,PHI,88,332.0,1,25,19,142.0,0,142.0,0,0,0,0.0,20,,3.772727272727273,7.473684210526316,1,Kenneth Gainwell,RB,3.0,14.0,ACT,74,4,18.5
2018,00-0033932,K.Golladay,WR,DET,1,8.0,0,119,70,1063.0,5,350.0,0,0,0,0.0,15,,8.0,5.0,5,Kenny Golladay,WR,1.0,19.0,ACT,56,5,11.2
2019,00-0033932,K.Golladay,WR,DET,0,0.0,0,116,65,1190.0,11,304.0,0,0,0,0.0,16,,,4.676923076923077,11,Kenny Golladay,WR,2.0,19.0,ACT,56,5,11.2
2020,00-0033932,K.Golladay,WR,DET,0,0.0,0,32,20,338.0,2,38.0,0,0,0,0.0,5,,,1.9,2,Kenny Golladay,WR,3.0,19.0,INA,56,5,11.2
2021,00-0033932,K.Golladay,WR,NYG,0,0.0,0,76,37,521.0,0,119.0,0,0,0,0.0,14,,,3.2162162162162162,0,Kenny Golladay,WR,4.0,19.0,ACT,56,5,11.2
2022,00-0033932,K.Golladay,WR,NYG,0,0.0,0,17,6,81.0,1,11.0,0,0,0,0.0,6,,,1.8333333333333333,1,Kenny Golladay,WR,5.0,19.0,ACT,56,5,11.2
2021,00-0036876,K.Granson,TE,IND,0,0.0,0,15,11,106.0,0,76.0,0,0,0,0.0,10,,,6.909090909090909,0,Kylen Granson,TE,0.0,83.0,ACT,52,4,13.0
2022,00-0036876,K.Granson,TE,IND,1,0.0,0,40,31,302.0,0,127.0,0,0,0,0.0,13,,0.0,4.096774193548387,0,Kylen Granson,TE,1.0,83.0,INA,52,4,13.0
2023,00-0036876,K.Granson,TE,IND,1,2.0,0,50,30,368.0,1,128.0,0,0,0,0.0,15,,2.0,4.266666666666667,1,Kylen Granson,TE,2.0,83.0,ACT,52,4,13.0
2024,00-0036876,K.Granson,TE,IND,0,0.0,0,31,14,182.0,0,109.0,0,0,0,0.0,14,,,7.785714285714286,0,Kylen Granson,TE,3.0,83.0,ACT,52,4,13.0
2020,00-0036412,K.Hamler,WR,DEN,9,40.0,0,56,30,381.0,3,124.0,0,0,0,0.0,12,,4.444444444444445,4.133333333333334,3,K.J. Hamler,WR,0.0,13.0,RES,21,3,7.0
2021,00-0036412,K.Hamler,WR,DEN,0,0.0,0,10,5,74.0,0,16.0,0,0,0,0.0,3,,,3.2,0,K.J. Hamler,WR,1.0,1.0,RES,21,3,7.0
2022,00-0036412,K.Hamler,WR,DEN,2,23.0,0,14,7,165.0,0,23.0,0,0,0,0.0,6,,11.5,3.2857142857142856,0,K.J. Hamler,WR,2.0,1.0,RES,21,3,7.0
2019,00-0035297,K.Harmon,WR,WAS,0,0.0,0,44,30,365.0,0,94.0,0,1,1,11.0,13,1.0,,3.1333333333333333,0,Kelvin Harmon,WR,0.0,13.0,ACT,13,1,13.0
2022,00-0037286,K.Harris,RB,NE,18,52.0,1,0,0,0.0,0,0.0,0,0,0,0.0,5,,2.888888888888889,,1,Kevin Harris,RB,0.0,36.0,INA,9,2,4.5
2023,00-0037286,K.Harris,RB,NE,16,65.0,1,3,3,58.0,0,59.0,0,0,0,0.0,4,,4.0625,19.666666666666668,1,Kevin Harris,RB,1.0,36.0,ACT,9,2,4.5
2018,00-0033441,K.Hatcher,WR,LV,0,0.0,0,2,1,8.0,0,8.0,0,0,0,0.0,1,,,8.0,0,,,,,,1,1,1.0
2021,00-0036906,K.Herbert,RB,CHI,103,433.0,2,16,14,96.0,0,101.0,0,0,0,0.0,14,,4.203883495145631,7.214285714285714,2,Khalil Herbert,RB,0.0,24.0,ACT,55,4,13.75
2022,00-0036906,K.Herbert,RB,CHI,129,731.0,4,12,9,57.0,1,81.0,0,0,0,0.0,13,,5.666666666666667,9.0,5,Khalil Herbert,RB,1.0,24.0,ACT,55,4,13.75
2023,00-0036906,K.Herbert,RB,CHI,132,611.0,2,31,20,134.0,1,138.0,0,0,0,0.0,12,,4.628787878787879,6.9,3,Khalil Herbert,RB,2.0,24.0,ACT,55,4,13.75
2024,00-0036906,K.Herbert,RB,CHI,8,16.0,1,2,2,4.0,0,6.0,0,0,0,0.0,8,,2.0,3.0,1,,,,,,55,4,13.75
2024,00-0036906,K.Herbert,RB,CIN,28,114.0,0,9,8,21.0,0,38.0,0,0,0,0.0,8,,4.071428571428571,4.75,0,Khalil Herbert,RB,3.0,34.0,ACT,55,4,13.75
2020,00-0036382,K.Hill,WR,LAC,0,0.0,0,11,7,73.0,0,18.0,0,0,0,0.0,5,,,2.5714285714285716,0,K.J. Hill,WR,0.0,84.0,ACT,6,2,3.0
2021,00-0036382,K.Hill,WR,LAC,0,0.0,0,3,3,30.0,0,12.0,0,0,0,0.0,1,,,4.0,0,K.J. Hill,WR,1.0,84.0,DEV,6,2,3.0
2021,00-0036669,K.Hill,RB,GB,10,24.0,0,2,1,5.0,0,7.0,0,0,0,0.0,4,,2.4,7.0,0,Kylin Hill,RB,0.0,32.0,RES,5,2,2.5
2022,00-0036669,K.Hill,RB,GB,1,7.0,0,0,0,0.0,0,0.0,0,0,0,0.0,1,,7.0,,0,Kylin Hill,RB,1.0,32.0,CUT,5,2,2.5
2020,00-0035864,K.Hinton,WR,DEN,2,7.0,0,0,0,0.0,0,0.0,0,1,9,13.0,1,0.1111111111111111,3.5,,0,Kendall Hinton,WR,0.0,2.0,DEV,22,3,7.333333333333333
2021,00-0035864,K.Hinton,WR,DEN,0,0.0,0,23,15,175.0,1,57.0,0,1,1,1.0,10,1.0,,3.8,1,Kendall Hinton,WR,1.0,9.0,ACT,22,3,7.333333333333333
2022,00-0035864,K.Hinton,WR,DEN,2,13.0,0,33,24,311.0,0,139.0,0,0,0,0.0,11,,6.5,5.791666666666667,0,Kendall Hinton,WR,2.0,9.0,INA,22,3,7.333333333333333
2018,00-0034854,K.Hodge,WR,LA,0,0.0,0,3,2,17.0,0,0.0,0,0,0,0.0,3,,,0.0,0,KhaDarel Hodge,WR,0.0,11.0,ACT,55,7,7.857142857142857
2019,00-0034854,K.Hodge,WR,CLE,0,0.0,0,10,4,76.0,0,9.0,0,0,0,0.0,7,,,2.25,0,KhaDarel Hodge,WR,1.0,12.0,ACT,55,7,7.857142857142857
2020,00-0034854,K.Hodge,WR,CLE,0,0.0,0,17,11,180.0,0,23.0,0,0,0,0.0,7,,,2.090909090909091,0,Khadarel Hodge,WR,2.0,12.0,ACT,55,7,7.857142857142857
2021,00-0034854,K.Hodge,WR,DET,0,0.0,0,27,13,157.0,0,37.0,0,0,0,0.0,10,,,2.8461538461538463,0,KhaDarel Hodge,WR,3.0,18.0,ACT,55,7,7.857142857142857
2022,00-0034854,K.Hodge,WR,ATL,0,0.0,0,20,13,202.0,1,61.0,0,0,0,0.0,9,,,4.6923076923076925,1,KhaDarel Hodge,WR,4.0,12.0,ACT,55,7,7.857142857142857
2023,00-0034854,K.Hodge,WR,ATL,1,0.0,0,23,14,232.0,0,83.0,0,0,0,0.0,13,,0.0,5.928571428571429,0,KhaDarel Hodge,WR,5.0,12.0,ACT,55,7,7.857142857142857
2024,00-0034854,K.Hodge,WR,ATL,0,0.0,0,12,7,131.0,1,89.0,0,0,0,0.0,6,,,12.714285714285714,1,KhaDarel Hodge,WR,6.0,12.0,ACT,55,7,7.857142857142857
2019,00-0033604,K.Hogan,WR,NO,0,0.0,0,1,1,4.0,0,2.0,0,0,0,0.0,1,,,2.0,0,Krishawn Hogan,WR,2.0,81.0,RES,1,1,1.0
2018,00-0033923,K.Hunt,RB,KC,181,824.0,7,35,26,378.0,7,338.0,0,0,0,0.0,11,,4.552486187845304,13.0,14,Kareem Hunt,RB,1.0,27.0,CUT,94,7,13.428571428571429
2019,00-0033923,K.Hunt,RB,CLE,43,179.0,2,44,37,285.0,1,276.0,0,0,0,0.0,8,,4.162790697674419,7.45945945945946,3,Kareem Hunt,RB,2.0,27.0,ACT,94,7,13.428571428571429
2020,00-0033923,K.Hunt,RB,CLE,212,921.0,9,53,40,319.0,5,304.0,0,0,0,0.0,18,,4.34433962264151,7.6,14,Kareem Hunt,RB,3.0,27.0,ACT,94,7,13.428571428571429
2021,00-0033923,K.Hunt,RB,CLE,78,386.0,5,27,22,174.0,0,174.0,0,0,0,0.0,8,,4.948717948717949,7.909090909090909,5,Kareem Hunt,RB,4.0,27.0,INA,94,7,13.428571428571429
2022,00-0033923,K.Hunt,RB,CLE,123,468.0,3,44,35,210.0,1,235.0,0,0,0,0.0,17,,3.8048780487804876,6.714285714285714,4,Kareem Hunt,RB,5.0,27.0,ACT,94,7,13.428571428571429
2023,00-0033923,K.Hunt,RB,CLE,143,437.0,10,27,20,93.0,1,117.0,0,0,0,0.0,16,,3.055944055944056,5.85,11,Kareem Hunt,RB,6.0,27.0,ACT,94,7,13.428571428571429
2024,00-0033923,K.Hunt,RB,KC,228,845.0,9,35,26,189.0,0,231.0,0,0,0,0.0,16,,3.706140350877193,8.884615384615385,9,Kareem Hunt,RB,7.0,29.0,ACT,94,7,13.428571428571429
2022,00-0037299,K.Ingram,RB,ARI,27,60.0,1,5,4,21.0,0,32.0,0,0,0,0.0,10,,2.2222222222222223,8.0,1,Keaontay Ingram,RB,0.0,30.0,ACT,17,2,8.5
2023,00-0037299,K.Ingram,RB,ARI,35,74.0,0,4,4,26.0,0,31.0,0,0,0,0.0,7,,2.1142857142857143,7.75,0,,,,,,17,2,8.5
2018,00-0034349,K.Johnson,RB,DET,118,641.0,3,39,32,213.0,1,267.0,0,0,0,0.0,10,,5.432203389830509,8.34375,4,Kerryon Johnson,RB,0.0,33.0,RES,32,3,10.666666666666666
2019,00-0034349,K.Johnson,RB,DET,113,403.0,3,15,10,127.0,1,116.0,0,0,0,0.0,8,,3.566371681415929,11.6,4,Kerryon Johnson,RB,1.0,33.0,ACT,32,3,10.666666666666666
2019,00-0035287,K.Johnson,WR,ARI,1,3.0,0,42,21,187.0,1,43.0,0,0,0,0.0,10,,3.0,2.0476190476190474,1,KeeSean Johnson,WR,0.0,19.0,INA,18,2,9.0
2020,00-0034349,K.Johnson,RB,DET,52,181.0,2,26,19,187.0,1,183.0,0,0,0,0.0,14,,3.480769230769231,9.631578947368421,3,Kerryon Johnson,RB,2.0,33.0,ACT,32,3,10.666666666666666
2020,00-0035287,K.Johnson,WR,ARI,0,0.0,0,23,15,173.0,0,50.0,0,0,0,0.0,8,,,3.3333333333333335,0,KeeSean Johnson,WR,1.0,19.0,ACT,18,2,9.0
2024,00-0039589,K.Johnson,WR,TB,2,11.0,0,1,0,0.0,0,0.0,0,0,0,0.0,3,,5.5,,0,Kameron Johnson,WR,0.0,19.0,INA,3,1,3.0
2022,00-0037311,K.Kieft,TE,TB,0,0.0,0,11,7,80.0,1,31.0,0,0,0,0.0,9,,,4.428571428571429,1,Ko Kieft,TE,0.0,41.0,ACT,12,2,6.0
2023,00-0037311,K.Kieft,TE,TB,0,0.0,0,5,1,2.0,1,2.0,0,0,0,0.0,3,,,2.0,1,Ko Kieft,TE,1.0,41.0,ACT,12,2,6.0
2018,00-0034317,K.Kirkwood,WR,NO,0,0.0,0,23,15,217.0,3,49.0,0,0,0,0.0,8,,,3.2666666666666666,3,Keith Kirkwood,WR,0.0,18.0,ACT,22,5,4.4
2020,00-0034317,K.Kirkwood,WR,CAR,0,0.0,0,2,1,13.0,0,9.0,0,0,0,0.0,1,,,9.0,0,Keith Kirkwood,WR,2.0,18.0,RES,22,5,4.4
2021,00-0034317,K.Kirkwood,WR,CAR,0,0.0,0,7,3,17.0,0,16.0,0,0,0,0.0,3,,,5.333333333333333,0,Keith Kirkwood,WR,3.0,18.0,ACT,22,5,4.4
2022,00-0034317,K.Kirkwood,WR,NO,0,0.0,0,4,2,18.0,0,4.0,0,0,0,0.0,3,,,2.0,0,Keith Kirkwood,WR,4.0,18.0,ACT,22,5,4.4
2023,00-0034317,K.Kirkwood,WR,NO,0,0.0,0,9,5,37.0,1,1.0,0,0,0,0.0,7,,,0.2,1,Keith Kirkwood,WR,5.0,18.0,INA,22,5,4.4
2023,00-0037420,K.Lassiter,WR,CIN,0,0.0,0,1,1,2.0,0,3.0,0,0,0,0.0,1,,,3.0,0,Kwamie Lassiter,WR,1.0,18.0,DEV,1,1,1.0
2018,00-0034369,K.Lauletta,QB,NYG,1,-2.0,0,0,0,0.0,0,0.0,0,0,5,0.0,1,0.0,-2.0,,0,Kyle Lauletta,QB,0.0,17.0,ACT,1,1,1.0
2018,00-0031922,K.Lee,TE,BUF,0,0.0,0,1,1,5.0,0,6.0,0,0,0,0.0,1,,,6.0,0,Khari Lee,TE,3.0,88.0,CUT,1,1,1.0
2024,00-0038636,K.McIntosh,RB,SEA,31,172.0,0,4,3,22.0,0,17.0,0,0,0,0.0,7,,5.548387096774194,5.666666666666667,0,Kenny McIntosh,RB,1.0,25.0,ACT,7,1,7.0
2021,00-0035844,K.Merritt,WR,MIA,0,0.0,0,3,1,13.0,0,6.0,0,0,0,0.0,1,,,6.0,0,Kirk Merritt,WR,1.0,83.0,DEV,1,1,1.0
2023,00-0038551,K.Miller,RB,NO,41,156.0,1,11,10,117.0,0,128.0,0,0,0,0.0,7,,3.8048780487804876,12.8,1,Kendre Miller,RB,0.0,25.0,ACT,13,2,6.5
2024,00-0038551,K.Miller,RB,NO,39,148.0,1,8,5,33.0,0,33.0,0,0,0,0.0,6,,3.7948717948717947,6.6,1,Kendre Miller,RB,1.0,25.0,INA,13,2,6.5
2023,00-0038454,K.Mitchell,RB,BAL,47,396.0,2,11,9,93.0,0,122.0,0,0,0,0.0,7,,8.425531914893616,13.555555555555555,2,Keaton Mitchell,RB,0.0,34.0,RES,9,2,4.5
2024,00-0038454,K.Mitchell,RB,BAL,15,30.0,0,1,1,28.0,0,33.0,0,0,0,0.0,2,,2.0,33.0,0,Keaton Mitchell,RB,1.0,34.0,ACT,9,2,4.5
2021,00-0036946,K.Mond,QB,MIN,0,0.0,0,0,0,0.0,0,0.0,0,2,3,5.0,1,0.6666666666666666,,,0,Kellen Mond,QB,0.0,11.0,INA,1,1,1.0
2019,00-0035228,K.Murray,QB,ARI,92,539.0,4,0,0,0.0,0,0.0,20,346,539,3752.0,16,0.6419294990723562,5.858695652173913,,24,Kyler Murray,QB,0.0,1.0,ACT,83,6,13.833333333333334
2020,00-0035228,K.Murray,QB,ARI,133,819.0,11,0,0,0.0,0,0.0,26,375,558,3971.0,16,0.6720430107526881,6.157894736842105,,37,Kyler Murray,QB,1.0,1.0,ACT,83,6,13.833333333333334
2021,00-0035228,K.Murray,QB,ARI,90,429.0,5,0,0,0.0,0,0.0,24,352,515,3924.0,15,0.683495145631068,4.766666666666667,,29,Kyler Murray,QB,2.0,1.0,ACT,83,6,13.833333333333334
2022,00-0035228,K.Murray,QB,ARI,67,418.0,3,0,0,0.0,0,0.0,14,259,390,2368.0,11,0.6641025641025641,6.2388059701492535,,17,Kyler Murray,QB,3.0,1.0,RES,83,6,13.833333333333334
2023,00-0035228,K.Murray,QB,ARI,44,244.0,3,0,0,0.0,0,0.0,10,176,268,1799.0,8,0.6567164179104478,5.545454545454546,,13,Kyler Murray,QB,4.0,1.0,ACT,83,6,13.833333333333334
2024,00-0035228,K.Murray,QB,ARI,78,572.0,5,0,0,0.0,0,0.0,21,372,541,3851.0,17,0.6876155268022182,7.333333333333333,,26,Kyler Murray,QB,5.0,1.0,ACT,83,6,13.833333333333334
2021,00-0036842,K.Nwangwu,RB,MIN,13,61.0,0,5,4,9.0,0,19.0,0,0,0,0.0,6,,4.6923076923076925,4.75,0,Kene Nwangwu,RB,0.0,26.0,ACT,13,4,3.25
2022,00-0036842,K.Nwangwu,RB,MIN,9,14.0,0,2,2,21.0,0,21.0,0,0,0,0.0,3,,1.5555555555555556,10.5,0,Kene Nwangwu,RB,1.0,26.0,ACT,13,4,3.25
2023,00-0036842,K.Nwangwu,RB,MIN,5,13.0,0,0,0,0.0,0,0.0,0,0,0,0.0,3,,2.6,,0,Kene Nwangwu,RB,2.0,26.0,ACT,13,4,3.25
2024,00-0036842,K.Nwangwu,RB,NYJ,0,0.0,0,0,0,0.0,0,0.0,0,0,0,0.0,1,,,,0,Kene Nwangwu,RB,3.0,34.0,RES,13,4,3.25
2021,00-0036345,K.Osborn,WR,MIN,1,10.0,0,82,50,655.0,7,179.0,0,0,0,0.0,17,,10.0,3.58,7,K.J. Osborn,WR,1.0,17.0,ACT,56,4,14.0
2022,00-0036345,K.Osborn,WR,MIN,3,6.0,0,93,62,670.0,6,304.0,0,0,0,0.0,18,,2.0,4.903225806451613,6,K.J. Osborn,WR,2.0,17.0,ACT,56,4,14.0
2023,00-0036345,K.Osborn,WR,MIN,0,0.0,0,75,48,540.0,3,185.0,0,0,0,0.0,15,,,3.8541666666666665,3,K.J. Osborn,WR,3.0,17.0,ACT,56,4,14.0
2024,00-0036345,K.Osborn,WR,NE,0,0.0,0,18,7,57.0,1,16.0,0,0,0,0.0,6,,,2.2857142857142856,1,,,,,,56,4,14.0
2022,00-0037273,K.Philips,WR,TEN,0,0.0,0,13,8,78.0,0,21.0,0,0,0,0.0,4,,,2.625,0,Kyle Philips,WR,0.0,18.0,RES,12,2,6.0
2023,00-0037273,K.Philips,WR,TEN,0,0.0,0,22,15,181.0,0,79.0,0,0,0,0.0,8,,,5.266666666666667,0,Kyle Philips,WR,1.0,18.0,ACT,12,2,6.0
2022,00-0038102,K.Pickett,QB,PIT,55,237.0,3,0,0,0.0,0,0.0,7,245,389,2404.0,13,0.6298200514138818,4.3090909090909095,,10,Kenny Pickett,QB,0.0,8.0,ACT,32,3,10.666666666666666
2023,00-0038102,K.Pickett,QB,PIT,42,54.0,1,0,0,0.0,0,0.0,6,201,324,2070.0,12,0.6203703703703703,1.2857142857142858,,7,Kenny Pickett,QB,1.0,8.0,ACT,32,3,10.666666666666666
2024,00-0038102,K.Pickett,QB,PHI,14,8.0,1,0,0,0.0,0,0.0,2,25,43,291.0,7,0.5813953488372093,0.5714285714285714,,3,Kenny Pickett,QB,2.0,7.0,ACT,32,3,10.666666666666666
2021,00-0036970,K.Pitts,TE,ATL,0,0.0,0,110,68,1026.0,1,313.0,0,0,0,0.0,17,,,4.602941176470588,1,Kyle Pitts,TE,0.0,8.0,ACT,61,4,15.25
2022,00-0036970,K.Pitts,TE,ATL,0,0.0,0,59,28,356.0,2,130.0,0,0,0,0.0,10,,,4.642857142857143,2,Kyle Pitts,TE,1.0,8.0,RES,61,4,15.25
2023,00-0036970,K.Pitts,TE,ATL,1,-4.0,0,90,53,667.0,3,134.0,0,0,0,0.0,17,,-4.0,2.5283018867924527,3,Kyle Pitts,TE,2.0,8.0,ACT,61,4,15.25
2024,00-0036970,K.Pitts,TE,ATL,0,0.0,0,74,47,602.0,4,272.0,0,0,0,0.0,17,,,5.787234042553192,4,Kyle Pitts,TE,3.0,8.0,ACT,61,4,15.25
2024,00-0037422,K.Pryor,WR,CIN,0,0.0,0,1,1,9.0,0,0.0,0,0,0,0.0,1,,,0.0,0,Kendric Pryor,WR,2.0,19.0,ACT,1,1,1.0
2020,00-0034193,K.Rader,TE,PIT,0,0.0,0,1,0,0.0,0,0.0,0,0,0,0.0,1,,,,0,Kevin Rader,TE,2.0,87.0,ACT,5,3,1.6666666666666667
2021,00-0034193,K.Rader,TE,PIT,0,0.0,0,3,2,8.0,0,4.0,0,0,0,0.0,2,,,2.0,0,Kevin Rader,TE,3.0,87.0,ACT,5,3,1.6666666666666667
2023,00-0034193,K.Rader,TE,TEN,0,0.0,0,3,1,6.0,0,4.0,0,0,0,0.0,2,,,4.0,0,Kevin Rader,TE,5.0,86.0,ACT,5,3,1.6666666666666667
2019,00-0032464,K.Raymond,WR,TEN,1,-5.0,0,13,10,215.0,2,14.0,0,0,0,0.0,8,,-5.0,1.4,2,Kalif Raymond,WR,3.0,14.0,ACT,77,6,12.833333333333334
2020,00-0032464,K.Raymond,WR,TEN,1,-3.0,0,16,9,187.0,0,38.0,0,0,0,0.0,9,,-3.0,4.222222222222222,0,Kalif Raymond,WR,4.0,14.0,ACT,77,6,12.833333333333334
2021,00-0032464,K.Raymond,WR,DET,4,28.0,0,71,48,576.0,4,262.0,0,0,0,0.0,16,,7.0,5.458333333333333,4,Kalif Raymond,WR,5.0,11.0,ACT,77,6,12.833333333333334
2022,00-0032464,K.Raymond,WR,DET,7,36.0,0,64,47,616.0,0,218.0,0,0,0,0.0,16,,5.142857142857143,4.638297872340425,0,Kalif Raymond,WR,6.0,11.0,ACT,77,6,12.833333333333334
2023,00-0032464,K.Raymond,WR,DET,7,75.0,0,44,35,489.0,1,214.0,0,0,0,0.0,17,,10.714285714285714,6.114285714285714,1,Kalif Raymond,WR,7.0,11.0,INA,77,6,12.833333333333334
2024,00-0032464,K.Raymond,WR,DET,2,0.0,0,25,20,252.0,2,161.0,0,0,0,0.0,11,,0.0,8.05,2,Kalif Raymond,WR,8.0,11.0,ACT,77,6,12.833333333333334
2018,00-0027981,K.Rudolph,TE,MIN,0,0.0,0,82,64,634.0,4,249.0,0,0,0,0.0,16,,,3.890625,4,Kyle Rudolph,TE,7.0,82.0,ACT,65,5,13.0
2019,00-0027981,K.Rudolph,TE,MIN,0,0.0,0,58,45,402.0,7,210.0,0,0,0,0.0,17,,,4.666666666666667,7,Kyle Rudolph,TE,8.0,82.0,ACT,65,5,13.0
2020,00-0027981,K.Rudolph,TE,MIN,0,0.0,0,37,28,334.0,1,164.0,0,0,0,0.0,12,,,5.857142857142857,1,Kyle Rudolph,TE,9.0,82.0,RES,65,5,13.0
2021,00-0027981,K.Rudolph,TE,NYG,0,0.0,0,39,26,257.0,1,137.0,0,0,0,0.0,15,,,5.269230769230769,1,Kyle Rudolph,TE,10.0,80.0,ACT,65,5,13.0
2022,00-0027981,K.Rudolph,TE,TB,0,0.0,0,5,3,28.0,1,3.0,0,0,0,0.0,5,,,1.0,1,Kyle Rudolph,TE,11.0,8.0,INA,65,5,13.0
2022,00-0037261,K.Shakir,WR,BUF,0,0.0,0,27,15,252.0,1,84.0,0,0,0,0.0,12,,,5.6,1,Khalil Shakir,WR,0.0,10.0,ACT,48,3,16.0
2023,00-0037261,K.Shakir,WR,BUF,1,10.0,0,57,49,686.0,4,335.0,0,0,0,0.0,18,,10.0,6.836734693877551,4,Khalil Shakir,WR,1.0,10.0,ACT,48,3,16.0
2024,00-0037261,K.Shakir,WR,BUF,2,4.0,0,120,94,995.0,4,696.0,0,0,0,0.0,18,,2.0,7.404255319148936,4,Khalil Shakir,WR,2.0,10.0,ACT,48,3,16.0
2019,00-0034988,K.Smith,TE,NYG,0,0.0,0,42,31,268.0,3,91.0,0,0,0,0.0,7,,,2.935483870967742,3,Kaden Smith,TE,0.0,82.0,ACT,22,3,7.333333333333333
2020,00-0034988,K.Smith,TE,NYG,0,0.0,0,21,18,112.0,0,89.0,0,0,0,0.0,13,,,4.944444444444445,0,Kaden Smith,TE,1.0,82.0,ACT,22,3,7.333333333333333
2021,00-0034988,K.Smith,TE,NYG,0,0.0,0,3,3,33.0,0,11.0,0,0,0,0.0,2,,,3.6666666666666665,0,Kaden Smith,TE,2.0,82.0,RES,22,3,7.333333333333333
2018,00-0030085,K.Stills,WR,MIA,0,0.0,0,64,37,553.0,6,131.0,1,1,1,3.0,15,1.0,,3.5405405405405403,7,Kenny Stills,WR,5.0,10.0,ACT,44,4,11.0
2019,00-0030085,K.Stills,WR,HOU,0,0.0,0,66,47,687.0,5,187.0,0,0,0,0.0,15,,,3.978723404255319,5,Kenny Stills,WR,6.0,12.0,ACT,44,4,11.0
2020,00-0030085,K.Stills,WR,HOU,0,0.0,0,19,11,144.0,1,17.0,0,0,0,0.0,7,,,1.5454545454545454,1,,,,,,44,4,11.0
2021,00-0030085,K.Stills,WR,NO,1,1.0,0,23,6,68.0,1,10.0,0,0,0,0.0,7,,1.0,1.6666666666666667,1,Kenny Stills,WR,8.0,12.0,INA,44,4,11.0
2021,00-0036913,K.Toney,WR,NYG,3,6.0,0,57,39,420.0,0,228.0,0,1,3,19.0,9,0.3333333333333333,2.0,5.846153846153846,0,Kadarius Toney,WR,0.0,89.0,INA,48,4,12.0
2022,00-0036913,K.Toney,WR,KC,6,73.0,1,27,21,221.0,3,143.0,0,0,0,0.0,12,,12.166666666666666,6.809523809523809,4,Kadarius Toney,WR,1.0,19.0,ACT,48,4,12.0
2022,00-0036913,K.Toney,WR,NYG,2,23.0,0,3,2,0.0,0,6.0,0,0,0,0.0,12,,11.5,3.0,0,,,,,,48,4,12.0
2023,00-0036913,K.Toney,WR,KC,11,31.0,0,38,27,169.0,1,128.0,0,0,1,0.0,13,0.0,2.8181818181818183,4.7407407407407405,1,Kadarius Toney,WR,2.0,19.0,INA,48,4,12.0
2024,00-0036913,K.Toney,WR,CLE,2,-4.0,0,1,0,0.0,0,0.0,0,0,0,0.0,2,,-2.0,,0,Kadarius Toney,WR,3.0,87.0,CUT,48,4,12.0
2022,00-0036928,K.Trask,QB,TB,0,0.0,0,0,0,0.0,0,0.0,0,3,9,23.0,1,0.3333333333333333,,,0,Kyle Trask,QB,1.0,2.0,INA,6,3,2.0
2023,00-0036928,K.Trask,QB,TB,1,-1.0,0,0,0,0.0,0,0.0,0,0,1,0.0,2,0.0,-1.0,,0,Kyle Trask,QB,2.0,2.0,ACT,6,3,2.0
2024,00-0036928,K.Trask,QB,TB,5,-4.0,0,0,0,0.0,0,0.0,0,1,1,5.0,3,1.0,-0.8,,0,Kyle Trask,QB,3.0,2.0,ACT,6,3,2.0
2022,00-0037801,K.Turpin,WR,DAL,3,17.0,0,3,2,17.0,0,5.0,0,0,0,0.0,6,,5.666666666666667,2.5,0,Kavontae Turpin,WR,3.0,9.0,ACT,33,3,11.0
2023,00-0037801,K.Turpin,WR,DAL,11,110.0,1,18,12,127.0,3,39.0,0,0,0,0.0,12,,10.0,3.25,4,KaVontae Turpin,WR,4.0,9.0,ACT,33,3,11.0
2024,00-0037801,K.Turpin,WR,DAL,16,92.0,0,52,31,420.0,2,260.0,0,0,0,0.0,15,,5.75,8.387096774193548,2,KaVontae Turpin,WR,5.0,9.0,ACT,33,3,11.0
2020,00-0036450,K.Vaughn,RB,TB,31,130.0,0,11,5,34.0,1,23.0,0,0,0,0.0,7,,4.193548387096774,4.6,1,Ke'Shawn Vaughn,RB,0.0,30.0,INA,25,5,5.0
2021,00-0036450,K.Vaughn,RB,TB,53,233.0,3,10,6,35.0,0,24.0,0,0,0,0.0,7,,4.39622641509434,4.0,3,Ke'Shawn Vaughn,RB,1.0,21.0,ACT,25,5,5.0
2022,00-0036450,K.Vaughn,RB,TB,17,53.0,0,4,3,19.0,0,29.0,0,0,0,0.0,5,,3.1176470588235294,9.666666666666666,0,Ke'Shawn Vaughn,RB,2.0,21.0,ACT,25,5,5.0
2023,00-0036450,K.Vaughn,RB,TB,24,42.0,0,5,2,2.0,0,1.0,0,0,0,0.0,5,,1.75,0.5,0,,,,,,25,5,5.0
2024,00-0036450,K.Vaughn,RB,SF,2,4.0,0,0,0,0.0,0,0.0,0,0,0,0.0,1,,2.0,,0,Ke'Shawn Vaughn,RB,4.0,49.0,DEV,25,5,5.0
2024,00-0039391,K.Vidal,RB,LAC,43,155.0,0,9,5,62.0,1,37.0,0,0,0,0.0,9,,3.604651162790698,7.4,1,Kimani Vidal,RB,0.0,30.0,INA,9,1,9.0
2022,00-0038134,K.Walker,RB,SEA,243,1113.0,10,36,28,168.0,0,224.0,0,0,0,0.0,16,,4.580246913580247,8.0,10,Kenneth Walker,RB,0.0,9.0,ACT,42,3,14.0
2023,00-0038134,K.Walker,RB,SEA,219,905.0,8,37,29,259.0,1,317.0,0,0,0,0.0,15,,4.132420091324201,10.931034482758621,9,Kenneth Walker,RB,1.0,9.0,ACT,42,3,14.0
2024,00-0038134,K.Walker,RB,SEA,153,573.0,7,53,46,299.0,1,363.0,0,0,0,0.0,11,,3.7450980392156863,7.891304347826087,8,Kenneth Walker III,RB,2.0,9.0,RES,42,3,14.0
2020,00-0035660,K.Warring,TE,HOU,0,0.0,0,7,3,35.0,0,8.0,0,0,0,0.0,4,,,2.6666666666666665,0,Kahale Warring,TE,1.0,81.0,ACT,4,1,4.0
2018,00-0031545,K.White,WR,CHI,0,0.0,0,8,4,92.0,0,6.0,0,0,0,0.0,3,,,1.5,0,Kevin White,WR,3.0,11.0,ACT,10,3,3.3333333333333335
2021,00-0031545,K.White,WR,NO,0,0.0,0,5,1,38.0,0,9.0,0,0,0,0.0,3,,,9.0,0,Kevin White,WR,6.0,17.0,DEV,10,3,3.3333333333333335
2022,00-0031545,K.White,WR,NO,0,0.0,0,5,2,74.0,0,68.0,0,0,0,0.0,4,,,34.0,0,Kevin White,WR,7.0,17.0,DEV,10,3,3.3333333333333335
2019,00-0035596,K.Whyte,RB,PIT,24,122.0,0,1,1,9.0,0,11.0,0,0,0,0.0,6,,5.083333333333333,11.0,0,Kerrith Whyte,RB,0.0,40.0,ACT,6,1,6.0
2021,00-0036183,K.Wilkerson,WR,NE,0,0.0,0,8,4,42.0,2,5.0,0,0,0,0.0,1,,,1.25,2,Kristian Wilkerson,WR,1.0,17.0,INA,2,2,1.0
2024,00-0036183,K.Wilkerson,WR,LV,0,0.0,0,3,2,18.0,1,11.0,0,0,0,0.0,1,,,5.5,1,Kristian Wilkerson,WR,4.0,83.0,DEV,2,2,1.0
2022,00-0037840,K.Williams,RB,LA,35,139.0,0,12,9,76.0,0,80.0,0,0,0,0.0,8,,3.9714285714285715,8.88888888888889,0,Kyren Williams,RB,0.0,23.0,ACT,39,3,13.0
2023,00-0037840,K.Williams,RB,LA,241,1205.0,12,49,33,215.0,3,285.0,0,0,0,0.0,13,,5.0,8.636363636363637,15,Kyren Williams,RB,1.0,23.0,ACT,39,3,13.0
2024,00-0037840,K.Williams,RB,LA,351,1481.0,14,45,38,197.0,3,216.0,0,0,0,0.0,18,,4.219373219373219,5.684210526315789,17,Kyren Williams,RB,2.0,23.0,ACT,39,3,13.0
2021,00-0036510,K.Yeboah,TE,NYJ,0,0.0,0,3,2,36.0,0,3.0,0,0,0,0.0,2,,,1.5,0,Kenny Yeboah,TE,0.0,83.0,ACT,10,3,3.3333333333333335
2023,00-0036510,K.Yeboah,TE,NYJ,0,0.0,0,4,2,28.0,0,20.0,0,0,0,0.0,2,,,10.0,0,Kenny Yeboah,TE,2.0,88.0,ACT,10,3,3.3333333333333335
2024,00-0036510,K.Yeboah,TE,NYJ,0,0.0,0,8,5,47.0,1,34.0,0,0,0,0.0,6,,,6.8,1,Kenny Yeboah,TE,3.0,88.0,ACT,10,3,3.3333333333333335
2019,00-0030496,L.Bell,RB,NYJ,245,789.0,3,78,66,461.0,1,440.0,0,0,0,0.0,15,,3.220408163265306,6.666666666666667,4,Le'Veon Bell,RB,6.0,26.0,ACT,55,3,18.333333333333332
2020,00-0030496,L.Bell,RB,KC,65,260.0,2,20,13,99.0,0,118.0,0,0,0,0.0,12,,4.0,9.076923076923077,2,Le'Veon Bell,RB,7.0,26.0,ACT,55,3,18.333333333333332
2020,00-0030496,L.Bell,RB,NYJ,19,74.0,0,3,3,39.0,0,18.0,0,0,0,0.0,12,,3.8947368421052633,6.0,0,,,,,,55,3,18.333333333333332
2021,00-0030496,L.Bell,RB,BAL,31,83.0,2,3,1,-1.0,0,0.0,0,0,0,0.0,8,,2.6774193548387095,0.0,2,,,,,,55,3,18.333333333333332
2021,00-0030496,L.Bell,RB,TB,8,18.0,0,4,4,31.0,1,26.0,0,0,0,0.0,8,,2.25,6.5,1,Le'Veon Bell,RB,8.0,6.0,CUT,55,3,18.333333333333332
2020,00-0035912,L.Bellamy,RB,DEN,4,11.0,0,1,1,5.0,0,5.0,0,0,0,0.0,2,,2.75,5.0,0,LeVante Bellamy,RB,0.0,32.0,ACT,2,1,2.0
2018,00-0027325,L.Blount,RB,DET,154,418.0,5,15,10,67.0,0,87.0,0,0,0,0.0,16,,2.7142857142857144,8.7,5,LeGarrette Blount,RB,8.0,29.0,ACT,16,1,16.0
2020,00-0036364,L.Bowden,WR,MIA,9,32.0,0,37,28,211.0,0,112.0,0,1,2,32.0,9,0.5,3.5555555555555554,4.0,0,Lynn Bowden,WR,0.0,15.0,ACT,17,2,8.5
2023,00-0036364,L.Bowden,WR,NO,5,32.0,0,16,11,83.0,0,57.0,0,0,0,0.0,8,,6.4,5.181818181818182,0,Lynn Bowden,WR,3.0,5.0,ACT,17,2,8.5
2020,00-0036145,L.Cager,TE,NYJ,0,0.0,0,6,2,35.0,0,14.0,0,0,0,0.0,2,,,7.0,0,,,,,,21,3,7.0
2022,00-0036145,L.Cager,TE,NYG,0,0.0,0,21,15,138.0,1,80.0,0,0,0,0.0,8,,,5.333333333333333,1,Lawrence Cager,TE,2.0,83.0,ACT,21,3,7.0
2022,00-0036145,L.Cager,TE,NYJ,0,0.0,0,1,0,0.0,0,0.0,0,0,0,0.0,8,,,,0,,,,,,21,3,7.0
2023,00-0036145,L.Cager,TE,NYG,0,0.0,0,5,4,36.0,1,27.0,0,0,0,0.0,3,,,6.75,1,Lawrence Cager,TE,3.0,83.0,RES,21,3,7.0
2018,00-0033060,L.Carroo,WR,MIA,1,14.0,0,4,2,94.0,1,36.0,0,0,0,0.0,3,,14.0,18.0,1,Leonte Carroo,WR,2.0,88.0,ACT,3,1,3.0
2019,00-0034412,L.Falk,QB,NYJ,0,0.0,0,0,0,0.0,0,0.0,0,47,73,416.0,3,0.6438356164383562,,,0,Luke Falk,QB,1.0,8.0,CUT,3,1,3.0
2021,00-0036887,L.Farrell,TE,JAX,0,0.0,0,11,7,56.0,0,28.0,0,0,0,0.0,8,,,4.0,0,Luke Farrell,TE,0.0,89.0,ACT,31,4,7.75
2022,00-0036887,L.Farrell,TE,JAX,0,0.0,0,4,4,40.0,0,36.0,0,0,0,0.0,4,,,9.0,0,Luke Farrell,TE,1.0,89.0,ACT,31,4,7.75
2023,00-0036887,L.Farrell,TE,JAX,0,0.0,0,15,13,155.0,0,96.0,0,0,0,0.0,9,,,7.384615384615385,0,Luke Farrell,TE,2.0,89.0,ACT,31,4,7.75
2024,00-0036887,L.Farrell,TE,JAX,0,0.0,0,17,12,67.0,0,30.0,0,0,0,0.0,10,,,2.5,0,Luke Farrell,TE,3.0,89.0,ACT,31,4,7.75
2018,00-0022921,L.Fitzgerald,WR,ARI,0,0.0,0,112,69,734.0,6,205.0,1,1,1,32.0,16,1.0,,2.971014492753623,7,Larry Fitzgerald,WR,14.0,11.0,ACT,45,3,15.0
2019,00-0022921,L.Fitzgerald,WR,ARI,0,0.0,0,107,73,835.0,4,396.0,0,0,0,0.0,16,,,5.424657534246576,4,Larry Fitzgerald,WR,15.0,11.0,ACT,45,3,15.0
2020,00-0022921,L.Fitzgerald,WR,ARI,0,0.0,0,72,54,409.0,1,185.0,0,0,0,0.0,13,,,3.425925925925926,1,Larry Fitzgerald,WR,16.0,11.0,INA,45,3,15.0
2018,00-0033856,L.Fournette,RB,JAX,133,439.0,5,26,22,185.0,1,213.0,0,0,0,0.0,8,,3.300751879699248,9.681818181818182,6,Leonard Fournette,RB,1.0,27.0,ACT,73,6,12.166666666666666
2019,00-0033856,L.Fournette,RB,JAX,265,1152.0,3,100,76,522.0,0,558.0,0,0,0,0.0,15,,4.347169811320755,7.342105263157895,3,Leonard Fournette,RB,2.0,27.0,INA,73,6,12.166666666666666
2020,00-0033856,L.Fournette,RB,TB,161,667.0,9,68,54,381.0,1,378.0,0,0,0,0.0,16,,4.142857142857143,7.0,10,Leonard Fournette,RB,3.0,28.0,ACT,73,6,12.166666666666666
2021,00-0033856,L.Fournette,RB,TB,193,863.0,10,93,78,510.0,2,513.0,0,0,1,0.0,15,0.0,4.471502590673575,6.576923076923077,12,Leonard Fournette,RB,4.0,7.0,ACT,73,6,12.166666666666666
2022,00-0033856,L.Fournette,RB,TB,194,679.0,3,84,74,529.0,3,575.0,0,0,1,0.0,17,0.0,3.5,7.77027027027027,6,Leonard Fournette,RB,5.0,7.0,ACT,73,6,12.166666666666666
2023,00-0033856,L.Fournette,RB,BUF,12,40.0,0,0,0,0.0,0,0.0,0,0,0,0.0,2,,3.3333333333333335,,0,Leonard Fournette,RB,6.0,5.0,DEV,73,6,12.166666666666666
2019,00-0035406,L.Humphrey,WR,NO,0,0.0,0,1,0,0.0,0,0.0,0,0,0,0.0,1,,,,0,Lil'Jordan Humphrey,WR,0.0,84.0,ACT,39,6,6.5
2020,00-0035406,L.Humphrey,WR,NO,0,0.0,0,6,4,60.0,1,21.0,0,0,0,0.0,3,,,5.25,1,Lil'Jordan Humphrey,WR,1.0,84.0,DEV,39,6,6.5
2021,00-0035406,L.Humphrey,WR,NO,0,0.0,0,18,13,249.0,2,101.0,0,0,0,0.0,7,,,7.769230769230769,2,Lil'Jordan Humphrey,WR,2.0,84.0,ACT,39,6,6.5
2022,00-0035406,L.Humphrey,WR,NE,0,0.0,0,4,2,20.0,0,15.0,0,0,0,0.0,3,,,7.5,0,Lil'Jordan Humphrey,WR,3.0,83.0,CUT,39,6,6.5
2023,00-0035406,L.Humphrey,WR,DEN,0,0.0,0,19,13,162.0,3,99.0,0,0,0,0.0,11,,,7.615384615384615,3,Lil'Jordan Humphrey,WR,4.0,17.0,ACT,39,6,6.5
2024,00-0035406,L.Humphrey,WR,DEN,0,0.0,0,45,31,293.0,1,192.0,0,0,0,0.0,14,,,6.193548387096774,1,Lil'Jordan Humphrey,WR,5.0,84.0,ACT,39,6,6.5
2018,00-0034796,L.Jackson,QB,BAL,156,749.0,5,2,0,0.0,0,0.0,8,113,199,1395.0,17,0.5678391959798995,4.801282051282051,,13,Lamar Jackson,QB,0.0,8.0,ACT,111,7,15.857142857142858
2019,00-0034796,L.Jackson,QB,BAL,196,1349.0,7,0,0,0.0,0,0.0,37,296,460,3492.0,16,0.6434782608695652,6.88265306122449,,44,Lamar Jackson,QB,1.0,8.0,ACT,111,7,15.857142857142858
2020,00-0034796,L.Jackson,QB,BAL,184,1175.0,8,0,0,0.0,0,0.0,26,273,424,3098.0,17,0.6438679245283019,6.385869565217392,,34,Lamar Jackson,QB,2.0,8.0,ACT,111,7,15.857142857142858
2021,00-0034796,L.Jackson,QB,BAL,133,767.0,2,0,0,0.0,0,0.0,16,246,382,2882.0,12,0.643979057591623,5.7669172932330826,,18,Lamar Jackson,QB,3.0,8.0,INA,111,7,15.857142857142858
2022,00-0034796,L.Jackson,QB,BAL,112,764.0,3,0,0,0.0,0,0.0,17,203,326,2242.0,12,0.6226993865030674,6.821428571428571,,20,Lamar Jackson,QB,4.0,8.0,INA,111,7,15.857142857142858
2023,00-0034796,L.Jackson,QB,BAL,167,975.0,7,1,1,13.0,0,14.0,27,343,516,4102.0,18,0.6647286821705426,5.838323353293413,14.0,34,Lamar Jackson,QB,5.0,8.0,ACT,111,7,15.857142857142858
2024,00-0034796,L.Jackson,QB,BAL,160,1035.0,4,0,0,0.0,0,0.0,45,350,520,4601.0,19,0.6730769230769231,6.46875,,49,Lamar Jackson,QB,6.0,8.0,ACT,111,7,15.857142857142858
2018,00-0027985,L.Kendricks,TE,GB,0,0.0,0,25,19,170.0,1,112.0,0,0,0,0.0,13,,,5.894736842105263,1,Lance Kendricks,TE,7.0,84.0,ACT,17,2,8.5
2019,00-0027985,L.Kendricks,TE,LAC,0,0.0,0,7,3,50.0,0,7.0,0,0,0,0.0,4,,,2.3333333333333335,0,Lance Kendricks,TE,8.0,87.0,ACT,17,2,8.5
2023,00-0037539,L.Krull,TE,DEN,0,0.0,0,14,8,95.0,1,50.0,0,0,0,0.0,7,,,6.25,1,Lucas Krull,TE,1.0,85.0,ACT,18,2,9.0
2024,00-0037539,L.Krull,TE,DEN,0,0.0,0,24,20,154.0,0,67.0,0,0,0,0.0,11,,,3.35,0,Lucas Krull,TE,2.0,85.0,ACT,18,2,9.0
2024,00-0039355,L.McCaffrey,WR,WAS,0,0.0,0,25,18,168.0,0,97.0,0,0,0,0.0,13,,,5.388888888888889,0,Luke McCaffrey,WR,0.0,12.0,ACT,13,1,13.0
2024,00-0039915,L.McConkey,WR,LAC,0,0.0,0,126,91,1346.0,8,469.0,0,0,0,0.0,17,,,5.153846153846154,8,Ladd McConkey,WR,0.0,15.0,ACT,17,1,17.0
2018,00-0027029,L.McCoy,RB,BUF,161,514.0,3,46,34,238.0,0,288.0,0,0,0,0.0,14,,3.1925465838509317,8.470588235294118,3,LeSean McCoy,RB,9.0,25.0,ACT,35,3,11.666666666666666
2019,00-0027029,L.McCoy,RB,KC,101,465.0,4,34,28,181.0,1,236.0,0,0,0,0.0,13,,4.603960396039604,8.428571428571429,5,LeSean McCoy,RB,10.0,25.0,INA,35,3,11.666666666666666
2020,00-0027029,L.McCoy,RB,TB,10,31.0,0,19,15,101.0,0,102.0,0,0,0,0.0,8,,3.1,6.8,0,LeSean McCoy,RB,11.0,25.0,ACT,35,3,11.666666666666666
2022,00-0037055,L.McCutcheon,WR,LA,0,0.0,0,5,0,0.0,0,0.0,0,0,0,0.0,2,,,,0,Lance McCutcheon,WR,0.0,82.0,ACT,2,1,2.0
2018,00-0029615,L.Miller,RB,HOU,215,991.0,5,45,33,226.0,1,228.0,0,0,0,0.0,15,,4.609302325581395,6.909090909090909,6,Lamar Miller,RB,6.0,26.0,ACT,16,2,8.0
2020,00-0029615,L.Miller,RB,CHI,0,0.0,0,2,2,6.0,0,4.0,0,0,0,0.0,1,,,2.0,0,,,,,,16,2,8.0
2018,00-0030513,L.Murray,RB,MIN,140,578.0,6,26,22,141.0,0,115.0,0,0,0,0.0,16,,4.128571428571429,5.2272727272727275,6,Latavius Murray,RB,5.0,25.0,ACT,106,6,17.666666666666668
2019,00-0030513,L.Murray,RB,NO,151,658.0,5,45,35,239.0,1,295.0,0,0,0,0.0,17,,4.357615894039735,8.428571428571429,6,Latavius Murray,RB,6.0,28.0,ACT,106,6,17.666666666666668
2020,00-0030513,L.Murray,RB,NO,150,665.0,4,28,25,187.0,2,220.0,0,0,0,0.0,16,,4.433333333333334,8.8,6,Latavius Murray,RB,7.0,28.0,INA,106,6,17.666666666666668
2021,00-0030513,L.Murray,RB,BAL,119,501.0,6,13,10,75.0,0,71.0,0,0,0,0.0,14,,4.2100840336134455,7.1,6,Latavius Murray,RB,8.0,28.0,ACT,106,6,17.666666666666668
2022,00-0030513,L.Murray,RB,DEN,160,703.0,5,34,26,124.0,0,178.0,0,0,0,0.0,13,,4.39375,6.846153846153846,5,Latavius Murray,RB,9.0,28.0,ACT,106,6,17.666666666666668
2022,00-0030513,L.Murray,RB,NO,11,57.0,1,1,1,8.0,0,10.0,0,0,0,0.0,13,,5.181818181818182,10.0,1,,,,,,106,6,17.666666666666668
2023,00-0030513,L.Murray,RB,BUF,79,300.0,4,28,22,159.0,0,127.0,0,0,0,0.0,17,,3.7974683544303796,5.7727272727272725,4,Latavius Murray,RB,10.0,28.0,ACT,106,6,17.666666666666668
2023,00-0039144,L.Musgrave,TE,GB,0,0.0,0,53,40,418.0,2,198.0,0,0,0,0.0,13,,,4.95,2,Luke Musgrave,TE,0.0,88.0,ACT,20,2,10.0
2024,00-0039144,L.Musgrave,TE,GB,0,0.0,0,10,7,45.0,0,18.0,0,0,0,0.0,7,,,2.5714285714285716,0,Luke Musgrave,TE,1.0,88.0,ACT,20,2,10.0
2018,00-0027215,L.Paulsen,TE,ATL,0,0.0,0,9,9,91.0,1,58.0,0,0,0,0.0,7,,,6.444444444444445,1,Logan Paulsen,TE,8.0,82.0,ACT,7,1,7.0
2020,00-0036269,L.Perine,RB,NYJ,64,232.0,2,15,11,63.0,0,67.0,0,0,0,0.0,9,,3.625,6.090909090909091,2,La'Mical Perine,RB,0.0,22.0,RES,13,3,4.333333333333333
2021,00-0036269,L.Perine,RB,NYJ,8,31.0,0,0,0,0.0,0,0.0,0,0,0,0.0,2,,3.875,,0,La'Mical Perine,RB,1.0,22.0,INA,13,3,4.333333333333333
2023,00-0036269,L.Perine,RB,KC,22,77.0,0,5,3,33.0,0,32.0,0,0,0,0.0,2,,3.5,10.666666666666666,0,La'Mical Perine,RB,3.0,29.0,INA,13,3,4.333333333333333
2021,00-0036650,L.Rountree,RB,LAC,36,87.0,1,2,1,-1.0,0,0.0,0,0,0,0.0,8,,2.4166666666666665,0.0,1,Larry Rountree,RB,0.0,35.0,INA,10,2,5.0
2022,00-0036650,L.Rountree,RB,LAC,13,19.0,0,2,2,14.0,0,31.0,0,0,0,0.0,2,,1.4615384615384615,15.5,0,Larry Rountree,RB,1.0,34.0,ACT,10,2,5.0
2023,00-0038547,L.Schoonmaker,TE,DAL,0,0.0,0,16,9,72.0,2,32.0,0,0,0,0.0,12,,,3.5555555555555554,2,Luke Schoonmaker,TE,0.0,86.0,ACT,22,2,11.0
2024,00-0038547,L.Schoonmaker,TE,DAL,0,0.0,0,36,27,241.0,1,97.0,0,0,0,0.0,10,,,3.5925925925925926,1,Luke Schoonmaker,TE,1.0,86.0,ACT,22,2,11.0
2020,00-0036268,L.Shenault,WR,JAX,18,91.0,0,79,58,600.0,5,298.0,0,0,0,0.0,14,,5.055555555555555,5.137931034482759,5,Laviska Shenault,WR,0.0,10.0,ACT,57,5,11.4
2021,00-0036268,L.Shenault,WR,JAX,11,41.0,0,100,63,619.0,0,393.0,0,0,0,0.0,16,,3.727272727272727,6.238095238095238,0,Laviska Shenault,WR,1.0,10.0,ACT,57,5,11.4
2022,00-0036268,L.Shenault,WR,CAR,9,65.0,1,32,27,272.0,1,330.0,0,0,0,0.0,13,,7.222222222222222,12.222222222222221,2,Laviska Shenault,WR,2.0,15.0,ACT,57,5,11.4
2023,00-0036268,L.Shenault,WR,CAR,12,55.0,0,10,10,60.0,0,85.0,0,0,0,0.0,8,,4.583333333333333,8.5,0,Laviska Shenault,WR,3.0,5.0,RES,57,5,11.4
2024,00-0036268,L.Shenault,WR,SEA,1,1.0,0,5,5,36.0,0,46.0,0,0,0,0.0,6,,1.0,9.2,0,,,,,,57,5,11.4
2018,00-0028097,L.Smith,TE,LV,0,0.0,0,11,10,73.0,3,55.0,0,0,0,0.0,6,,,5.5,3,,,,,,23,4,5.75
2019,00-0028097,L.Smith,TE,BUF,0,0.0,0,6,5,39.0,1,16.0,0,0,0,0.0,6,,,3.2,1,Lee Smith,TE,8.0,85.0,ACT,23,4,5.75
2020,00-0028097,L.Smith,TE,BUF,0,0.0,0,6,4,35.0,2,20.0,0,0,0,0.0,5,,,5.0,2,Lee Smith,TE,9.0,85.0,ACT,23,4,5.75
2021,00-0028097,L.Smith,TE,ATL,0,0.0,0,11,9,65.0,1,31.0,0,0,0,0.0,6,,,3.4444444444444446,1,Lee Smith,TE,10.0,85.0,ACT,23,4,5.75
2018,00-0028042,L.Stocker,TE,TEN,1,0.0,0,21,15,165.0,2,64.0,0,0,0,0.0,12,,0.0,4.266666666666667,2,Luke Stocker,TE,7.0,88.0,ACT,34,4,8.5
2019,00-0028042,L.Stocker,TE,ATL,0,0.0,0,14,8,53.0,0,36.0,0,0,0,0.0,11,,,4.5,0,Luke Stocker,TE,8.0,80.0,ACT,34,4,8.5
2020,00-0028042,L.Stocker,TE,ATL,0,0.0,0,11,7,63.0,0,52.0,0,0,0,0.0,9,,,7.428571428571429,0,Luke Stocker,TE,9.0,88.0,ACT,34,4,8.5
2021,00-0028042,L.Stocker,TE,MIN,0,0.0,0,2,2,12.0,0,6.0,0,0,0,0.0,2,,,3.0,0,Luke Stocker,TE,10.0,35.0,ACT,34,4,8.5
2018,00-0031260,L.Thomas,TE,BUF,0,0.0,0,17,12,77.0,0,34.0,0,1,1,15.0,8,1.0,,2.8333333333333335,0,Logan Thomas,TE,4.0,82.0,ACT,72,6,12.0
2019,00-0031260,L.Thomas,TE,DET,0,0.0,0,28,16,173.0,1,77.0,0,0,0,0.0,13,,,4.8125,1,Logan Thomas,TE,5.0,82.0,ACT,72,6,12.0
2020,00-0031260,L.Thomas,TE,WAS,3,5.0,0,119,77,744.0,6,317.0,0,1,1,28.0,17,1.0,1.6666666666666667,4.116883116883117,6,Logan Thomas,TE,6.0,82.0,ACT,72,6,12.0
2021,00-0031260,L.Thomas,TE,WAS,0,0.0,0,25,18,196.0,3,67.0,0,0,0,0.0,5,,,3.7222222222222223,3,Logan Thomas,TE,7.0,82.0,RES,72,6,12.0
2022,00-0031260,L.Thomas,TE,WAS,0,0.0,0,61,39,323.0,1,126.0,0,0,0,0.0,13,,,3.230769230769231,1,Logan Thomas,TE,8.0,82.0,ACT,72,6,12.0
2023,00-0031260,L.Thomas,TE,WAS,1,2.0,0,78,55,496.0,4,229.0,0,0,0,0.0,16,,2.0,4.163636363636364,4,Logan Thomas,TE,9.0,82.0,ACT,72,6,12.0
2018,00-0030443,L.Toilolo,TE,DET,0,0.0,0,24,21,263.0,1,110.0,0,0,0,0.0,11,,,5.238095238095238,1,Levine Toilolo,TE,5.0,87.0,ACT,18,3,6.0
2019,00-0030443,L.Toilolo,TE,SF,0,0.0,0,2,2,10.0,0,13.0,0,0,0,0.0,2,,,6.5,0,Levine Toilolo,TE,6.0,83.0,ACT,18,3,6.0
2020,00-0030443,L.Toilolo,TE,NYG,0,0.0,0,6,5,46.0,0,26.0,0,0,0,0.0,5,,,5.2,0,Levine Toilolo,TE,7.0,85.0,ACT,18,3,6.0
2018,00-0032951,L.Treadwell,WR,MIN,0,0.0,0,53,35,302.0,1,120.0,0,0,0,0.0,15,,,3.4285714285714284,1,Laquon Treadwell,WR,2.0,11.0,ACT,44,6,7.333333333333333
2019,00-0032951,L.Treadwell,WR,MIN,0,0.0,0,16,9,184.0,1,57.0,0,0,0,0.0,9,,,6.333333333333333,1,Laquon Treadwell,WR,3.0,11.0,ACT,44,6,7.333333333333333
2020,00-0032951,L.Treadwell,WR,ATL,0,0.0,0,7,6,49.0,2,13.0,0,0,0,0.0,4,,,2.1666666666666665,2,Laquon Treadwell,WR,4.0,80.0,ACT,44,6,7.333333333333333
2021,00-0032951,L.Treadwell,WR,JAX,0,0.0,0,51,33,434.0,1,122.0,0,0,0,0.0,12,,,3.696969696969697,1,Laquon Treadwell,WR,5.0,18.0,ACT,44,6,7.333333333333333
2022,00-0032951,L.Treadwell,WR,SEA,0,0.0,0,10,6,42.0,0,11.0,0,0,0,0.0,3,,,1.8333333333333333,0,Laquon Treadwell,WR,6.0,18.0,ACT,44,6,7.333333333333333
2023,00-0032951,L.Treadwell,WR,BAL,0,0.0,0,3,1,16.0,0,0.0,0,0,0,0.0,1,,,0.0,0,Laquon Treadwell,WR,7.0,18.0,DEV,44,6,7.333333333333333
2018,00-0030089,L.Willson,TE,DET,0,0.0,0,19,13,87.0,0,58.0,0,0,0,0.0,10,,,4.461538461538462,0,Luke Willson,TE,5.0,82.0,ACT,19,3,6.333333333333333
2019,00-0030089,L.Willson,TE,SEA,1,1.0,0,11,9,87.0,0,47.0,0,0,0,0.0,7,,1.0,5.222222222222222,0,Luke Willson,TE,6.0,82.0,ACT,19,3,6.333333333333333
2020,00-0030089,L.Willson,TE,BAL,0,0.0,0,3,1,12.0,0,2.0,0,0,0,0.0,2,,,2.0,0,,,,,,19,3,6.333333333333333
2020,00-0034438,L.Woodside,QB,TEN,7,10.0,0,0,0,0.0,0,0.0,0,1,3,7.0,5,0.3333333333333333,1.4285714285714286,,0,Logan Woodside,QB,2.0,5.0,ACT,10,3,3.3333333333333335
2021,00-0034438,L.Woodside,QB,TEN,6,-6.0,0,0,0,0.0,0,0.0,0,0,0,0.0,4,,-1.0,,0,Logan Woodside,QB,3.0,5.0,ACT,10,3,3.3333333333333335
2023,00-0034438,L.Woodside,QB,ATL,1,6.0,0,0,0,0.0,0,0.0,0,3,4,27.0,1,0.75,6.0,,0,Logan Woodside,QB,5.0,11.0,ACT,10,3,3.3333333333333335
2022,00-0037708,M.Alexander,WR,DET,0,0.0,0,1,1,7.0,0,4.0,0,0,0,0.0,1,,,4.0,0,Maurice Alexander,WR,2.0,15.0,DEV,1,1,1.0
2018,00-0033217,M.Alie-Cox,TE,IND,0,0.0,0,14,7,133.0,2,50.0,0,0,0,0.0,9,,,7.142857142857143,2,Mo Alie-Cox,TE,1.0,81.0,ACT,89,7,12.714285714285714
2019,00-0033217,M.Alie-Cox,TE,IND,0,0.0,0,11,8,93.0,0,60.0,0,0,0,0.0,9,,,7.5,0,Mo Alie-Cox,TE,2.0,81.0,ACT,89,7,12.714285714285714
2020,00-0033217,M.Alie-Cox,TE,IND,0,0.0,0,43,35,426.0,2,190.0,0,0,0,0.0,15,,,5.428571428571429,2,Mo Alie-Cox,TE,3.0,81.0,ACT,89,7,12.714285714285714
2021,00-0033217,M.Alie-Cox,TE,IND,0,0.0,0,45,24,316.0,4,150.0,0,0,0,0.0,17,,,6.25,4,Mo Alie-Cox,TE,4.0,81.0,ACT,89,7,12.714285714285714
2022,00-0033217,M.Alie-Cox,TE,IND,0,0.0,0,28,19,189.0,3,99.0,0,0,0,0.0,14,,,5.2105263157894735,3,Mo Alie-Cox,TE,5.0,81.0,ACT,89,7,12.714285714285714
2023,00-0033217,M.Alie-Cox,TE,IND,0,0.0,0,22,13,161.0,3,80.0,0,0,0,0.0,13,,,6.153846153846154,3,Mo Alie-Cox,TE,6.0,81.0,ACT,89,7,12.714285714285714
2024,00-0033217,M.Alie-Cox,TE,IND,0,0.0,0,22,12,147.0,1,49.0,0,0,0,0.0,12,,,4.083333333333333,1,Mo Alie-Cox,TE,7.0,81.0,ACT,89,7,12.714285714285714
2018,00-0034753,M.Andrews,TE,BAL,0,0.0,0,57,37,583.0,3,203.0,0,0,0,0.0,17,,,5.486486486486487,3,Mark Andrews,TE,0.0,89.0,ACT,112,7,16.0
2019,00-0034753,M.Andrews,TE,BAL,0,0.0,0,105,68,891.0,10,298.0,0,0,0,0.0,16,,,4.382352941176471,10,Mark Andrews,TE,1.0,89.0,ACT,112,7,16.0
2020,00-0034753,M.Andrews,TE,BAL,0,0.0,0,105,66,770.0,7,207.0,0,0,0,0.0,16,,,3.1363636363636362,7,Mark Andrews,TE,2.0,89.0,ACT,112,7,16.0
2021,00-0034753,M.Andrews,TE,BAL,1,0.0,0,153,107,1361.0,9,450.0,0,0,0,0.0,17,,0.0,4.205607476635514,9,Mark Andrews,TE,3.0,89.0,ACT,112,7,16.0
2022,00-0034753,M.Andrews,TE,BAL,4,8.0,0,123,78,920.0,5,267.0,0,0,0,0.0,16,,2.0,3.423076923076923,5,Mark Andrews,TE,4.0,89.0,ACT,112,7,16.0
2023,00-0034753,M.Andrews,TE,BAL,1,0.0,0,63,47,559.0,6,217.0,0,0,0,0.0,11,,0.0,4.617021276595745,6,Mark Andrews,TE,5.0,89.0,ACT,112,7,16.0
2024,00-0034753,M.Andrews,TE,BAL,8,13.0,0,79,62,761.0,11,220.0,0,0,0,0.0,19,,1.625,3.5483870967741935,11,Mark Andrews,TE,6.0,89.0,ACT,112,7,16.0
2018,00-0034747,M.Ateman,WR,LV,0,0.0,0,31,15,154.0,1,31.0,0,0,0,0.0,6,,,2.066666666666667,1,,,,,,10,2,5.0
2019,00-0034747,M.Ateman,WR,LV,0,0.0,0,10,5,116.0,0,19.0,0,0,0,0.0,4,,,3.8,0,,,,,,10,2,5.0
2022,00-0036959,M.Bandy,WR,LAC,0,0.0,0,21,10,89.0,0,25.0,0,0,0,0.0,7,,,2.5,0,Michael Bandy,WR,1.0,83.0,ACT,7,1,7.0
2018,00-0030533,M.Barkley,QB,BUF,3,-2.0,0,0,0,0.0,0,0.0,3,15,25,232.0,1,0.6,-0.6666666666666666,,3,Matt Barkley,QB,5.0,5.0,ACT,8,4,2.0
2019,00-0030533,M.Barkley,QB,BUF,2,-4.0,0,0,0,0.0,0,0.0,0,27,51,359.0,2,0.5294117647058824,-2.0,,0,Matt Barkley,QB,6.0,5.0,ACT,8,4,2.0
2020,00-0030533,M.Barkley,QB,BUF,6,-6.0,0,0,0,0.0,0,0.0,1,11,21,197.0,4,0.5238095238095238,-1.0,,1,Matt Barkley,QB,7.0,5.0,ACT,8,4,2.0
2023,00-0030533,M.Barkley,QB,JAX,3,-3.0,0,0,0,0.0,0,0.0,0,0,0,0.0,1,,-1.0,,0,Matt Barkley,QB,10.0,19.0,INA,8,4,2.0
2020,00-0034169,M.Baugh,TE,WAS,0,0.0,0,1,1,2.0,0,2.0,0,0,0,0.0,1,,,2.0,0,Marcus Baugh,TE,2.0,85.0,ACT,1,1,1.0
2018,00-0034208,M.Boone,RB,MIN,11,47.0,0,3,2,1.0,0,5.0,0,0,0,0.0,6,,4.2727272727272725,2.5,0,Mike Boone,RB,0.0,44.0,ACT,38,7,5.428571428571429
2019,00-0034208,M.Boone,RB,MIN,49,273.0,3,4,3,17.0,0,26.0,0,0,0,0.0,5,,5.571428571428571,8.666666666666666,3,Mike Boone,RB,1.0,23.0,ACT,38,7,5.428571428571429
2020,00-0034208,M.Boone,RB,MIN,11,59.0,1,2,2,10.0,0,17.0,0,0,0,0.0,5,,5.363636363636363,8.5,1,Mike Boone,RB,2.0,23.0,ACT,38,7,5.428571428571429
2021,00-0034208,M.Boone,RB,DEN,4,35.0,0,2,2,22.0,0,24.0,0,0,0,0.0,2,,8.75,12.0,0,Mike Boone,RB,3.0,26.0,ACT,38,7,5.428571428571429
2022,00-0034208,M.Boone,RB,DEN,24,102.0,0,15,9,96.0,0,81.0,0,0,0,0.0,8,,4.25,9.0,0,Mike Boone,RB,4.0,26.0,RES,38,7,5.428571428571429
2023,00-0034208,M.Boone,RB,HOU,5,23.0,0,9,7,40.0,0,33.0,0,0,0,0.0,7,,4.6,4.714285714285714,0,,,,,,38,7,5.428571428571429
2024,00-0034208,M.Boone,RB,CAR,13,51.0,0,3,1,-2.0,0,2.0,0,0,0,0.0,5,,3.923076923076923,2.0,0,Mike Boone,RB,6.0,34.0,ACT,38,7,5.428571428571429
2019,00-0035703,M.Boykin,WR,BAL,0,0.0,0,29,16,224.0,3,12.0,0,0,0,0.0,13,,,0.75,3,Miles Boykin,WR,0.0,80.0,ACT,36,5,7.2
2020,00-0035703,M.Boykin,WR,BAL,0,0.0,0,38,22,286.0,4,85.0,0,0,0,0.0,15,,,3.8636363636363638,4,Miles Boykin,WR,1.0,80.0,ACT,36,5,7.2
2021,00-0035703,M.Boykin,WR,BAL,0,0.0,0,1,1,6.0,0,0.0,0,0,0,0.0,1,,,0.0,0,Miles Boykin,WR,2.0,80.0,ACT,36,5,7.2
2022,00-0035703,M.Boykin,WR,PIT,0,0.0,0,3,2,11.0,0,0.0,0,0,0,0.0,3,,,0.0,0,Miles Boykin,WR,3.0,13.0,ACT,36,5,7.2
2023,00-0035703,M.Boykin,WR,PIT,0,0.0,0,4,3,17.0,0,2.0,0,0,0,0.0,4,,,0.6666666666666666,0,Miles Boykin,WR,4.0,13.0,ACT,36,5,7.2
2018,00-0033308,M.Breida,RB,SF,153,814.0,3,31,27,261.0,2,235.0,0,0,0,0.0,14,,5.3202614379084965,8.703703703703704,5,Matt Breida,RB,1.0,22.0,RES,79,6,13.166666666666666
2019,00-0033308,M.Breida,RB,SF,132,642.0,1,22,19,120.0,1,127.0,0,0,0,0.0,14,,4.863636363636363,6.684210526315789,2,Matt Breida,RB,2.0,22.0,ACT,79,6,13.166666666666666
2020,00-0033308,M.Breida,RB,MIA,59,254.0,0,10,9,96.0,0,96.0,0,0,0,0.0,10,,4.305084745762712,10.666666666666666,0,Matt Breida,RB,3.0,22.0,ACT,79,6,13.166666666666666
2021,00-0033308,M.Breida,RB,BUF,26,125.0,1,9,7,72.0,2,61.0,0,0,0,0.0,7,,4.8076923076923075,8.714285714285714,3,Matt Breida,RB,4.0,22.0,INA,79,6,13.166666666666666
2022,00-0033308,M.Breida,RB,NYG,61,251.0,2,26,21,137.0,0,100.0,0,0,0,0.0,19,,4.114754098360656,4.761904761904762,2,Matt Breida,RB,5.0,31.0,ACT,79,6,13.166666666666666
2023,00-0033308,M.Breida,RB,NYG,55,151.0,1,21,17,88.0,0,89.0,0,0,0,0.0,15,,2.7454545454545456,5.235294117647059,1,Matt Breida,RB,6.0,31.0,ACT,79,6,13.166666666666666
2018,00-0031806,M.Brown,RB,LA,43,212.0,0,7,5,52.0,1,39.0,0,0,0,0.0,10,,4.930232558139535,7.8,1,Malcolm Brown,RB,3.0,34.0,RES,54,5,10.8
2019,00-0031806,M.Brown,RB,LA,69,255.0,5,6,2,16.0,0,7.0,0,0,0,0.0,13,,3.6956521739130435,3.5,5,Malcolm Brown,RB,4.0,34.0,ACT,54,5,10.8
2019,00-0035662,M.Brown,WR,BAL,0,0.0,0,82,53,710.0,7,247.0,0,0,0,0.0,15,,,4.660377358490566,7,Marquise Brown,WR,0.0,15.0,ACT,79,6,13.166666666666666
2020,00-0031806,M.Brown,RB,LA,110,449.0,5,35,25,175.0,0,186.0,0,0,0,0.0,18,,4.081818181818182,7.44,5,Malcolm Brown,RB,5.0,34.0,ACT,54,5,10.8
2020,00-0035662,M.Brown,WR,BAL,3,20.0,0,116,69,965.0,8,328.0,0,0,0,0.0,18,,6.666666666666667,4.753623188405797,8,Marquise Brown,WR,1.0,15.0,ACT,79,6,13.166666666666666
2021,00-0031806,M.Brown,RB,MIA,33,125.0,1,5,3,10.0,0,8.0,0,0,0,0.0,6,,3.787878787878788,2.6666666666666665,1,Malcolm Brown,RB,6.0,34.0,RES,54,5,10.8
2021,00-0035662,M.Brown,WR,BAL,1,5.0,0,146,91,1008.0,6,388.0,0,0,0,0.0,16,,5.0,4.263736263736264,6,Marquise Brown,WR,2.0,5.0,ACT,79,6,13.166666666666666
2022,00-0031806,M.Brown,RB,LA,18,81.0,1,6,5,37.0,0,37.0,0,0,0,0.0,7,,4.5,7.4,1,Malcolm Brown,RB,7.0,41.0,ACT,54,5,10.8
2022,00-0035662,M.Brown,WR,ARI,1,1.0,0,107,67,709.0,3,236.0,0,0,0,0.0,12,,1.0,3.5223880597014925,3,Marquise Brown,WR,3.0,2.0,ACT,79,6,13.166666666666666
2023,00-0035662,M.Brown,WR,ARI,2,23.0,0,101,51,574.0,4,164.0,0,0,0,0.0,13,,11.5,3.215686274509804,4,Marquise Brown,WR,4.0,2.0,RES,79,6,13.166666666666666
2024,00-0035662,M.Brown,WR,KC,0,0.0,0,28,14,141.0,0,72.0,0,0,0,0.0,5,,,5.142857142857143,0,Marquise Brown,WR,5.0,5.0,ACT,79,6,13.166666666666666
2018,00-0031373,M.Bryant,WR,LV,3,23.0,0,27,19,266.0,0,131.0,0,0,0,0.0,7,,7.666666666666667,6.894736842105263,0,,,,,,7,1,7.0
2020,00-0036219,M.Callaway,WR,NO,0,0.0,0,29,21,213.0,0,58.0,0,0,0,0.0,7,,,2.761904761904762,0,Marquez Callaway,WR,0.0,12.0,ACT,34,3,11.333333333333334
2021,00-0036219,M.Callaway,WR,NO,0,0.0,0,84,46,698.0,6,144.0,0,0,0,0.0,17,,,3.130434782608696,6,Marquez Callaway,WR,1.0,1.0,ACT,34,3,11.333333333333334
2022,00-0036219,M.Callaway,WR,NO,0,0.0,0,32,16,158.0,1,35.0,0,0,0,0.0,10,,,2.1875,1,Marquez Callaway,WR,2.0,1.0,ACT,34,3,11.333333333333334
2021,00-0036924,M.Carter,RB,NYJ,147,639.0,4,55,36,325.0,0,341.0,0,0,0,0.0,14,,4.346938775510204,9.472222222222221,4,Michael Carter,RB,0.0,32.0,ACT,63,4,15.75
2022,00-0036924,M.Carter,RB,NYJ,114,402.0,3,54,41,288.0,0,274.0,0,0,0,0.0,16,,3.526315789473684,6.682926829268292,3,Michael Carter,RB,1.0,32.0,ACT,63,4,15.75
2023,00-0036924,M.Carter,RB,ARI,22,149.0,0,11,9,33.0,1,29.0,0,0,0,0.0,15,,6.7727272727272725,3.2222222222222223,1,Michael Carter,RB,2.0,22.0,ACT,63,4,15.75
2023,00-0036924,M.Carter,RB,NYJ,8,38.0,0,20,15,68.0,0,58.0,0,0,0,0.0,15,,4.75,3.8666666666666667,0,,,,,,63,4,15.75
2024,00-0036924,M.Carter,RB,ARI,35,131.0,1,11,11,57.0,0,73.0,0,0,0,0.0,3,,3.742857142857143,6.636363636363637,1,Michael Carter,RB,3.0,22.0,ACT,63,4,15.75
2018,00-0023662,M.Cassel,QB,DET,2,13.0,0,0,0,0.0,0,0.0,0,7,17,59.0,2,0.4117647058823529,6.5,,0,Matt Cassel,QB,13.0,8.0,ACT,2,1,2.0
2024,00-0039920,M.Corley,WR,NYJ,2,26.0,0,6,3,16.0,0,5.0,0,0,0,0.0,5,,13.0,1.6666666666666667,0,Malachi Corley,WR,0.0,14.0,ACT,5,1,5.0
2018,00-0026986,M.Crabtree,WR,BAL,0,0.0,0,104,56,645.0,5,130.0,0,0,0,0.0,17,,,2.3214285714285716,5,Michael Crabtree,WR,9.0,15.0,ACT,19,2,9.5
2019,00-0026986,M.Crabtree,WR,ARI,0,0.0,0,5,4,22.0,0,5.0,0,0,0,0.0,2,,,1.25,0,Michael Crabtree,WR,10.0,15.0,CUT,19,2,9.5
2023,00-0038911,M.Cunningham,WR,NE,0,0.0,0,0,0,0.0,0,0.0,0,0,0,0.0,1,,,,0,,,,,,1,1,1.0
2018,00-0032063,M.Davis,RB,SEA,116,524.0,4,44,36,236.0,1,267.0,0,0,0,0.0,16,,4.517241379310345,7.416666666666667,5,Mike Davis,RB,3.0,27.0,ACT,62,5,12.4
2019,00-0032063,M.Davis,RB,CAR,2,2.0,0,0,0,0.0,0,0.0,0,0,0,0.0,5,,1.0,,0,Mike Davis,RB,4.0,27.0,ACT,62,5,12.4
2019,00-0032063,M.Davis,RB,CHI,11,25.0,0,8,7,22.0,0,27.0,0,0,0,0.0,5,,2.272727272727273,3.857142857142857,0,,,,,,62,5,12.4
2020,00-0032063,M.Davis,RB,CAR,165,642.0,6,70,59,373.0,2,422.0,0,0,0,0.0,14,,3.890909090909091,7.1525423728813555,8,Mike Davis,RB,5.0,28.0,INA,62,5,12.4
2021,00-0032063,M.Davis,RB,ATL,138,503.0,3,58,44,259.0,1,306.0,0,0,0,0.0,17,,3.6449275362318843,6.954545454545454,4,Mike Davis,RB,6.0,28.0,ACT,62,5,12.4
2022,00-0032063,M.Davis,RB,BAL,8,18.0,0,2,2,4.0,0,11.0,0,0,0,0.0,5,,2.25,5.5,0,Mike Davis,RB,7.0,28.0,CUT,62,5,12.4
2022,00-0037563,M.Davis,RB,DAL,38,161.0,1,7,6,63.0,0,65.0,0,0,0,0.0,6,,4.2368421052631575,10.833333333333334,1,Malik Davis,RB,0.0,34.0,ACT,6,1,6.0
2018,00-0031408,M.Evans,WR,TB,0,0.0,0,138,86,1524.0,8,282.0,0,0,0,0.0,16,,,3.2790697674418605,8,Mike Evans,WR,4.0,13.0,ACT,117,7,16.714285714285715
2019,00-0031408,M.Evans,WR,TB,0,0.0,0,118,67,1157.0,8,261.0,0,0,0,0.0,13,,,3.8955223880597014,8,Mike Evans,WR,5.0,13.0,RES,117,7,16.714285714285715
2020,00-0031408,M.Evans,WR,TB,0,0.0,0,131,81,1210.0,15,298.0,0,0,0,0.0,20,,,3.6790123456790123,15,Mike Evans,WR,6.0,13.0,ACT,117,7,16.714285714285715
2021,00-0031408,M.Evans,WR,TB,1,10.0,0,140,91,1271.0,16,318.0,0,0,0,0.0,18,,10.0,3.4945054945054945,16,Mike Evans,WR,7.0,13.0,ACT,117,7,16.714285714285715
2022,00-0031408,M.Evans,WR,TB,0,0.0,0,138,83,1198.0,6,233.0,0,0,0,0.0,16,,,2.8072289156626504,6,Mike Evans,WR,8.0,13.0,ACT,117,7,16.714285714285715
2023,00-0031408,M.Evans,WR,TB,0,0.0,0,155,90,1450.0,14,357.0,0,0,0,0.0,19,,,3.966666666666667,14,Mike Evans,WR,9.0,13.0,ACT,117,7,16.714285714285715
2024,00-0031408,M.Evans,WR,TB,0,0.0,0,117,81,1096.0,12,255.0,0,0,0,0.0,15,,,3.1481481481481484,12,Mike Evans,WR,10.0,13.0,ACT,117,7,16.714285714285715
2021,00-0035883,M.Ffrench,WR,LAC,1,3.0,0,0,0,0.0,0,0.0,0,0,0,0.0,1,,3.0,,0,Maurice Ffrench,WR,1.0,80.0,DEV,1,1,1.0
2018,00-0034101,M.Flanagan,TE,WAS,0,0.0,0,1,1,14.0,0,7.0,0,0,0,0.0,1,,,7.0,0,Matt Flanagan,TE,0.0,88.0,ACT,1,1,1.0
2018,00-0029638,M.Floyd,WR,WAS,0,0.0,0,24,10,100.0,1,29.0,0,0,0,0.0,10,,,2.9,1,Michael Floyd,WR,6.0,17.0,ACT,10,1,10.0
2022,00-0036692,M.Forristall,TE,CLE,0,0.0,0,1,0,0.0,0,0.0,0,0,0,0.0,1,,,,0,Miller Forristall,TE,1.0,86.0,DEV,1,1,1.0
2018,00-0034764,M.Gallup,WR,DAL,0,0.0,0,83,41,644.0,3,202.0,0,0,0,0.0,17,,,4.926829268292683,3,Michael Gallup,WR,0.0,13.0,ACT,89,6,14.833333333333334
2019,00-0034764,M.Gallup,WR,DAL,0,0.0,0,113,66,1107.0,6,333.0,0,0,0,0.0,14,,,5.045454545454546,6,Michael Gallup,WR,1.0,13.0,ACT,89,6,14.833333333333334
2020,00-0034764,M.Gallup,WR,DAL,0,0.0,0,105,59,843.0,5,252.0,0,0,0,0.0,16,,,4.271186440677966,5,Michael Gallup,WR,2.0,13.0,ACT,89,6,14.833333333333334
2021,00-0034764,M.Gallup,WR,DAL,0,0.0,0,62,35,445.0,2,123.0,0,0,0,0.0,9,,,3.5142857142857142,2,Michael Gallup,WR,3.0,13.0,RES,89,6,14.833333333333334
2022,00-0034764,M.Gallup,WR,DAL,0,0.0,0,83,44,470.0,5,116.0,0,0,0,0.0,16,,,2.6363636363636362,5,Michael Gallup,WR,4.0,13.0,ACT,89,6,14.833333333333334
2023,00-0034764,M.Gallup,WR,DAL,0,0.0,0,63,40,521.0,2,141.0,0,0,0,0.0,17,,,3.525,2,Michael Gallup,WR,5.0,13.0,ACT,89,6,14.833333333333334
2019,00-0035311,M.Gaskin,RB,MIA,36,133.0,1,12,7,51.0,0,46.0,0,0,0,0.0,7,,3.6944444444444446,6.571428571428571,1,Myles Gaskin,RB,0.0,37.0,RES,38,5,7.6
2020,00-0035311,M.Gaskin,RB,MIA,142,584.0,3,47,41,388.0,2,388.0,0,0,0,0.0,10,,4.112676056338028,9.463414634146341,5,Myles Gaskin,RB,1.0,37.0,ACT,38,5,7.6
2021,00-0035311,M.Gaskin,RB,MIA,173,612.0,3,63,49,234.0,4,250.0,0,0,0,0.0,17,,3.53757225433526,5.1020408163265305,7,Myles Gaskin,RB,2.0,37.0,ACT,38,5,7.6
2022,00-0035311,M.Gaskin,RB,MIA,10,26.0,0,6,4,28.0,0,20.0,0,0,0,0.0,2,,2.6,5.0,0,Myles Gaskin,RB,3.0,3.0,RES,38,5,7.6
2024,00-0035311,M.Gaskin,RB,MIN,3,-1.0,0,1,1,11.0,0,13.0,0,0,0,0.0,2,,-0.3333333333333333,13.0,0,,,,,,38,5,7.6
2018,00-0034829,M.Gesicki,TE,MIA,0,0.0,0,32,22,202.0,0,96.0,0,0,0,0.0,14,,,4.363636363636363,0,Mike Gesicki,TE,0.0,86.0,ACT,110,7,15.714285714285714
2019,00-0034829,M.Gesicki,TE,MIA,0,0.0,0,89,51,570.0,5,175.0,0,0,0,0.0,15,,,3.4313725490196076,5,Mike Gesicki,TE,1.0,88.0,ACT,110,7,15.714285714285714
2020,00-0034829,M.Gesicki,TE,MIA,0,0.0,0,85,53,703.0,6,167.0,0,0,0,0.0,15,,,3.150943396226415,6,Mike Gesicki,TE,2.0,88.0,ACT,110,7,15.714285714285714
2021,00-0034829,M.Gesicki,TE,MIA,0,0.0,0,112,73,780.0,2,221.0,0,0,1,0.0,17,0.0,,3.0273972602739727,2,Mike Gesicki,TE,3.0,88.0,ACT,110,7,15.714285714285714
2022,00-0034829,M.Gesicki,TE,MIA,0,0.0,0,58,34,377.0,6,100.0,0,0,0,0.0,18,,,2.9411764705882355,6,Mike Gesicki,TE,4.0,88.0,ACT,110,7,15.714285714285714
2023,00-0034829,M.Gesicki,TE,NE,0,0.0,0,45,29,244.0,2,88.0,0,0,0,0.0,15,,,3.0344827586206895,2,Mike Gesicki,TE,5.0,88.0,ACT,110,7,15.714285714285714
2024,00-0034829,M.Gesicki,TE,CIN,0,0.0,0,83,65,665.0,2,245.0,0,0,0,0.0,16,,,3.769230769230769,2,Mike Gesicki,TE,6.0,88.0,ACT,110,7,15.714285714285714
2018,00-0030433,M.Gillislee,RB,NO,16,43.0,0,1,1,9.0,0,9.0,0,0,0,0.0,4,,2.6875,9.0,0,Mike Gillislee,RB,5.0,25.0,CUT,4,1,4.0
2018,00-0030520,M.Glennon,QB,ARI,0,0.0,0,0,0,0.0,0,0.0,1,15,21,174.0,2,0.7142857142857143,,,1,Mike Glennon,QB,5.0,7.0,ACT,15,4,3.75
2019,00-0030520,M.Glennon,QB,LV,2,0.0,0,0,0,0.0,0,0.0,1,6,10,56.0,2,0.6,0.0,,1,,,,,,15,4,3.75
2020,00-0030520,M.Glennon,QB,JAX,6,17.0,0,0,0,0.0,0,0.0,7,111,179,1072.0,5,0.6201117318435754,2.8333333333333335,,7,Mike Glennon,QB,7.0,2.0,ACT,15,4,3.75
2021,00-0030520,M.Glennon,QB,NYG,7,33.0,1,0,0,0.0,0,0.0,4,90,167,790.0,6,0.5389221556886228,4.714285714285714,,5,Mike Glennon,QB,8.0,2.0,INA,15,4,3.75
2018,00-0030068,M.Goodwin,WR,SF,4,9.0,0,44,23,395.0,4,126.0,0,0,0,0.0,11,,2.25,5.478260869565218,4,Marquise Goodwin,WR,5.0,11.0,ACT,56,5,11.2
2019,00-0030068,M.Goodwin,WR,SF,1,15.0,0,21,12,186.0,1,33.0,0,0,0,0.0,8,,15.0,2.75,1,Marquise Goodwin,WR,6.0,11.0,RES,56,5,11.2
2021,00-0030068,M.Goodwin,WR,CHI,2,-1.0,0,40,20,313.0,1,83.0,0,0,0,0.0,14,,-0.5,4.15,1,Marquise Goodwin,WR,8.0,84.0,ACT,56,5,11.2
2022,00-0030068,M.Goodwin,WR,SEA,2,5.0,0,42,27,387.0,4,114.0,0,0,0,0.0,12,,2.5,4.222222222222222,4,Marquise Goodwin,WR,9.0,11.0,RES,56,5,11.2
2023,00-0030068,M.Goodwin,WR,CLE,4,33.0,0,14,4,67.0,0,21.0,0,0,0,0.0,11,,8.25,5.25,0,Marquise Goodwin,WR,10.0,3.0,ACT,56,5,11.2
2018,00-0032144,M.Gordon,RB,LAC,201,940.0,12,69,52,504.0,4,550.0,0,0,0,0.0,14,,4.676616915422885,10.576923076923077,16,Melvin Gordon,RB,3.0,28.0,ACT,71,6,11.833333333333334
2019,00-0032144,M.Gordon,RB,LAC,162,612.0,8,55,42,296.0,1,321.0,0,0,0,0.0,12,,3.7777777777777777,7.642857142857143,9,Melvin Gordon,RB,4.0,25.0,ACT,71,6,11.833333333333334
2020,00-0032144,M.Gordon,RB,DEN,215,986.0,9,44,32,158.0,1,162.0,0,0,0,0.0,15,,4.586046511627907,5.0625,10,Melvin Gordon,RB,5.0,25.0,ACT,71,6,11.833333333333334
2021,00-0032144,M.Gordon,RB,DEN,203,918.0,8,38,28,213.0,2,186.0,0,0,0,0.0,16,,4.522167487684729,6.642857142857143,10,Melvin Gordon,RB,6.0,25.0,ACT,71,6,11.833333333333334
2022,00-0032144,M.Gordon,RB,DEN,90,318.0,2,32,25,223.0,0,206.0,0,0,0,0.0,10,,3.533333333333333,8.24,2,,,,,,71,6,11.833333333333334
2023,00-0032144,M.Gordon,RB,BAL,26,81.0,1,3,3,46.0,0,28.0,0,0,0,0.0,4,,3.1153846153846154,9.333333333333334,1,Melvin Gordon,RB,8.0,33.0,DEV,71,6,11.833333333333334
2018,00-0033094,M.Hall,WR,ATL,2,0.0,0,19,10,149.0,1,57.0,0,0,0,0.0,13,,0.0,5.7,1,Marvin Hall,WR,2.0,17.0,ACT,43,4,10.75
2019,00-0033094,M.Hall,WR,DET,1,7.0,0,11,7,261.0,1,36.0,0,0,0,0.0,7,,7.0,5.142857142857143,1,Marvin Hall,WR,3.0,17.0,RES,43,4,10.75
2020,00-0033094,M.Hall,WR,CLE,0,0.0,0,2,1,12.0,0,0.0,0,0,0,0.0,11,,,0.0,0,Marvin Hall,WR,4.0,18.0,INA,43,4,10.75
2020,00-0033094,M.Hall,WR,DET,1,1.0,0,30,17,290.0,2,58.0,0,0,0,0.0,11,,1.0,3.411764705882353,2,,,,,,43,4,10.75
2021,00-0033094,M.Hall,WR,ATL,0,0.0,0,1,1,10.0,0,5.0,0,0,0,0.0,1,,,5.0,0,Marvin Hall,WR,5.0,9.0,CUT,43,4,10.75
2019,00-0035140,M.Hardman,WR,KC,5,11.0,0,47,30,567.0,6,325.0,0,0,0,0.0,18,,2.2,10.833333333333334,6,Mecole Hardman,WR,0.0,17.0,ACT,93,6,15.5
2020,00-0035140,M.Hardman,WR,KC,6,85.0,0,75,49,626.0,5,367.0,0,0,0,0.0,19,,14.166666666666666,7.489795918367347,5,Mecole Hardman,WR,1.0,17.0,ACT,93,6,15.5
2021,00-0035140,M.Hardman,WR,KC,14,101.0,1,92,67,814.0,3,581.0,0,0,0,0.0,20,,7.214285714285714,8.671641791044776,4,Mecole Hardman,WR,2.0,17.0,ACT,93,6,15.5
2022,00-0035140,M.Hardman,WR,KC,6,38.0,2,37,27,307.0,4,163.0,0,0,0,0.0,9,,6.333333333333333,6.037037037037037,6,Mecole Hardman,WR,3.0,17.0,RES,93,6,15.5
2023,00-0035140,M.Hardman,WR,KC,3,-2.0,0,28,19,180.0,1,123.0,0,0,0,0.0,10,,-0.6666666666666666,6.473684210526316,1,Mecole Hardman,WR,4.0,12.0,ACT,93,6,15.5
2023,00-0035140,M.Hardman,WR,NYJ,0,0.0,0,3,1,6.0,0,1.0,0,0,0,0.0,10,,,1.0,0,,,,,,93,6,15.5
2024,00-0035140,M.Hardman,WR,KC,5,62.0,1,14,12,90.0,0,99.0,0,0,0,0.0,7,,12.4,8.25,1,Mecole Hardman,WR,5.0,17.0,RES,93,6,15.5
2018,00-0032362,M.Harris,WR,WAS,2,10.0,0,47,28,304.0,0,100.0,0,0,0,0.0,11,,5.0,3.5714285714285716,0,Maurice Harris,WR,2.0,13.0,RES,11,1,11.0
2024,00-0039849,M.Harrison,WR,ARI,0,0.0,0,116,62,885.0,8,148.0,0,0,0,0.0,17,,,2.3870967741935485,8,Marvin Harrison Jr.,WR,0.0,18.0,ACT,17,1,17.0
2023,00-0038465,M.Heath,WR,GB,0,0.0,0,24,15,125.0,1,35.0,0,0,0,0.0,12,,,2.3333333333333335,1,Malik Heath,WR,0.0,18.0,INA,18,2,9.0
2024,00-0038465,M.Heath,WR,GB,0,0.0,0,17,10,97.0,2,23.0,0,0,0,0.0,6,,,2.3,2,Malik Heath,WR,1.0,18.0,ACT,18,2,9.0
2019,00-0033555,M.Hollins,WR,MIA,0,0.0,0,1,0,0.0,0,0.0,0,0,0,0.0,8,,,,0,Mack Hollins,WR,2.0,86.0,ACT,83,6,13.833333333333334
2019,00-0033555,M.Hollins,WR,PHI,0,0.0,0,22,10,125.0,0,33.0,0,0,0,0.0,8,,,3.3,0,,,,,,83,6,13.833333333333334
2020,00-0033555,M.Hollins,WR,MIA,0,0.0,0,25,16,176.0,1,29.0,0,0,0,0.0,9,,,1.8125,1,Mack Hollins,WR,3.0,86.0,ACT,83,6,13.833333333333334
2021,00-0033555,M.Hollins,WR,MIA,0,0.0,0,28,14,223.0,4,41.0,0,0,0,0.0,13,,,2.9285714285714284,4,Mack Hollins,WR,4.0,86.0,ACT,83,6,13.833333333333334
2022,00-0033555,M.Hollins,WR,LV,4,40.0,0,94,57,690.0,4,192.0,0,1,1,4.0,17,1.0,10.0,3.3684210526315788,4,Mack Hollins,WR,5.0,10.0,ACT,83,6,13.833333333333334
2023,00-0033555,M.Hollins,WR,ATL,0,0.0,0,30,18,251.0,0,55.0,0,0,0,0.0,9,,,3.0555555555555554,0,Mack Hollins,WR,6.0,18.0,ACT,83,6,13.833333333333334
2024,00-0033555,M.Hollins,WR,BUF,0,0.0,0,58,36,482.0,6,107.0,0,0,0,0.0,19,,,2.9722222222222223,6,Mack Hollins,WR,7.0,13.0,ACT,83,6,13.833333333333334
2018,00-0027966,M.Ingram,RB,NO,156,729.0,6,31,25,185.0,1,164.0,0,0,0,0.0,14,,4.673076923076923,6.56,7,Mark Ingram,RB,7.0,22.0,ACT,78,5,15.6
2019,00-0027966,M.Ingram,RB,BAL,208,1040.0,10,31,27,256.0,5,225.0,0,0,0,0.0,16,,5.0,8.333333333333334,15,Mark Ingram,RB,8.0,21.0,ACT,78,5,15.6
2020,00-0027966,M.Ingram,RB,BAL,72,299.0,2,8,6,50.0,0,49.0,0,0,0,0.0,10,,4.152777777777778,8.166666666666666,2,Mark Ingram,RB,9.0,21.0,INA,78,5,15.6
2021,00-0027966,M.Ingram,RB,HOU,92,294.0,1,9,7,24.0,0,31.0,0,0,0,0.0,14,,3.1956521739130435,4.428571428571429,1,,,,,,78,5,15.6
2021,00-0027966,M.Ingram,RB,NO,68,260.0,1,26,20,138.0,0,133.0,0,0,0,0.0,14,,3.823529411764706,6.65,1,Mark Ingram,RB,10.0,14.0,INA,78,5,15.6
2022,00-0027966,M.Ingram,RB,NO,62,233.0,1,18,16,68.0,0,78.0,0,0,0,0.0,10,,3.7580645161290325,4.875,1,Mark Ingram,RB,11.0,22.0,RES,78,5,15.6
2018,00-0032980,M.Johnson,WR,IND,1,-2.0,0,8,6,102.0,1,28.0,0,0,0,0.0,4,,-2.0,4.666666666666667,1,Marcus Johnson,WR,2.0,16.0,RES,33,5,6.6
2019,00-0032980,M.Johnson,WR,IND,0,0.0,0,33,17,277.0,2,43.0,0,0,0,0.0,8,,,2.5294117647058822,2,Marcus Johnson,WR,3.0,83.0,ACT,33,5,6.6
2020,00-0032980,M.Johnson,WR,IND,0,0.0,0,28,14,255.0,0,49.0,0,0,0,0.0,8,,,3.5,0,,,,,,33,5,6.6
2021,00-0032980,M.Johnson,WR,TEN,2,-2.0,0,19,9,160.0,0,95.0,0,0,0,0.0,7,,-1.0,10.555555555555555,0,Marcus Johnson,WR,5.0,88.0,RES,33,5,6.6
2022,00-0032980,M.Johnson,WR,NYG,0,0.0,0,23,10,116.0,0,36.0,0,0,0,0.0,6,,,3.6,0,Marcus Johnson,WR,6.0,84.0,ACT,33,5,6.6
2018,00-0029293,M.Jones,WR,DET,0,0.0,0,62,35,508.0,5,107.0,0,0,0,0.0,9,,,3.057142857142857,5,Marvin Jones,WR,6.0,11.0,RES,77,6,12.833333333333334
2019,00-0029293,M.Jones,WR,DET,2,0.0,0,91,62,779.0,9,106.0,0,0,0,0.0,13,,0.0,1.7096774193548387,9,Marvin Jones,WR,7.0,11.0,RES,77,6,12.833333333333334
2020,00-0029293,M.Jones,WR,DET,0,0.0,0,115,76,978.0,9,196.0,0,0,0,0.0,16,,,2.5789473684210527,9,Marvin Jones,WR,8.0,11.0,ACT,77,6,12.833333333333334
2021,00-0029293,M.Jones,WR,JAX,0,0.0,0,120,73,832.0,4,120.0,0,0,0,0.0,17,,,1.643835616438356,4,Marvin Jones,WR,9.0,11.0,ACT,77,6,12.833333333333334
2021,00-0036972,M.Jones,QB,NE,46,147.0,0,0,0,0.0,0,0.0,24,376,559,4033.0,18,0.6726296958855098,3.1956521739130435,,24,Mac Jones,QB,0.0,10.0,ACT,53,4,13.25
2022,00-0029293,M.Jones,WR,JAX,0,0.0,0,90,50,579.0,4,109.0,0,0,0,0.0,18,,,2.18,4,Marvin Jones,WR,10.0,11.0,ACT,77,6,12.833333333333334
2022,00-0036972,M.Jones,QB,NE,47,102.0,1,0,0,0.0,0,0.0,14,288,442,2997.0,14,0.6515837104072398,2.1702127659574466,,15,Mac Jones,QB,1.0,10.0,ACT,53,4,13.25
2023,00-0029293,M.Jones,WR,DET,0,0.0,0,10,5,35.0,0,9.0,0,0,0,0.0,4,,,1.8,0,Marvin Jones,WR,11.0,0.0,CUT,77,6,12.833333333333334
2023,00-0036972,M.Jones,QB,NE,26,96.0,0,0,0,0.0,0,0.0,10,224,345,2120.0,11,0.6492753623188405,3.6923076923076925,,10,Mac Jones,QB,2.0,10.0,INA,53,4,13.25
2024,00-0036972,M.Jones,QB,JAX,28,92.0,1,0,0,0.0,0,0.0,8,171,262,1672.0,10,0.6526717557251909,3.2857142857142856,,9,Mac Jones,QB,3.0,10.0,ACT,53,4,13.25
2018,00-0033481,M.Kemp,WR,KC,0,0.0,0,2,1,7.0,0,8.0,0,0,0,0.0,2,,,8.0,0,Marcus Kemp,WR,1.0,19.0,ACT,9,4,2.25
2020,00-0033481,M.Kemp,WR,KC,0,0.0,0,1,1,11.0,0,10.0,0,0,0,0.0,1,,,10.0,0,Marcus Kemp,WR,3.0,19.0,ACT,9,4,2.25
2021,00-0033481,M.Kemp,WR,KC,0,0.0,0,5,2,24.0,0,8.0,0,0,0,0.0,5,,,4.0,0,Marcus Kemp,WR,4.0,85.0,ACT,9,4,2.25
2022,00-0033481,M.Kemp,WR,KC,0,0.0,0,1,1,13.0,0,2.0,0,0,0,0.0,1,,,2.0,0,Marcus Kemp,WR,5.0,85.0,ACT,9,4,2.25
2022,00-0036176,M.Kinsey,WR,TEN,0,0.0,0,1,1,3.0,0,0.0,0,0,0,0.0,1,,,0.0,0,Mason Kinsey,WR,2.0,12.0,DEV,4,3,1.3333333333333333
2023,00-0036176,M.Kinsey,WR,TEN,0,0.0,0,1,1,6.0,0,8.0,0,0,0,0.0,1,,,8.0,0,Mason Kinsey,WR,3.0,12.0,ACT,4,3,1.3333333333333333
2024,00-0036176,M.Kinsey,WR,TEN,0,0.0,0,2,2,17.0,0,0.0,0,0,0,0.0,2,,,0.0,0,Mason Kinsey,WR,4.0,12.0,ACT,4,3,1.3333333333333333
2018,00-0031744,M.LaCosse,TE,DEN,0,0.0,0,37,24,250.0,1,143.0,0,0,0,0.0,13,,,5.958333333333333,1,Matt LaCosse,TE,3.0,83.0,ACT,21,2,10.5
2019,00-0031744,M.LaCosse,TE,NE,0,0.0,0,19,13,131.0,1,46.0,0,0,0,0.0,8,,,3.5384615384615383,1,Matt LaCosse,TE,4.0,83.0,ACT,21,2,10.5
2019,00-0031431,M.Lee,WR,JAX,1,1.0,0,4,3,18.0,0,5.0,0,0,0,0.0,4,,1.0,1.6666666666666667,0,Marqise Lee,WR,5.0,11.0,RES,4,1,4.0
2018,00-0031788,M.Lengel,TE,CIN,0,0.0,0,8,3,17.0,1,7.0,0,0,0,0.0,6,,,2.3333333333333335,1,Matt Lengel,TE,3.0,89.0,ACT,6,1,6.0
2018,00-0024243,M.Lewis,TE,GB,0,0.0,0,4,3,39.0,0,31.0,0,0,0,0.0,4,,,10.333333333333334,0,Marcedes Lewis,TE,12.0,89.0,ACT,54,7,7.714285714285714
2019,00-0024243,M.Lewis,TE,GB,0,0.0,0,21,17,170.0,1,98.0,0,0,0,0.0,13,,,5.764705882352941,1,Marcedes Lewis,TE,13.0,89.0,ACT,54,7,7.714285714285714
2020,00-0024243,M.Lewis,TE,GB,0,0.0,0,20,13,135.0,3,73.0,0,0,0,0.0,11,,,5.615384615384615,3,Marcedes Lewis,TE,14.0,89.0,ACT,54,7,7.714285714285714
2021,00-0024243,M.Lewis,TE,GB,0,0.0,0,29,24,214.0,0,145.0,0,0,0,0.0,14,,,6.041666666666667,0,Marcedes Lewis,TE,15.0,89.0,ACT,54,7,7.714285714285714
2022,00-0024243,M.Lewis,TE,GB,0,0.0,0,7,6,66.0,2,14.0,0,0,0,0.0,6,,,2.3333333333333335,2,Marcedes Lewis,TE,16.0,89.0,ACT,54,7,7.714285714285714
2023,00-0024243,M.Lewis,TE,CHI,0,0.0,0,5,4,29.0,1,29.0,0,0,0,0.0,5,,,7.25,1,Marcedes Lewis,TE,17.0,84.0,ACT,54,7,7.714285714285714
2024,00-0024243,M.Lewis,TE,CHI,0,0.0,0,1,1,2.0,0,1.0,0,0,0,0.0,1,,,1.0,0,Marcedes Lewis,TE,18.0,84.0,ACT,54,7,7.714285714285714
2024,00-0039811,M.Lloyd,RB,GB,6,15.0,0,1,1,3.0,0,8.0,0,0,0,0.0,1,,2.5,8.0,0,MarShawn Lloyd,RB,0.0,32.0,RES,1,1,1.0
2018,00-0025399,M.Lynch,RB,LV,90,376.0,3,20,15,84.0,0,90.0,0,0,0,0.0,6,,4.177777777777778,6.0,3,,,,,,9,2,4.5
2019,00-0025399,M.Lynch,RB,SEA,30,67.0,4,3,2,25.0,0,23.0,0,0,0,0.0,3,,2.2333333333333334,11.5,4,Marshawn Lynch,RB,12.0,24.0,ACT,9,2,4.5
2018,00-0033951,M.Mack,RB,IND,228,1102.0,10,29,19,109.0,1,128.0,0,0,0,0.0,14,,4.833333333333333,6.7368421052631575,11,Marlon Mack,RB,1.0,25.0,ACT,39,5,7.8
2019,00-0033951,M.Mack,RB,IND,247,1091.0,8,17,14,82.0,0,80.0,0,0,0,0.0,14,,4.417004048582996,5.714285714285714,8,Marlon Mack,RB,2.0,25.0,ACT,39,5,7.8
2020,00-0033951,M.Mack,RB,IND,4,26.0,0,3,3,30.0,0,31.0,0,0,0,0.0,1,,6.5,10.333333333333334,0,Marlon Mack,RB,3.0,25.0,RES,39,5,7.8
2021,00-0033951,M.Mack,RB,IND,28,101.0,0,5,2,8.0,0,4.0,0,0,0,0.0,5,,3.607142857142857,2.0,0,Marlon Mack,RB,4.0,25.0,INA,39,5,7.8
2022,00-0033951,M.Mack,RB,DEN,16,84.0,1,10,8,99.0,1,114.0,0,0,0,0.0,5,,5.25,14.25,2,Marlon Mack,RB,5.0,37.0,RES,39,5,7.8
2018,00-0032268,M.Mariota,QB,TEN,64,357.0,2,1,1,21.0,0,11.0,11,228,331,2528.0,14,0.6888217522658611,5.578125,11.0,13,Marcus Mariota,QB,3.0,8.0,ACT,51,7,7.285714285714286
2019,00-0032268,M.Mariota,QB,TEN,25,134.0,0,0,0,0.0,0,0.0,7,96,161,1207.0,9,0.5962732919254659,5.36,,7,Marcus Mariota,QB,4.0,8.0,ACT,51,7,7.285714285714286
2020,00-0032268,M.Mariota,QB,LV,9,88.0,1,0,0,0.0,0,0.0,1,17,28,226.0,1,0.6071428571428571,9.777777777777779,,2,Marcus Mariota,QB,5.0,8.0,ACT,51,7,7.285714285714286
2021,00-0032268,M.Mariota,QB,LV,13,87.0,1,0,0,0.0,0,0.0,0,1,2,4.0,7,0.5,6.6923076923076925,,1,Marcus Mariota,QB,6.0,8.0,ACT,51,7,7.285714285714286
2022,00-0032268,M.Mariota,QB,ATL,85,438.0,4,0,0,0.0,0,0.0,15,184,300,2219.0,13,0.6133333333333333,5.152941176470589,,19,Marcus Mariota,QB,7.0,1.0,RES,51,7,7.285714285714286
2023,00-0032268,M.Mariota,QB,PHI,8,52.0,0,0,0,0.0,0,0.0,1,15,23,164.0,2,0.6521739130434783,6.5,,1,Marcus Mariota,QB,8.0,8.0,ACT,51,7,7.285714285714286
2024,00-0032268,M.Mariota,QB,WAS,20,93.0,1,0,0,0.0,0,0.0,4,34,44,364.0,5,0.7727272727272727,4.65,,5,Marcus Mariota,QB,9.0,18.0,ACT,51,7,7.285714285714286
2023,00-0039066,M.Mayer,TE,LV,0,0.0,0,40,27,304.0,2,164.0,0,0,0,0.0,12,,,6.074074074074074,2,Michael Mayer,TE,0.0,87.0,RES,23,2,11.5
2024,00-0039066,M.Mayer,TE,LV,0,0.0,0,32,21,156.0,0,61.0,0,0,0,0.0,11,,,2.9047619047619047,0,Michael Mayer,TE,1.0,87.0,ACT,23,2,11.5
2023,00-0038976,M.Mims,WR,DEN,9,30.0,0,33,22,377.0,1,154.0,0,0,0,0.0,15,,3.3333333333333335,7.0,1,Marvin Mims,WR,0.0,19.0,ACT,32,2,16.0
2024,00-0038976,M.Mims,WR,DEN,15,43.0,0,56,41,515.0,6,480.0,0,0,0,0.0,17,,2.8666666666666667,11.707317073170731,6,Marvin Mims Jr.,WR,1.0,19.0,ACT,32,2,16.0
2019,00-0025708,M.Moore,QB,KC,5,-1.0,0,0,0,0.0,0,0.0,4,59,91,659.0,6,0.6483516483516484,-0.2,,4,Matt Moore,QB,12.0,8.0,ACT,6,1,6.0
2018,00-0031959,M.Murphy,RB,BUF,52,250.0,0,19,11,26.0,0,37.0,0,0,0,0.0,9,,4.8076923076923075,3.3636363636363638,0,Marcus Murphy,RB,3.0,45.0,RES,9,1,9.0
2024,00-0039337,M.Nabers,WR,NYG,5,2.0,0,170,109,1204.0,7,462.0,0,0,1,0.0,15,0.0,0.4,4.238532110091743,7,Malik Nabers,WR,0.0,1.0,ACT,15,1,15.0
2024,00-0039917,M.Penix,QB,ATL,7,11.0,1,0,0,0.0,0,0.0,3,61,105,775.0,5,0.580952380952381,1.5714285714285714,,4,Michael Penix Jr.,QB,0.0,9.0,ACT,5,1,5.0
2020,00-0036245,M.Perry,RB,MIA,3,5.0,0,13,9,92.0,1,33.0,0,0,0,0.0,8,,1.6666666666666667,3.6666666666666665,1,Malcolm Perry,RB,0.0,10.0,ACT,8,1,8.0
2020,00-0036252,M.Pittman,WR,IND,4,37.0,0,71,45,593.0,1,347.0,0,0,0,0.0,14,,9.25,7.711111111111111,1,Michael Pittman,WR,0.0,11.0,ACT,79,5,15.8
2021,00-0036252,M.Pittman,WR,IND,5,44.0,0,129,88,1082.0,6,348.0,0,0,0,0.0,17,,8.8,3.9545454545454546,6,Michael Pittman,WR,1.0,11.0,ACT,79,5,15.8
2022,00-0036252,M.Pittman,WR,IND,3,30.0,0,141,99,925.0,4,344.0,0,0,0,0.0,16,,10.0,3.474747474747475,4,Michael Pittman,WR,2.0,11.0,ACT,79,5,15.8
2023,00-0036252,M.Pittman,WR,IND,0,0.0,0,156,109,1152.0,4,513.0,0,0,0,0.0,16,,,4.706422018348624,4,Michael Pittman,WR,3.0,11.0,ACT,79,5,15.8
2024,00-0036252,M.Pittman,WR,IND,0,0.0,0,111,69,808.0,3,259.0,0,0,0,0.0,16,,,3.753623188405797,3,Michael Pittman,WR,4.0,11.0,ACT,79,5,15.8
2018,00-0031585,M.Pruitt,TE,TEN,0,0.0,0,11,9,102.0,1,28.0,0,0,0,0.0,7,,,3.111111111111111,1,MyCole Pruitt,TE,3.0,85.0,ACT,56,7,8.0
2019,00-0031585,M.Pruitt,TE,TEN,0,0.0,0,12,10,118.0,1,86.0,0,0,0,0.0,9,,,8.6,1,MyCole Pruitt,TE,4.0,85.0,ACT,56,7,8.0
2020,00-0031585,M.Pruitt,TE,TEN,0,0.0,0,8,5,49.0,2,13.0,0,0,0,0.0,5,,,2.6,2,MyCole Pruitt,TE,5.0,85.0,ACT,56,7,8.0
2021,00-0031585,M.Pruitt,TE,TEN,0,0.0,0,18,14,145.0,3,59.0,0,0,0,0.0,10,,,4.214285714285714,3,MyCole Pruitt,TE,6.0,85.0,RES,56,7,8.0
2022,00-0031585,M.Pruitt,TE,ATL,0,0.0,0,21,16,150.0,4,75.0,0,0,0,0.0,10,,,4.6875,4,MyCole Pruitt,TE,7.0,85.0,ACT,56,7,8.0
2023,00-0031585,M.Pruitt,TE,ATL,0,0.0,0,12,9,110.0,1,51.0,0,0,0,0.0,9,,,5.666666666666667,1,MyCole Pruitt,TE,8.0,85.0,ACT,56,7,8.0
2024,00-0031585,M.Pruitt,TE,PIT,0,0.0,0,10,6,40.0,1,16.0,0,0,0,0.0,6,,,2.6666666666666665,1,MyCole Pruitt,TE,9.0,81.0,ACT,56,7,8.0
2018,00-0033559,M.Roberts,TE,DET,0,0.0,0,20,9,100.0,3,23.0,0,0,0,0.0,7,,,2.5555555555555554,3,Michael Roberts,TE,1.0,80.0,RES,7,1,7.0
2019,00-0034771,M.Rudolph,QB,PIT,21,42.0,0,0,0,0.0,0,0.0,13,176,283,1765.0,10,0.6219081272084805,2.0,,13,Mason Rudolph,QB,1.0,2.0,RES,29,5,5.8
2020,00-0034771,M.Rudolph,QB,PIT,7,-6.0,0,0,0,0.0,0,0.0,2,25,43,324.0,4,0.5813953488372093,-0.8571428571428571,,2,Mason Rudolph,QB,2.0,2.0,ACT,29,5,5.8
2021,00-0034771,M.Rudolph,QB,PIT,5,53.0,0,0,0,0.0,0,0.0,1,35,58,277.0,2,0.603448275862069,10.6,,1,Mason Rudolph,QB,3.0,2.0,ACT,29,5,5.8
2023,00-0034771,M.Rudolph,QB,PIT,12,24.0,0,0,0,0.0,0,0.0,5,77,113,948.0,5,0.6814159292035398,2.0,,5,Mason Rudolph,QB,5.0,2.0,ACT,29,5,5.8
2024,00-0034771,M.Rudolph,QB,TEN,25,106.0,1,0,0,0.0,0,0.0,9,146,228,1530.0,8,0.6403508771929824,4.24,,10,Mason Rudolph,QB,6.0,11.0,ACT,29,5,5.8
2018,00-0026143,M.Ryan,QB,ATL,33,125.0,3,1,1,5.0,1,4.0,35,422,608,4924.0,16,0.694078947368421,3.787878787878788,4.0,39,Matt Ryan,QB,10.0,2.0,ACT,76,5,15.2
2019,00-0026143,M.Ryan,QB,ATL,34,147.0,1,0,0,0.0,0,0.0,26,408,616,4466.0,15,0.6623376623376623,4.323529411764706,,27,Matt Ryan,QB,11.0,2.0,ACT,76,5,15.2
2020,00-0026143,M.Ryan,QB,ATL,29,92.0,2,0,0,0.0,0,0.0,26,407,626,4581.0,16,0.6501597444089456,3.1724137931034484,,28,Matt Ryan,QB,12.0,2.0,ACT,76,5,15.2
2021,00-0026143,M.Ryan,QB,ATL,40,82.0,1,0,0,0.0,0,0.0,20,375,560,3968.0,17,0.6696428571428571,2.05,,21,Matt Ryan,QB,13.0,2.0,ACT,76,5,15.2
2022,00-0026143,M.Ryan,QB,IND,27,70.0,1,0,0,0.0,0,0.0,14,309,461,3057.0,12,0.6702819956616052,2.5925925925925926,,15,Matt Ryan,QB,14.0,2.0,ACT,76,5,15.2
2018,00-0026898,M.Sanchez,QB,WAS,1,8.0,0,0,0,0.0,0,0.0,0,19,35,138.0,2,0.5428571428571428,8.0,,0,Mark Sanchez,QB,9.0,6.0,ACT,2,1,2.0
2019,00-0035243,M.Sanders,RB,PHI,193,887.0,3,68,53,517.0,3,427.0,0,0,0,0.0,17,,4.595854922279793,8.056603773584905,6,Miles Sanders,RB,0.0,26.0,ACT,89,6,14.833333333333334
2020,00-0035243,M.Sanders,RB,PHI,164,867.0,6,52,28,197.0,0,211.0,0,0,0,0.0,12,,5.286585365853658,7.535714285714286,6,Miles Sanders,RB,1.0,26.0,INA,89,6,14.833333333333334
2021,00-0035243,M.Sanders,RB,PHI,144,770.0,0,37,29,170.0,0,235.0,0,0,0,0.0,13,,5.347222222222222,8.10344827586207,0,Miles Sanders,RB,2.0,26.0,ACT,89,6,14.833333333333334
2022,00-0035243,M.Sanders,RB,PHI,294,1417.0,13,28,21,81.0,0,103.0,0,0,0,0.0,20,,4.819727891156463,4.904761904761905,13,Miles Sanders,RB,3.0,26.0,ACT,89,6,14.833333333333334
2023,00-0035243,M.Sanders,RB,CAR,129,432.0,1,41,27,154.0,0,158.0,0,0,0,0.0,16,,3.3488372093023258,5.851851851851852,1,Miles Sanders,RB,4.0,6.0,ACT,89,6,14.833333333333334
2024,00-0035243,M.Sanders,RB,CAR,55,205.0,2,30,24,148.0,1,150.0,0,0,0,0.0,11,,3.727272727272727,6.25,3,Miles Sanders,RB,5.0,6.0,ACT,89,6,14.833333333333334
2018,00-0029632,M.Sanu,WR,ATL,7,44.0,0,94,66,838.0,4,401.0,1,1,2,5.0,16,0.5,6.285714285714286,6.075757575757576,5,Mohamed Sanu,WR,6.0,12.0,ACT,70,4,17.5
2019,00-0029632,M.Sanu,WR,ATL,2,3.0,0,42,33,313.0,1,123.0,0,0,0,0.0,16,,1.5,3.727272727272727,1,,,,,,70,4,17.5
2019,00-0029632,M.Sanu,WR,NE,1,8.0,0,52,27,218.0,1,77.0,0,0,0,0.0,16,,8.0,2.8518518518518516,1,Mohamed Sanu,WR,7.0,14.0,ACT,70,4,17.5
2020,00-0029632,M.Sanu,WR,DET,1,3.0,0,23,16,178.0,1,33.0,0,0,0,0.0,7,,3.0,2.0625,1,Mohamed Sanu,WR,8.0,12.0,ACT,70,4,17.5
2020,00-0029632,M.Sanu,WR,SF,0,0.0,0,1,1,9.0,0,4.0,0,0,0,0.0,7,,,4.0,0,,,,,,70,4,17.5
2021,00-0029632,M.Sanu,WR,SF,0,0.0,0,24,15,177.0,0,44.0,0,0,0,0.0,8,,,2.933333333333333,0,Mohamed Sanu,WR,9.0,6.0,INA,70,4,17.5
2021,00-0036698,M.Sargent,RB,JAX,1,2.0,0,1,0,0.0,0,0.0,0,0,0,0.0,4,,2.0,,0,Mekhi Sargent,RB,0.0,36.0,ACT,12,1,12.0
2021,00-0036698,M.Sargent,RB,LA,2,5.0,0,0,0,0.0,0,0.0,0,0,0,0.0,4,,2.5,,0,,,,,,12,1,12.0
2021,00-0036698,M.Sargent,RB,TEN,2,4.0,0,0,0,0.0,0,0.0,0,0,0,0.0,4,,2.0,,0,,,,,,12,1,12.0
2018,00-0022787,M.Schaub,QB,ATL,1,0.0,0,1,1,-7.0,0,0.0,0,5,7,20.0,2,0.7142857142857143,0.0,0.0,0,Matt Schaub,QB,14.0,8.0,ACT,8,3,2.6666666666666665
2019,00-0022787,M.Schaub,QB,ATL,3,-3.0,0,0,0,0.0,0,0.0,3,50,67,580.0,5,0.746268656716418,-1.0,,3,Matt Schaub,QB,15.0,8.0,ACT,8,3,2.6666666666666665
2020,00-0022787,M.Schaub,QB,ATL,3,-4.0,0,0,0,0.0,0,0.0,0,0,0,0.0,1,,-1.3333333333333333,,0,Matt Schaub,QB,16.0,8.0,ACT,8,3,2.6666666666666665
2020,00-0033798,M.Schreck,TE,CIN,0,0.0,0,1,0,0.0,0,0.0,0,0,0,0.0,1,,,,0,Mason Schreck,TE,3.0,86.0,ACT,3,2,1.5
2022,00-0033798,M.Schreck,TE,HOU,0,0.0,0,2,2,6.0,0,0.0,0,0,0,0.0,2,,,0.0,0,Mason Schreck,TE,5.0,86.0,DEV,3,2,1.5
2019,00-0026293,M.Slater,WR,NE,0,0.0,0,0,0,0.0,0,0.0,0,0,0,0.0,1,,,,0,Matthew Slater,WR,11.0,18.0,ACT,1,1,1.0
2018,00-0026498,M.Stafford,QB,DET,25,71.0,0,0,0,0.0,0,0.0,21,367,555,3777.0,16,0.6612612612612613,2.84,,21,Matthew Stafford,QB,9.0,9.0,ACT,104,7,14.857142857142858
2019,00-0026498,M.Stafford,QB,DET,20,66.0,0,0,0,0.0,0,0.0,19,187,291,2499.0,8,0.6426116838487973,3.3,,19,Matthew Stafford,QB,10.0,9.0,RES,104,7,14.857142857142858
2020,00-0026498,M.Stafford,QB,DET,29,112.0,0,1,0,0.0,0,0.0,26,339,528,4084.0,16,0.6420454545454546,3.8620689655172415,,26,Matthew Stafford,QB,11.0,9.0,ACT,104,7,14.857142857142858
2021,00-0026498,M.Stafford,QB,LA,50,85.0,2,1,0,0.0,0,0.0,50,502,741,6074.0,21,0.6774628879892037,1.7,,52,Matthew Stafford,QB,12.0,9.0,ACT,104,7,14.857142857142858
2022,00-0026498,M.Stafford,QB,LA,13,9.0,1,0,0,0.0,0,0.0,10,206,303,2087.0,9,0.6798679867986799,0.6923076923076923,,11,Matthew Stafford,QB,13.0,9.0,RES,104,7,14.857142857142858
2023,00-0026498,M.Stafford,QB,LA,21,65.0,0,0,0,0.0,0,0.0,26,351,557,4332.0,16,0.63016157989228,3.0952380952380953,,26,Matthew Stafford,QB,14.0,9.0,ACT,104,7,14.857142857142858
2024,00-0026498,M.Stafford,QB,LA,34,45.0,0,0,0,0.0,0,0.0,24,385,588,4295.0,18,0.6547619047619048,1.3235294117647058,,24,Matthew Stafford,QB,15.0,9.0,ACT,104,7,14.857142857142858
2021,00-0036482,M.Strachan,WR,IND,0,0.0,0,3,2,26.0,0,0.0,0,0,0,0.0,2,,,0.0,0,Mike Strachan,WR,0.0,17.0,INA,9,3,3.0
2022,00-0036482,M.Strachan,WR,IND,0,0.0,0,9,3,59.0,0,13.0,0,0,0,0.0,5,,,4.333333333333333,0,Mike Strachan,WR,1.0,17.0,ACT,9,3,3.0
2023,00-0036482,M.Strachan,WR,CAR,0,0.0,0,3,1,45.0,0,8.0,0,0,0,0.0,2,,,8.0,0,Mike Strachan,WR,2.0,86.0,INA,9,3,3.0
2020,00-0035480,M.Taylor,WR,GB,1,9.0,0,6,5,66.0,1,47.0,0,0,0,0.0,6,,9.0,9.4,1,Malik Taylor,WR,1.0,86.0,ACT,9,3,3.0
2021,00-0035480,M.Taylor,WR,GB,0,0.0,0,3,2,14.0,0,8.0,0,0,0,0.0,1,,,4.0,0,Malik Taylor,WR,2.0,86.0,RES,9,3,3.0
2023,00-0035480,M.Taylor,WR,NYJ,0,0.0,0,4,2,13.0,0,7.0,0,0,0,0.0,2,,,3.5,0,Malik Taylor,WR,4.0,86.0,DEV,9,3,3.0
2018,00-0032765,M.Thomas,WR,NO,0,0.0,0,170,141,1612.0,10,584.0,0,0,0,0.0,18,,,4.141843971631205,10,Michael Thomas,WR,2.0,13.0,ACT,57,5,11.4
2019,00-0032765,M.Thomas,WR,NO,1,-9.0,0,193,156,1795.0,9,591.0,0,0,0,0.0,17,,-9.0,3.7884615384615383,9,Michael Thomas,WR,3.0,13.0,ACT,57,5,11.4
2019,00-0033114,M.Thomas,WR,LA,0,0.0,0,5,2,14.0,0,10.0,0,0,0,0.0,3,,,5.0,0,Mike Thomas,WR,3.0,88.0,ACT,25,4,6.25
2020,00-0032765,M.Thomas,WR,NO,1,1.0,0,66,45,511.0,1,107.0,0,0,0,0.0,9,,1.0,2.3777777777777778,1,Michael Thomas,WR,4.0,13.0,ACT,57,5,11.4
2020,00-0033114,M.Thomas,WR,CIN,1,1.0,0,21,13,132.0,1,28.0,0,0,0,0.0,10,,1.0,2.1538461538461537,1,Mike Thomas,WR,4.0,80.0,ACT,25,4,6.25
2021,00-0033114,M.Thomas,WR,CIN,0,0.0,0,12,6,69.0,0,21.0,0,0,0,0.0,8,,,3.5,0,Mike Thomas,WR,5.0,80.0,ACT,25,4,6.25
2022,00-0032765,M.Thomas,WR,NO,0,0.0,0,22,16,171.0,3,21.0,0,0,0,0.0,3,,,1.3125,3,Michael Thomas,WR,6.0,13.0,RES,57,5,11.4
2022,00-0033114,M.Thomas,WR,CIN,0,0.0,0,10,2,38.0,0,24.0,0,0,0,0.0,4,,,12.0,0,,,,,,25,4,6.25
2023,00-0032765,M.Thomas,WR,NO,0,0.0,0,64,39,448.0,1,100.0,0,0,0,0.0,10,,,2.5641025641025643,1,Michael Thomas,WR,7.0,13.0,RES,57,5,11.4
2024,00-0039623,M.Tipton,WR,NO,0,0.0,0,26,14,99.0,0,27.0,0,0,0,0.0,9,,,1.9285714285714286,0,Mason Tipton,WR,0.0,84.0,INA,9,1,9.0
2018,00-0033869,M.Trubisky,QB,CHI,71,430.0,3,0,0,0.0,0,0.0,25,315,477,3526.0,15,0.660377358490566,6.056338028169014,,28,Mitchell Trubisky,QB,1.0,10.0,ACT,68,7,9.714285714285714
2019,00-0033869,M.Trubisky,QB,CHI,48,193.0,2,0,0,0.0,0,0.0,17,326,516,3138.0,15,0.6317829457364341,4.020833333333333,,19,Mitchell Trubisky,QB,2.0,10.0,ACT,68,7,9.714285714285714
2020,00-0033869,M.Trubisky,QB,CHI,36,205.0,1,0,0,0.0,0,0.0,17,218,326,2254.0,11,0.6687116564417178,5.694444444444445,,18,Mitchell Trubisky,QB,3.0,10.0,ACT,68,7,9.714285714285714
2021,00-0033869,M.Trubisky,QB,BUF,16,22.0,1,0,0,0.0,0,0.0,0,6,8,43.0,6,0.75,1.375,,1,Mitchell Trubisky,QB,4.0,10.0,ACT,68,7,9.714285714285714
2022,00-0033869,M.Trubisky,QB,PIT,19,38.0,2,0,0,0.0,0,0.0,4,117,180,1252.0,7,0.65,2.0,,6,Mitchell Trubisky,QB,5.0,10.0,ACT,68,7,9.714285714285714
2023,00-0033869,M.Trubisky,QB,PIT,16,54.0,2,0,0,0.0,0,0.0,4,67,107,632.0,5,0.6261682242990654,3.375,,6,Mitchell Trubisky,QB,6.0,10.0,INA,68,7,9.714285714285714
2024,00-0033869,M.Trubisky,QB,BUF,20,-2.0,0,0,0,0.0,0,0.0,2,19,26,179.0,9,0.7307692307692307,-0.1,,2,Mitchell Trubisky,QB,7.0,11.0,ACT,68,7,9.714285714285714
2018,00-0034867,M.Turner,WR,SEA,0,0.0,0,3,2,20.0,0,14.0,0,0,0,0.0,2,,,7.0,0,Malik Turner,WR,0.0,17.0,ACT,21,3,7.0
2019,00-0034867,M.Turner,WR,SEA,0,0.0,0,25,15,245.0,1,101.0,0,0,0,0.0,11,,,6.733333333333333,1,Malik Turner,WR,1.0,17.0,ACT,21,3,7.0
2021,00-0034867,M.Turner,WR,DAL,0,0.0,0,17,13,155.0,3,77.0,0,0,0,0.0,8,,,5.923076923076923,3,Malik Turner,WR,3.0,17.0,ACT,21,3,7.0
2018,00-0034272,M.Valdes-Scantling,WR,GB,2,29.0,0,73,38,581.0,2,213.0,0,0,0,0.0,15,,14.5,5.605263157894737,2,Marquez Valdes-Scantling,WR,0.0,83.0,ACT,124,7,17.714285714285715
2019,00-0034272,M.Valdes-Scantling,WR,GB,2,9.0,0,57,27,460.0,2,159.0,0,0,0,0.0,16,,4.5,5.888888888888889,2,Marquez Valdes-Scantling,WR,1.0,83.0,ACT,124,7,17.714285714285715
2020,00-0034272,M.Valdes-Scantling,WR,GB,4,13.0,0,77,41,838.0,7,298.0,0,0,0,0.0,16,,3.25,7.2682926829268295,7,Marquez Valdes-Scantling,WR,2.0,83.0,ACT,124,7,17.714285714285715
2021,00-0034272,M.Valdes-Scantling,WR,GB,0,0.0,0,55,26,430.0,3,146.0,0,0,0,0.0,11,,,5.615384615384615,3,Marquez Valdes-Scantling,WR,3.0,83.0,INA,124,7,17.714285714285715
2022,00-0034272,M.Valdes-Scantling,WR,KC,1,-3.0,0,92,49,809.0,4,161.0,0,0,0,0.0,20,,-3.0,3.2857142857142856,4,Marquez Valdes-Scantling,WR,4.0,11.0,ACT,124,7,17.714285714285715
2023,00-0034272,M.Valdes-Scantling,WR,KC,0,0.0,0,55,29,443.0,2,99.0,0,0,0,0.0,20,,,3.413793103448276,2,Marquez Valdes-Scantling,WR,5.0,11.0,ACT,124,7,17.714285714285715
2024,00-0034272,M.Valdes-Scantling,WR,BUF,0,0.0,0,9,2,26.0,0,6.0,0,0,0,0.0,13,,,3.0,0,,,,,,124,7,17.714285714285715
2024,00-0034272,M.Valdes-Scantling,WR,NO,1,4.0,0,35,17,385.0,4,137.0,0,0,0,0.0,13,,4.0,8.058823529411764,4,Marquez Valdes-Scantling,WR,6.0,10.0,ACT,124,7,17.714285714285715
2019,00-0035374,M.Walker,WR,JAX,0,0.0,0,3,2,15.0,0,7.0,0,0,0,0.0,2,,,3.5,0,Michael Walker,WR,0.0,13.0,RES,2,1,2.0
2018,00-0026901,M.Wallace,WR,PHI,0,0.0,0,3,0,0.0,0,0.0,0,0,0,0.0,1,,,,0,Mike Wallace,WR,9.0,14.0,ACT,1,1,1.0
2022,00-0037272,M.Washington,WR,DEN,5,30.0,0,9,4,2.0,0,13.0,0,0,0,0.0,9,,6.0,3.25,0,Montrell Washington,WR,0.0,12.0,INA,9,1,9.0
2024,00-0039880,M.Washington,WR,MIA,5,25.0,1,36,26,223.0,0,123.0,0,0,0,0.0,12,,5.0,4.730769230769231,1,Malik Washington,WR,0.0,83.0,ACT,12,1,12.0
2021,00-0034401,M.White,QB,NYJ,5,-1.0,0,0,0,0.0,0,0.0,5,88,132,953.0,4,0.6666666666666666,-0.2,,5,Mike White,QB,3.0,5.0,INA,15,4,3.75
2022,00-0034401,M.White,QB,NYJ,6,9.0,1,0,0,0.0,0,0.0,3,103,175,1192.0,4,0.5885714285714285,1.5,,4,Mike White,QB,4.0,5.0,INA,15,4,3.75
2023,00-0034401,M.White,QB,MIA,8,-9.0,0,0,0,0.0,0,0.0,1,5,6,74.0,6,0.8333333333333334,-1.125,,1,Mike White,QB,5.0,14.0,ACT,15,4,3.75
2024,00-0034401,M.White,QB,BUF,0,0.0,0,0,0,0.0,0,0.0,0,3,11,28.0,1,0.2727272727272727,,,0,Mike White,QB,6.0,14.0,INA,15,4,3.75
2021,00-0035771,M.Wilcox,TE,CIN,0,0.0,0,5,3,16.0,0,8.0,0,0,0,0.0,1,,,2.6666666666666665,0,Mitchell Wilcox,TE,1.0,84.0,ACT,21,3,7.0
2022,00-0035771,M.Wilcox,TE,CIN,0,0.0,0,22,19,158.0,1,92.0,0,0,0,0.0,11,,,4.842105263157895,1,Mitchell Wilcox,TE,2.0,84.0,ACT,21,3,7.0
2023,00-0035771,M.Wilcox,TE,CIN,0,0.0,0,12,9,56.0,0,48.0,0,0,0,0.0,9,,,5.333333333333333,0,Mitchell Wilcox,TE,3.0,84.0,ACT,21,3,7.0
2018,00-0031558,M.Williams,TE,BAL,3,8.0,0,18,17,151.0,1,108.0,0,0,0,0.0,10,,2.6666666666666665,6.352941176470588,1,Maxx Williams,TE,3.0,87.0,ACT,36,5,7.2
2018,00-0033536,M.Williams,WR,LAC,7,28.0,1,82,50,774.0,10,141.0,0,0,0,0.0,18,,4.0,2.82,11,Mike Williams,WR,1.0,81.0,ACT,107,7,15.285714285714286
2019,00-0031558,M.Williams,TE,ARI,0,0.0,0,19,15,202.0,1,104.0,0,0,0,0.0,13,,,6.933333333333334,1,Maxx Williams,TE,4.0,87.0,ACT,36,5,7.2
2019,00-0033536,M.Williams,WR,LAC,1,2.0,0,90,49,1001.0,2,187.0,0,0,0,0.0,15,,2.0,3.816326530612245,2,Mike Williams,WR,2.0,81.0,ACT,107,7,15.285714285714286
2020,00-0031558,M.Williams,TE,ARI,0,0.0,0,10,8,102.0,1,66.0,0,0,0,0.0,6,,,8.25,1,Maxx Williams,TE,5.0,87.0,ACT,36,5,7.2
2020,00-0033536,M.Williams,WR,LAC,1,1.0,0,85,48,756.0,5,162.0,0,0,0,0.0,14,,1.0,3.375,5,Mike Williams,WR,3.0,81.0,ACT,107,7,15.285714285714286
2021,00-0031558,M.Williams,TE,ARI,0,0.0,0,17,16,193.0,1,125.0,0,0,0,0.0,5,,,7.8125,1,Maxx Williams,TE,6.0,87.0,RES,36,5,7.2
2021,00-0033536,M.Williams,WR,LAC,0,0.0,0,129,76,1146.0,9,415.0,0,0,0,0.0,16,,,5.4605263157894735,9,Mike Williams,WR,4.0,81.0,ACT,107,7,15.285714285714286
2022,00-0031558,M.Williams,TE,ARI,0,0.0,0,3,3,18.0,0,6.0,0,0,0,0.0,2,,,2.0,0,Maxx Williams,TE,7.0,87.0,ACT,36,5,7.2
2022,00-0033536,M.Williams,WR,LAC,0,0.0,0,93,63,895.0,4,324.0,0,0,0,0.0,13,,,5.142857142857143,4,Mike Williams,WR,5.0,81.0,INA,107,7,15.285714285714286
2023,00-0033536,M.Williams,WR,LAC,1,3.0,0,26,19,249.0,1,108.0,0,0,0,0.0,3,,3.0,5.684210526315789,1,Mike Williams,WR,6.0,81.0,RES,107,7,15.285714285714286
2024,00-0033536,M.Williams,WR,NYJ,0,0.0,0,21,12,166.0,0,24.0,0,0,0,0.0,14,,,2.0,0,,,,,,107,7,15.285714285714286
2024,00-0033536,M.Williams,WR,PIT,0,0.0,0,15,10,169.0,1,28.0,0,0,0,0.0,14,,,2.8,1,Mike Williams,WR,7.0,18.0,ACT,107,7,15.285714285714286
2022,00-0038128,M.Willis,QB,TEN,27,123.0,1,0,0,0.0,0,0.0,0,31,61,276.0,7,0.5081967213114754,4.555555555555555,,1,Malik Willis,QB,0.0,7.0,ACT,15,3,5.0
2023,00-0038128,M.Willis,QB,TEN,5,21.0,0,0,0,0.0,0,0.0,0,4,5,74.0,2,0.8,4.2,,0,Malik Willis,QB,1.0,7.0,ACT,15,3,5.0
2024,00-0038128,M.Willis,QB,GB,20,138.0,1,0,0,0.0,0,0.0,3,40,54,550.0,6,0.7407407407407407,6.9,,4,Malik Willis,QB,2.0,2.0,ACT,15,3,5.0
2023,00-0038559,M.Wilson,WR,ARI,0,0.0,0,58,38,565.0,3,139.0,0,0,0,0.0,13,,,3.6578947368421053,3,Michael Wilson,WR,0.0,14.0,ACT,29,2,14.5
2024,00-0038559,M.Wilson,WR,ARI,1,7.0,0,71,47,548.0,4,130.0,0,0,0,0.0,16,,7.0,2.765957446808511,4,Michael Wilson,WR,1.0,14.0,INA,29,2,14.5
2022,00-0037300,M.Woods,WR,CLE,1,-5.0,0,10,5,45.0,0,17.0,0,0,0,0.0,6,,-5.0,3.4,0,Mike Woods,WR,0.0,12.0,ACT,11,2,5.5
2024,00-0037300,M.Woods,WR,CLE,0,0.0,0,17,7,65.0,0,35.0,0,0,0,0.0,5,,,5.0,0,Mike Woods,WR,2.0,81.0,INA,11,2,5.5
2023,00-0038783,N.Adkins,TE,DEN,0,0.0,0,5,4,22.0,0,24.0,0,0,0,0.0,4,,,6.0,0,Nate Adkins,TE,0.0,45.0,ACT,16,2,8.0
2024,00-0038783,N.Adkins,TE,DEN,0,0.0,0,15,14,115.0,3,76.0,0,0,0,0.0,12,,,5.428571428571429,3,Nate Adkins,TE,1.0,45.0,ACT,16,2,8.0
2018,00-0031549,N.Agholor,WR,PHI,4,44.0,0,106,68,774.0,4,357.0,0,1,1,15.0,18,1.0,11.0,5.25,4,Nelson Agholor,WR,3.0,13.0,ACT,107,7,15.285714285714286
2019,00-0031549,N.Agholor,WR,PHI,2,7.0,0,69,39,363.0,3,132.0,0,0,0,0.0,11,,3.5,3.3846153846153846,3,Nelson Agholor,WR,4.0,13.0,INA,107,7,15.285714285714286
2020,00-0031549,N.Agholor,WR,LV,0,0.0,0,82,48,896.0,8,230.0,0,0,0,0.0,16,,,4.791666666666667,8,Nelson Agholor,WR,5.0,15.0,ACT,107,7,15.285714285714286
2021,00-0031549,N.Agholor,WR,NE,3,11.0,0,66,38,491.0,3,122.0,0,0,0,0.0,15,,3.6666666666666665,3.210526315789474,3,Nelson Agholor,WR,6.0,15.0,ACT,107,7,15.285714285714286
2022,00-0031549,N.Agholor,WR,NE,0,0.0,0,53,31,362.0,2,147.0,0,0,0,0.0,14,,,4.741935483870968,2,Nelson Agholor,WR,7.0,15.0,ACT,107,7,15.285714285714286
2023,00-0031549,N.Agholor,WR,BAL,0,0.0,0,52,38,432.0,5,164.0,0,0,0,0.0,18,,,4.315789473684211,5,Nelson Agholor,WR,8.0,15.0,ACT,107,7,15.285714285714286
2024,00-0031549,N.Agholor,WR,BAL,0,0.0,0,31,15,256.0,2,94.0,0,0,0,0.0,15,,,6.266666666666667,2,Nelson Agholor,WR,9.0,15.0,ACT,107,7,15.285714285714286
2018,00-0031598,N.Boyle,TE,BAL,0,0.0,0,37,23,213.0,0,140.0,0,0,0,0.0,12,,,6.086956521739131,0,Nick Boyle,TE,3.0,86.0,ACT,39,4,9.75
2019,00-0031598,N.Boyle,TE,BAL,0,0.0,0,45,31,321.0,2,160.0,0,0,0,0.0,16,,,5.161290322580645,2,Nick Boyle,TE,4.0,86.0,ACT,39,4,9.75
2020,00-0031598,N.Boyle,TE,BAL,0,0.0,0,17,14,113.0,2,34.0,0,0,0,0.0,9,,,2.4285714285714284,2,Nick Boyle,TE,5.0,86.0,RES,39,4,9.75
2021,00-0031598,N.Boyle,TE,BAL,0,0.0,0,2,1,2.0,0,0.0,0,0,0,0.0,2,,,0.0,0,Nick Boyle,TE,6.0,86.0,RES,39,4,9.75
2018,00-0033591,N.Brown,WR,DAL,0,0.0,0,13,7,73.0,0,26.0,0,0,0,0.0,7,,,3.7142857142857144,0,Noah Brown,WR,1.0,85.0,ACT,64,6,10.666666666666666
2020,00-0033591,N.Brown,WR,DAL,1,4.0,0,24,14,154.0,0,47.0,0,0,0,0.0,9,,4.0,3.357142857142857,0,Noah Brown,WR,3.0,85.0,ACT,64,6,10.666666666666666
2021,00-0033591,N.Brown,WR,DAL,0,0.0,0,25,16,184.0,0,68.0,0,0,0,0.0,9,,,4.25,0,Noah Brown,WR,4.0,85.0,ACT,64,6,10.666666666666666
2022,00-0033591,N.Brown,WR,DAL,0,0.0,0,78,47,594.0,3,162.0,0,0,0,0.0,17,,,3.4468085106382977,3,Noah Brown,WR,5.0,85.0,ACT,64,6,10.666666666666666
2023,00-0033591,N.Brown,WR,HOU,1,-1.0,0,56,33,567.0,2,223.0,0,0,0,0.0,11,,-1.0,6.757575757575758,2,Noah Brown,WR,6.0,85.0,RES,64,6,10.666666666666666
2024,00-0033591,N.Brown,WR,WAS,0,0.0,0,56,35,453.0,1,83.0,0,0,0,0.0,11,,,2.3714285714285714,1,Noah Brown,WR,7.0,85.0,RES,64,6,10.666666666666666
2018,00-0034791,N.Chubb,RB,CLE,192,996.0,8,29,20,149.0,2,181.0,0,0,0,0.0,16,,5.1875,9.05,10,Nick Chubb,RB,0.0,24.0,ACT,87,7,12.428571428571429
2019,00-0034791,N.Chubb,RB,CLE,299,1513.0,8,49,36,278.0,0,318.0,0,0,0,0.0,16,,5.0602006688963215,8.833333333333334,8,Nick Chubb,RB,1.0,24.0,ACT,87,7,12.428571428571429
2020,00-0034791,N.Chubb,RB,CLE,221,1212.0,12,27,22,223.0,1,218.0,0,0,0,0.0,14,,5.484162895927602,9.909090909090908,13,Nick Chubb,RB,2.0,24.0,ACT,87,7,12.428571428571429
2021,00-0034791,N.Chubb,RB,CLE,228,1259.0,8,25,20,174.0,1,183.0,0,0,0,0.0,14,,5.521929824561403,9.15,9,Nick Chubb,RB,3.0,24.0,ACT,87,7,12.428571428571429
2022,00-0034791,N.Chubb,RB,CLE,302,1525.0,12,37,27,239.0,1,259.0,0,0,0,0.0,17,,5.049668874172186,9.592592592592593,13,Nick Chubb,RB,4.0,24.0,ACT,87,7,12.428571428571429
2023,00-0034791,N.Chubb,RB,CLE,28,170.0,0,4,4,21.0,0,20.0,0,0,0,0.0,2,,6.071428571428571,5.0,0,Nick Chubb,RB,5.0,24.0,RES,87,7,12.428571428571429
2024,00-0034791,N.Chubb,RB,CLE,102,332.0,3,11,5,31.0,1,31.0,0,0,0,0.0,8,,3.2549019607843137,6.2,4,Nick Chubb,RB,6.0,24.0,RES,87,7,12.428571428571429
2021,00-0036554,N.Collins,WR,HOU,0,0.0,0,60,33,446.0,1,131.0,0,0,0,0.0,14,,,3.9696969696969697,1,Nico Collins,WR,0.0,12.0,ACT,55,4,13.75
2022,00-0036554,N.Collins,WR,HOU,0,0.0,0,66,37,481.0,2,143.0,0,0,0,0.0,10,,,3.864864864864865,2,Nico Collins,WR,1.0,12.0,RES,55,4,13.75
2023,00-0036554,N.Collins,WR,HOU,2,11.0,0,126,91,1461.0,9,641.0,0,0,0,0.0,17,,5.5,7.043956043956044,9,Nico Collins,WR,2.0,12.0,ACT,55,4,13.75
2024,00-0036554,N.Collins,WR,HOU,0,0.0,0,115,80,1209.0,8,432.0,0,0,0,0.0,14,,,5.4,8,Nico Collins,WR,3.0,12.0,ACT,55,4,13.75
2021,00-0035835,N.Cottrell,RB,JAX,1,3.0,0,0,0,0.0,0,0.0,0,0,0,0.0,1,,3.0,,0,Nathan Cottrell,RB,1.0,31.0,ACT,1,1,1.0
2019,00-0035644,N.Fant,TE,DEN,3,-12.0,0,66,40,562.0,3,330.0,0,0,0,0.0,16,,-4.0,8.25,3,Noah Fant,TE,0.0,87.0,ACT,92,6,15.333333333333334
2020,00-0035644,N.Fant,TE,DEN,0,0.0,0,93,62,673.0,3,377.0,0,0,0,0.0,14,,,6.080645161290323,3,Noah Fant,TE,1.0,87.0,ACT,92,6,15.333333333333334
2021,00-0035644,N.Fant,TE,DEN,0,0.0,0,90,68,670.0,4,319.0,0,0,0,0.0,16,,,4.6911764705882355,4,Noah Fant,TE,2.0,87.0,ACT,92,6,15.333333333333334
2022,00-0035644,N.Fant,TE,SEA,0,0.0,0,65,51,497.0,4,232.0,0,0,0,0.0,18,,,4.549019607843137,4,Noah Fant,TE,3.0,87.0,ACT,92,6,15.333333333333334
2023,00-0035644,N.Fant,TE,SEA,0,0.0,0,43,32,414.0,0,177.0,0,0,0,0.0,14,,,5.53125,0,Noah Fant,TE,4.0,87.0,ACT,92,6,15.333333333333334
2024,00-0035644,N.Fant,TE,SEA,0,0.0,0,64,48,500.0,1,277.0,0,0,0,0.0,14,,,5.770833333333333,1,Noah Fant,TE,5.0,87.0,ACT,92,6,15.333333333333334
2018,00-0029567,N.Foles,QB,PHI,12,16.0,1,1,1,15.0,0,7.0,10,184,266,1880.0,7,0.6917293233082706,1.3333333333333333,7.0,11,Nick Foles,QB,6.0,9.0,ACT,23,5,4.6
2019,00-0029567,N.Foles,QB,JAX,4,23.0,0,0,0,0.0,0,0.0,3,77,117,736.0,4,0.6581196581196581,5.75,,3,Nick Foles,QB,7.0,7.0,ACT,23,5,4.6
2020,00-0029567,N.Foles,QB,CHI,16,1.0,1,0,0,0.0,0,0.0,10,202,312,1852.0,9,0.6474358974358975,0.0625,,11,Nick Foles,QB,8.0,9.0,ACT,23,5,4.6
2021,00-0029567,N.Foles,QB,CHI,4,8.0,0,0,0,0.0,0,0.0,1,24,35,250.0,1,0.6857142857142857,2.0,,1,Nick Foles,QB,9.0,9.0,ACT,23,5,4.6
2022,00-0029567,N.Foles,QB,IND,2,8.0,0,0,0,0.0,0,0.0,0,25,42,225.0,2,0.5952380952380952,4.0,,0,Nick Foles,QB,10.0,9.0,INA,23,5,4.6
2021,00-0036637,N.Gray,TE,KC,0,0.0,0,14,9,50.0,1,23.0,0,0,0,0.0,9,,,2.5555555555555554,1,Noah Gray,TE,0.0,83.0,ACT,67,4,16.75
2022,00-0036637,N.Gray,TE,KC,2,1.0,1,38,31,336.0,1,202.0,0,0,0,0.0,20,,0.5,6.516129032258065,2,Noah Gray,TE,1.0,83.0,ACT,67,4,16.75
2023,00-0036637,N.Gray,TE,KC,1,1.0,0,52,36,371.0,2,168.0,0,0,0,0.0,20,,1.0,4.666666666666667,2,Noah Gray,TE,2.0,83.0,ACT,67,4,16.75
2024,00-0036637,N.Gray,TE,KC,1,-4.0,0,53,44,452.0,5,214.0,0,0,0,0.0,18,,-4.0,4.863636363636363,5,Noah Gray,TE,3.0,83.0,ACT,67,4,16.75
2021,00-0036893,N.Harris,RB,PIT,319,1229.0,7,96,76,466.0,3,508.0,0,0,0,0.0,18,,3.852664576802508,6.684210526315789,10,Najee Harris,RB,0.0,22.0,ACT,71,4,17.75
2022,00-0036893,N.Harris,RB,PIT,272,1034.0,7,53,41,229.0,3,207.0,0,1,1,4.0,17,1.0,3.801470588235294,5.048780487804878,10,Najee Harris,RB,1.0,22.0,ACT,71,4,17.75
2023,00-0036893,N.Harris,RB,PIT,267,1072.0,8,41,31,185.0,0,185.0,0,0,0,0.0,18,,4.01498127340824,5.967741935483871,8,Najee Harris,RB,2.0,22.0,ACT,71,4,17.75
2024,00-0036893,N.Harris,RB,PIT,269,1060.0,6,51,39,324.0,0,378.0,0,0,0,0.0,18,,3.940520446096654,9.692307692307692,6,Najee Harris,RB,3.0,22.0,ACT,71,4,17.75
2019,00-0035624,N.Harry,TE,NE,6,56.0,0,31,14,126.0,2,45.0,0,0,0,0.0,8,,9.333333333333334,3.2142857142857144,2,,,,,,36,4,9.0
2020,00-0035624,N.Harry,TE,NE,2,0.0,0,57,33,309.0,2,105.0,0,0,0,0.0,13,,0.0,3.1818181818181817,2,,,,,,36,4,9.0
2021,00-0035624,N.Harry,WR,NE,0,0.0,0,22,12,184.0,0,25.0,0,0,0,0.0,9,,,2.0833333333333335,0,N'Keal Harry,WR,2.0,1.0,ACT,36,4,9.0
2022,00-0035624,N.Harry,WR,CHI,0,0.0,0,9,7,116.0,1,16.0,0,0,0,0.0,6,,,2.2857142857142856,1,N'Keal Harry,WR,3.0,8.0,ACT,36,4,9.0
2018,00-0034367,N.Hines,RB,IND,88,338.0,2,81,63,425.0,2,349.0,0,0,0,0.0,17,,3.840909090909091,5.5396825396825395,4,Nyheim Hines,RB,0.0,21.0,ACT,103,5,20.6
2021,00-0034367,N.Hines,RB,IND,56,276.0,2,57,40,310.0,1,286.0,0,0,0,0.0,17,,4.928571428571429,7.15,3,Nyheim Hines,RB,3.0,21.0,ACT,103,5,20.6
2022,00-0034367,N.Hines,RB,BUF,6,-3.0,0,12,7,64.0,1,49.0,0,0,0,0.0,18,,-0.5,7.0,1,Nyheim Hines,RB,4.0,20.0,ACT,103,5,20.6
2022,00-0034367,N.Hines,RB,IND,18,36.0,1,28,25,188.0,0,145.0,0,0,0,0.0,18,,2.0,5.8,1,,,,,,103,5,20.6
2020,00-0034192,N.Keizer,TE,KC,0,0.0,0,10,6,63.0,0,40.0,0,0,0,0.0,8,,,6.666666666666667,0,Nick Keizer,TE,2.0,48.0,ACT,8,1,8.0
2021,00-0036582,N.McCrary,RB,BAL,1,-1.0,0,0,0,0.0,0,0.0,0,0,0,0.0,1,,-1.0,,0,Nate McCrary,RB,0.0,47.0,DEV,1,1,1.0
2019,00-0034367,N.Miller-Hines,RB,IND,52,199.0,2,58,44,320.0,0,315.0,0,0,0,0.0,16,,3.826923076923077,7.159090909090909,2,Nyheim Hines,RB,1.0,21.0,ACT,103,5,20.6
2020,00-0034367,N.Miller-Hines,RB,IND,95,455.0,3,79,64,490.0,4,474.0,0,0,0,0.0,17,,4.7894736842105265,7.40625,7,Nyheim Hines,RB,2.0,21.0,ACT,103,5,20.6
2018,00-0033319,N.Mullens,QB,SF,18,-16.0,0,0,0,0.0,0,0.0,13,176,274,2277.0,8,0.6423357664233577,-0.8888888888888888,,13,Nick Mullens,QB,1.0,4.0,ACT,33,7,4.714285714285714
2019,00-0033319,N.Mullens,QB,SF,3,-3.0,0,0,0,0.0,0,0.0,0,0,0,0.0,1,,-1.0,,0,Nick Mullens,QB,2.0,4.0,ACT,33,7,4.714285714285714
2020,00-0033319,N.Mullens,QB,SF,9,8.0,0,0,0,0.0,0,0.0,12,211,326,2437.0,10,0.647239263803681,0.8888888888888888,,12,Nick Mullens,QB,3.0,4.0,RES,33,7,4.714285714285714
2021,00-0033319,N.Mullens,QB,CLE,0,0.0,0,0,0,0.0,0,0.0,1,20,30,147.0,1,0.6666666666666666,,,1,Nick Mullens,QB,4.0,9.0,ACT,33,7,4.714285714285714
2022,00-0033319,N.Mullens,QB,MIN,4,8.0,0,0,0,0.0,0,0.0,1,21,25,224.0,4,0.84,2.0,,1,Nick Mullens,QB,5.0,12.0,ACT,33,7,4.714285714285714
2023,00-0033319,N.Mullens,QB,MIN,10,25.0,0,0,0,0.0,0,0.0,7,100,148,1306.0,5,0.6756756756756757,2.5,,7,Nick Mullens,QB,6.0,12.0,ACT,33,7,4.714285714285714
2024,00-0033319,N.Mullens,QB,MIN,3,-2.0,0,0,0,0.0,0,0.0,0,2,2,38.0,4,1.0,-0.6666666666666666,,0,Nick Mullens,QB,7.0,12.0,ACT,33,7,4.714285714285714
2023,00-0037317,N.Muse,TE,MIN,0,0.0,0,1,1,22.0,0,10.0,0,0,0,0.0,1,,,10.0,0,Nick Muse,TE,1.0,34.0,ACT,1,1,1.0
2018,00-0032117,N.O'Leary,TE,MIA,0,0.0,0,10,8,86.0,1,65.0,0,0,0,0.0,5,,,8.125,1,Nick O'Leary,TE,3.0,83.0,ACT,21,2,10.5
2019,00-0032117,N.O'Leary,TE,JAX,0,0.0,0,13,9,72.0,1,21.0,0,0,0,0.0,8,,,2.3333333333333335,1,Nick O'Leary,TE,4.0,86.0,INA,21,2,10.5
2019,00-0032117,N.O'Leary,TE,MIA,0,0.0,0,5,4,37.0,0,18.0,0,0,0,0.0,8,,,4.5,0,,,,,,21,2,10.5
2018,00-0028093,N.Paul,TE,JAX,1,-3.0,0,13,10,98.0,0,32.0,0,0,0,0.0,5,,-3.0,3.2,0,Niles Paul,TE,7.0,81.0,CUT,5,1,5.0
2018,00-0033958,N.Peterman,QB,BUF,10,50.0,1,0,0,0.0,0,0.0,1,44,81,296.0,4,0.5432098765432098,5.0,,2,,,,,,10,5,2.0
2020,00-0033958,N.Peterman,QB,LV,1,9.0,0,0,0,0.0,0,0.0,0,3,5,25.0,1,0.6,9.0,,0,Nathan Peterman,QB,3.0,3.0,INA,10,5,2.0
2021,00-0033958,N.Peterman,QB,LV,2,2.0,0,0,0,0.0,0,0.0,0,0,0,0.0,1,,1.0,,0,Nathan Peterman,QB,4.0,3.0,DEV,10,5,2.0
2022,00-0033958,N.Peterman,QB,CHI,2,7.0,0,0,0,0.0,0,0.0,1,14,25,139.0,3,0.56,3.5,,1,Nathan Peterman,QB,5.0,14.0,ACT,10,5,2.0
2023,00-0033958,N.Peterman,QB,CHI,2,-4.0,0,0,0,0.0,0,0.0,0,0,0,0.0,1,,-2.0,,0,Nathan Peterman,QB,6.0,14.0,ACT,10,5,2.0
2024,00-0038519,N.Remigio,WR,KC,0,0.0,0,6,2,48.0,0,14.0,0,0,0,0.0,1,,,7.0,0,Nikko Remigio,WR,1.0,81.0,ACT,1,1,1.0
2018,00-0032120,N.Sterling,TE,NYJ,0,0.0,0,8,6,47.0,0,29.0,0,0,0,0.0,4,,,4.833333333333333,0,Neal Sterling,TE,3.0,85.0,RES,4,1,4.0
2018,00-0032792,N.Sudfeld,QB,PHI,2,-2.0,0,0,0,0.0,0,0.0,1,1,2,22.0,2,0.5,-1.0,,1,Nate Sudfeld,QB,2.0,7.0,ACT,5,3,1.6666666666666667
2020,00-0032792,N.Sudfeld,QB,PHI,2,12.0,0,0,0,0.0,0,0.0,0,5,12,32.0,1,0.4166666666666667,6.0,,0,Nate Sudfeld,QB,4.0,7.0,ACT,5,3,1.6666666666666667
2022,00-0032792,N.Sudfeld,QB,DET,5,-4.0,0,0,0,0.0,0,0.0,0,0,0,0.0,2,,-0.8,,0,Nate Sudfeld,QB,6.0,10.0,ACT,5,3,1.6666666666666667
2020,00-0036005,N.Togiai,TE,IND,0,0.0,0,1,0,0.0,0,0.0,0,0,0,0.0,1,,,,0,Noah Togiai,TE,0.0,86.0,INA,2,2,1.0
2022,00-0036005,N.Togiai,TE,PHI,0,0.0,0,1,0,0.0,0,0.0,0,0,0,0.0,1,,,,0,Noah Togiai,TE,2.0,83.0,DEV,2,2,1.0
2018,00-0032394,N.Vannett,TE,SEA,0,0.0,0,45,30,274.0,3,142.0,0,0,0,0.0,16,,,4.733333333333333,3,Nick Vannett,TE,2.0,81.0,ACT,83,7,11.857142857142858
2019,00-0032394,N.Vannett,TE,PIT,0,0.0,0,17,13,128.0,0,63.0,0,0,0,0.0,13,,,4.846153846153846,0,Nick Vannett,TE,3.0,88.0,ACT,83,7,11.857142857142858
2019,00-0032394,N.Vannett,TE,SEA,0,0.0,0,5,4,38.0,0,3.0,0,0,0,0.0,13,,,0.75,0,,,,,,83,7,11.857142857142858
2020,00-0032394,N.Vannett,TE,DEN,0,0.0,0,21,14,95.0,1,64.0,0,0,0,0.0,11,,,4.571428571428571,1,Nick Vannett,TE,4.0,88.0,ACT,83,7,11.857142857142858
2021,00-0032394,N.Vannett,TE,NO,0,0.0,0,15,9,133.0,1,92.0,0,0,0,0.0,7,,,10.222222222222221,1,Nick Vannett,TE,5.0,81.0,ACT,83,7,11.857142857142858
2022,00-0032394,N.Vannett,TE,NO,0,0.0,0,2,2,13.0,0,3.0,0,0,0,0.0,5,,,1.5,0,,,,,,83,7,11.857142857142858
2022,00-0032394,N.Vannett,TE,NYG,0,0.0,0,7,4,42.0,0,29.0,0,0,0,0.0,5,,,7.25,0,Nick Vannett,TE,6.0,89.0,ACT,83,7,11.857142857142858
2023,00-0032394,N.Vannett,TE,LAC,0,0.0,0,1,1,3.0,0,0.0,0,0,0,0.0,1,,,0.0,0,Nick Vannett,TE,7.0,83.0,ACT,83,7,11.857142857142858
2024,00-0032394,N.Vannett,TE,TEN,0,0.0,0,20,17,135.0,3,110.0,0,0,0,0.0,12,,,6.470588235294118,3,Nick Vannett,TE,8.0,84.0,ACT,83,7,11.857142857142858
2022,00-0035621,N.Webster,WR,CHI,0,0.0,0,3,2,14.0,0,4.0,0,0,0,0.0,1,,,2.0,0,Nsimba Webster,WR,3.0,83.0,DEV,1,1,1.0
2020,00-0036182,N.Westbrook-Ikhine,WR,TEN,0,0.0,0,10,5,50.0,0,7.0,0,0,0,0.0,9,,,1.4,0,Nick Westbrook,WR,0.0,15.0,ACT,66,5,13.2
2021,00-0036182,N.Westbrook-Ikhine,WR,TEN,0,0.0,0,58,38,476.0,4,144.0,0,0,0,0.0,16,,,3.789473684210526,4,Nick Westbrook-Ikhine,WR,1.0,15.0,ACT,66,5,13.2
2022,00-0036182,N.Westbrook-Ikhine,WR,TEN,0,0.0,0,50,25,397.0,3,107.0,0,0,0,0.0,15,,,4.28,3,Nick Westbrook-Ikhine,WR,2.0,15.0,ACT,66,5,13.2
2023,00-0036182,N.Westbrook-Ikhine,WR,TEN,0,0.0,0,45,28,370.0,3,107.0,0,0,0,0.0,13,,,3.8214285714285716,3,Nick Westbrook-Ikhine,WR,3.0,15.0,RES,66,5,13.2
2024,00-0036182,N.Westbrook-Ikhine,WR,TEN,0,0.0,0,60,32,497.0,9,124.0,0,0,0,0.0,13,,,3.875,9,Nick Westbrook-Ikhine,WR,4.0,15.0,ACT,66,5,13.2
2018,00-0029848,N.Williams,WR,LA,0,0.0,0,3,2,17.0,0,5.0,0,0,0,0.0,3,,,2.5,0,Nick Williams,WR,5.0,15.0,CUT,6,1,6.0
2018,00-0029848,N.Williams,WR,TEN,0,0.0,0,2,0,0.0,0,0.0,0,0,0,0.0,3,,,,0,,,,,,6,1,6.0
2018,00-0031235,O.Beckham,WR,NYG,5,19.0,0,124,77,1052.0,6,315.0,2,2,2,106.0,12,1.0,3.8,4.090909090909091,8,Odell Beckham,WR,4.0,13.0,ACT,95,6,15.833333333333334
2019,00-0031235,O.Beckham,WR,CLE,3,10.0,0,134,75,1091.0,5,364.0,0,1,2,20.0,16,0.5,3.3333333333333335,4.8533333333333335,5,Odell Beckham,WR,5.0,13.0,ACT,95,6,15.833333333333334
2020,00-0031235,O.Beckham,WR,CLE,3,72.0,1,43,23,319.0,3,46.0,0,1,1,18.0,7,1.0,24.0,2.0,4,Odell Beckham,WR,6.0,13.0,RES,95,6,15.833333333333334
2021,00-0031235,O.Beckham,WR,CLE,2,14.0,0,34,17,232.0,0,48.0,0,0,0,0.0,18,,7.0,2.823529411764706,0,,,,,,95,6,15.833333333333334
2021,00-0031235,O.Beckham,WR,LA,0,0.0,0,74,48,593.0,7,184.0,0,1,1,40.0,18,1.0,,3.8333333333333335,7,Odell Beckham,WR,7.0,3.0,ACT,95,6,15.833333333333334
2023,00-0031235,O.Beckham,WR,BAL,0,0.0,0,71,39,599.0,3,157.0,0,0,0,0.0,16,,,4.0256410256410255,3,Odell Beckham Jr.,WR,9.0,3.0,ACT,95,6,15.833333333333334
2024,00-0031235,O.Beckham,WR,MIA,0,0.0,0,19,9,55.0,0,14.0,0,0,0,0.0,8,,,1.5555555555555556,0,Odell Beckham Jr.,WR,10.0,3.0,CUT,95,6,15.833333333333334
2018,00-0029414,O.Charles,TE,CLE,0,0.0,0,5,3,23.0,0,24.0,0,0,0,0.0,5,,,8.0,0,Orson Charles,TE,6.0,82.0,RES,5,1,5.0
2018,00-0033879,O.Howard,TE,TB,0,0.0,0,48,34,565.0,5,209.0,0,0,0,0.0,10,,,6.147058823529412,5,O.J. Howard,TE,1.0,80.0,RES,48,5,9.6
2019,00-0033879,O.Howard,TE,TB,0,0.0,0,53,34,459.0,1,150.0,0,0,0,0.0,12,,,4.411764705882353,1,O.J. Howard,TE,2.0,80.0,ACT,48,5,9.6
2020,00-0033879,O.Howard,TE,TB,0,0.0,0,19,11,146.0,2,17.0,0,0,0,0.0,4,,,1.5454545454545454,2,O.J. Howard,TE,3.0,80.0,RES,48,5,9.6
2021,00-0033879,O.Howard,TE,TB,0,0.0,0,23,16,145.0,1,86.0,0,0,0,0.0,11,,,5.375,1,O.J. Howard,TE,4.0,80.0,ACT,48,5,9.6
2022,00-0033879,O.Howard,TE,HOU,0,0.0,0,23,10,145.0,2,60.0,0,0,0,0.0,11,,,6.0,2,O.J. Howard,TE,5.0,83.0,INA,48,5,9.6
2019,00-0035006,O.Johnson,WR,MIN,1,6.0,0,48,33,311.0,3,77.0,0,0,0,0.0,14,,6.0,2.3333333333333335,3,Bisi Johnson,WR,0.0,81.0,ACT,22,2,11.0
2020,00-0035006,O.Johnson,WR,MIN,0,0.0,0,19,14,189.0,0,49.0,0,0,0,0.0,8,,,3.5,0,Olabisi Johnson,WR,1.0,81.0,ACT,22,2,11.0
2019,00-0035208,O.Zaccheaus,WR,ATL,0,0.0,0,5,3,115.0,1,63.0,0,0,0,0.0,4,,,21.0,1,Olamide Zaccheaus,WR,0.0,17.0,ACT,74,6,12.333333333333334
2020,00-0035208,O.Zaccheaus,WR,ATL,1,0.0,0,32,20,274.0,1,63.0,0,0,0,0.0,9,,0.0,3.15,1,Olamide Zaccheaus,WR,1.0,17.0,RES,74,6,12.333333333333334
2021,00-0035208,O.Zaccheaus,WR,ATL,1,2.0,0,53,31,406.0,3,96.0,0,0,0,0.0,15,,2.0,3.096774193548387,3,Olamide Zaccheaus,WR,2.0,17.0,ACT,74,6,12.333333333333334
2022,00-0035208,O.Zaccheaus,WR,ATL,2,7.0,0,61,40,533.0,3,193.0,0,0,0,0.0,16,,3.5,4.825,3,Olamide Zaccheaus,WR,3.0,17.0,ACT,74,6,12.333333333333334
2023,00-0035208,O.Zaccheaus,WR,PHI,0,0.0,0,21,11,169.0,2,52.0,0,0,0,0.0,12,,,4.7272727272727275,2,Olamide Zaccheaus,WR,4.0,13.0,ACT,74,6,12.333333333333334
2024,00-0035208,O.Zaccheaus,WR,WAS,1,8.0,0,74,52,551.0,3,320.0,0,0,0,0.0,18,,8.0,6.153846153846154,3,Olamide Zaccheaus,WR,5.0,14.0,ACT,74,6,12.333333333333334
2018,00-0032741,P.Barber,RB,TB,234,871.0,5,29,20,92.0,1,64.0,0,0,0,0.0,16,,3.7222222222222223,3.2,6,Peyton Barber,RB,2.0,25.0,ACT,55,4,13.75
2019,00-0032741,P.Barber,RB,TB,154,470.0,6,24,16,115.0,1,118.0,0,0,0,0.0,16,,3.051948051948052,7.375,7,Peyton Barber,RB,3.0,25.0,ACT,55,4,13.75
2020,00-0032741,P.Barber,RB,WAS,94,258.0,4,7,4,12.0,0,11.0,0,0,0,0.0,14,,2.74468085106383,2.75,4,Peyton Barber,RB,4.0,34.0,ACT,55,4,13.75
2021,00-0032741,P.Barber,RB,LV,55,212.0,2,13,10,67.0,0,73.0,0,0,0,0.0,9,,3.8545454545454545,7.3,2,Peyton Barber,RB,5.0,31.0,ACT,55,4,13.75
2019,00-0033439,P.Brown,TE,CLE,0,0.0,0,3,2,27.0,0,14.0,0,0,0,0.0,3,,,7.0,0,Pharaoh Brown,TE,2.0,86.0,INA,54,6,9.0
2020,00-0033439,P.Brown,TE,HOU,0,0.0,0,16,14,163.0,2,76.0,0,0,0,0.0,8,,,5.428571428571429,2,Pharaoh Brown,TE,3.0,85.0,ACT,54,6,9.0
2021,00-0033439,P.Brown,TE,HOU,0,0.0,0,34,23,171.0,0,106.0,0,0,0,0.0,12,,,4.608695652173913,0,Pharaoh Brown,TE,4.0,85.0,ACT,54,6,9.0
2022,00-0033439,P.Brown,TE,CLE,0,0.0,0,10,5,45.0,0,32.0,0,0,0,0.0,7,,,6.4,0,Pharaoh Brown,TE,5.0,84.0,ACT,54,6,9.0
2022,00-0033439,P.Brown,TE,HOU,0,0.0,0,10,7,72.0,0,51.0,0,0,0,0.0,7,,,7.285714285714286,0,,,,,,54,6,9.0
2023,00-0033439,P.Brown,TE,NE,0,0.0,0,15,13,208.0,1,121.0,0,0,0,0.0,9,,,9.307692307692308,1,Pharaoh Brown,TE,6.0,86.0,ACT,54,6,9.0
2024,00-0033439,P.Brown,TE,SEA,0,0.0,0,12,8,65.0,0,30.0,0,0,0,0.0,8,,,3.75,0,Pharaoh Brown,TE,7.0,86.0,ACT,54,6,9.0
2019,00-0035639,P.Campbell,WR,IND,4,34.0,0,24,18,127.0,1,106.0,0,0,0,0.0,7,,8.5,5.888888888888889,1,Parris Campbell,WR,0.0,15.0,RES,44,6,7.333333333333333
2020,00-0035639,P.Campbell,WR,IND,2,16.0,0,9,6,71.0,0,18.0,0,0,0,0.0,2,,8.0,3.0,0,Parris Campbell,WR,1.0,15.0,RES,44,6,7.333333333333333
2021,00-0035639,P.Campbell,WR,IND,0,0.0,0,20,10,162.0,1,17.0,0,0,0,0.0,6,,,1.7,1,Parris Campbell,WR,2.0,1.0,ACT,44,6,7.333333333333333
2022,00-0035639,P.Campbell,WR,IND,5,58.0,0,91,63,623.0,3,276.0,0,0,0,0.0,17,,11.6,4.380952380952381,3,Parris Campbell,WR,3.0,1.0,ACT,44,6,7.333333333333333
2023,00-0035639,P.Campbell,WR,NYG,0,0.0,0,27,20,104.0,0,65.0,0,0,0,0.0,8,,,3.25,0,Parris Campbell,WR,4.0,0.0,INA,44,6,7.333333333333333
2024,00-0035639,P.Campbell,WR,PHI,0,0.0,0,8,6,30.0,1,9.0,0,0,0,0.0,4,,,1.5,1,Parris Campbell,WR,5.0,80.0,ACT,44,6,7.333333333333333
2018,00-0033111,P.Cooper,WR,LA,0,0.0,0,1,0,0.0,0,0.0,0,0,0,0.0,1,,,,0,,,,,,25,5,5.0
2019,00-0033111,P.Cooper,WR,ARI,1,2.0,0,33,25,243.0,1,70.0,0,0,0,0.0,11,,2.0,2.8,1,Pharoh Cooper,WR,3.0,12.0,ACT,25,5,5.0
2020,00-0033111,P.Cooper,WR,CAR,0,0.0,0,8,5,73.0,0,35.0,0,0,0,0.0,5,,,7.0,0,Pharoh Cooper,WR,4.0,14.0,ACT,25,5,5.0
2021,00-0033111,P.Cooper,WR,NYG,1,3.0,0,11,4,33.0,0,7.0,0,0,0,0.0,6,,3.0,1.75,0,Pharoh Cooper,WR,5.0,83.0,DEV,25,5,5.0
2022,00-0033111,P.Cooper,WR,ARI,4,15.0,0,2,2,6.0,0,12.0,0,0,0,0.0,2,,3.75,6.0,0,Pharoh Cooper,WR,6.0,15.0,ACT,25,5,5.0
2018,00-0032208,P.Dorsett,WR,NE,4,29.0,0,50,37,360.0,5,105.0,0,0,0,0.0,13,,7.25,2.8378378378378377,5,Phillip Dorsett,WR,3.0,13.0,ACT,56,5,11.2
2019,00-0032208,P.Dorsett,WR,NE,3,21.0,0,58,30,403.0,5,79.0,0,0,0,0.0,12,,7.0,2.6333333333333333,5,Phillip Dorsett,WR,4.0,13.0,ACT,56,5,11.2
2021,00-0032208,P.Dorsett,WR,HOU,1,0.0,0,12,6,107.0,0,22.0,0,0,0,0.0,5,,0.0,3.6666666666666665,0,Phillip Dorsett,WR,6.0,2.0,RES,56,5,11.2
2021,00-0032208,P.Dorsett,WR,JAX,0,0.0,0,1,0,0.0,0,0.0,0,0,0,0.0,5,,,,0,,,,,,56,5,11.2
2021,00-0032208,P.Dorsett,WR,SEA,0,0.0,0,1,1,3.0,0,5.0,0,0,0,0.0,5,,,5.0,0,,,,,,56,5,11.2
2022,00-0032208,P.Dorsett,WR,HOU,0,0.0,0,40,20,257.0,1,62.0,0,0,1,0.0,14,0.0,,3.1,1,Phillip Dorsett,WR,7.0,4.0,INA,56,5,11.2
2023,00-0032208,P.Dorsett,WR,DEN,0,0.0,0,3,0,0.0,0,0.0,0,0,0,0.0,2,,,,0,Phillip Dorsett,WR,8.0,13.0,DEV,56,5,11.2
2023,00-0039050,P.Durham,TE,TB,0,0.0,0,8,6,76.0,0,27.0,0,0,0,0.0,7,,,4.5,0,Payne Durham,TE,0.0,87.0,ACT,12,2,6.0
2024,00-0039050,P.Durham,TE,TB,0,0.0,0,14,11,115.0,2,24.0,0,0,0,0.0,5,,,2.1818181818181817,2,Payne Durham,TE,1.0,87.0,ACT,12,2,6.0
2021,00-0036894,P.Freiermuth,TE,PIT,0,0.0,0,84,64,522.0,7,268.0,0,0,0,0.0,17,,,4.1875,7,Pat Freiermuth,TE,0.0,88.0,ACT,62,4,15.5
2022,00-0036894,P.Freiermuth,TE,PIT,0,0.0,0,98,63,732.0,2,281.0,0,0,0,0.0,15,,,4.4603174603174605,2,Pat Freiermuth,TE,1.0,88.0,ACT,62,4,15.5
2023,00-0036894,P.Freiermuth,TE,PIT,0,0.0,0,55,37,384.0,2,179.0,0,0,0,0.0,12,,,4.837837837837838,2,Pat Freiermuth,TE,2.0,88.0,ACT,62,4,15.5
2024,00-0036894,P.Freiermuth,TE,PIT,0,0.0,0,82,68,668.0,7,284.0,0,0,0,0.0,18,,,4.176470588235294,7,Pat Freiermuth,TE,3.0,88.0,ACT,62,4,15.5
2018,00-0026345,P.Garcon,WR,SF,0,0.0,0,46,24,286.0,1,98.0,0,0,0,0.0,8,,,4.083333333333333,1,Pierre Garcon,WR,10.0,15.0,RES,8,1,8.0
2020,00-0035022,P.Hart,WR,SEA,1,19.0,0,1,1,3.0,0,4.0,0,0,0,0.0,1,,19.0,4.0,0,Penny Hart,WR,1.0,19.0,DEV,13,3,4.333333333333333
2021,00-0035022,P.Hart,WR,SEA,0,0.0,0,12,7,59.0,0,41.0,0,0,0,0.0,9,,,5.857142857142857,0,Penny Hart,WR,2.0,19.0,ACT,13,3,4.333333333333333
2022,00-0035022,P.Hart,WR,SEA,0,0.0,0,4,3,20.0,0,12.0,0,0,0,0.0,3,,,4.0,0,Penny Hart,WR,3.0,19.0,INA,13,3,4.333333333333333
2022,00-0037569,P.Hendershot,TE,DAL,1,2.0,1,16,11,103.0,2,47.0,0,0,0,0.0,9,,2.0,4.2727272727272725,3,Peyton Hendershot,TE,0.0,89.0,INA,20,3,6.666666666666667
2023,00-0037569,P.Hendershot,TE,DAL,1,0.0,0,7,4,38.0,0,28.0,0,0,0,0.0,7,,0.0,7.0,0,Peyton Hendershot,TE,1.0,89.0,ACT,20,3,6.666666666666667
2024,00-0037569,P.Hendershot,TE,KC,0,0.0,0,5,5,51.0,0,32.0,0,0,0,0.0,4,,,6.4,0,Peyton Hendershot,TE,2.0,88.0,ACT,20,3,6.666666666666667
2021,00-0035572,P.Hesse,TE,ATL,0,0.0,0,6,5,43.0,0,21.0,0,0,0,0.0,4,,,4.2,0,Parker Hesse,TE,2.0,46.0,ACT,13,2,6.5
2022,00-0035572,P.Hesse,TE,ATL,0,0.0,0,11,9,89.0,0,36.0,0,0,0,0.0,9,,,4.0,0,Parker Hesse,TE,3.0,46.0,ACT,13,2,6.5
2019,00-0035342,P.Laird,RB,MIA,62,168.0,1,30,23,204.0,0,176.0,0,0,0,0.0,8,,2.7096774193548385,7.6521739130434785,1,Patrick Laird,RB,0.0,42.0,ACT,20,3,6.666666666666667
2020,00-0035342,P.Laird,RB,MIA,13,72.0,0,12,10,68.0,0,40.0,0,0,0,0.0,9,,5.538461538461538,4.0,0,Patrick Laird,RB,1.0,32.0,ACT,20,3,6.666666666666667
2021,00-0035342,P.Laird,RB,MIA,1,4.0,0,3,3,17.0,0,20.0,0,0,0,0.0,3,,4.0,6.666666666666667,0,Patrick Laird,RB,2.0,32.0,RES,20,3,6.666666666666667
2018,00-0034109,P.Lindsay,RB,DEN,192,1037.0,9,47,35,241.0,1,298.0,0,0,0,0.0,15,,5.401041666666667,8.514285714285714,10,Phillip Lindsay,RB,0.0,30.0,RES,73,5,14.6
2019,00-0034109,P.Lindsay,RB,DEN,224,1011.0,7,48,35,196.0,0,243.0,0,0,0,0.0,16,,4.513392857142857,6.942857142857143,7,Phillip Lindsay,RB,1.0,30.0,ACT,73,5,14.6
2020,00-0034109,P.Lindsay,RB,DEN,118,502.0,1,14,7,28.0,0,39.0,0,0,0,0.0,11,,4.254237288135593,5.571428571428571,1,Phillip Lindsay,RB,2.0,30.0,RES,73,5,14.6
2021,00-0034109,P.Lindsay,RB,HOU,50,130.0,1,4,3,37.0,1,44.0,0,0,0,0.0,14,,2.6,14.666666666666666,2,,,,,,73,5,14.6
2021,00-0034109,P.Lindsay,RB,MIA,38,119.0,0,1,1,8.0,0,9.0,0,0,0,0.0,14,,3.1315789473684212,9.0,0,Phillip Lindsay,RB,3.0,31.0,ACT,73,5,14.6
2022,00-0034109,P.Lindsay,RB,IND,15,49.0,0,8,6,19.0,0,11.0,0,0,0,0.0,3,,3.2666666666666666,1.8333333333333333,0,Phillip Lindsay,RB,4.0,30.0,CUT,73,5,14.6
2018,00-0033873,P.Mahomes,QB,KC,65,291.0,3,0,0,0.0,0,0.0,53,426,652,5670.0,18,0.6533742331288344,4.476923076923077,,56,Patrick Mahomes,QB,1.0,15.0,ACT,132,7,18.857142857142858
2019,00-0033873,P.Mahomes,QB,KC,67,353.0,4,0,0,0.0,0,0.0,36,391,596,4932.0,17,0.6560402684563759,5.268656716417911,,40,Patrick Mahomes,QB,2.0,15.0,ACT,132,7,18.857142857142858
2020,00-0033873,P.Mahomes,QB,KC,75,360.0,3,2,0,0.0,0,0.0,42,466,705,5590.0,18,0.6609929078014184,4.8,,45,Patrick Mahomes,QB,3.0,15.0,ACT,132,7,18.857142857142858
2021,00-0033873,P.Mahomes,QB,KC,79,498.0,3,0,0,0.0,0,0.0,48,525,780,5896.0,20,0.6730769230769231,6.30379746835443,,51,Patrick Mahomes,QB,4.0,15.0,ACT,132,7,18.857142857142858
2022,00-0033873,P.Mahomes,QB,KC,73,418.0,4,1,1,6.0,0,15.0,48,507,748,5953.0,20,0.6778074866310161,5.726027397260274,15.0,52,Patrick Mahomes,QB,5.0,15.0,ACT,132,7,18.857142857142858
2023,00-0033873,P.Mahomes,QB,KC,98,530.0,0,0,0,0.0,0,0.0,33,505,746,5234.0,20,0.6769436997319035,5.408163265306122,,33,Patrick Mahomes,QB,6.0,15.0,ACT,132,7,18.857142857142858
2024,00-0033873,P.Mahomes,QB,KC,80,389.0,4,1,1,2.0,0,3.0,31,447,664,4607.0,19,0.6731927710843374,4.8625,3.0,35,Patrick Mahomes,QB,7.0,15.0,ACT,132,7,18.857142857142858
2023,00-0039075,P.Nacua,WR,LA,13,87.0,0,170,114,1667.0,7,742.0,0,0,0,0.0,18,,6.6923076923076925,6.508771929824562,7,Puka Nacua,WR,0.0,17.0,ACT,31,2,15.5
2024,00-0039075,P.Nacua,WR,LA,12,53.0,1,129,90,1131.0,3,577.0,0,0,0,0.0,13,,4.416666666666667,6.411111111111111,4,Puka Nacua,WR,1.0,17.0,ACT,31,2,15.5
2019,00-0032417,P.Perkins,RB,DET,12,29.0,0,1,1,9.0,0,10.0,0,0,0,0.0,3,,2.4166666666666665,10.0,0,,,,,,3,1,3.0
2018,00-0031257,P.Richardson,WR,WAS,2,9.0,0,35,20,262.0,2,46.0,0,0,0,0.0,7,,4.5,2.3,2,Paul Richardson,WR,4.0,10.0,RES,17,2,8.5
2019,00-0031257,P.Richardson,WR,WAS,1,0.0,0,42,28,245.0,2,50.0,0,0,0,0.0,10,,0.0,1.7857142857142858,2,Paul Richardson,WR,5.0,10.0,RES,17,2,8.5
2018,00-0022942,P.Rivers,QB,LAC,21,22.0,0,0,0,0.0,0,0.0,35,394,591,4799.0,18,0.6666666666666666,1.0476190476190477,,35,Philip Rivers,QB,14.0,17.0,ACT,51,3,17.0
2019,00-0022942,P.Rivers,QB,LAC,12,29.0,0,0,0,0.0,0,0.0,23,390,591,4615.0,16,0.6598984771573604,2.4166666666666665,,23,Philip Rivers,QB,15.0,17.0,ACT,51,3,17.0
2020,00-0022942,P.Rivers,QB,IND,19,-9.0,0,0,0,0.0,0,0.0,26,396,589,4478.0,17,0.6723259762308998,-0.47368421052631576,,26,Philip Rivers,QB,16.0,17.0,ACT,51,3,17.0
2022,00-0038098,P.Strong,RB,NE,10,100.0,1,7,7,42.0,0,38.0,0,0,0,0.0,4,,10.0,5.428571428571429,1,Pierre Strong,RB,0.0,35.0,ACT,28,3,9.333333333333334
2023,00-0038098,P.Strong,RB,CLE,63,291.0,1,8,5,47.0,0,73.0,0,0,0,0.0,13,,4.619047619047619,14.6,1,Pierre Strong,RB,1.0,20.0,INA,28,3,9.333333333333334
2024,00-0038098,P.Strong,RB,CLE,26,108.0,0,22,14,104.0,0,123.0,0,0,0,0.0,11,,4.153846153846154,8.785714285714286,0,Pierre Strong,RB,2.0,20.0,RES,28,3,9.333333333333334
2021,00-0035973,P.Taylor,RB,GB,23,89.0,1,2,2,3.0,0,5.0,0,0,0,0.0,4,,3.869565217391304,2.5,1,Patrick Taylor,RB,1.0,27.0,ACT,24,4,6.0
2022,00-0035973,P.Taylor,RB,GB,10,31.0,0,1,1,17.0,0,17.0,0,0,0,0.0,4,,3.1,17.0,0,Patrick Taylor,RB,2.0,27.0,ACT,24,4,6.0
2023,00-0035973,P.Taylor,RB,GB,35,147.0,0,17,11,49.0,0,59.0,0,0,0,0.0,11,,4.2,5.363636363636363,0,Patrick Taylor,RB,3.0,27.0,ACT,24,4,6.0
2024,00-0035973,P.Taylor,RB,SF,39,183.0,1,11,3,25.0,0,19.0,0,0,0,0.0,5,,4.6923076923076925,6.333333333333333,1,Patrick Taylor,RB,4.0,32.0,ACT,24,4,6.0
2020,00-0033275,P.Walker,QB,CAR,5,-2.0,0,1,0,0.0,0,0.0,1,32,56,368.0,4,0.5714285714285714,-0.4,,1,Phillip Walker,QB,3.0,6.0,ACT,20,4,5.0
2021,00-0033275,P.Walker,QB,CAR,7,13.0,0,0,0,0.0,0,0.0,1,36,66,362.0,5,0.5454545454545454,1.8571428571428572,,1,Phillip Walker,QB,4.0,6.0,INA,20,4,5.0
2022,00-0033275,P.Walker,QB,CAR,6,39.0,0,0,0,0.0,0,0.0,3,63,106,731.0,6,0.5943396226415094,6.5,,3,Phillip Walker,QB,5.0,11.0,ACT,20,4,5.0
2023,00-0033275,P.Walker,QB,CLE,13,30.0,0,0,0,0.0,0,0.0,1,54,111,674.0,5,0.4864864864864865,2.3076923076923075,,1,PJ Walker,QB,6.0,10.0,ACT,20,4,5.0
2023,00-0038606,P.Washington,WR,JAX,0,0.0,0,21,16,132.0,2,34.0,0,0,0,0.0,6,,,2.125,2,Parker Washington,WR,0.0,11.0,ACT,19,2,9.5
2024,00-0038606,P.Washington,WR,JAX,0,0.0,0,51,32,390.0,3,108.0,0,0,0,0.0,13,,,3.375,3,Parker Washington,WR,1.0,11.0,ACT,19,2,9.5
2019,00-0035350,P.Williams,WR,MIA,0,0.0,0,60,32,428.0,3,61.0,0,0,0,0.0,8,,,1.90625,3,Preston Williams,WR,0.0,18.0,RES,22,3,7.333333333333333
2020,00-0035350,P.Williams,WR,MIA,0,0.0,0,35,18,288.0,4,42.0,0,0,0,0.0,8,,,2.3333333333333335,4,Preston Williams,WR,1.0,18.0,RES,22,3,7.333333333333333
2021,00-0035350,P.Williams,WR,MIA,1,7.0,0,16,6,71.0,0,38.0,0,0,0,0.0,6,,7.0,6.333333333333333,0,Preston Williams,WR,2.0,18.0,INA,22,3,7.333333333333333
2020,00-0036277,Q.Cephus,WR,DET,0,0.0,0,35,20,349.0,2,85.0,0,0,0,0.0,11,,,4.25,2,Quintez Cephus,WR,0.0,87.0,ACT,17,3,5.666666666666667
2021,00-0036277,Q.Cephus,WR,DET,0,0.0,0,22,15,204.0,2,95.0,0,0,0,0.0,5,,,6.333333333333333,2,Quintez Cephus,WR,1.0,87.0,RES,17,3,5.666666666666667
2022,00-0036277,Q.Cephus,WR,DET,0,0.0,0,3,2,15.0,0,4.0,0,0,0,0.0,1,,,2.0,0,Quintez Cephus,WR,2.0,87.0,RES,17,3,5.666666666666667
2018,00-0031023,Q.Enunwa,WR,NYJ,1,0.0,0,68,38,449.0,1,285.0,0,0,0,0.0,11,,0.0,7.5,1,Quincy Enunwa,WR,4.0,81.0,RES,12,2,6.0
2019,00-0031023,Q.Enunwa,WR,NYJ,0,0.0,0,3,1,-4.0,0,-4.0,0,0,0,0.0,1,,,-4.0,0,Quincy Enunwa,WR,5.0,81.0,RES,12,2,6.0
2023,00-0038544,Q.Johnston,WR,LAC,3,9.0,0,67,38,431.0,2,152.0,0,0,0,0.0,17,,3.0,4.0,2,Quentin Johnston,WR,0.0,1.0,ACT,33,2,16.5
2024,00-0038544,Q.Johnston,WR,LAC,3,6.0,0,96,55,711.0,8,306.0,0,0,0,0.0,16,,2.0,5.5636363636363635,8,Quentin Johnston,WR,1.0,1.0,ACT,33,2,16.5
2022,00-0036590,Q.Morris,TE,BUF,0,0.0,0,14,10,102.0,1,50.0,0,0,0,0.0,8,,,5.0,1,Quintin Morris,TE,1.0,85.0,ACT,15,3,5.0
2023,00-0036590,Q.Morris,TE,BUF,0,0.0,0,3,2,26.0,1,5.0,0,0,0,0.0,2,,,2.5,1,Quintin Morris,TE,2.0,85.0,ACT,15,3,5.0
2024,00-0036590,Q.Morris,TE,BUF,0,0.0,0,8,5,36.0,1,22.0,0,0,0,0.0,5,,,4.4,1,Quintin Morris,TE,3.0,85.0,ACT,15,3,5.0
2019,00-0035273,Q.Ollison,RB,ATL,22,50.0,4,2,1,7.0,0,3.0,0,0,0,0.0,6,,2.272727272727273,3.0,4,Qadree Ollison,RB,0.0,30.0,ACT,13,3,4.333333333333333
2020,00-0035273,Q.Ollison,RB,ATL,1,3.0,0,0,0,0.0,0,0.0,0,0,0,0.0,1,,3.0,,0,Qadree Ollison,RB,1.0,30.0,INA,13,3,4.333333333333333
2021,00-0035273,Q.Ollison,RB,ATL,21,105.0,1,6,4,12.0,0,7.0,0,0,0,0.0,6,,5.0,1.75,1,Qadree Ollison,RB,2.0,30.0,ACT,13,3,4.333333333333333
2020,00-0036271,Q.Watkins,WR,PHI,0,0.0,0,13,7,106.0,1,58.0,0,0,0,0.0,4,,,8.285714285714286,1,Quez Watkins,WR,0.0,80.0,ACT,46,4,11.5
2021,00-0036271,Q.Watkins,WR,PHI,1,3.0,0,69,45,682.0,1,257.0,0,0,0,0.0,18,,3.0,5.711111111111111,1,Quez Watkins,WR,1.0,16.0,ACT,46,4,11.5
2022,00-0036271,Q.Watkins,WR,PHI,3,1.0,0,54,34,362.0,3,153.0,0,0,0,0.0,18,,0.3333333333333333,4.5,3,Quez Watkins,WR,2.0,16.0,ACT,46,4,11.5
2023,00-0036271,Q.Watkins,WR,PHI,0,0.0,0,25,18,154.0,1,61.0,0,0,0,0.0,6,,,3.388888888888889,1,Quez Watkins,WR,3.0,16.0,ACT,46,4,11.5
2021,00-0033957,R.Adams,WR,CHI,0,0.0,0,1,0,0.0,0,0.0,0,0,0,0.0,1,,,,0,Rodney Adams,WR,4.0,13.0,DEV,1,1,1.0
2024,00-0039796,R.Ali,RB,BAL,10,31.0,0,2,0,0.0,0,0.0,0,0,0,0.0,4,,3.1,,0,Rasheen Ali,RB,0.0,26.0,INA,4,1,4.0
2019,00-0035268,R.Armstead,RB,JAX,35,108.0,0,24,14,144.0,2,112.0,0,0,0,0.0,14,,3.085714285714286,8.0,2,Ryquell Armstead,RB,0.0,23.0,ACT,16,2,8.0
2021,00-0035268,R.Armstead,RB,JAX,15,80.0,0,4,3,16.0,0,20.0,0,0,0,0.0,2,,5.333333333333333,6.666666666666667,0,Ryquell Armstead,RB,2.0,23.0,ACT,16,2,8.0
2021,00-0036550,R.Bateman,WR,BAL,0,0.0,0,68,46,515.0,1,163.0,0,0,0,0.0,12,,,3.5434782608695654,1,Rashod Bateman,WR,0.0,12.0,ACT,53,4,13.25
2022,00-0036550,R.Bateman,WR,BAL,0,0.0,0,28,15,285.0,2,133.0,0,0,0,0.0,6,,,8.866666666666667,2,Rashod Bateman,WR,1.0,7.0,RES,53,4,13.25
2023,00-0036550,R.Bateman,WR,BAL,1,18.0,0,62,36,408.0,1,64.0,0,0,0,0.0,17,,18.0,1.7777777777777777,1,Rashod Bateman,WR,2.0,7.0,ACT,53,4,13.25
2024,00-0036550,R.Bateman,WR,BAL,0,0.0,0,79,51,846.0,11,197.0,0,0,0,0.0,18,,,3.8627450980392157,11,Rashod Bateman,WR,3.0,7.0,ACT,53,4,13.25
2023,00-0038647,R.Bell,WR,SF,0,0.0,0,13,6,68.0,3,10.0,0,0,0,0.0,8,,,1.6666666666666667,3,Ronnie Bell,WR,0.0,10.0,INA,11,2,5.5
2024,00-0038647,R.Bell,WR,SF,0,0.0,0,6,2,22.0,0,2.0,0,0,0,0.0,3,,,1.0,0,Ronnie Bell,WR,1.0,10.0,DEV,11,2,5.5
2022,00-0037429,R.Blackshear,RB,CAR,23,77.0,3,12,10,93.0,0,105.0,0,0,0,0.0,10,,3.347826086956522,10.5,3,Raheem Blackshear,RB,0.0,20.0,ACT,21,3,7.0
2023,00-0037429,R.Blackshear,RB,CAR,14,46.0,0,7,6,45.0,0,38.0,0,0,0,0.0,8,,3.2857142857142856,6.333333333333333,0,Raheem Blackshear,RB,1.0,3.0,ACT,21,3,7.0
2024,00-0037429,R.Blackshear,RB,CAR,15,80.0,0,0,0,0.0,0,0.0,0,0,0,0.0,3,,5.333333333333333,,0,Raheem Blackshear,RB,2.0,3.0,ACT,21,3,7.0
2019,00-0034578,R.Bonnafon,RB,CAR,16,116.0,1,9,6,57.0,0,52.0,0,0,0,0.0,8,,7.25,8.666666666666666,1,Reggie Bonnafon,RB,1.0,39.0,ACT,12,4,3.0
2020,00-0034578,R.Bonnafon,RB,CAR,12,69.0,0,2,2,18.0,1,20.0,0,0,0,0.0,2,,5.75,10.0,1,Reggie Bonnafon,RB,2.0,39.0,RES,12,4,3.0
2021,00-0034578,R.Bonnafon,RB,CAR,1,4.0,0,2,2,12.0,0,9.0,0,0,0,0.0,1,,4.0,4.5,0,Reggie Bonnafon,RB,3.0,39.0,ACT,12,4,3.0
2022,00-0034578,R.Bonnafon,RB,WAS,3,8.0,0,0,0,0.0,0,0.0,0,0,0,0.0,1,,2.6666666666666665,,0,Reggie Bonnafon,RB,4.0,38.0,ACT,12,4,3.0
2018,00-0030288,R.Burkhead,RB,NE,80,282.0,3,27,21,176.0,1,161.0,0,0,0,0.0,11,,3.525,7.666666666666667,4,Rex Burkhead,RB,5.0,34.0,ACT,64,5,12.8
2019,00-0030288,R.Burkhead,RB,NE,68,306.0,3,41,30,311.0,0,268.0,0,0,0,0.0,14,,4.5,8.933333333333334,3,Rex Burkhead,RB,6.0,34.0,ACT,64,5,12.8
2020,00-0030288,R.Burkhead,RB,NE,67,274.0,3,33,25,192.0,3,201.0,0,0,0,0.0,10,,4.08955223880597,8.04,6,Rex Burkhead,RB,7.0,34.0,RES,64,5,12.8
2021,00-0030288,R.Burkhead,RB,HOU,122,427.0,3,32,25,186.0,0,141.0,0,0,1,0.0,14,0.0,3.5,5.64,3,Rex Burkhead,RB,8.0,28.0,ACT,64,5,12.8
2022,00-0030288,R.Burkhead,RB,HOU,26,80.0,0,51,37,204.0,1,214.0,0,0,1,0.0,15,0.0,3.076923076923077,5.783783783783784,1,Rex Burkhead,RB,9.0,28.0,ACT,64,5,12.8
2018,00-0032688,R.Chosen,WR,NYJ,2,-8.0,0,94,50,752.0,6,180.0,0,0,0,0.0,14,,-4.0,3.6,6,Robby Anderson,WR,2.0,11.0,ACT,93,7,13.285714285714286
2019,00-0032688,R.Chosen,WR,NYJ,1,4.0,0,96,52,779.0,5,193.0,0,0,0,0.0,16,,4.0,3.7115384615384617,5,Robby Anderson,WR,3.0,11.0,ACT,93,7,13.285714285714286
2020,00-0032688,R.Chosen,WR,CAR,4,15.0,0,136,95,1096.0,3,497.0,0,0,0,0.0,16,,3.75,5.231578947368421,3,Robby Anderson,WR,4.0,11.0,ACT,93,7,13.285714285714286
2021,00-0032688,R.Chosen,WR,CAR,3,36.0,0,110,53,519.0,5,158.0,0,0,0,0.0,17,,12.0,2.981132075471698,5,Robby Anderson,WR,5.0,11.0,ACT,93,7,13.285714285714286
2022,00-0032688,R.Chosen,WR,ARI,0,0.0,0,17,7,76.0,0,24.0,0,0,0,0.0,12,,,3.4285714285714284,0,Robby Anderson,WR,6.0,81.0,INA,93,7,13.285714285714286
2022,00-0032688,R.Chosen,WR,CAR,0,0.0,0,27,13,206.0,1,68.0,0,0,0,0.0,12,,,5.230769230769231,1,,,,,,93,7,13.285714285714286
2023,00-0032688,R.Chosen,WR,MIA,0,0.0,0,6,4,126.0,1,31.0,0,0,0,0.0,5,,,7.75,1,Robbie Chosen,WR,7.0,3.0,INA,93,7,13.285714285714286
2024,00-0032688,R.Chosen,WR,MIA,0,0.0,0,4,1,5.0,0,1.0,0,0,0,0.0,1,,,1.0,0,Robbie Chosen,WR,8.0,84.0,CUT,93,7,13.285714285714286
2018,00-0028002,R.Cobb,WR,GB,0,0.0,0,61,38,383.0,2,233.0,0,0,0,0.0,9,,,6.131578947368421,2,Randall Cobb,WR,7.0,18.0,ACT,68,6,11.333333333333334
2019,00-0028002,R.Cobb,WR,DAL,3,11.0,0,83,55,828.0,3,329.0,0,0,1,0.0,15,0.0,3.6666666666666665,5.9818181818181815,3,Randall Cobb,WR,8.0,18.0,ACT,68,6,11.333333333333334
2020,00-0028002,R.Cobb,WR,HOU,0,0.0,0,48,38,441.0,3,171.0,0,0,1,0.0,10,0.0,,4.5,3,Randall Cobb,WR,9.0,18.0,RES,68,6,11.333333333333334
2021,00-0028002,R.Cobb,WR,GB,1,1.0,0,40,28,375.0,5,138.0,0,0,0,0.0,12,,1.0,4.928571428571429,5,Randall Cobb,WR,10.0,18.0,ACT,68,6,11.333333333333334
2022,00-0028002,R.Cobb,WR,GB,0,0.0,0,50,34,417.0,1,185.0,0,0,0,0.0,13,,,5.4411764705882355,1,Randall Cobb,WR,11.0,18.0,ACT,68,6,11.333333333333334
2023,00-0028002,R.Cobb,WR,NYJ,0,0.0,0,17,5,39.0,1,23.0,0,0,0,0.0,9,,,4.6,1,Randall Cobb,WR,12.0,18.0,ACT,68,6,11.333333333333334
2018,00-0034054,R.Cracraft,WR,DEN,0,0.0,0,2,1,44.0,0,1.0,0,0,0,0.0,1,,,1.0,0,River Cracraft,WR,1.0,11.0,ACT,23,5,4.6
2020,00-0034054,R.Cracraft,WR,SF,0,0.0,0,9,6,41.0,0,11.0,0,0,0,0.0,3,,,1.8333333333333333,0,River Cracraft,WR,3.0,86.0,ACT,23,5,4.6
2022,00-0034054,R.Cracraft,WR,MIA,0,0.0,0,14,9,102.0,2,26.0,0,0,0,0.0,8,,,2.888888888888889,2,River Cracraft,WR,5.0,85.0,ACT,23,5,4.6
2023,00-0034054,R.Cracraft,WR,MIA,0,0.0,0,15,11,154.0,1,63.0,0,0,0,0.0,7,,,5.7272727272727275,1,River Cracraft,WR,6.0,85.0,ACT,23,5,4.6
2024,00-0034054,R.Cracraft,WR,MIA,0,0.0,0,9,7,66.0,0,11.0,0,0,0,0.0,4,,,1.5714285714285714,0,River Cracraft,WR,7.0,85.0,ACT,23,5,4.6
2019,00-0033530,R.Davis,WR,PHI,0,0.0,0,3,1,6.0,0,2.0,0,0,0,0.0,3,,,2.0,0,Robert Davis,WR,2.0,14.0,ACT,6,1,6.0
2019,00-0033530,R.Davis,WR,WAS,0,0.0,0,2,1,11.0,0,0.0,0,0,0,0.0,3,,,0.0,0,,,,,,6,1,6.0
2019,00-0034034,R.Davis,WR,TEN,0,0.0,0,1,1,16.0,0,0.0,0,0,0,0.0,1,,,0.0,0,Rashard Davis,WR,2.0,12.0,INA,1,1,1.0
2024,00-0039875,R.Davis,RB,BUF,120,478.0,4,19,17,189.0,3,164.0,0,0,0,0.0,19,,3.9833333333333334,9.647058823529411,7,Ray Davis,RB,0.0,22.0,ACT,19,1,19.0
2022,00-0037816,R.Doubs,WR,GB,1,11.0,0,67,42,425.0,3,191.0,0,0,0,0.0,13,,11.0,4.5476190476190474,3,Romeo Doubs,WR,0.0,87.0,ACT,46,3,15.333333333333334
2023,00-0037816,R.Doubs,WR,GB,0,0.0,0,108,69,908.0,9,210.0,0,0,0,0.0,19,,,3.0434782608695654,9,Romeo Doubs,WR,1.0,87.0,ACT,46,3,15.333333333333334
2024,00-0037816,R.Doubs,WR,GB,0,0.0,0,74,48,614.0,4,137.0,0,0,0,0.0,14,,,2.8541666666666665,4,Romeo Doubs,WR,2.0,87.0,ACT,46,3,15.333333333333334
2020,00-0036139,R.Dowdle,RB,DAL,7,24.0,0,0,0,0.0,0,0.0,0,0,0,0.0,2,,3.4285714285714284,,0,Rico Dowdle,RB,0.0,34.0,ACT,35,3,11.666666666666666
2023,00-0036139,R.Dowdle,RB,DAL,91,372.0,2,25,19,158.0,2,183.0,0,0,0,0.0,17,,4.087912087912088,9.631578947368421,4,Rico Dowdle,RB,3.0,23.0,ACT,35,3,11.666666666666666
2024,00-0036139,R.Dowdle,RB,DAL,235,1079.0,2,49,39,249.0,3,272.0,0,0,0,0.0,16,,4.591489361702128,6.9743589743589745,5,Rico Dowdle,RB,4.0,23.0,ACT,35,3,11.666666666666666
2018,00-0034073,R.Dwelley,TE,SF,0,0.0,0,2,2,14.0,0,1.0,0,0,0,0.0,2,,,0.5,0,Ross Dwelley,TE,0.0,82.0,ACT,28,7,4.0
2019,00-0034073,R.Dwelley,TE,SF,0,0.0,0,22,15,91.0,2,40.0,0,0,0,0.0,6,,,2.6666666666666665,2,Ross Dwelley,TE,1.0,82.0,ACT,28,7,4.0
2020,00-0034073,R.Dwelley,TE,SF,0,0.0,0,24,19,245.0,1,107.0,0,0,0,0.0,10,,,5.631578947368421,1,Ross Dwelley,TE,2.0,82.0,ACT,28,7,4.0
2021,00-0034073,R.Dwelley,TE,SF,0,0.0,0,5,4,51.0,1,5.0,0,0,0,0.0,3,,,1.25,1,Ross Dwelley,TE,3.0,82.0,ACT,28,7,4.0
2022,00-0034073,R.Dwelley,TE,SF,0,0.0,0,5,3,105.0,1,43.0,0,0,0,0.0,4,,,14.333333333333334,1,Ross Dwelley,TE,4.0,82.0,INA,28,7,4.0
2023,00-0034073,R.Dwelley,TE,SF,0,0.0,0,2,1,12.0,0,12.0,0,0,0,0.0,2,,,12.0,0,Ross Dwelley,TE,5.0,82.0,RES,28,7,4.0
2024,00-0034073,R.Dwelley,TE,ATL,0,0.0,0,1,1,5.0,0,4.0,0,0,0,0.0,1,,,4.0,0,Ross Dwelley,TE,6.0,85.0,ACT,28,7,4.0
2018,00-0029587,R.Ellison,TE,NYG,0,0.0,0,34,25,272.0,1,130.0,0,0,0,0.0,13,,,5.2,1,Rhett Ellison,TE,6.0,85.0,ACT,23,2,11.5
2019,00-0029587,R.Ellison,TE,NYG,0,0.0,0,28,18,167.0,1,83.0,0,0,0,0.0,10,,,4.611111111111111,1,Rhett Ellison,TE,7.0,85.0,RES,23,2,11.5
2019,00-0035652,R.Finley,QB,CIN,10,77.0,0,0,0,0.0,0,0.0,2,41,87,474.0,3,0.47126436781609193,7.7,,2,Ryan Finley,QB,0.0,5.0,ACT,7,2,3.5
2020,00-0035652,R.Finley,QB,CIN,11,66.0,1,0,0,0.0,0,0.0,1,17,32,164.0,4,0.53125,6.0,,2,Ryan Finley,QB,1.0,5.0,ACT,7,2,3.5
2018,00-0023682,R.Fitzpatrick,QB,TB,36,152.0,2,0,0,0.0,0,0.0,17,164,246,2366.0,8,0.6666666666666666,4.222222222222222,,19,Ryan Fitzpatrick,QB,13.0,14.0,ACT,33,4,8.25
2019,00-0023682,R.Fitzpatrick,QB,MIA,54,243.0,4,0,0,0.0,0,0.0,20,311,502,3529.0,15,0.6195219123505976,4.5,,24,Ryan Fitzpatrick,QB,14.0,14.0,ACT,33,4,8.25
2020,00-0023682,R.Fitzpatrick,QB,MIA,30,151.0,2,1,1,0.0,0,4.0,13,183,267,2091.0,9,0.6853932584269663,5.033333333333333,4.0,15,Ryan Fitzpatrick,QB,15.0,14.0,RES,33,4,8.25
2021,00-0023682,R.Fitzpatrick,QB,WAS,1,2.0,0,0,0,0.0,0,0.0,0,3,6,13.0,1,0.5,2.0,,0,Ryan Fitzpatrick,QB,16.0,14.0,RES,33,4,8.25
2024,00-0039410,R.Flournoy,WR,DAL,0,0.0,0,14,10,102.0,0,34.0,0,0,0,0.0,7,,,3.4,0,Ryan Flournoy,WR,0.0,80.0,ACT,7,1,7.0
2018,00-0034510,R.Foster,WR,BUF,0,0.0,0,44,27,541.0,3,167.0,0,0,0,0.0,11,,,6.185185185185185,3,Robert Foster,WR,0.0,16.0,ACT,24,3,8.0
2019,00-0034510,R.Foster,WR,BUF,2,29.0,0,18,3,64.0,0,32.0,0,0,0,0.0,10,,14.5,10.666666666666666,0,Robert Foster,WR,1.0,16.0,INA,24,3,8.0
2020,00-0034510,R.Foster,WR,WAS,0,0.0,0,6,2,37.0,0,32.0,0,0,0,0.0,3,,,16.0,0,Robert Foster,WR,2.0,19.0,ACT,24,3,8.0
2018,00-0034838,R.Freeman,RB,DEN,130,521.0,5,20,14,72.0,0,59.0,0,0,0,0.0,14,,4.007692307692308,4.214285714285714,5,Royce Freeman,RB,0.0,28.0,ACT,76,6,12.666666666666666
2019,00-0034838,R.Freeman,RB,DEN,132,496.0,3,50,43,256.0,1,259.0,0,0,0,0.0,16,,3.757575757575758,6.023255813953488,4,Royce Freeman,RB,1.0,28.0,ACT,76,6,12.666666666666666
2020,00-0034838,R.Freeman,RB,DEN,35,170.0,0,13,12,81.0,0,63.0,0,0,0,0.0,11,,4.857142857142857,5.25,0,Royce Freeman,RB,2.0,28.0,ACT,76,6,12.666666666666666
2021,00-0034838,R.Freeman,RB,CAR,21,77.0,0,6,3,15.0,0,11.0,0,0,0,0.0,11,,3.6666666666666665,3.6666666666666665,0,,,,,,76,6,12.666666666666666
2021,00-0034838,R.Freeman,RB,HOU,35,92.0,0,10,7,62.0,0,64.0,0,0,0,0.0,11,,2.6285714285714286,9.142857142857142,0,Royce Freeman,RB,3.0,26.0,ACT,76,6,12.666666666666666
2022,00-0034838,R.Freeman,RB,HOU,41,117.0,0,8,6,33.0,0,39.0,0,0,0,0.0,4,,2.8536585365853657,6.5,0,Royce Freeman,RB,4.0,26.0,ACT,76,6,12.666666666666666
2023,00-0034838,R.Freeman,RB,LA,77,319.0,2,2,1,13.0,0,14.0,0,0,0,0.0,9,,4.142857142857143,14.0,2,Royce Freeman,RB,5.0,24.0,ACT,76,6,12.666666666666666
2019,00-0034660,R.Gafford,WR,LV,0,0.0,0,2,2,66.0,1,17.0,0,0,0,0.0,2,,,8.5,1,,,,,,4,2,2.0
2020,00-0034660,R.Gafford,WR,LV,0,0.0,0,2,0,0.0,0,0.0,0,0,0,0.0,2,,,,0,Rico Gafford,WR,2.0,10.0,DEV,4,2,2.0
2018,00-0034411,R.Gage,WR,ATL,0,0.0,0,10,6,63.0,0,19.0,0,0,0,0.0,5,,,3.1666666666666665,0,Russell Gage,WR,0.0,83.0,ACT,62,5,12.4
2019,00-0034411,R.Gage,WR,ATL,4,12.0,0,74,49,446.0,1,151.0,0,0,0,0.0,14,,3.0,3.0816326530612246,1,Russell Gage,WR,1.0,83.0,ACT,62,5,12.4
2020,00-0034411,R.Gage,WR,ATL,2,9.0,0,109,72,786.0,4,281.0,1,1,2,39.0,16,0.5,4.5,3.9027777777777777,5,Russell Gage,WR,2.0,83.0,ACT,62,5,12.4
2021,00-0034411,R.Gage,WR,ATL,0,0.0,0,94,66,770.0,4,248.0,0,0,0,0.0,13,,,3.757575757575758,4,Russell Gage,WR,3.0,14.0,ACT,62,5,12.4
2022,00-0034411,R.Gage,WR,TB,0,0.0,0,78,53,436.0,5,184.0,0,0,0,0.0,14,,,3.4716981132075473,5,Russell Gage,WR,4.0,17.0,ACT,62,5,12.4
2018,00-0033054,R.Gathers,TE,DAL,0,0.0,0,8,3,45.0,0,27.0,0,0,0,0.0,7,,,9.0,0,Rico Gathers,TE,2.0,80.0,ACT,7,1,7.0
2018,00-0031068,R.Grant,WR,IND,0,0.0,0,52,35,334.0,1,93.0,0,0,0,0.0,14,,,2.657142857142857,1,Ryan Grant,WR,4.0,11.0,ACT,16,2,8.0
2019,00-0031068,R.Grant,WR,LV,0,0.0,0,9,4,14.0,0,5.0,0,0,0,0.0,2,,,1.25,0,,,,,,16,2,8.0
2018,00-0032170,R.Greene,WR,JAX,0,0.0,0,8,6,60.0,0,15.0,0,0,0,0.0,5,,,2.5,0,Rashad Greene,WR,3.0,13.0,ACT,5,1,5.0
2018,00-0029665,R.Griffin,QB,BAL,0,0.0,0,0,0,0.0,0,0.0,0,2,6,21.0,2,0.3333333333333333,,,0,Robert Griffin III,QB,6.0,3.0,ACT,12,3,4.0
2018,00-0030108,R.Griffin,TE,HOU,0,0.0,0,48,25,311.0,0,155.0,0,0,0,0.0,14,,,6.2,0,Ryan Griffin,TE,5.0,84.0,ACT,53,5,10.6
2019,00-0029665,R.Griffin,QB,BAL,20,61.0,0,0,0,0.0,0,0.0,1,23,38,225.0,6,0.6052631578947368,3.05,,1,Robert Griffin III,QB,7.0,3.0,ACT,12,3,4.0
2019,00-0029857,R.Griffin,QB,TB,4,-1.0,0,0,0,0.0,0,0.0,0,2,4,18.0,2,0.5,-0.25,,0,Ryan Griffin,QB,6.0,4.0,ACT,2,1,2.0
2019,00-0030108,R.Griffin,TE,NYJ,0,0.0,0,41,34,320.0,5,182.0,0,0,0,0.0,13,,,5.352941176470588,5,Ryan Griffin,TE,6.0,84.0,RES,53,5,10.6
2020,00-0029665,R.Griffin,QB,BAL,12,69.0,0,0,0,0.0,0,0.0,0,8,14,42.0,4,0.5714285714285714,5.75,,0,Robert Griffin,QB,8.0,3.0,RES,12,3,4.0
2020,00-0030108,R.Griffin,TE,NYJ,0,0.0,0,12,9,86.0,0,49.0,0,0,0,0.0,5,,,5.444444444444445,0,Ryan Griffin,TE,7.0,84.0,ACT,53,5,10.6
2021,00-0030108,R.Griffin,TE,NYJ,0,0.0,0,42,27,261.0,2,149.0,0,0,0,0.0,14,,,5.518518518518518,2,Ryan Griffin,TE,8.0,86.0,RES,53,5,10.6
2022,00-0030108,R.Griffin,TE,CHI,0,0.0,0,8,4,26.0,0,9.0,0,0,0,0.0,7,,,2.25,0,Ryan Griffin,TE,9.0,84.0,ACT,53,5,10.6
2018,00-0027656,R.Gronkowski,TE,NE,0,0.0,0,91,60,873.0,3,264.0,0,0,0,0.0,16,,,4.4,3,Rob Gronkowski,TE,8.0,87.0,ACT,50,3,16.666666666666668
2020,00-0027656,R.Gronkowski,TE,TB,0,0.0,0,91,53,733.0,9,322.0,0,0,0,0.0,20,,,6.0754716981132075,9,Rob Gronkowski,TE,10.0,87.0,ACT,50,3,16.666666666666668
2021,00-0027656,R.Gronkowski,TE,TB,0,0.0,0,106,64,918.0,7,419.0,0,0,0,0.0,14,,,6.546875,7,Rob Gronkowski,TE,11.0,87.0,ACT,50,3,16.666666666666668
2018,00-0030780,R.Hewitt,TE,IND,0,0.0,0,3,1,1.0,1,0.0,0,0,0,0.0,3,,,0.0,1,Ryan Hewitt,TE,4.0,45.0,ACT,3,1,3.0
2018,00-0032977,R.Higgins,WR,CLE,0,0.0,0,53,39,572.0,4,146.0,0,0,0,0.0,13,,,3.7435897435897436,4,Rashard Higgins,WR,2.0,81.0,ACT,45,4,11.25
2019,00-0032977,R.Higgins,WR,CLE,0,0.0,0,11,4,55.0,1,9.0,0,0,0,0.0,6,,,2.25,1,Rashard Higgins,WR,3.0,81.0,INA,45,4,11.25
2020,00-0032977,R.Higgins,WR,CLE,0,0.0,0,66,44,715.0,4,106.0,0,0,0,0.0,14,,,2.409090909090909,4,Rashard Higgins,WR,4.0,82.0,ACT,45,4,11.25
2021,00-0032977,R.Higgins,WR,CLE,0,0.0,0,47,24,275.0,1,41.0,0,0,0,0.0,12,,,1.7083333333333333,1,Rashard Higgins,WR,5.0,82.0,ACT,45,4,11.25
2019,00-0034439,R.Izzo,TE,NE,0,0.0,0,9,6,114.0,1,50.0,0,0,0,0.0,4,,,8.333333333333334,1,Ryan Izzo,TE,1.0,85.0,INA,14,2,7.0
2020,00-0034439,R.Izzo,TE,NE,0,0.0,0,20,13,199.0,0,68.0,0,0,0,0.0,10,,,5.230769230769231,0,Ryan Izzo,TE,2.0,85.0,RES,14,2,7.0
2018,00-0034286,R.James,WR,SF,0,0.0,0,14,9,130.0,1,101.0,0,0,0,0.0,7,,,11.222222222222221,1,Richie James,WR,0.0,13.0,ACT,48,5,9.6
2019,00-0034286,R.James,WR,SF,2,-1.0,0,10,6,165.0,1,103.0,0,0,0,0.0,7,,-0.5,17.166666666666668,1,Richie James,WR,1.0,13.0,ACT,48,5,9.6
2020,00-0034286,R.James,WR,SF,0,0.0,0,35,23,394.0,1,193.0,0,0,0,0.0,7,,,8.391304347826088,1,Richie James,WR,2.0,13.0,ACT,48,5,9.6
2022,00-0034286,R.James,WR,NYG,2,6.0,0,86,68,651.0,4,220.0,0,0,0,0.0,16,,3.0,3.235294117647059,4,Richie James,WR,4.0,80.0,ACT,48,5,9.6
2023,00-0034286,R.James,WR,KC,0,0.0,0,18,11,120.0,0,61.0,0,0,0,0.0,11,,,5.545454545454546,0,Richie James,WR,5.0,17.0,ACT,48,5,9.6
2023,00-0038821,R.Jarrett,WR,TB,1,0.0,0,9,4,60.0,0,27.0,0,0,0,0.0,6,,0.0,6.75,0,Rakim Jarrett,WR,0.0,18.0,INA,12,2,6.0
2024,00-0038821,R.Jarrett,WR,TB,0,0.0,0,11,9,124.0,0,18.0,0,0,0,0.0,6,,,2.0,0,Rakim Jarrett,WR,1.0,18.0,ACT,12,2,6.0
2023,00-0039021,R.Johnson,RB,CHI,81,352.0,2,40,34,209.0,0,247.0,0,0,0,0.0,15,,4.345679012345679,7.264705882352941,2,Roschon Johnson,RB,0.0,23.0,ACT,27,2,13.5
2024,00-0039021,R.Johnson,RB,CHI,55,150.0,6,20,16,104.0,0,96.0,0,0,0,0.0,12,,2.727272727272727,6.0,6,Roschon Johnson,RB,1.0,23.0,ACT,27,2,13.5
2018,00-0034816,R.Jones,RB,TB,23,44.0,1,9,7,33.0,0,42.0,0,0,0,0.0,6,,1.9130434782608696,6.0,1,Ronald Jones,RB,0.0,27.0,ACT,60,5,12.0
2019,00-0034816,R.Jones,RB,TB,172,724.0,6,40,31,309.0,0,294.0,0,0,0,0.0,16,,4.209302325581396,9.483870967741936,6,Ronald Jones,RB,1.0,27.0,ACT,60,5,12.0
2020,00-0034816,R.Jones,RB,TB,227,1117.0,7,44,28,165.0,1,157.0,0,0,0,0.0,17,,4.920704845814978,5.607142857142857,8,Ronald Jones,RB,2.0,27.0,ACT,60,5,12.0
2021,00-0034816,R.Jones,RB,TB,101,428.0,4,13,10,64.0,0,77.0,0,0,0,0.0,15,,4.237623762376238,7.7,4,Ronald Jones,RB,3.0,27.0,INA,60,5,12.0
2022,00-0034816,R.Jones,RB,KC,18,70.0,1,1,1,22.0,0,23.0,0,0,0,0.0,6,,3.888888888888889,23.0,1,Ronald Jones,RB,4.0,2.0,ACT,60,5,12.0
2018,00-0032371,R.Kelley,RB,WAS,4,8.0,0,0,0,0.0,0,0.0,0,0,0,0.0,2,,2.0,,0,Rob Kelley,RB,2.0,20.0,RES,2,1,2.0
2024,00-0039543,R.Keyton,WR,LV,0,0.0,0,3,1,7.0,0,0.0,0,0,0,0.0,2,,,0.0,0,Ramel Keyton,WR,0.0,82.0,ACT,2,1,2.0
2018,00-0029580,R.Matthews,WR,NYJ,0,0.0,0,3,2,13.0,0,0.0,0,0,0,0.0,5,,,0.0,0,Rishard Matthews,WR,6.0,82.0,RES,10,1,10.0
2018,00-0029580,R.Matthews,WR,TEN,0,0.0,0,6,3,11.0,0,5.0,0,0,0,0.0,5,,,1.6666666666666667,0,,,,,,10,1,10.0
2018,00-0033773,R.McCarron,WR,NE,0,0.0,0,1,0,0.0,0,0.0,0,0,0,0.0,1,,,,0,Riley McCarron,WR,1.0,17.0,DEV,1,1,1.0
2018,00-0034407,R.McCloud,WR,BUF,2,4.0,0,6,5,36.0,0,28.0,0,0,0,0.0,7,,2.0,5.6,0,Ray-Ray McCloud,WR,0.0,14.0,ACT,73,6,12.166666666666666
2020,00-0034407,R.McCloud,WR,PIT,4,65.0,0,22,20,77.0,0,105.0,0,0,0,0.0,11,,16.25,5.25,0,Ray-Ray McCloud,WR,2.0,14.0,ACT,73,6,12.166666666666666
2021,00-0034407,R.McCloud,WR,PIT,2,15.0,0,68,41,297.0,0,123.0,0,0,0,0.0,15,,7.5,3.0,0,Ray-Ray McCloud,WR,3.0,14.0,ACT,73,6,12.166666666666666
2022,00-0034407,R.McCloud,WR,SF,4,78.0,1,25,14,243.0,1,92.0,0,0,0,0.0,14,,19.5,6.571428571428571,2,Ray-Ray McCloud,WR,4.0,3.0,ACT,73,6,12.166666666666666
2023,00-0034407,R.McCloud,WR,SF,3,30.0,0,18,14,161.0,0,88.0,0,0,0,0.0,9,,10.0,6.285714285714286,0,Ray-Ray McCloud,WR,5.0,3.0,ACT,73,6,12.166666666666666
2024,00-0034407,R.McCloud,WR,ATL,10,79.0,0,87,62,686.0,1,335.0,0,0,0,0.0,17,,7.9,5.403225806451613,1,Ray-Ray McCloud,WR,6.0,34.0,ACT,73,6,12.166666666666666
2021,00-0036652,R.McMath,WR,TEN,0,0.0,0,6,2,8.0,0,9.0,0,0,0,0.0,5,,,4.5,0,Racey McMath,WR,0.0,81.0,ACT,9,2,4.5
2022,00-0036652,R.McMath,WR,TEN,1,4.0,0,8,2,40.0,0,7.0,0,0,0,0.0,4,,4.0,3.5,0,Racey McMath,WR,1.0,13.0,ACT,9,2,4.5
2024,00-0038824,R.Miller,WR,TB,0,0.0,0,20,12,128.0,2,55.0,0,0,0,0.0,8,,,4.583333333333333,2,Ryan Miller,WR,1.0,81.0,ACT,8,1,8.0
2021,00-0036936,R.Moore,WR,ARI,18,76.0,0,70,59,467.0,1,454.0,0,0,0,0.0,15,,4.222222222222222,7.694915254237288,1,Rondale Moore,WR,0.0,4.0,ACT,40,3,13.333333333333334
2022,00-0036936,R.Moore,WR,ARI,6,-5.0,0,56,41,414.0,1,281.0,0,0,0,0.0,8,,-0.8333333333333334,6.853658536585366,1,Rondale Moore,WR,1.0,4.0,RES,40,3,13.333333333333334
2023,00-0036936,R.Moore,WR,ARI,28,178.0,1,62,40,352.0,1,216.0,0,0,0,0.0,17,,6.357142857142857,5.4,2,Rondale Moore,WR,2.0,4.0,ACT,40,3,13.333333333333334
2018,00-0031687,R.Mostert,RB,SF,34,261.0,1,7,6,25.0,0,44.0,0,0,0,0.0,6,,7.676470588235294,7.333333333333333,1,Raheem Mostert,RB,3.0,31.0,RES,77,7,11.0
2019,00-0031687,R.Mostert,RB,SF,190,1108.0,13,25,17,188.0,2,172.0,0,0,0,0.0,18,,5.831578947368421,10.117647058823529,15,Raheem Mostert,RB,4.0,31.0,ACT,77,7,11.0
2020,00-0031687,R.Mostert,RB,SF,104,521.0,2,19,16,156.0,1,136.0,0,0,0,0.0,8,,5.009615384615385,8.5,3,Raheem Mostert,RB,5.0,31.0,RES,77,7,11.0
2021,00-0031687,R.Mostert,RB,SF,2,20.0,0,0,0,0.0,0,0.0,0,0,0,0.0,1,,10.0,,0,Raheem Mostert,RB,6.0,31.0,RES,77,7,11.0
2022,00-0031687,R.Mostert,RB,MIA,181,891.0,3,42,31,202.0,2,179.0,0,0,0,0.0,16,,4.922651933701657,5.774193548387097,5,Raheem Mostert,RB,7.0,31.0,INA,77,7,11.0
2023,00-0031687,R.Mostert,RB,MIA,217,1045.0,18,34,26,172.0,3,216.0,0,0,0,0.0,16,,4.815668202764977,8.307692307692308,21,Raheem Mostert,RB,8.0,31.0,ACT,77,7,11.0
2024,00-0031687,R.Mostert,RB,MIA,85,278.0,2,23,19,161.0,0,146.0,0,0,0,0.0,12,,3.2705882352941176,7.684210526315789,2,Raheem Mostert,RB,9.0,31.0,ACT,77,7,11.0
2019,00-0034597,R.Nall,RB,CHI,2,8.0,0,0,0,0.0,0,0.0,0,0,0,0.0,1,,4.0,,0,Ryan Nall,RB,1.0,35.0,ACT,10,3,3.3333333333333335
2020,00-0034597,R.Nall,RB,CHI,4,0.0,0,9,8,67.0,1,47.0,0,0,0,0.0,7,,0.0,5.875,1,Ryan Nall,RB,2.0,35.0,ACT,10,3,3.3333333333333335
2021,00-0034597,R.Nall,RB,CHI,1,4.0,0,1,1,4.0,0,0.0,0,0,0,0.0,2,,4.0,0.0,0,Ryan Nall,RB,3.0,35.0,INA,10,3,3.3333333333333335
2024,00-0039919,R.Odunze,WR,CHI,3,15.0,0,101,54,734.0,3,253.0,0,0,0,0.0,17,,5.0,4.685185185185185,3,Rome Odunze,WR,0.0,15.0,ACT,17,1,17.0
2024,00-0039916,R.Pearsall,WR,SF,3,45.0,0,46,31,400.0,3,114.0,0,0,1,0.0,10,0.0,15.0,3.6774193548387095,3,Ricky Pearsall,WR,0.0,14.0,ACT,10,1,10.0
2018,00-0034750,R.Penny,RB,SEA,89,448.0,2,12,9,75.0,0,73.0,0,0,0,0.0,13,,5.033707865168539,8.11111111111111,2,Rashaad Penny,RB,0.0,20.0,ACT,43,6,7.166666666666667
2019,00-0034750,R.Penny,RB,SEA,65,370.0,3,11,8,83.0,1,91.0,0,0,0,0.0,9,,5.6923076923076925,11.375,4,Rashaad Penny,RB,1.0,20.0,RES,43,6,7.166666666666667
2020,00-0034750,R.Penny,RB,SEA,11,34.0,0,0,0,0.0,0,0.0,0,0,0,0.0,3,,3.090909090909091,,0,Rashaad Penny,RB,2.0,20.0,INA,43,6,7.166666666666667
2021,00-0034750,R.Penny,RB,SEA,119,749.0,6,8,6,48.0,0,62.0,0,0,0,0.0,10,,6.294117647058823,10.333333333333334,6,Rashaad Penny,RB,3.0,20.0,ACT,43,6,7.166666666666667
2022,00-0034750,R.Penny,RB,SEA,57,346.0,2,5,4,16.0,0,28.0,0,0,0,0.0,5,,6.0701754385964914,7.0,2,Rashaad Penny,RB,4.0,20.0,RES,43,6,7.166666666666667
2023,00-0034750,R.Penny,RB,PHI,11,33.0,0,1,1,5.0,0,6.0,0,0,0,0.0,3,,3.0,6.0,0,Rashaad Penny,RB,5.0,23.0,INA,43,6,7.166666666666667
2023,00-0039067,R.Rice,WR,KC,3,2.0,0,135,105,1200.0,8,849.0,0,0,0,0.0,20,,0.6666666666666666,8.085714285714285,8,Rashee Rice,WR,0.0,4.0,ACT,23,2,11.5
2024,00-0039067,R.Rice,WR,KC,1,1.0,0,29,24,288.0,2,186.0,0,0,0,0.0,3,,1.0,7.75,2,Rashee Rice,WR,1.0,4.0,RES,23,2,11.5
2019,00-0035590,R.Ridley,WR,CHI,0,0.0,0,7,6,69.0,0,15.0,0,0,0,0.0,3,,,2.5,0,Riley Ridley,WR,0.0,88.0,ACT,6,2,3.0
2020,00-0035590,R.Ridley,WR,CHI,0,0.0,0,6,6,75.0,0,21.0,0,0,0,0.0,3,,,3.5,0,Riley Ridley,WR,1.0,88.0,ACT,6,2,3.0
2022,00-0037557,R.Rivers,RB,LA,9,21.0,0,5,5,29.0,0,55.0,0,0,0,0.0,2,,2.3333333333333335,11.0,0,Ronnie Rivers,RB,0.0,30.0,ACT,16,3,5.333333333333333
2023,00-0037557,R.Rivers,RB,LA,35,138.0,0,8,8,57.0,0,88.0,0,0,0,0.0,8,,3.942857142857143,11.0,0,Ronnie Rivers,RB,1.0,20.0,ACT,16,3,5.333333333333333
2024,00-0037557,R.Rivers,RB,LA,25,107.0,0,6,5,34.0,0,58.0,0,0,0,0.0,6,,4.28,11.6,0,Ronnie Rivers,RB,2.0,20.0,ACT,16,3,5.333333333333333
2018,00-0031384,R.Rodgers,TE,PHI,0,0.0,0,1,1,7.0,0,9.0,0,0,0,0.0,1,,,9.0,0,Richard Rodgers,TE,4.0,82.0,ACT,13,4,3.25
2020,00-0031384,R.Rodgers,TE,PHI,0,0.0,0,31,24,345.0,2,95.0,0,0,0,0.0,8,,,3.9583333333333335,2,Richard Rodgers,TE,6.0,85.0,INA,13,4,3.25
2021,00-0031384,R.Rodgers,TE,PHI,0,0.0,0,2,2,11.0,0,10.0,0,0,0,0.0,1,,,5.0,0,Richard Rodgers,TE,7.0,81.0,ACT,13,4,3.25
2022,00-0031384,R.Rodgers,TE,LAC,0,0.0,0,4,1,4.0,0,3.0,0,0,0,0.0,3,,,3.0,0,Richard Rodgers,TE,8.0,82.0,RES,13,4,3.25
2018,00-0033611,R.Seals-Jones,TE,ARI,0,0.0,0,69,34,343.0,1,97.0,0,0,0,0.0,15,,,2.8529411764705883,1,Ricky Seals-Jones,TE,1.0,86.0,ACT,36,4,9.0
2019,00-0033611,R.Seals-Jones,TE,CLE,0,0.0,0,22,14,229.0,4,95.0,0,0,0,0.0,9,,,6.785714285714286,4,Ricky Seals-Jones,TE,2.0,83.0,ACT,36,4,9.0
2020,00-0033611,R.Seals-Jones,TE,KC,0,0.0,0,1,0,0.0,0,0.0,0,0,0,0.0,1,,,,0,Ricky Seals-Jones,TE,3.0,83.0,INA,36,4,9.0
2021,00-0033611,R.Seals-Jones,TE,WAS,0,0.0,0,49,30,271.0,2,152.0,0,0,0,0.0,11,,,5.066666666666666,2,Ricky Seals-Jones,TE,4.0,83.0,RES,36,4,9.0
2022,00-0037545,R.Shaheed,WR,NO,4,57.0,1,34,28,488.0,2,175.0,0,0,0,0.0,11,,14.25,6.25,3,Rashid Shaheed,WR,0.0,89.0,ACT,32,3,10.666666666666666
2023,00-0037545,R.Shaheed,WR,NO,7,37.0,0,75,46,719.0,5,151.0,0,0,0,0.0,15,,5.285714285714286,3.282608695652174,5,Rashid Shaheed,WR,1.0,22.0,ACT,32,3,10.666666666666666
2024,00-0037545,R.Shaheed,WR,NO,6,29.0,0,41,20,349.0,3,106.0,0,0,0,0.0,6,,4.833333333333333,5.3,3,Rashid Shaheed,WR,2.0,22.0,RES,32,3,10.666666666666666
2018,00-0030147,R.Shepard,WR,NYG,0,0.0,0,19,10,188.0,2,16.0,0,0,0,0.0,7,,,1.6,2,Russell Shepard,WR,5.0,81.0,ACT,9,2,4.5
2019,00-0030147,R.Shepard,WR,NYG,0,0.0,0,8,3,25.0,0,13.0,0,0,0,0.0,2,,,4.333333333333333,0,Russell Shepard,WR,6.0,81.0,RES,9,2,4.5
2018,00-0031900,R.Smith,RB,DAL,45,128.0,1,12,9,60.0,0,57.0,0,0,0,0.0,14,,2.8444444444444446,6.333333333333333,1,Rod Smith,RB,3.0,45.0,ACT,14,1,14.0
2020,00-0035957,R.Smith,RB,CAR,41,156.0,1,11,9,59.0,0,46.0,0,0,0,0.0,7,,3.8048780487804876,5.111111111111111,1,Rodney Smith,RB,0.0,35.0,ACT,8,2,4.0
2021,00-0035957,R.Smith,RB,CAR,0,0.0,0,5,5,48.0,0,32.0,0,0,0,0.0,1,,,6.4,0,,,,,,8,2,4.0
2021,00-0036875,R.Stevenson,RB,NE,141,633.0,5,22,18,156.0,0,179.0,0,0,0,0.0,13,,4.48936170212766,9.944444444444445,5,Rhamondre Stevenson,RB,0.0,38.0,ACT,57,4,14.25
2022,00-0036875,R.Stevenson,RB,NE,210,1040.0,5,88,69,421.0,1,488.0,0,0,0,0.0,17,,4.9523809523809526,7.072463768115942,6,Rhamondre Stevenson,RB,1.0,38.0,ACT,57,4,14.25
2023,00-0036875,R.Stevenson,RB,NE,156,619.0,4,51,38,238.0,0,261.0,0,0,0,0.0,12,,3.967948717948718,6.868421052631579,4,Rhamondre Stevenson,RB,2.0,38.0,RES,57,4,14.25
2024,00-0036875,R.Stevenson,RB,NE,207,801.0,7,41,33,168.0,1,237.0,0,0,0,0.0,15,,3.869565217391304,7.181818181818182,8,Rhamondre Stevenson,RB,3.0,38.0,ACT,57,4,14.25
2018,00-0029129,R.Streater,WR,CLE,1,-11.0,0,0,0,0.0,0,0.0,0,0,0,0.0,1,,-11.0,,0,Rod Streater,WR,6.0,13.0,RES,1,1,1.0
2018,00-0033562,R.Switzer,WR,PIT,6,21.0,0,44,36,253.0,1,137.0,0,0,0,0.0,16,,3.5,3.8055555555555554,1,Ryan Switzer,WR,1.0,10.0,ACT,19,2,9.5
2019,00-0033562,R.Switzer,WR,PIT,0,0.0,0,11,8,27.0,0,17.0,0,0,0,0.0,3,,,2.125,0,Ryan Switzer,WR,2.0,10.0,RES,19,2,9.5
2018,00-0029701,R.Tannehill,QB,MIA,32,145.0,0,1,1,3.0,1,1.0,17,176,274,1979.0,11,0.6423357664233577,4.53125,1.0,18,Ryan Tannehill,QB,6.0,17.0,ACT,82,6,13.666666666666666
2019,00-0029701,R.Tannehill,QB,TEN,56,220.0,5,0,0,0.0,0,0.0,27,237,346,3111.0,15,0.684971098265896,3.9285714285714284,,32,Ryan Tannehill,QB,7.0,17.0,ACT,82,6,13.666666666666666
2020,00-0029701,R.Tannehill,QB,TEN,45,272.0,7,2,2,-10.0,0,0.0,35,333,507,3984.0,17,0.6568047337278107,6.044444444444444,0.0,42,Ryan Tannehill,QB,8.0,17.0,ACT,82,6,13.666666666666666
2021,00-0029701,R.Tannehill,QB,TEN,58,282.0,7,0,0,0.0,0,0.0,23,372,555,3954.0,18,0.6702702702702703,4.862068965517241,,30,Ryan Tannehill,QB,9.0,17.0,ACT,82,6,13.666666666666666
2022,00-0029701,R.Tannehill,QB,TEN,34,98.0,2,0,0,0.0,0,0.0,14,212,325,2536.0,12,0.6523076923076923,2.8823529411764706,,16,Ryan Tannehill,QB,10.0,17.0,RES,82,6,13.666666666666666
2023,00-0029701,R.Tannehill,QB,TEN,17,74.0,1,1,0,0.0,0,0.0,4,149,230,1616.0,9,0.6478260869565218,4.352941176470588,,5,Ryan Tannehill,QB,11.0,17.0,ACT,82,6,13.666666666666666
2018,00-0034221,R.Thomas,RB,MIN,8,30.0,0,4,2,21.0,0,12.0,0,0,0,0.0,5,,3.75,6.0,0,Roc Thomas,RB,0.0,32.0,DEV,5,1,5.0
2018,00-0033757,R.Tonyan,TE,GB,0,0.0,0,6,4,77.0,1,10.0,0,0,0,0.0,5,,,2.5,1,Robert Tonyan,TE,1.0,85.0,ACT,67,6,11.166666666666666
2019,00-0033757,R.Tonyan,TE,GB,0,0.0,0,15,10,100.0,1,26.0,0,0,0,0.0,9,,,2.6,1,Robert Tonyan,TE,2.0,85.0,ACT,67,6,11.166666666666666
2020,00-0033757,R.Tonyan,TE,GB,0,0.0,0,67,60,668.0,12,268.0,0,0,0,0.0,17,,,4.466666666666667,12,Robert Tonyan,TE,3.0,85.0,ACT,67,6,11.166666666666666
2021,00-0033757,R.Tonyan,TE,GB,0,0.0,0,29,18,204.0,2,104.0,0,0,0,0.0,8,,,5.777777777777778,2,Robert Tonyan,TE,4.0,85.0,RES,67,6,11.166666666666666
2022,00-0033757,R.Tonyan,TE,GB,0,0.0,0,67,53,470.0,2,230.0,0,0,0,0.0,17,,,4.339622641509434,2,Robert Tonyan,TE,5.0,85.0,ACT,67,6,11.166666666666666
2023,00-0033757,R.Tonyan,TE,CHI,0,0.0,0,17,11,112.0,0,57.0,0,0,0,0.0,11,,,5.181818181818182,0,Robert Tonyan,TE,6.0,18.0,ACT,67,6,11.166666666666666
2019,00-0032319,R.Travis,TE,IND,0,0.0,0,6,4,51.0,0,31.0,0,0,0,0.0,3,,,7.75,0,,,,,,3,1,3.0
2018,00-0029273,R.Turbin,RB,IND,4,10.0,0,2,1,3.0,0,3.0,0,0,0,0.0,2,,2.5,3.0,0,Robert Turbin,RB,6.0,33.0,CUT,2,1,2.0
2022,00-0037256,R.White,RB,TB,136,522.0,1,64,54,326.0,2,356.0,0,0,0,0.0,17,,3.838235294117647,6.592592592592593,3,Rachaad White,RB,0.0,29.0,ACT,52,3,17.333333333333332
2023,00-0037256,R.White,RB,TB,299,1117.0,6,78,69,588.0,4,659.0,0,0,0,0.0,19,,3.7357859531772575,9.55072463768116,10,Rachaad White,RB,1.0,1.0,ACT,52,3,17.333333333333332
2024,00-0037256,R.White,RB,TB,145,614.0,3,59,53,407.0,6,526.0,0,0,0,0.0,16,,4.23448275862069,9.924528301886792,9,Rachaad White,RB,2.0,1.0,ACT,52,3,17.333333333333332
2023,00-0037451,R.Williams,TE,PIT,0,0.0,0,2,0,0.0,0,0.0,0,0,0,0.0,1,,,,0,Rod Williams,TE,1.0,87.0,ACT,1,1,1.0
2018,00-0029263,R.Wilson,QB,SEA,70,390.0,1,1,1,-11.0,0,-1.0,36,298,454,3681.0,17,0.6563876651982379,5.571428571428571,-1.0,37,Russell Wilson,QB,6.0,3.0,ACT,108,7,15.428571428571429
2019,00-0029263,R.Wilson,QB,SEA,91,451.0,3,0,0,0.0,0,0.0,33,380,577,4712.0,18,0.658578856152513,4.956043956043956,,36,Russell Wilson,QB,7.0,3.0,ACT,108,7,15.428571428571429
2020,00-0029263,R.Wilson,QB,SEA,87,563.0,2,0,0,0.0,0,0.0,42,395,585,4386.0,17,0.6752136752136753,6.471264367816092,,44,Russell Wilson,QB,8.0,3.0,ACT,108,7,15.428571428571429
2021,00-0029263,R.Wilson,QB,SEA,43,183.0,2,0,0,0.0,0,0.0,25,259,400,3113.0,14,0.6475,4.255813953488372,,27,Russell Wilson,QB,9.0,3.0,ACT,108,7,15.428571428571429
2022,00-0029263,R.Wilson,QB,DEN,55,277.0,3,1,1,1.0,0,2.0,16,292,483,3524.0,15,0.6045548654244306,5.036363636363636,2.0,19,Russell Wilson,QB,10.0,3.0,ACT,108,7,15.428571428571429
2023,00-0029263,R.Wilson,QB,DEN,80,341.0,3,0,0,0.0,0,0.0,26,297,447,3070.0,15,0.6644295302013423,4.2625,,29,Russell Wilson,QB,11.0,3.0,ACT,108,7,15.428571428571429
2024,00-0029263,R.Wilson,QB,PIT,46,161.0,2,0,0,0.0,0,0.0,18,234,365,2752.0,12,0.6410958904109589,3.5,,20,Russell Wilson,QB,12.0,3.0,ACT,108,7,15.428571428571429
2018,00-0030431,R.Woods,WR,LA,23,168.0,1,159,103,1391.0,6,477.0,0,0,0,0.0,19,,7.304347826086956,4.631067961165049,7,Robert Woods,WR,5.0,17.0,ACT,106,7,15.142857142857142
2019,00-0030431,R.Woods,WR,LA,17,115.0,1,139,90,1134.0,2,576.0,0,0,0,0.0,15,,6.764705882352941,6.4,3,Robert Woods,WR,6.0,17.0,ACT,106,7,15.142857142857142
2020,00-0030431,R.Woods,WR,LA,25,152.0,2,147,102,1032.0,7,517.0,0,0,0,0.0,18,,6.08,5.068627450980392,9,Robert Woods,WR,7.0,17.0,ACT,106,7,15.142857142857142
2021,00-0030431,R.Woods,WR,LA,8,46.0,1,69,45,556.0,4,198.0,0,0,0,0.0,9,,5.75,4.4,5,Robert Woods,WR,8.0,2.0,RES,106,7,15.142857142857142
2022,00-0030431,R.Woods,WR,TEN,0,0.0,0,91,53,527.0,2,156.0,0,0,0,0.0,17,,,2.943396226415094,2,Robert Woods,WR,9.0,2.0,ACT,106,7,15.142857142857142
2023,00-0030431,R.Woods,WR,HOU,1,7.0,0,81,42,443.0,1,131.0,0,0,0,0.0,15,,7.0,3.119047619047619,1,Robert Woods,WR,10.0,2.0,ACT,106,7,15.142857142857142
2024,00-0030431,R.Woods,WR,HOU,0,0.0,0,34,22,225.0,0,75.0,0,0,0,0.0,13,,,3.409090909090909,0,Robert Woods,WR,11.0,2.0,ACT,106,7,15.142857142857142
2020,00-0036020,S.Ahmed,RB,MIA,75,319.0,3,14,11,61.0,0,71.0,0,0,0,0.0,6,,4.253333333333333,6.454545454545454,3,Salvon Ahmed,RB,0.0,26.0,ACT,31,4,7.75
2021,00-0036020,S.Ahmed,RB,MIA,54,149.0,0,19,12,117.0,0,123.0,0,0,0,0.0,11,,2.759259259259259,10.25,0,Salvon Ahmed,RB,1.0,26.0,INA,31,4,7.75
2022,00-0036020,S.Ahmed,RB,MIA,17,67.0,1,6,4,53.0,0,39.0,0,0,0,0.0,7,,3.9411764705882355,9.75,1,Salvon Ahmed,RB,2.0,26.0,ACT,31,4,7.75
2023,00-0036020,S.Ahmed,RB,MIA,22,61.0,1,23,16,88.0,1,109.0,0,0,0,0.0,7,,2.772727272727273,6.8125,2,Salvon Ahmed,RB,3.0,26.0,RES,31,4,7.75
2020,00-0032725,S.Anderson,TE,LAC,0,0.0,0,11,8,106.0,0,80.0,0,0,0,0.0,3,,,10.0,0,Stephen Anderson,TE,4.0,82.0,ACT,19,3,6.333333333333333
2021,00-0032725,S.Anderson,TE,LAC,0,0.0,0,19,16,165.0,1,115.0,0,0,0,0.0,11,,,7.1875,1,Stephen Anderson,TE,5.0,82.0,ACT,19,3,6.333333333333333
2022,00-0032725,S.Anderson,TE,ARI,0,0.0,0,7,3,9.0,0,6.0,0,0,0,0.0,5,,,2.0,0,Stephen Anderson,TE,6.0,89.0,ACT,19,3,6.333333333333333
2018,00-0034844,S.Barkley,RB,NYG,261,1307.0,11,121,91,721.0,4,768.0,0,0,0,0.0,16,,5.007662835249042,8.43956043956044,15,Saquon Barkley,RB,0.0,26.0,ACT,96,7,13.714285714285714
2019,00-0034844,S.Barkley,RB,NYG,217,1003.0,6,73,52,438.0,2,438.0,0,0,0,0.0,13,,4.622119815668203,8.423076923076923,8,Saquon Barkley,RB,1.0,26.0,ACT,96,7,13.714285714285714
2020,00-0034844,S.Barkley,RB,NYG,19,34.0,0,9,6,60.0,0,55.0,0,0,0,0.0,2,,1.7894736842105263,9.166666666666666,0,Saquon Barkley,RB,2.0,26.0,RES,96,7,13.714285714285714
2021,00-0034844,S.Barkley,RB,NYG,162,593.0,2,57,41,263.0,2,298.0,0,0,0,0.0,13,,3.6604938271604937,7.2682926829268295,4,Saquon Barkley,RB,3.0,26.0,ACT,96,7,13.714285714285714
2022,00-0034844,S.Barkley,RB,NYG,313,1426.0,12,85,64,415.0,0,526.0,0,0,0,0.0,18,,4.555910543130991,8.21875,12,Saquon Barkley,RB,4.0,26.0,ACT,96,7,13.714285714285714
2023,00-0034844,S.Barkley,RB,NYG,247,962.0,6,60,41,280.0,4,226.0,0,0,0,0.0,14,,3.8947368421052633,5.512195121951219,10,Saquon Barkley,RB,5.0,26.0,ACT,96,7,13.714285714285714
2024,00-0034844,S.Barkley,RB,PHI,436,2504.0,18,58,46,353.0,2,337.0,0,0,0,0.0,20,,5.743119266055046,7.326086956521739,20,Saquon Barkley,RB,6.0,26.0,ACT,96,7,13.714285714285714
2018,00-0027854,S.Bradford,QB,ARI,2,7.0,0,0,0,0.0,0,0.0,2,50,80,400.0,3,0.625,3.5,,2,Sam Bradford,QB,8.0,9.0,CUT,3,1,3.0
2022,00-0036543,S.Brown,RB,CAR,9,43.0,0,4,2,10.0,0,12.0,0,0,0,0.0,2,,4.777777777777778,6.0,0,Spencer Brown,RB,1.0,41.0,DEV,2,1,2.0
2019,00-0035039,S.Carlson,TE,CLE,0,0.0,0,7,5,51.0,1,21.0,0,0,0,0.0,6,,,4.2,1,Stephen Carlson,TE,0.0,89.0,ACT,9,2,4.5
2020,00-0035039,S.Carlson,TE,CLE,0,0.0,0,2,1,11.0,0,11.0,0,0,0,0.0,3,,,11.0,0,Stephen Carlson,TE,1.0,89.0,ACT,9,2,4.5
2023,00-0038391,S.Clifford,QB,GB,3,-2.0,0,0,0,0.0,0,0.0,0,1,1,37.0,2,1.0,-0.6666666666666666,,0,Sean Clifford,QB,0.0,8.0,ACT,2,1,2.0
2018,00-0032166,S.Coates,WR,HOU,0,0.0,0,2,1,12.0,0,5.0,0,0,0,0.0,2,,,5.0,0,Sammie Coates,WR,3.0,18.0,CUT,2,1,2.0
2018,00-0033968,S.Coley,WR,MIN,0,0.0,0,1,0,0.0,0,0.0,0,0,0,0.0,1,,,,0,,,,,,1,1,1.0
2022,00-0037265,S.Conner,RB,JAX,12,42.0,1,0,0,0.0,0,0.0,0,0,0,0.0,5,,3.5,,1,Snoop Conner,RB,0.0,24.0,ACT,5,1,5.0
2018,00-0033696,S.Culkin,TE,LAC,0,0.0,0,1,1,24.0,0,0.0,0,0,0,0.0,1,,,0.0,0,Sean Culkin,TE,1.0,80.0,ACT,3,2,1.5
2019,00-0033696,S.Culkin,TE,LAC,0,0.0,0,2,1,12.0,0,0.0,0,0,0,0.0,2,,,0.0,0,Sean Culkin,TE,2.0,80.0,RES,3,2,1.5
2018,00-0034869,S.Darnold,QB,NYJ,43,135.0,1,0,0,0.0,0,0.0,17,239,414,2865.0,13,0.5772946859903382,3.13953488372093,,18,Sam Darnold,QB,0.0,14.0,ACT,84,7,12.0
2019,00-0034869,S.Darnold,QB,NYJ,33,62.0,2,0,0,0.0,0,0.0,19,273,441,3024.0,13,0.6190476190476191,1.878787878787879,,21,Sam Darnold,QB,1.0,14.0,ACT,84,7,12.0
2020,00-0034869,S.Darnold,QB,NYJ,37,217.0,2,0,0,0.0,0,0.0,9,217,364,2208.0,12,0.5961538461538461,5.864864864864865,,11,Sam Darnold,QB,2.0,14.0,ACT,84,7,12.0
2021,00-0034869,S.Darnold,QB,CAR,48,222.0,5,0,0,0.0,0,0.0,9,243,406,2527.0,12,0.5985221674876847,4.625,,14,Sam Darnold,QB,3.0,14.0,ACT,84,7,12.0
2022,00-0034869,S.Darnold,QB,CAR,26,106.0,2,0,0,0.0,0,0.0,7,82,140,1143.0,6,0.5857142857142857,4.076923076923077,,9,Sam Darnold,QB,4.0,14.0,ACT,84,7,12.0
2023,00-0034869,S.Darnold,QB,SF,21,15.0,1,0,0,0.0,0,0.0,2,28,46,297.0,10,0.6086956521739131,0.7142857142857143,,3,Sam Darnold,QB,5.0,14.0,ACT,84,7,12.0
2024,00-0034869,S.Darnold,QB,MIN,71,231.0,1,0,0,0.0,0,0.0,36,386,585,4564.0,18,0.6598290598290598,3.2535211267605635,,37,Sam Darnold,QB,6.0,14.0,ACT,84,7,12.0
2018,00-0033080,S.DeValve,TE,CLE,0,0.0,0,7,5,74.0,1,15.0,0,0,0,0.0,5,,,3.0,1,Seth DeValve,TE,2.0,87.0,ACT,13,3,4.333333333333333
2019,00-0033080,S.DeValve,TE,JAX,0,0.0,0,18,12,140.0,0,61.0,0,0,0,0.0,7,,,5.083333333333333,0,Seth DeValve,TE,3.0,88.0,ACT,13,3,4.333333333333333
2020,00-0033080,S.DeValve,TE,ARI,0,0.0,0,1,0,0.0,0,0.0,0,0,0,0.0,1,,,,0,Seth DeValve,TE,4.0,86.0,ACT,13,3,4.333333333333333
2018,00-0031588,S.Diggs,WR,MIN,10,62.0,0,149,102,1021.0,9,438.0,0,0,0,0.0,15,,6.2,4.294117647058823,9,Stefon Diggs,WR,3.0,14.0,ACT,115,7,16.428571428571427
2019,00-0031588,S.Diggs,WR,MIN,7,69.0,0,102,67,1206.0,7,334.0,0,0,1,0.0,17,0.0,9.857142857142858,4.985074626865671,7,Stefon Diggs,WR,4.0,14.0,ACT,115,7,16.428571428571427
2020,00-0031588,S.Diggs,WR,BUF,1,1.0,0,197,147,1846.0,10,539.0,0,0,0,0.0,19,,1.0,3.6666666666666665,10,Stefon Diggs,WR,5.0,14.0,ACT,115,7,16.428571428571427
2021,00-0031588,S.Diggs,WR,BUF,0,0.0,0,174,109,1292.0,10,342.0,0,0,0,0.0,19,,,3.1376146788990824,10,Stefon Diggs,WR,6.0,14.0,ACT,115,7,16.428571428571427
2022,00-0031588,S.Diggs,WR,BUF,1,-3.0,0,173,119,1578.0,11,439.0,0,0,0,0.0,18,,-3.0,3.689075630252101,11,Stefon Diggs,WR,7.0,14.0,ACT,115,7,16.428571428571427
2023,00-0031588,S.Diggs,WR,BUF,2,12.0,0,177,117,1256.0,8,456.0,0,0,0,0.0,19,,6.0,3.8974358974358974,8,Stefon Diggs,WR,8.0,14.0,ACT,115,7,16.428571428571427
2024,00-0031588,S.Diggs,WR,HOU,3,8.0,1,64,47,496.0,3,185.0,0,1,1,13.0,8,1.0,2.6666666666666665,3.9361702127659575,4,Stefon Diggs,WR,9.0,1.0,RES,115,7,16.428571428571427
2021,00-0036879,S.Ehlinger,QB,IND,3,9.0,0,0,0,0.0,0,0.0,0,0,0,0.0,3,,3.0,,0,Sam Ehlinger,QB,0.0,4.0,ACT,7,2,3.5
2022,00-0036879,S.Ehlinger,QB,IND,17,87.0,0,0,0,0.0,0,0.0,3,64,101,573.0,4,0.6336633663366337,5.117647058823529,,3,Sam Ehlinger,QB,1.0,4.0,ACT,7,2,3.5
2022,00-0036646,S.Fehoko,WR,DAL,0,0.0,0,4,3,24.0,0,10.0,0,0,0,0.0,2,,,3.3333333333333335,0,Simi Fehoko,WR,1.0,81.0,RES,8,3,2.6666666666666665
2023,00-0036646,S.Fehoko,WR,LAC,0,0.0,0,2,1,9.0,1,7.0,0,0,0,0.0,1,,,7.0,1,Simi Fehoko,WR,2.0,87.0,DEV,8,3,2.6666666666666665
2024,00-0036646,S.Fehoko,WR,LAC,0,0.0,0,16,6,106.0,0,16.0,0,0,0,0.0,5,,,2.6666666666666665,0,Simi Fehoko,WR,3.0,87.0,ACT,8,3,2.6666666666666665
2018,00-0033573,S.Gibson,WR,PHI,0,0.0,0,3,1,48.0,0,0.0,0,0,0,0.0,2,,,0.0,0,Shelton Gibson,WR,1.0,18.0,ACT,2,1,2.0
2022,00-0037077,S.Howell,QB,WAS,5,35.0,1,0,0,0.0,0,0.0,1,11,19,169.0,1,0.5789473684210527,7.0,,2,Sam Howell,QB,0.0,14.0,ACT,19,3,6.333333333333333
2023,00-0037077,S.Howell,QB,WAS,48,263.0,5,1,1,4.0,0,3.0,21,388,612,3946.0,17,0.6339869281045751,5.479166666666667,3.0,26,Sam Howell,QB,1.0,14.0,ACT,19,3,6.333333333333333
2024,00-0037077,S.Howell,QB,SEA,1,2.0,0,0,0,0.0,0,0.0,0,5,14,24.0,1,0.35714285714285715,2.0,,0,Sam Howell,QB,2.0,6.0,ACT,19,3,6.333333333333333
2023,00-0038891,S.Jackson,WR,CIN,0,0.0,0,1,0,0.0,0,0.0,0,0,0,0.0,1,,,,0,Shedrick Jackson,WR,0.0,12.0,DEV,1,1,1.0
2023,00-0039065,S.LaPorta,TE,DET,1,4.0,0,147,107,1065.0,11,453.0,0,0,0,0.0,20,,4.0,4.233644859813084,11,Sam LaPorta,TE,0.0,87.0,ACT,37,2,18.5
2024,00-0039065,S.LaPorta,TE,DET,0,0.0,0,90,66,777.0,8,365.0,0,0,0,0.0,17,,,5.53030303030303,8,Sam LaPorta,TE,1.0,87.0,ACT,37,2,18.5
2018,00-0032245,S.Mannion,QB,LA,7,-9.0,0,0,0,0.0,0,0.0,0,2,3,23.0,3,0.6666666666666666,-1.2857142857142858,,0,Sean Mannion,QB,3.0,14.0,ACT,7,3,2.3333333333333335
2019,00-0032245,S.Mannion,QB,MIN,6,-5.0,0,0,0,0.0,0,0.0,0,12,21,126.0,3,0.5714285714285714,-0.8333333333333334,,0,Sean Mannion,QB,4.0,4.0,ACT,7,3,2.3333333333333335
2021,00-0032245,S.Mannion,QB,MIN,2,14.0,0,0,0,0.0,0,0.0,1,22,36,189.0,1,0.6111111111111112,7.0,,1,Sean Mannion,QB,6.0,14.0,ACT,7,3,2.3333333333333335
2024,00-0037509,S.McCormick,RB,LV,39,183.0,0,7,6,29.0,0,29.0,0,0,0,0.0,4,,4.6923076923076925,4.833333333333333,0,Sincere McCormick,RB,2.0,28.0,RES,4,1,4.0
2021,00-0036032,S.McKeon,TE,DAL,0,0.0,0,6,4,27.0,1,10.0,0,0,0,0.0,4,,,2.5,1,Sean McKeon,TE,1.0,84.0,ACT,8,3,2.6666666666666665
2022,00-0036032,S.McKeon,TE,DAL,0,0.0,0,3,2,11.0,0,7.0,0,0,0,0.0,2,,,3.5,0,Sean McKeon,TE,2.0,84.0,ACT,8,3,2.6666666666666665
2023,00-0036032,S.McKeon,TE,DAL,0,0.0,0,2,0,0.0,0,0.0,0,0,0,0.0,2,,,,0,Sean McKeon,TE,3.0,84.0,RES,8,3,2.6666666666666665
2018,00-0034845,S.Michel,RB,NE,280,1267.0,12,14,8,59.0,0,60.0,0,0,0,0.0,16,,4.525,7.5,12,Sony Michel,RB,0.0,26.0,ACT,72,5,14.4
2019,00-0034845,S.Michel,RB,NE,261,973.0,7,22,14,103.0,0,129.0,0,0,0,0.0,17,,3.7279693486590038,9.214285714285714,7,Sony Michel,RB,1.0,26.0,ACT,72,5,14.4
2020,00-0034845,S.Michel,RB,NE,79,449.0,1,9,7,114.0,1,110.0,0,0,0,0.0,8,,5.6835443037974684,15.714285714285714,2,Sony Michel,RB,2.0,26.0,ACT,72,5,14.4
2021,00-0034845,S.Michel,RB,LA,234,925.0,4,37,24,120.0,1,141.0,0,0,0,0.0,21,,3.952991452991453,5.875,5,Sony Michel,RB,3.0,25.0,ACT,72,5,14.4
2022,00-0034845,S.Michel,RB,LAC,36,106.0,0,13,9,53.0,0,46.0,0,0,0,0.0,10,,2.9444444444444446,5.111111111111111,0,Sony Michel,RB,4.0,20.0,CUT,72,5,14.4
2019,00-0035298,S.Miller,WR,TB,2,16.0,0,26,13,200.0,1,36.0,0,0,0,0.0,9,,8.0,2.769230769230769,1,Scott Miller,WR,0.0,10.0,RES,58,6,9.666666666666666
2020,00-0035298,S.Miller,WR,TB,5,19.0,0,59,37,581.0,4,116.0,0,0,0,0.0,18,,3.8,3.135135135135135,4,Scott Miller,WR,1.0,10.0,ACT,58,6,9.666666666666666
2021,00-0035298,S.Miller,WR,TB,3,52.0,1,16,10,84.0,0,13.0,0,0,0,0.0,7,,17.333333333333332,1.3,1,Scott Miller,WR,2.0,10.0,ACT,58,6,9.666666666666666
2022,00-0035298,S.Miller,WR,TB,1,8.0,0,40,23,185.0,0,33.0,0,0,0,0.0,11,,8.0,1.434782608695652,0,Scott Miller,WR,3.0,10.0,ACT,58,6,9.666666666666666
2023,00-0035298,S.Miller,WR,ATL,0,0.0,0,16,11,161.0,2,80.0,0,0,0,0.0,9,,,7.2727272727272725,2,Scott Miller,WR,4.0,16.0,ACT,58,6,9.666666666666666
2024,00-0035298,S.Miller,WR,PIT,0,0.0,0,9,5,69.0,0,33.0,0,0,0,0.0,4,,,6.6,0,Scott Miller,WR,5.0,13.0,INA,58,6,9.666666666666666
2019,00-0034081,S.Mitchell,WR,HOU,0,0.0,0,6,2,37.0,0,14.0,0,0,0,0.0,2,,,7.0,0,Steven Mitchell,WR,1.0,11.0,INA,5,2,2.5
2020,00-0034081,S.Mitchell,WR,HOU,0,0.0,0,8,5,60.0,0,10.0,0,0,0,0.0,3,,,2.0,0,Steven Mitchell,WR,2.0,11.0,ACT,5,2,2.5
2022,00-0038090,S.Moore,WR,KC,5,31.0,0,42,27,267.0,1,172.0,0,0,0,0.0,17,,6.2,6.37037037037037,1,Skyy Moore,WR,0.0,24.0,ACT,32,3,10.666666666666666
2023,00-0038090,S.Moore,WR,KC,3,23.0,0,38,21,244.0,1,109.0,0,0,0,0.0,13,,7.666666666666667,5.190476190476191,1,Skyy Moore,WR,1.0,24.0,ACT,32,3,10.666666666666666
2024,00-0038090,S.Moore,WR,KC,0,0.0,0,3,0,0.0,0,0.0,0,0,0,0.0,2,,,,0,Skyy Moore,WR,2.0,24.0,RES,32,3,10.666666666666666
2019,00-0035399,S.Morgan,WR,CIN,0,0.0,0,10,3,18.0,0,10.0,0,0,0,0.0,5,,,3.3333333333333335,0,Stanley Morgan,WR,0.0,17.0,INA,9,3,3.0
2021,00-0035399,S.Morgan,WR,CIN,1,3.0,0,4,2,11.0,0,20.0,0,0,0,0.0,3,,3.0,10.0,0,Stanley Morgan,WR,2.0,17.0,ACT,9,3,3.0
2022,00-0035399,S.Morgan,WR,CIN,0,0.0,0,1,0,0.0,0,0.0,0,0,0,0.0,1,,,,0,Stanley Morgan,WR,3.0,17.0,ACT,9,3,3.0
2018,00-0033526,S.Perine,RB,WAS,8,32.0,0,4,3,5.0,0,9.0,0,0,0,0.0,4,,4.0,3.0,0,Samaje Perine,RB,1.0,32.0,ACT,91,7,13.0
2019,00-0033526,S.Perine,RB,MIA,5,16.0,0,0,0,0.0,0,0.0,0,0,0,0.0,1,,3.2,,0,Samaje Perine,RB,2.0,29.0,ACT,91,7,13.0
2020,00-0033526,S.Perine,RB,CIN,63,301.0,3,12,11,66.0,0,89.0,0,0,0,0.0,11,,4.777777777777778,8.090909090909092,3,Samaje Perine,RB,3.0,34.0,ACT,91,7,13.0
2021,00-0033526,S.Perine,RB,CIN,58,248.0,1,38,31,243.0,2,257.0,0,0,0,0.0,19,,4.275862068965517,8.290322580645162,3,Samaje Perine,RB,4.0,34.0,ACT,91,7,13.0
2022,00-0033526,S.Perine,RB,CIN,109,452.0,3,61,46,322.0,4,372.0,0,0,0,0.0,19,,4.146788990825688,8.08695652173913,7,Samaje Perine,RB,5.0,34.0,ACT,91,7,13.0
2023,00-0033526,S.Perine,RB,DEN,53,238.0,1,56,50,455.0,0,462.0,0,0,0,0.0,17,,4.490566037735849,9.24,1,Samaje Perine,RB,6.0,25.0,ACT,91,7,13.0
2024,00-0033526,S.Perine,RB,KC,21,100.0,1,38,29,339.0,1,330.0,0,0,0,0.0,20,,4.761904761904762,11.379310344827585,2,Samaje Perine,RB,7.0,34.0,ACT,91,7,13.0
2019,00-0031209,S.Perry,RB,BUF,3,3.0,0,1,1,1.0,0,2.0,0,0,0,0.0,1,,1.0,2.0,0,Senorise Perry,RB,5.0,32.0,ACT,2,2,1.0
2020,00-0031209,S.Perry,RB,TEN,2,9.0,0,0,0,0.0,0,0.0,0,0,0,0.0,1,,4.5,,0,Senorise Perry,RB,6.0,20.0,INA,2,2,1.0
2020,00-0036069,S.Phillips,RB,HOU,2,9.0,0,1,1,7.0,0,4.0,0,0,0,0.0,1,,4.5,4.0,0,Scottie Phillips,RB,0.0,40.0,ACT,3,2,1.5
2021,00-0036069,S.Phillips,RB,HOU,6,13.0,0,3,2,9.0,0,7.0,0,0,0,0.0,2,,2.1666666666666665,3.5,0,Scottie Phillips,RB,1.0,27.0,RES,3,2,1.5
2024,00-0039376,S.Rattler,QB,NO,18,146.0,0,0,0,0.0,0,0.0,4,130,228,1317.0,7,0.5701754385964912,8.11111111111111,,4,Spencer Rattler,QB,0.0,18.0,ACT,7,1,7.0
2018,00-0028011,S.Ridley,RB,PIT,29,80.0,1,4,3,18.0,0,12.0,0,0,0,0.0,9,,2.7586206896551726,4.0,1,Stevan Ridley,RB,7.0,22.0,ACT,9,1,9.0
2018,00-0031166,S.Roberts,WR,LV,3,5.0,0,64,45,494.0,2,211.0,0,0,0,0.0,15,,1.6666666666666667,4.688888888888889,2,,,,,,33,3,11.0
2019,00-0031166,S.Roberts,WR,BAL,0,0.0,0,39,23,301.0,2,73.0,0,0,0,0.0,15,,,3.1739130434782608,2,Seth Roberts,WR,5.0,11.0,ACT,33,3,11.0
2020,00-0031166,S.Roberts,WR,CAR,0,0.0,0,6,4,31.0,0,22.0,0,0,0,0.0,3,,,5.5,0,,,,,,33,3,11.0
2018,00-0032385,S.Shepard,WR,NYG,3,33.0,0,107,66,872.0,4,309.0,0,0,0,0.0,16,,11.0,4.681818181818182,4,Sterling Shepard,WR,2.0,87.0,ACT,71,7,10.142857142857142
2019,00-0032385,S.Shepard,WR,NYG,6,72.0,0,83,57,576.0,3,179.0,0,0,0,0.0,10,,12.0,3.1403508771929824,3,Sterling Shepard,WR,3.0,87.0,ACT,71,7,10.142857142857142
2020,00-0032385,S.Shepard,WR,NYG,6,49.0,1,90,66,656.0,3,204.0,0,0,0,0.0,12,,8.166666666666666,3.090909090909091,4,Sterling Shepard,WR,4.0,87.0,ACT,71,7,10.142857142857142
2021,00-0032385,S.Shepard,WR,NYG,1,-9.0,0,53,36,366.0,1,111.0,0,0,0,0.0,7,,-9.0,3.0833333333333335,1,Sterling Shepard,WR,5.0,3.0,RES,71,7,10.142857142857142
2022,00-0032385,S.Shepard,WR,NYG,0,0.0,0,24,13,154.0,1,55.0,0,0,0,0.0,3,,,4.230769230769231,1,Sterling Shepard,WR,6.0,3.0,RES,71,7,10.142857142857142
2023,00-0032385,S.Shepard,WR,NYG,1,6.0,0,22,10,57.0,1,33.0,0,0,0,0.0,10,,6.0,3.3,1,Sterling Shepard,WR,7.0,3.0,ACT,71,7,10.142857142857142
2024,00-0032385,S.Shepard,WR,TB,8,69.0,0,51,32,334.0,1,99.0,0,0,0,0.0,13,,8.625,3.09375,1,Sterling Shepard,WR,8.0,17.0,ACT,71,7,10.142857142857142
2018,00-0031167,S.Simonson,TE,NYG,0,0.0,0,14,9,86.0,1,31.0,0,0,0,0.0,7,,,3.4444444444444446,1,Scott Simonson,TE,4.0,82.0,ACT,9,2,4.5
2019,00-0031167,S.Simonson,TE,NYG,0,0.0,0,2,2,11.0,0,3.0,0,0,0,0.0,2,,,1.5,0,Scott Simonson,TE,5.0,83.0,RES,9,2,4.5
2019,00-0034928,S.Sims,WR,WAS,9,85.0,1,56,34,310.0,4,172.0,0,0,1,0.0,13,0.0,9.444444444444445,5.0588235294117645,5,Steven Sims,WR,0.0,15.0,ACT,45,5,9.0
2020,00-0034928,S.Sims,WR,WAS,2,22.0,0,41,30,298.0,2,127.0,0,0,0,0.0,12,,11.0,4.233333333333333,2,Steven Sims,WR,1.0,15.0,ACT,45,5,9.0
2022,00-0034928,S.Sims,WR,PIT,13,70.0,0,23,14,104.0,0,60.0,0,0,0,0.0,11,,5.384615384615385,4.285714285714286,0,Steven Sims,WR,3.0,82.0,ACT,45,5,9.0
2023,00-0034928,S.Sims,WR,HOU,1,1.0,0,3,3,25.0,0,27.0,0,0,0,0.0,3,,1.0,9.0,0,Steven Sims,WR,4.0,82.0,ACT,45,5,9.0
2024,00-0034928,S.Sims,WR,BAL,1,15.0,0,1,1,4.0,0,7.0,0,0,0,0.0,3,,15.0,7.0,0,Steven Sims,WR,5.0,18.0,ACT,45,5,9.0
2024,00-0034928,S.Sims,WR,HOU,1,0.0,0,0,0,0.0,0,0.0,0,0,0,0.0,3,,0.0,,0,,,,,,45,5,9.0
2022,00-0037475,S.Smartt,TE,LAC,0,0.0,0,5,4,17.0,0,7.0,0,0,0,0.0,3,,,1.75,0,Stone Smartt,TE,0.0,48.0,INA,22,3,7.333333333333333
2023,00-0037475,S.Smartt,TE,LAC,0,0.0,0,21,11,155.0,1,56.0,0,0,0,0.0,12,,,5.090909090909091,1,Stone Smartt,TE,1.0,84.0,ACT,22,3,7.333333333333333
2024,00-0037475,S.Smartt,TE,LAC,0,0.0,0,19,16,208.0,0,66.0,0,0,0,0.0,7,,,4.125,0,Stone Smartt,TE,2.0,84.0,ACT,22,3,7.333333333333333
2021,00-0036572,S.Smith,WR,CAR,1,-3.0,0,11,6,104.0,0,71.0,0,0,0,0.0,5,,-3.0,11.833333333333334,0,Shi Smith,WR,0.0,12.0,RES,20,2,10.0
2022,00-0036572,S.Smith,WR,CAR,0,0.0,0,41,22,296.0,2,97.0,0,0,0,0.0,15,,,4.409090909090909,2,Shi Smith,WR,1.0,12.0,ACT,20,2,10.0
2021,00-0036438,S.Sullivan,TE,CAR,0,0.0,0,1,0,0.0,0,0.0,0,0,0,0.0,1,,,,0,Stephen Sullivan,TE,1.0,84.0,ACT,16,4,4.0
2022,00-0036438,S.Sullivan,TE,CAR,0,0.0,0,6,2,46.0,0,21.0,0,0,0,0.0,4,,,10.5,0,Stephen Sullivan,TE,2.0,84.0,ACT,16,4,4.0
2023,00-0036438,S.Sullivan,TE,CAR,0,0.0,0,24,12,125.0,0,8.0,0,0,0,0.0,10,,,0.6666666666666666,0,Stephen Sullivan,TE,3.0,84.0,ACT,16,4,4.0
2024,00-0036438,S.Sullivan,TE,CAR,0,0.0,0,1,0,0.0,0,0.0,0,0,0,0.0,1,,,,0,Stephen Sullivan,TE,4.0,85.0,DEV,16,4,4.0
2022,00-0037327,S.Thompson,QB,MIA,16,24.0,0,0,0,0.0,0,0.0,2,78,150,754.0,8,0.52,1.5,,2,Skylar Thompson,QB,0.0,19.0,ACT,10,2,5.0
2024,00-0037327,S.Thompson,QB,MIA,1,4.0,0,0,0,0.0,0,0.0,0,21,33,187.0,2,0.6363636363636364,4.0,,0,Skylar Thompson,QB,2.0,19.0,ACT,10,2,5.0
2022,00-0037098,S.Toure,WR,GB,0,0.0,0,10,5,82.0,1,11.0,0,0,0,0.0,4,,,2.2,1,Samori Toure,WR,0.0,83.0,ACT,12,2,6.0
2023,00-0037098,S.Toure,WR,GB,0,0.0,0,18,8,78.0,0,18.0,0,0,0,0.0,8,,,2.25,0,Samori Toure,WR,1.0,83.0,RES,12,2,6.0
2023,00-0038951,S.Tucker,RB,TB,15,23.0,0,2,2,9.0,0,12.0,0,0,0,0.0,3,,1.5333333333333334,6.0,0,Sean Tucker,RB,0.0,44.0,ACT,14,2,7.0
2024,00-0038951,S.Tucker,RB,TB,50,308.0,2,12,9,109.0,1,105.0,0,0,0,0.0,11,,6.16,11.666666666666666,3,Sean Tucker,RB,1.0,44.0,ACT,14,2,7.0
2024,00-0039364,S.Vaki,RB,DET,6,14.0,0,3,3,37.0,0,20.0,0,0,0,0.0,4,,2.3333333333333335,6.666666666666667,0,Sione Vaki,RB,0.0,33.0,ACT,4,1,4.0
2018,00-0030414,S.Ware,RB,KC,51,246.0,2,24,21,245.0,0,247.0,0,0,0,0.0,12,,4.823529411764706,11.761904761904763,2,Spencer Ware,RB,5.0,32.0,ACT,15,2,7.5
2019,00-0030414,S.Ware,RB,KC,17,51.0,0,7,5,22.0,0,15.0,0,0,0,0.0,3,,3.0,3.0,0,Spencer Ware,RB,6.0,39.0,RES,15,2,7.5
2018,00-0031325,S.Watkins,WR,KC,6,50.0,0,71,50,695.0,3,309.0,0,0,0,0.0,12,,8.333333333333334,6.18,3,Sammy Watkins,WR,4.0,14.0,ACT,70,5,14.0
2019,00-0031325,S.Watkins,WR,KC,3,26.0,0,108,66,961.0,4,377.0,0,0,0,0.0,16,,8.666666666666666,5.712121212121212,4,Sammy Watkins,WR,5.0,14.0,ACT,70,5,14.0
2020,00-0031325,S.Watkins,WR,KC,1,3.0,0,56,38,434.0,2,158.0,0,0,1,0.0,11,0.0,3.0,4.157894736842105,2,Sammy Watkins,WR,6.0,14.0,ACT,70,5,14.0
2021,00-0031325,S.Watkins,WR,BAL,0,0.0,0,49,27,394.0,1,107.0,0,0,0,0.0,11,,,3.962962962962963,1,Sammy Watkins,WR,7.0,14.0,ACT,70,5,14.0
2022,00-0031325,S.Watkins,WR,BAL,0,0.0,0,8,4,131.0,0,67.0,0,0,0,0.0,10,,,16.75,0,Sammy Watkins,WR,8.0,82.0,ACT,70,5,14.0
2022,00-0031325,S.Watkins,WR,GB,0,0.0,0,22,13,206.0,0,64.0,0,0,0,0.0,10,,,4.923076923076923,0,,,,,,70,5,14.0
2021,00-0036657,S.Williams,WR,DEN,0,0.0,0,1,1,34.0,0,4.0,0,0,0,0.0,1,,,4.0,0,Seth Williams,WR,0.0,19.0,ACT,1,1,1.0
2018,00-0034621,S.Wilson,RB,TB,6,29.0,0,5,3,5.0,0,5.0,0,0,0,0.0,5,,4.833333333333333,1.6666666666666667,0,Shaun Wilson,RB,0.0,38.0,RES,5,1,5.0
2021,00-0036534,S.Zylstra,TE,DET,0,0.0,0,7,3,34.0,0,6.0,0,0,0,0.0,2,,,2.0,0,Shane Zylstra,TE,0.0,84.0,DEV,11,3,3.6666666666666665
2022,00-0036534,S.Zylstra,TE,DET,0,0.0,0,15,11,60.0,4,13.0,0,0,0,0.0,8,,,1.1818181818181819,4,Shane Zylstra,TE,1.0,84.0,ACT,11,3,3.6666666666666665
2024,00-0036534,S.Zylstra,TE,DET,0,0.0,0,1,1,22.0,0,13.0,0,0,0,0.0,1,,,13.0,0,Shane Zylstra,TE,3.0,84.0,ACT,11,3,3.6666666666666665
2022,00-0037263,T.Allgeier,RB,ATL,210,1035.0,3,17,16,139.0,1,168.0,0,0,0,0.0,16,,4.928571428571429,10.5,4,Tyler Allgeier,RB,0.0,25.0,ACT,50,3,16.666666666666668
2023,00-0037263,T.Allgeier,RB,ATL,186,683.0,4,23,18,193.0,1,217.0,0,0,0,0.0,17,,3.672043010752688,12.055555555555555,5,Tyler Allgeier,RB,1.0,25.0,ACT,50,3,16.666666666666668
2024,00-0037263,T.Allgeier,RB,ATL,137,644.0,3,13,13,88.0,0,93.0,0,0,0,0.0,17,,4.700729927007299,7.153846153846154,3,Tyler Allgeier,RB,2.0,25.0,ACT,50,3,16.666666666666668
2022,00-0036849,T.Atwell,WR,LA,9,34.0,1,35,18,298.0,1,60.0,0,0,0,0.0,12,,3.7777777777777777,3.3333333333333335,2,Tutu Atwell,WR,1.0,15.0,ACT,43,3,14.333333333333334
2023,00-0036849,T.Atwell,WR,LA,5,31.0,0,68,40,521.0,4,126.0,0,0,0,0.0,15,,6.2,3.15,4,Tutu Atwell,WR,2.0,5.0,ACT,43,3,14.333333333333334
2024,00-0036849,T.Atwell,WR,LA,2,7.0,0,63,43,580.0,0,126.0,0,0,1,0.0,16,0.0,3.5,2.9302325581395348,0,Tutu Atwell,WR,3.0,5.0,ACT,43,3,14.333333333333334
2018,00-0030525,T.Austin,WR,DAL,7,52.0,0,15,10,145.0,2,39.0,0,0,0,0.0,9,,7.428571428571429,3.9,2,Tavon Austin,WR,5.0,10.0,ACT,36,4,9.0
2019,00-0030525,T.Austin,WR,DAL,6,47.0,1,24,13,177.0,1,85.0,0,0,0,0.0,13,,7.833333333333333,6.538461538461538,2,Tavon Austin,WR,6.0,10.0,ACT,36,4,9.0
2020,00-0030525,T.Austin,WR,GB,0,0.0,0,5,5,20.0,0,42.0,0,0,0,0.0,3,,,8.4,0,Tavon Austin,WR,7.0,16.0,ACT,36,4,9.0
2021,00-0030525,T.Austin,WR,JAX,3,21.0,0,37,24,213.0,1,68.0,0,0,0,0.0,11,,7.0,2.8333333333333335,1,Tavon Austin,WR,8.0,7.0,INA,36,4,9.0
2022,00-0037085,T.Badie,RB,DEN,1,0.0,0,1,1,24.0,1,31.0,0,0,0,0.0,1,,0.0,31.0,1,Tyler Badie,RB,0.0,36.0,ACT,5,2,2.5
2024,00-0037085,T.Badie,RB,DEN,13,94.0,0,3,3,-2.0,0,4.0,0,0,0,0.0,4,,7.230769230769231,1.3333333333333333,0,Tyler Badie,RB,2.0,28.0,ACT,5,2,2.5
2023,00-0038416,T.Bagent,QB,CHI,23,109.0,2,0,0,0.0,0,0.0,3,94,143,859.0,5,0.6573426573426573,4.739130434782608,,5,Tyson Bagent,QB,0.0,17.0,INA,9,2,4.5
2024,00-0038416,T.Bagent,QB,CHI,6,-7.0,0,0,0,0.0,0,0.0,0,2,2,11.0,4,1.0,-1.1666666666666667,,0,Tyson Bagent,QB,1.0,17.0,ACT,9,2,4.5
2018,00-0029269,T.Benjamin,WR,LAC,7,41.0,0,29,15,197.0,1,90.0,0,0,0,0.0,14,,5.857142857142857,6.0,1,Travis Benjamin,WR,6.0,12.0,ACT,24,3,8.0
2019,00-0029269,T.Benjamin,WR,LAC,0,0.0,0,16,6,30.0,0,19.0,0,0,0,0.0,5,,,3.1666666666666665,0,Travis Benjamin,WR,7.0,12.0,RES,24,3,8.0
2021,00-0029269,T.Benjamin,WR,SF,0,0.0,0,7,1,17.0,0,5.0,0,0,0,0.0,5,,,5.0,0,Travis Benjamin,WR,9.0,17.0,ACT,24,3,8.0
2021,00-0034930,T.Benson,WR,DET,0,0.0,0,22,10,103.0,0,59.0,0,0,0,0.0,7,,,5.9,0,Trinity Benson,WR,2.0,17.0,INA,7,1,7.0
2024,00-0039921,T.Benson,RB,ARI,63,291.0,1,6,6,59.0,0,78.0,0,0,0,0.0,12,,4.619047619047619,13.0,1,Trey Benson,RB,0.0,33.0,RES,12,1,12.0
2023,00-0038555,T.Bigsby,RB,JAX,50,132.0,2,4,1,6.0,0,5.0,0,0,0,0.0,13,,2.64,5.0,2,Tank Bigsby,RB,0.0,4.0,ACT,28,2,14.0
2024,00-0038555,T.Bigsby,RB,JAX,168,766.0,7,12,7,54.0,0,64.0,0,0,0,0.0,15,,4.559523809523809,9.142857142857142,7,Tank Bigsby,RB,1.0,4.0,ACT,28,2,14.0
2021,00-0036491,T.Black,WR,NYJ,0,0.0,0,2,1,10.0,0,0.0,0,0,0,0.0,1,,,0.0,0,Tarik Black,WR,0.0,3.0,ACT,1,1,1.0
2018,00-0033009,T.Boyd,WR,CIN,2,3.0,0,108,76,1028.0,7,418.0,0,0,1,0.0,14,0.0,1.5,5.5,7,Tyler Boyd,WR,2.0,83.0,RES,116,7,16.571428571428573
2019,00-0033009,T.Boyd,WR,CIN,4,23.0,0,148,90,1046.0,5,348.0,0,0,0,0.0,16,,5.75,3.8666666666666667,5,Tyler Boyd,WR,3.0,83.0,ACT,116,7,16.571428571428573
2020,00-0033009,T.Boyd,WR,CIN,5,49.0,0,110,79,841.0,4,350.0,0,1,2,16.0,15,0.5,9.8,4.430379746835443,4,Tyler Boyd,WR,4.0,83.0,ACT,116,7,16.571428571428573
2021,00-0033009,T.Boyd,WR,CIN,3,25.0,0,114,82,938.0,6,432.0,0,1,1,46.0,20,1.0,8.333333333333334,5.2682926829268295,6,Tyler Boyd,WR,5.0,83.0,ACT,116,7,16.571428571428573
2022,00-0033009,T.Boyd,WR,CIN,0,0.0,0,89,64,851.0,5,263.0,0,1,1,23.0,19,1.0,,4.109375,5,Tyler Boyd,WR,6.0,83.0,ACT,116,7,16.571428571428573
2023,00-0033009,T.Boyd,WR,CIN,2,11.0,0,98,67,667.0,2,279.0,0,0,1,0.0,17,0.0,5.5,4.164179104477612,2,Tyler Boyd,WR,7.0,83.0,ACT,116,7,16.571428571428573
2024,00-0033009,T.Boyd,WR,TEN,1,3.0,0,57,39,390.0,0,189.0,0,0,1,0.0,15,0.0,3.0,4.846153846153846,0,Tyler Boyd,WR,8.0,83.0,INA,116,7,16.571428571428573
2019,00-0034177,T.Boyle,QB,GB,5,-7.0,0,0,0,0.0,0,0.0,0,3,4,15.0,3,0.75,-1.4,,0,Tim Boyle,QB,1.0,8.0,ACT,25,6,4.166666666666667
2020,00-0034177,T.Boyle,QB,GB,13,-9.0,0,0,0,0.0,0,0.0,0,0,0,0.0,8,,-0.6923076923076923,,0,Tim Boyle,QB,2.0,8.0,ACT,25,6,4.166666666666667
2021,00-0034177,T.Boyle,QB,DET,2,13.0,0,0,0,0.0,0,0.0,3,61,94,526.0,4,0.648936170212766,6.5,,3,Tim Boyle,QB,3.0,12.0,ACT,25,6,4.166666666666667
2022,00-0034177,T.Boyle,QB,CHI,2,-2.0,0,0,0,0.0,0,0.0,0,2,8,33.0,1,0.25,-1.0,,0,Tim Boyle,QB,4.0,17.0,ACT,25,6,4.166666666666667
2023,00-0034177,T.Boyle,QB,NYJ,4,5.0,0,0,0,0.0,0,0.0,1,48,77,360.0,3,0.6233766233766234,1.25,,1,,,,,,25,6,4.166666666666667
2024,00-0034177,T.Boyle,QB,MIA,2,10.0,0,0,0,0.0,0,0.0,0,15,26,153.0,3,0.5769230769230769,5.0,,0,,,,,,25,6,4.166666666666667
2024,00-0034177,T.Boyle,QB,NYG,1,-1.0,0,0,0,0.0,0,0.0,1,12,24,123.0,3,0.5,-1.0,,1,Tim Boyle,QB,6.0,12.0,INA,25,6,4.166666666666667
2018,00-0019596,T.Brady,QB,NE,28,31.0,2,1,1,6.0,0,6.0,31,460,695,5308.0,19,0.6618705035971223,1.1071428571428572,6.0,33,Tom Brady,QB,18.0,12.0,ACT,93,5,18.6
2019,00-0019596,T.Brady,QB,NE,26,34.0,3,0,0,0.0,0,0.0,24,393,650,4266.0,17,0.6046153846153847,1.3076923076923077,,27,Tom Brady,QB,19.0,12.0,ACT,93,5,18.6
2020,00-0019596,T.Brady,QB,TB,43,3.0,4,0,0,0.0,0,0.0,50,482,748,5694.0,20,0.6443850267379679,0.06976744186046512,,54,Tom Brady,QB,20.0,12.0,ACT,93,5,18.6
2021,00-0019596,T.Brady,QB,TB,29,81.0,2,0,0,0.0,0,0.0,46,544,810,5916.0,19,0.671604938271605,2.793103448275862,,48,Tom Brady,QB,21.0,12.0,ACT,93,5,18.6
2022,00-0019596,T.Brady,QB,TB,29,-1.0,1,1,0,0.0,0,0.0,27,525,799,5045.0,18,0.6570713391739674,-0.034482758620689655,,28,Tom Brady,QB,22.0,12.0,ACT,93,5,18.6
2020,00-0030151,T.Bray,QB,CHI,0,0.0,0,0,0,0.0,0,0.0,0,1,5,18.0,1,0.2,,,0,Tyler Bray,QB,7.0,8.0,DEV,1,1,1.0
2018,00-0031237,T.Bridgewater,QB,NO,11,5.0,0,0,0,0.0,0,0.0,1,14,23,118.0,4,0.6086956521739131,0.45454545454545453,,1,Teddy Bridgewater,QB,4.0,5.0,ACT,49,7,7.0
2019,00-0031237,T.Bridgewater,QB,NO,28,31.0,0,0,0,0.0,0,0.0,9,133,196,1384.0,9,0.6785714285714286,1.1071428571428572,,9,Teddy Bridgewater,QB,5.0,5.0,ACT,49,7,7.0
2020,00-0031237,T.Bridgewater,QB,CAR,53,279.0,5,0,0,0.0,0,0.0,15,340,492,3733.0,15,0.6910569105691057,5.264150943396227,,20,Teddy Bridgewater,QB,6.0,5.0,ACT,49,7,7.0
2021,00-0031237,T.Bridgewater,QB,DEN,30,106.0,2,0,0,0.0,0,0.0,18,285,426,3052.0,14,0.6690140845070423,3.533333333333333,,20,Teddy Bridgewater,QB,7.0,5.0,RES,49,7,7.0
2022,00-0031237,T.Bridgewater,QB,MIA,3,27.0,0,0,0,0.0,0,0.0,4,49,79,683.0,5,0.620253164556962,9.0,,4,Teddy Bridgewater,QB,8.0,5.0,ACT,49,7,7.0
2023,00-0031237,T.Bridgewater,QB,DET,2,-2.0,0,0,0,0.0,0,0.0,0,0,0,0.0,1,,-1.0,,0,Teddy Bridgewater,QB,9.0,10.0,ACT,49,7,7.0
2024,00-0031237,T.Bridgewater,QB,DET,0,0.0,0,0,0,0.0,0,0.0,0,1,1,3.0,1,1.0,,,0,Teddy Bridgewater,QB,10.0,12.0,ACT,49,7,7.0
2019,00-0035551,T.Brooks-James,RB,PIT,8,7.0,0,0,0,0.0,0,0.0,0,0,0,0.0,3,,0.875,,0,,,,,,4,2,2.0
2020,00-0035551,T.Brooks-James,RB,ATL,3,4.0,0,0,0,0.0,0,0.0,0,0,0,0.0,1,,1.3333333333333333,,0,Tony Brooks-James,RB,1.0,36.0,DEV,4,2,2.0
2022,00-0037742,T.Burks,WR,TEN,4,47.0,0,54,33,444.0,1,165.0,0,0,0,0.0,11,,11.75,5.0,1,Treylon Burks,WR,0.0,16.0,ACT,25,3,8.333333333333334
2023,00-0037742,T.Burks,WR,TEN,5,18.0,0,30,16,221.0,0,71.0,0,0,0,0.0,9,,3.6,4.4375,0,Treylon Burks,WR,1.0,16.0,ACT,25,3,8.333333333333334
2024,00-0037742,T.Burks,WR,TEN,2,1.0,0,8,4,34.0,0,5.0,0,0,0,0.0,5,,0.5,1.25,0,Treylon Burks,WR,2.0,16.0,RES,25,3,8.333333333333334
2018,00-0030710,T.Burton,TE,CHI,1,2.0,0,76,54,569.0,6,190.0,0,0,0,0.0,16,,2.0,3.5185185185185186,6,Trey Burton,TE,4.0,80.0,ACT,36,3,12.0
2019,00-0030710,T.Burton,TE,CHI,0,0.0,0,24,14,84.0,0,36.0,0,0,0,0.0,8,,,2.5714285714285716,0,Trey Burton,TE,5.0,80.0,RES,36,3,12.0
2020,00-0030710,T.Burton,TE,IND,2,3.0,2,50,31,284.0,3,92.0,0,0,0,0.0,12,,1.5,2.967741935483871,5,Trey Burton,TE,6.0,80.0,ACT,36,3,12.0
2018,00-0029205,T.Cadet,RB,CAR,11,17.0,0,1,1,5.0,0,4.0,0,0,0,0.0,1,,1.5454545454545454,4.0,0,Travaris Cadet,RB,6.0,38.0,ACT,1,1,1.0
2018,00-0034164,T.Cannon,RB,NYJ,38,113.0,1,25,17,144.0,0,118.0,0,0,0,0.0,11,,2.973684210526316,6.9411764705882355,1,Trenton Cannon,RB,0.0,40.0,ACT,20,3,6.666666666666667
2020,00-0034164,T.Cannon,RB,CAR,10,33.0,0,3,3,16.0,0,13.0,0,0,0,0.0,5,,3.3,4.333333333333333,0,Trenton Cannon,RB,2.0,36.0,ACT,20,3,6.666666666666667
2021,00-0034164,T.Cannon,RB,BAL,2,5.0,0,0,0,0.0,0,0.0,0,0,0,0.0,2,,2.5,,0,,,,,,20,3,6.666666666666667
2021,00-0034164,T.Cannon,RB,SF,1,-1.0,0,0,0,0.0,0,0.0,0,0,0,0.0,2,,-1.0,,0,Trenton Cannon,RB,3.0,49.0,ACT,20,3,6.666666666666667
2019,00-0032540,T.Carson,RB,DET,12,34.0,0,0,0,0.0,0,0.0,0,0,0,0.0,2,,2.8333333333333335,,0,Tra Carson,RB,3.0,34.0,CUT,4,1,4.0
2019,00-0032540,T.Carson,RB,GB,6,14.0,0,4,4,18.0,0,14.0,0,0,0,0.0,2,,2.3333333333333335,3.5,0,,,,,,4,1,4.0
2022,00-0037276,T.Chandler,RB,MIN,6,20.0,0,0,0,0.0,0,0.0,0,0,0,0.0,1,,3.3333333333333335,,0,Ty Chandler,RB,0.0,32.0,INA,24,3,8.0
2023,00-0037276,T.Chandler,RB,MIN,102,461.0,3,25,21,159.0,0,206.0,0,0,0,0.0,13,,4.519607843137255,9.80952380952381,3,Ty Chandler,RB,1.0,32.0,ACT,24,3,8.0
2024,00-0037276,T.Chandler,RB,MIN,56,182.0,0,6,6,42.0,0,53.0,0,0,0,0.0,10,,3.25,8.833333333333334,0,Ty Chandler,RB,2.0,32.0,ACT,24,3,8.0
2020,00-0036439,T.Cleveland,WR,DEN,0,0.0,0,9,6,63.0,0,18.0,0,0,0,0.0,5,,,3.0,0,Tyrie Cleveland,WR,0.0,16.0,ACT,9,3,3.0
2021,00-0036439,T.Cleveland,WR,DEN,0,0.0,0,1,0,0.0,0,0.0,0,0,0,0.0,1,,,,0,Tyrie Cleveland,WR,1.0,16.0,ACT,9,3,3.0
2022,00-0036439,T.Cleveland,WR,DEN,0,0.0,0,7,2,28.0,0,17.0,0,0,0,0.0,3,,,8.5,0,,,,,,9,3,3.0
2018,00-0033556,T.Cohen,RB,CHI,100,444.0,3,96,74,752.0,5,529.0,1,1,1,1.0,17,1.0,4.44,7.148648648648648,9,Tarik Cohen,RB,1.0,29.0,ACT,36,3,12.0
2019,00-0033556,T.Cohen,RB,CHI,64,213.0,0,104,79,456.0,3,429.0,0,0,0,0.0,16,,3.328125,5.430379746835443,3,Tarik Cohen,RB,2.0,29.0,ACT,36,3,12.0
2020,00-0033556,T.Cohen,RB,CHI,14,74.0,0,9,6,41.0,0,61.0,0,0,0,0.0,3,,5.285714285714286,10.166666666666666,0,Tarik Cohen,RB,3.0,29.0,RES,36,3,12.0
2018,00-0032058,T.Coleman,RB,ATL,167,800.0,4,44,32,276.0,5,275.0,0,0,0,0.0,16,,4.790419161676646,8.59375,9,Tevin Coleman,RB,3.0,26.0,ACT,52,5,10.4
2019,00-0032058,T.Coleman,RB,SF,170,698.0,8,31,22,183.0,1,205.0,0,0,0,0.0,17,,4.105882352941176,9.318181818181818,9,Tevin Coleman,RB,4.0,26.0,ACT,52,5,10.4
2020,00-0032058,T.Coleman,RB,SF,28,53.0,0,5,4,34.0,0,21.0,0,0,0,0.0,6,,1.8928571428571428,5.25,0,Tevin Coleman,RB,5.0,26.0,ACT,52,5,10.4
2021,00-0032058,T.Coleman,RB,NYJ,84,356.0,0,16,11,49.0,0,88.0,0,0,0,0.0,11,,4.238095238095238,8.0,0,Tevin Coleman,RB,6.0,23.0,ACT,52,5,10.4
2022,00-0032058,T.Coleman,RB,SF,12,26.0,1,3,3,44.0,1,20.0,0,0,0,0.0,2,,2.1666666666666665,6.666666666666667,2,Tevin Coleman,RB,7.0,28.0,ACT,52,5,10.4
2018,00-0034270,T.Conklin,TE,MIN,0,0.0,0,7,5,77.0,0,31.0,0,0,0,0.0,4,,,6.2,0,Tyler Conklin,TE,0.0,83.0,ACT,85,7,12.142857142857142
2019,00-0034270,T.Conklin,TE,MIN,0,0.0,0,12,9,63.0,0,28.0,0,0,0,0.0,7,,,3.111111111111111,0,Tyler Conklin,TE,1.0,83.0,ACT,85,7,12.142857142857142
2020,00-0034270,T.Conklin,TE,MIN,0,0.0,0,26,19,194.0,1,126.0,0,0,0,0.0,7,,,6.631578947368421,1,Tyler Conklin,TE,2.0,83.0,ACT,85,7,12.142857142857142
2021,00-0034270,T.Conklin,TE,MIN,0,0.0,0,87,61,593.0,3,326.0,0,0,0,0.0,17,,,5.344262295081967,3,Tyler Conklin,TE,3.0,83.0,ACT,85,7,12.142857142857142
2022,00-0034270,T.Conklin,TE,NYJ,2,3.0,0,87,58,552.0,3,284.0,0,0,0,0.0,17,,1.5,4.896551724137931,3,Tyler Conklin,TE,4.0,83.0,ACT,85,7,12.142857142857142
2023,00-0034270,T.Conklin,TE,NYJ,1,0.0,0,87,61,621.0,0,246.0,0,0,0,0.0,17,,0.0,4.032786885245901,0,Tyler Conklin,TE,5.0,83.0,ACT,85,7,12.142857142857142
2024,00-0034270,T.Conklin,TE,NYJ,1,0.0,0,72,51,449.0,4,262.0,0,0,0,0.0,16,,0.0,5.137254901960785,4,Tyler Conklin,TE,6.0,83.0,ACT,85,7,12.142857142857142
2022,00-0037348,T.Conner,WR,MIA,0,0.0,0,3,0,0.0,0,0.0,0,0,0,0.0,2,,,,0,Tanner Conner,WR,0.0,80.0,INA,4,2,2.0
2024,00-0037348,T.Conner,WR,MIA,0,0.0,0,4,3,16.0,0,5.0,0,0,0,0.0,2,,,1.6666666666666667,0,Tanner Conner,WR,2.0,80.0,RES,4,2,2.0
2019,00-0032423,T.Davis,WR,GB,0,0.0,0,1,1,28.0,0,10.0,0,0,0,0.0,7,,,10.0,0,,,,,,14,1,14.0
2019,00-0032423,T.Davis,WR,LV,4,73.0,1,10,7,83.0,0,55.0,0,0,0,0.0,7,,18.25,7.857142857142857,1,,,,,,14,1,14.0
2020,00-0036250,T.Davis,TE,JAX,0,0.0,0,2,0,0.0,0,0.0,0,0,0,0.0,1,,,,0,Tyler Davis,TE,0.0,87.0,ACT,10,3,3.3333333333333335
2021,00-0036250,T.Davis,TE,GB,0,0.0,0,5,4,35.0,0,13.0,0,0,0,0.0,4,,,3.25,0,Tyler Davis,TE,1.0,84.0,ACT,10,3,3.3333333333333335
2022,00-0036250,T.Davis,TE,GB,0,0.0,0,7,4,26.0,0,27.0,0,0,0,0.0,5,,,6.75,0,Tyler Davis,TE,2.0,84.0,ACT,10,3,3.3333333333333335
2022,00-0037827,T.Davis-Price,RB,SF,34,99.0,0,2,0,0.0,0,0.0,0,0,0,0.0,5,,2.911764705882353,,0,Tyrion Davis-Price,RB,0.0,32.0,INA,7,3,2.3333333333333335
2023,00-0037827,T.Davis-Price,RB,SF,6,21.0,0,0,0,0.0,0,0.0,0,0,0,0.0,1,,3.5,,0,Tyrion Davis-Price,RB,1.0,32.0,DEV,7,3,2.3333333333333335
2024,00-0037827,T.Davis-Price,RB,PHI,3,7.0,0,0,0,0.0,0,0.0,0,0,0,0.0,1,,2.3333333333333335,,0,Tyrion Davis-Price,RB,2.0,35.0,DEV,7,3,2.3333333333333335
2023,00-0038476,T.DeVito,QB,NYG,36,195.0,1,0,0,0.0,0,0.0,8,114,178,1101.0,9,0.6404494382022472,5.416666666666667,,9,Tommy DeVito,QB,0.0,15.0,ACT,11,2,5.5
2024,00-0038476,T.DeVito,QB,NYG,8,32.0,0,0,0,0.0,0,0.0,0,31,44,257.0,2,0.7045454545454546,4.0,,0,Tommy DeVito,QB,1.0,15.0,ACT,11,2,5.5
2023,00-0038977,T.Dell,WR,HOU,11,51.0,0,75,47,709.0,7,152.0,0,0,0,0.0,10,,4.636363636363637,3.234042553191489,7,Tank Dell,WR,0.0,3.0,RES,24,2,12.0
2024,00-0038977,T.Dell,WR,HOU,9,43.0,0,81,51,667.0,3,164.0,0,0,0,0.0,14,,4.777777777777778,3.215686274509804,3,Tank Dell,WR,1.0,3.0,RES,24,2,12.0
2022,00-0037087,T.Ebner,RB,CHI,24,54.0,0,8,2,8.0,0,-1.0,0,0,0,0.0,7,,2.25,-0.5,0,Trestan Ebner,RB,0.0,25.0,ACT,7,1,7.0
2019,00-0033838,T.Edmunds,RB,PIT,22,92.0,0,7,6,48.0,0,42.0,0,0,0,0.0,6,,4.181818181818182,7.0,0,Trey Edmunds,RB,2.0,33.0,ACT,6,1,6.0
2018,00-0030549,T.Eifert,TE,CIN,0,0.0,0,19,15,179.0,1,54.0,0,0,0,0.0,4,,,3.6,1,Tyler Eifert,TE,5.0,85.0,RES,34,3,11.333333333333334
2019,00-0030549,T.Eifert,TE,CIN,0,0.0,0,63,43,436.0,3,112.0,0,0,0,0.0,16,,,2.604651162790698,3,Tyler Eifert,TE,6.0,85.0,ACT,34,3,11.333333333333334
2020,00-0030549,T.Eifert,TE,JAX,0,0.0,0,60,36,349.0,2,102.0,0,0,0,0.0,14,,,2.8333333333333335,2,Tyler Eifert,TE,7.0,88.0,ACT,34,3,11.333333333333334
2018,00-0032404,T.Ervin,RB,HOU,0,0.0,0,3,3,35.0,0,12.0,0,0,0,0.0,3,,,4.0,0,,,,,,14,3,4.666666666666667
2019,00-0032404,T.Ervin,RB,GB,3,35.0,0,5,3,18.0,0,24.0,0,0,0,0.0,4,,11.666666666666666,8.0,0,Tyler Ervin,RB,3.0,32.0,ACT,14,3,4.666666666666667
2020,00-0032404,T.Ervin,RB,GB,13,67.0,0,15,11,84.0,0,84.0,0,0,0,0.0,7,,5.153846153846154,7.636363636363637,0,Tyler Ervin,RB,4.0,32.0,RES,14,3,4.666666666666667
2022,00-0036973,T.Etienne,RB,JAX,250,1296.0,6,49,39,346.0,0,400.0,0,0,0,0.0,19,,5.184,10.256410256410257,6,Travis Etienne,RB,1.0,1.0,ACT,51,3,17.0
2023,00-0036973,T.Etienne,RB,JAX,267,1008.0,11,73,58,476.0,1,523.0,0,0,0,0.0,17,,3.7752808988764044,9.017241379310345,12,Travis Etienne,RB,2.0,1.0,ACT,51,3,17.0
2024,00-0036973,T.Etienne,RB,JAX,150,558.0,2,52,39,254.0,0,296.0,0,0,0,0.0,15,,3.72,7.589743589743589,2,Travis Etienne,RB,3.0,1.0,ACT,51,3,17.0
2023,00-0037654,T.Fisk,TE,ATL,0,0.0,0,1,1,9.0,0,6.0,0,0,0,0.0,1,,,6.0,0,Tucker Fisk,TE,1.0,43.0,ACT,9,2,4.5
2024,00-0037654,T.Fisk,TE,LAC,0,0.0,0,9,8,54.0,0,23.0,0,0,0,0.0,8,,,2.875,0,Tucker Fisk,TE,2.0,42.0,ACT,9,2,4.5
2024,00-0039868,T.Franklin,WR,DEN,2,8.0,0,56,30,317.0,3,163.0,0,0,0,0.0,17,,4.0,5.433333333333334,3,Troy Franklin,WR,0.0,16.0,ACT,17,1,17.0
2019,00-0035592,T.Fulgham,WR,DET,0,0.0,0,3,0,0.0,0,0.0,0,0,0,0.0,2,,,,0,Travis Fulgham,WR,0.0,14.0,ACT,14,2,7.0
2020,00-0035592,T.Fulgham,WR,PHI,0,0.0,0,67,38,539.0,4,100.0,0,0,0,0.0,12,,,2.6315789473684212,4,Travis Fulgham,WR,1.0,13.0,ACT,14,2,7.0
2019,00-0034393,T.Fumagalli,TE,DEN,0,0.0,0,9,6,38.0,1,14.0,0,0,0,0.0,6,,,2.3333333333333335,1,Troy Fumagalli,TE,1.0,84.0,ACT,13,2,6.5
2020,00-0034393,T.Fumagalli,TE,DEN,0,0.0,0,15,8,80.0,1,60.0,0,0,0,0.0,7,,,7.5,1,Troy Fumagalli,TE,2.0,84.0,ACT,13,2,6.5
2018,00-0031228,T.Gabriel,WR,CHI,11,81.0,0,102,71,725.0,2,221.0,0,0,0,0.0,17,,7.363636363636363,3.112676056338028,2,Taylor Gabriel,WR,4.0,18.0,ACT,26,2,13.0
2019,00-0031228,T.Gabriel,WR,CHI,3,20.0,0,48,29,353.0,4,79.0,0,0,0,0.0,9,,6.666666666666667,2.7241379310344827,4,Taylor Gabriel,WR,5.0,18.0,INA,26,2,13.0
2022,00-0033633,T.Gentry,WR,BUF,0,0.0,0,1,0,0.0,0,0.0,0,0,0,0.0,1,,,,0,Tanner Gentry,WR,5.0,87.0,CUT,1,1,1.0
2018,00-0025396,T.Ginn,WR,NO,3,26.0,0,43,23,311.0,2,57.0,0,0,0,0.0,7,,8.666666666666666,2.4782608695652173,2,Ted Ginn,WR,11.0,19.0,ACT,26,3,8.666666666666666
2019,00-0025396,T.Ginn,WR,NO,3,18.0,0,58,31,439.0,2,48.0,0,0,0,0.0,16,,6.0,1.5483870967741935,2,Ted Ginn,WR,12.0,19.0,ACT,26,3,8.666666666666666
2020,00-0025396,T.Ginn,WR,CHI,0,0.0,0,6,3,40.0,0,10.0,0,0,0,0.0,3,,,3.3333333333333335,0,Ted Ginn,WR,13.0,19.0,CUT,26,3,8.666666666666666
2020,00-0035313,T.Godwin,WR,JAX,1,3.0,0,6,3,32.0,0,3.0,0,0,0,0.0,2,,3.0,1.0,0,Terry Godwin,WR,1.0,14.0,ACT,2,1,2.0
2023,00-0037120,T.Goodson,RB,IND,13,87.0,0,9,6,34.0,0,51.0,0,0,0,0.0,6,,6.6923076923076925,8.5,0,Tyler Goodson,RB,1.0,31.0,ACT,15,2,7.5
2024,00-0037120,T.Goodson,RB,IND,32,153.0,1,15,11,61.0,1,67.0,0,0,0,0.0,9,,4.78125,6.090909090909091,2,Tyler Goodson,RB,2.0,31.0,ACT,15,2,7.5
2018,00-0032241,T.Gurley,RB,LA,286,1411.0,19,88,63,585.0,4,592.0,0,0,0,0.0,17,,4.933566433566433,9.396825396825397,23,Todd Gurley,RB,3.0,30.0,ACT,47,3,15.666666666666666
2019,00-0032241,T.Gurley,RB,LA,223,857.0,12,49,31,207.0,2,196.0,0,0,0,0.0,15,,3.8430493273542603,6.32258064516129,14,Todd Gurley,RB,4.0,30.0,ACT,47,3,15.666666666666666
2020,00-0032241,T.Gurley,RB,ATL,195,678.0,9,35,25,164.0,0,123.0,0,0,0,0.0,15,,3.476923076923077,4.92,9,Todd Gurley,RB,5.0,21.0,ACT,47,3,15.666666666666666
2018,00-0031800,T.Heinicke,QB,CAR,5,31.0,0,0,0,0.0,0,0.0,1,35,57,320.0,5,0.6140350877192983,6.2,,1,Taylor Heinicke,QB,3.0,6.0,RES,41,6,6.833333333333333
2020,00-0031800,T.Heinicke,QB,WAS,9,68.0,1,0,0,0.0,0,0.0,2,38,63,443.0,2,0.6031746031746031,7.555555555555555,,3,Taylor Heinicke,QB,5.0,4.0,ACT,41,6,6.833333333333333
2021,00-0031800,T.Heinicke,QB,WAS,60,313.0,1,1,1,-2.0,0,2.0,20,321,494,3419.0,16,0.6497975708502024,5.216666666666667,2.0,21,Taylor Heinicke,QB,6.0,4.0,ACT,41,6,6.833333333333333
2022,00-0031800,T.Heinicke,QB,WAS,28,96.0,1,0,0,0.0,0,0.0,12,161,259,1859.0,9,0.6216216216216216,3.4285714285714284,,13,Taylor Heinicke,QB,7.0,4.0,ACT,41,6,6.833333333333333
2023,00-0031800,T.Heinicke,QB,ATL,15,124.0,1,0,0,0.0,0,0.0,5,74,136,890.0,5,0.5441176470588235,8.266666666666667,,6,Taylor Heinicke,QB,8.0,4.0,INA,41,6,6.833333333333333
2024,00-0031800,T.Heinicke,QB,LAC,2,20.0,0,0,0,0.0,0,0.0,0,3,5,28.0,4,0.6,10.0,,0,Taylor Heinicke,QB,9.0,8.0,ACT,41,6,6.833333333333333
2020,00-0033112,T.Hemingway,TE,WAS,0,0.0,0,2,1,10.0,0,6.0,0,0,0,0.0,2,,,6.0,0,Temarrick Hemingway,TE,4.0,88.0,RES,2,1,2.0
2018,00-0033110,T.Higbee,TE,LA,0,0.0,0,42,30,347.0,3,190.0,0,0,0,0.0,16,,,6.333333333333333,3,Tyler Higbee,TE,2.0,89.0,ACT,102,7,14.571428571428571
2019,00-0033110,T.Higbee,TE,LA,0,0.0,0,89,69,734.0,3,390.0,0,0,0,0.0,14,,,5.6521739130434785,3,Tyler Higbee,TE,3.0,89.0,ACT,102,7,14.571428571428571
2020,00-0033110,T.Higbee,TE,LA,1,1.0,0,65,47,530.0,5,238.0,0,0,0,0.0,17,,1.0,5.0638297872340425,5,Tyler Higbee,TE,4.0,89.0,ACT,102,7,14.571428571428571
2021,00-0033110,T.Higbee,TE,LA,0,0.0,0,99,70,675.0,5,320.0,0,0,0,0.0,18,,,4.571428571428571,5,Tyler Higbee,TE,5.0,89.0,RES,102,7,14.571428571428571
2022,00-0033110,T.Higbee,TE,LA,0,0.0,0,108,72,620.0,3,404.0,0,0,0,0.0,16,,,5.611111111111111,3,Tyler Higbee,TE,6.0,89.0,ACT,102,7,14.571428571428571
2023,00-0033110,T.Higbee,TE,LA,0,0.0,0,71,47,495.0,2,246.0,0,0,0,0.0,16,,,5.23404255319149,2,Tyler Higbee,TE,7.0,89.0,ACT,102,7,14.571428571428571
2024,00-0033110,T.Higbee,TE,LA,0,0.0,0,27,20,178.0,3,111.0,0,0,0,0.0,5,,,5.55,3,Tyler Higbee,TE,8.0,89.0,ACT,102,7,14.571428571428571
2020,00-0036410,T.Higgins,WR,CIN,5,28.0,0,108,67,908.0,6,310.0,0,0,0,0.0,15,,5.6,4.626865671641791,6,Tee Higgins,WR,0.0,85.0,ACT,74,5,14.8
2021,00-0036410,T.Higgins,WR,CIN,0,0.0,0,140,92,1400.0,8,419.0,0,0,0,0.0,18,,,4.554347826086956,8,Tee Higgins,WR,1.0,85.0,ACT,74,5,14.8
2022,00-0036410,T.Higgins,WR,CIN,0,0.0,0,130,87,1177.0,8,320.0,0,0,0,0.0,17,,,3.67816091954023,8,Tee Higgins,WR,2.0,85.0,ACT,74,5,14.8
2023,00-0036410,T.Higgins,WR,CIN,0,0.0,0,76,42,656.0,5,235.0,0,0,0,0.0,12,,,5.595238095238095,5,Tee Higgins,WR,3.0,5.0,INA,74,5,14.8
2024,00-0036410,T.Higgins,WR,CIN,0,0.0,0,109,73,911.0,10,228.0,0,0,0,0.0,12,,,3.1232876712328768,10,Tee Higgins,WR,4.0,5.0,ACT,74,5,14.8
2018,00-0033040,T.Hill,WR,KC,23,187.0,2,153,96,1593.0,12,556.0,0,0,0,0.0,18,,8.130434782608695,5.791666666666667,14,Tyreek Hill,WR,2.0,10.0,ACT,123,7,17.571428571428573
2018,00-0033357,T.Hill,QB,NO,40,204.0,2,9,4,6.0,1,10.0,0,3,8,64.0,15,0.375,5.1,2.5,3,Taysom Hill,QB,1.0,7.0,ACT,101,7,14.428571428571429
2019,00-0033040,T.Hill,WR,KC,10,34.0,0,116,75,1073.0,9,350.0,0,0,0,0.0,15,,3.4,4.666666666666667,9,Tyreek Hill,WR,3.0,10.0,ACT,123,7,17.571428571428573
2019,00-0033357,T.Hill,TE,NO,31,206.0,1,24,21,259.0,7,156.0,0,4,7,105.0,17,0.5714285714285714,6.645161290322581,7.428571428571429,8,,,,,,101,7,14.428571428571429
2020,00-0033040,T.Hill,WR,KC,17,137.0,2,166,111,1631.0,15,620.0,0,0,0,0.0,18,,8.058823529411764,5.585585585585585,17,Tyreek Hill,WR,4.0,10.0,ACT,123,7,17.571428571428573
2020,00-0033357,T.Hill,TE,NO,91,472.0,8,14,10,103.0,1,39.0,4,88,121,928.0,17,0.7272727272727273,5.186813186813187,3.9,13,,,,,,101,7,14.428571428571429
2021,00-0033040,T.Hill,WR,KC,10,94.0,0,187,134,1524.0,12,579.0,0,0,0,0.0,20,,9.4,4.32089552238806,12,Tyreek Hill,WR,5.0,10.0,ACT,123,7,17.571428571428573
2021,00-0033357,T.Hill,QB,NO,70,374.0,5,6,4,52.0,0,50.0,4,78,134,978.0,12,0.582089552238806,5.3428571428571425,12.5,9,Taysom Hill,QB,4.0,7.0,ACT,101,7,14.428571428571429
2022,00-0033040,T.Hill,WR,MIA,9,37.0,1,185,126,1779.0,7,517.0,0,0,0,0.0,18,,4.111111111111111,4.103174603174603,8,Tyreek Hill,WR,6.0,10.0,ACT,123,7,17.571428571428573
2022,00-0033357,T.Hill,QB,NO,96,575.0,7,13,9,77.0,2,37.0,2,13,19,240.0,16,0.6842105263157895,5.989583333333333,4.111111111111111,11,,,,,,101,7,14.428571428571429
2023,00-0033040,T.Hill,WR,MIA,6,15.0,0,179,124,1861.0,14,683.0,0,0,0,0.0,17,,2.5,5.508064516129032,14,Tyreek Hill,WR,7.0,10.0,ACT,123,7,17.571428571428573
2023,00-0033357,T.Hill,TE,NO,81,401.0,4,40,33,291.0,2,133.0,1,6,11,83.0,16,0.5454545454545454,4.950617283950617,4.03030303030303,7,,,,,,101,7,14.428571428571429
2024,00-0033040,T.Hill,WR,MIA,8,53.0,0,122,81,959.0,6,292.0,0,0,0,0.0,17,,6.625,3.6049382716049383,6,Tyreek Hill,WR,8.0,10.0,ACT,123,7,17.571428571428573
2024,00-0033357,T.Hill,TE,NO,39,278.0,6,31,23,187.0,0,137.0,0,2,4,21.0,8,0.5,7.128205128205129,5.956521739130435,6,Taysom Hill,TE,7.0,7.0,RES,101,7,14.428571428571429
2018,00-0029608,T.Hilton,WR,IND,0,0.0,0,141,85,1415.0,7,479.0,0,0,0,0.0,16,,,5.635294117647059,7,T.Y. Hilton,WR,6.0,13.0,ACT,57,5,11.4
2019,00-0029608,T.Hilton,WR,IND,0,0.0,0,68,45,501.0,5,213.0,0,0,0,0.0,10,,,4.733333333333333,5,T.Y. Hilton,WR,7.0,13.0,ACT,57,5,11.4
2020,00-0029608,T.Hilton,WR,IND,0,0.0,0,98,58,794.0,5,203.0,0,0,0,0.0,16,,,3.5,5,T.Y. Hilton,WR,8.0,13.0,ACT,57,5,11.4
2021,00-0029608,T.Hilton,WR,IND,0,0.0,0,37,23,331.0,3,71.0,0,0,0,0.0,10,,,3.0869565217391304,3,T.Y. Hilton,WR,9.0,13.0,ACT,57,5,11.4
2022,00-0029608,T.Hilton,WR,DAL,0,0.0,0,15,10,159.0,0,45.0,0,0,0,0.0,5,,,4.5,0,T.Y. Hilton,WR,10.0,16.0,ACT,57,5,11.4
2019,00-0035229,T.Hockenson,TE,DET,0,0.0,0,59,32,367.0,2,200.0,0,0,0,0.0,12,,,6.25,2,T.J. Hockenson,TE,0.0,88.0,RES,102,6,17.0
2020,00-0035229,T.Hockenson,TE,DET,1,0.0,0,101,67,723.0,6,329.0,0,0,0,0.0,16,,0.0,4.91044776119403,6,T.J. Hockenson,TE,1.0,88.0,ACT,102,6,17.0
2021,00-0035229,T.Hockenson,TE,DET,0,0.0,0,84,61,583.0,4,199.0,0,0,0,0.0,12,,,3.262295081967213,4,T.J. Hockenson,TE,2.0,88.0,RES,102,6,17.0
2022,00-0035229,T.Hockenson,TE,DET,0,0.0,0,43,26,395.0,3,209.0,0,0,0,0.0,18,,,8.038461538461538,3,,,,,,102,6,17.0
2022,00-0035229,T.Hockenson,TE,MIN,0,0.0,0,97,70,648.0,3,269.0,0,0,0,0.0,18,,,3.842857142857143,3,T.J. Hockenson,TE,3.0,87.0,ACT,102,6,17.0
2023,00-0035229,T.Hockenson,TE,MIN,0,0.0,0,127,95,960.0,5,336.0,0,0,0,0.0,15,,,3.536842105263158,5,T.J. Hockenson,TE,4.0,87.0,RES,102,6,17.0
2024,00-0035229,T.Hockenson,TE,MIN,0,0.0,0,67,46,519.0,1,176.0,0,0,0,0.0,11,,,3.8260869565217392,1,T.J. Hockenson,TE,5.0,87.0,ACT,102,6,17.0
2019,00-0035594,T.Homer,RB,SEA,32,139.0,0,17,14,88.0,0,94.0,0,0,0,0.0,6,,4.34375,6.714285714285714,0,Travis Homer,RB,0.0,25.0,ACT,40,6,6.666666666666667
2020,00-0035594,T.Homer,RB,SEA,25,88.0,0,10,9,90.0,1,92.0,0,0,0,0.0,9,,3.52,10.222222222222221,1,Travis Homer,RB,1.0,25.0,RES,40,6,6.666666666666667
2021,00-0035594,T.Homer,RB,SEA,21,177.0,1,20,16,161.0,0,128.0,0,0,0,0.0,12,,8.428571428571429,8.0,1,Travis Homer,RB,2.0,25.0,ACT,40,6,6.666666666666667
2022,00-0035594,T.Homer,RB,SEA,19,74.0,0,18,16,157.0,1,129.0,0,0,0,0.0,8,,3.8947368421052633,8.0625,1,Travis Homer,RB,3.0,25.0,RES,40,6,6.666666666666667
2023,00-0035594,T.Homer,RB,CHI,0,0.0,0,1,0,0.0,0,0.0,0,0,0,0.0,1,,,,0,Travis Homer,RB,4.0,20.0,ACT,40,6,6.666666666666667
2024,00-0035594,T.Homer,RB,CHI,6,23.0,0,3,3,11.0,0,10.0,0,0,0,0.0,4,,3.8333333333333335,3.3333333333333335,0,Travis Homer,RB,5.0,20.0,INA,40,6,6.666666666666667
2019,00-0034613,T.Hudson,TE,TB,0,0.0,0,5,2,26.0,0,2.0,0,0,0,0.0,4,,,1.0,0,Tanner Hudson,TE,1.0,88.0,ACT,36,5,7.2
2020,00-0034613,T.Hudson,TE,TB,0,0.0,0,8,3,41.0,0,12.0,0,0,0,0.0,5,,,4.0,0,Tanner Hudson,TE,2.0,88.0,ACT,36,5,7.2
2021,00-0036173,T.Hudson,TE,TEN,0,0.0,0,6,3,31.0,0,24.0,0,0,0,0.0,4,,,8.0,0,Tommy Hudson,TE,1.0,89.0,RES,4,1,4.0
2022,00-0034613,T.Hudson,TE,NYG,0,0.0,0,15,10,132.0,0,59.0,0,0,0,0.0,6,,,5.9,0,,,,,,36,5,7.2
2023,00-0034613,T.Hudson,TE,CIN,0,0.0,0,50,39,352.0,1,148.0,0,0,0,0.0,12,,,3.7948717948717947,1,Tanner Hudson,TE,5.0,87.0,ACT,36,5,7.2
2024,00-0034613,T.Hudson,TE,CIN,1,1.0,0,23,19,154.0,1,97.0,0,0,0,0.0,9,,1.0,5.105263157894737,1,Tanner Hudson,TE,6.0,87.0,ACT,36,5,7.2
2020,00-0035993,T.Huntley,QB,BAL,13,55.0,0,0,0,0.0,0,0.0,0,9,18,75.0,3,0.5,4.230769230769231,,0,Tyler Huntley,QB,0.0,2.0,ACT,26,5,5.2
2021,00-0035993,T.Huntley,QB,BAL,47,294.0,2,0,0,0.0,0,0.0,3,122,188,1081.0,7,0.648936170212766,6.25531914893617,,5,Tyler Huntley,QB,1.0,2.0,ACT,26,5,5.2
2022,00-0035993,T.Huntley,QB,BAL,52,191.0,1,0,0,0.0,0,0.0,4,92,141,884.0,6,0.6524822695035462,3.673076923076923,,5,Tyler Huntley,QB,2.0,2.0,ACT,26,5,5.2
2023,00-0035993,T.Huntley,QB,BAL,15,55.0,0,0,0,0.0,0,0.0,3,21,37,203.0,5,0.5675675675675675,3.6666666666666665,,3,Tyler Huntley,QB,3.0,2.0,ACT,26,5,5.2
2024,00-0035993,T.Huntley,QB,MIA,26,135.0,2,0,0,0.0,0,0.0,3,86,133,829.0,5,0.6466165413533834,5.1923076923076925,,5,Tyler Huntley,QB,4.0,18.0,ACT,26,5,5.2
2020,00-0035341,T.Irwin,WR,CIN,0,0.0,0,2,1,5.0,0,1.0,0,0,0,0.0,1,,,1.0,0,Trenton Irwin,WR,1.0,16.0,DEV,28,5,5.6
2021,00-0035341,T.Irwin,WR,CIN,0,0.0,0,5,2,34.0,0,5.0,0,0,0,0.0,2,,,2.5,0,Trenton Irwin,WR,2.0,16.0,INA,28,5,5.6
2022,00-0035341,T.Irwin,WR,CIN,1,11.0,0,27,17,250.0,4,62.0,0,0,0,0.0,11,,11.0,3.6470588235294117,4,Trenton Irwin,WR,3.0,16.0,ACT,28,5,5.6
2023,00-0035341,T.Irwin,WR,CIN,0,0.0,0,32,25,316.0,1,110.0,0,0,0,0.0,10,,,4.4,1,Trenton Irwin,WR,4.0,16.0,ACT,28,5,5.6
2024,00-0035341,T.Irwin,WR,CIN,0,0.0,0,10,3,15.0,0,4.0,0,0,0,0.0,4,,,1.3333333333333333,0,,,,,,28,5,5.6
2021,00-0035356,T.Jackson,TE,PHI,0,0.0,0,7,3,22.0,1,7.0,0,0,0,0.0,3,,,2.3333333333333335,1,Tyree Jackson,TE,2.0,80.0,RES,3,1,3.0
2023,00-0035934,T.Jackson,WR,MIN,0,0.0,0,4,2,9.0,0,7.0,0,0,0,0.0,2,,,3.5,0,Trishton Jackson,WR,3.0,9.0,DEV,2,1,2.0
2024,00-0039757,T.Jennings,RB,NE,13,33.0,0,1,0,0.0,0,0.0,0,0,0,0.0,2,,2.5384615384615383,,0,Terrell Jennings,RB,0.0,26.0,ACT,2,1,2.0
2019,00-0035537,T.Johnson,RB,DET,63,273.0,0,31,24,109.0,0,93.0,0,0,0,0.0,15,,4.333333333333333,3.875,0,Ty Johnson,RB,0.0,31.0,ACT,89,6,14.833333333333334
2020,00-0035457,T.Johnson,WR,LAC,3,17.0,0,26,20,398.0,3,59.0,0,0,0,0.0,11,,5.666666666666667,2.95,3,Tyron Johnson,WR,1.0,83.0,ACT,16,3,5.333333333333333
2020,00-0035537,T.Johnson,RB,DET,0,0.0,0,1,0,0.0,0,0.0,0,0,0,0.0,10,,,,0,,,,,,89,6,14.833333333333334
2020,00-0035537,T.Johnson,RB,NYJ,54,254.0,1,20,16,99.0,1,129.0,0,0,0,0.0,10,,4.703703703703703,8.0625,2,Ty Johnson,RB,1.0,25.0,ACT,89,6,14.833333333333334
2020,00-0036427,T.Johnson,WR,TB,0,0.0,0,21,14,200.0,2,73.0,0,0,0,0.0,13,,,5.214285714285714,2,Tyler Johnson,WR,0.0,18.0,ACT,42,4,10.5
2021,00-0035457,T.Johnson,WR,JAX,0,0.0,0,5,2,16.0,0,9.0,0,0,0,0.0,4,,,4.5,0,,,,,,16,3,5.333333333333333
2021,00-0035537,T.Johnson,RB,NYJ,61,238.0,2,55,34,372.0,2,334.0,0,0,0,0.0,15,,3.901639344262295,9.823529411764707,4,Ty Johnson,RB,2.0,25.0,ACT,89,6,14.833333333333334
2021,00-0036427,T.Johnson,WR,TB,0,0.0,0,64,41,405.0,0,166.0,0,0,0,0.0,17,,,4.048780487804878,0,Tyler Johnson,WR,1.0,18.0,ACT,42,4,10.5
2022,00-0035457,T.Johnson,WR,HOU,0,0.0,0,1,1,8.0,0,10.0,0,0,0,0.0,1,,,10.0,0,,,,,,16,3,5.333333333333333
2022,00-0035537,T.Johnson,RB,NYJ,30,160.0,1,24,12,88.0,0,73.0,0,0,0,0.0,10,,5.333333333333333,6.083333333333333,1,Ty Johnson,RB,3.0,25.0,ACT,89,6,14.833333333333334
2023,00-0035537,T.Johnson,RB,BUF,45,198.0,0,10,8,76.0,1,71.0,0,0,0,0.0,9,,4.4,8.875,1,Ty Johnson,RB,4.0,26.0,ACT,89,6,14.833333333333334
2023,00-0036427,T.Johnson,WR,LA,0,0.0,0,3,2,8.0,1,1.0,0,0,0,0.0,1,,,0.5,1,Tyler Johnson,WR,3.0,16.0,INA,42,4,10.5
2024,00-0035537,T.Johnson,RB,BUF,61,307.0,1,29,22,318.0,4,184.0,0,0,0,0.0,20,,5.032786885245901,8.363636363636363,5,Ty Johnson,RB,5.0,26.0,ACT,89,6,14.833333333333334
2024,00-0036427,T.Johnson,WR,LA,0,0.0,0,41,26,291.0,1,183.0,0,0,0,0.0,11,,,7.038461538461538,1,Tyler Johnson,WR,4.0,18.0,INA,42,4,10.5
2024,00-0039847,T.Johnson,TE,NYG,0,0.0,0,43,29,331.0,1,149.0,0,0,0,0.0,10,,,5.137931034482759,1,Theo Johnson,TE,0.0,84.0,RES,10,1,10.0
2018,00-0028063,T.Jones,RB,BUF,0,0.0,0,2,0,0.0,0,0.0,0,0,0,0.0,2,,,,0,Taiwan Jones,RB,7.0,26.0,RES,7,3,2.3333333333333335
2018,00-0031189,T.Jones,WR,DET,0,0.0,0,27,19,190.0,2,36.0,0,0,0,0.0,12,,,1.894736842105263,2,T.J. Jones,WR,4.0,13.0,ACT,13,2,6.5
2019,00-0028063,T.Jones,RB,HOU,9,40.0,0,3,3,57.0,0,59.0,0,0,0,0.0,3,,4.444444444444445,19.666666666666668,0,Taiwan Jones,RB,8.0,34.0,ACT,7,3,2.3333333333333335
2019,00-0031189,T.Jones,WR,NYG,0,0.0,0,4,3,38.0,1,23.0,0,0,0,0.0,1,,,7.666666666666667,1,T.J. Jones,WR,5.0,80.0,CUT,13,2,6.5
2020,00-0028063,T.Jones,RB,BUF,0,0.0,0,2,0,0.0,0,0.0,0,0,0,0.0,2,,,,0,Taiwan Jones,RB,9.0,25.0,ACT,7,3,2.3333333333333335
2020,00-0035860,T.Jones,RB,NO,3,13.0,0,0,0,0.0,0,0.0,0,0,0,0.0,1,,4.333333333333333,,0,Tony Jones,RB,0.0,37.0,DEV,30,5,6.0
2021,00-0035860,T.Jones,RB,NO,54,142.0,0,8,5,29.0,0,28.0,0,0,0,0.0,10,,2.6296296296296298,5.6,0,Tony Jones,RB,1.0,34.0,ACT,30,5,6.0
2022,00-0035860,T.Jones,RB,NO,2,8.0,0,2,2,12.0,0,14.0,0,0,0,0.0,3,,4.0,7.0,0,,,,,,30,5,6.0
2022,00-0035860,T.Jones,RB,SEA,8,16.0,0,6,3,18.0,0,20.0,0,0,0,0.0,3,,2.0,6.666666666666667,0,Tony Jones,RB,2.0,32.0,INA,30,5,6.0
2022,00-0036497,T.Jones,WR,JAX,0,0.0,0,4,3,30.0,0,21.0,0,0,0,0.0,4,,,7.0,0,Tim Jones,WR,1.0,15.0,ACT,16,3,5.333333333333333
2023,00-0035860,T.Jones,RB,ARI,5,25.0,0,4,3,16.0,0,22.0,0,0,0,0.0,6,,5.0,7.333333333333333,0,Tony Jones,RB,3.0,37.0,DEV,30,5,6.0
2023,00-0035860,T.Jones,RB,NO,21,70.0,2,6,4,21.0,0,22.0,0,0,0,0.0,6,,3.3333333333333335,5.5,2,,,,,,30,5,6.0
2023,00-0036497,T.Jones,WR,JAX,0,0.0,0,18,11,83.0,0,31.0,0,0,0,0.0,9,,,2.8181818181818183,0,Tim Jones,WR,2.0,15.0,ACT,16,3,5.333333333333333
2024,00-0035860,T.Jones,RB,ARI,4,55.0,1,0,0,0.0,0,0.0,0,0,0,0.0,1,,13.75,,1,Tony Jones,RB,4.0,37.0,ACT,30,5,6.0
2024,00-0036497,T.Jones,WR,JAX,0,0.0,0,5,3,41.0,0,17.0,0,0,0,0.0,3,,,5.666666666666667,0,Tim Jones,WR,3.0,15.0,ACT,16,3,5.333333333333333
2018,00-0030506,T.Kelce,TE,KC,0,0.0,0,166,113,1467.0,11,634.0,0,0,0,0.0,18,,,5.610619469026549,11,Travis Kelce,TE,5.0,87.0,ACT,132,7,18.857142857142858
2019,00-0030506,T.Kelce,TE,KC,2,6.0,1,158,116,1436.0,9,494.0,0,0,0,0.0,19,,3.0,4.258620689655173,10,Travis Kelce,TE,6.0,87.0,ACT,132,7,18.857142857142858
2020,00-0030506,T.Kelce,TE,KC,0,0.0,0,185,136,1776.0,14,718.0,0,1,2,4.0,18,0.5,,5.279411764705882,14,Travis Kelce,TE,7.0,87.0,ACT,132,7,18.857142857142858
2021,00-0030506,T.Kelce,TE,KC,2,3.0,1,161,115,1424.0,12,700.0,1,1,1,2.0,19,1.0,1.5,6.086956521739131,14,Travis Kelce,TE,8.0,87.0,ACT,132,7,18.857142857142858
2022,00-0030506,T.Kelce,TE,KC,2,5.0,0,183,137,1595.0,16,756.0,0,0,0,0.0,20,,2.5,5.518248175182482,16,Travis Kelce,TE,9.0,87.0,ACT,132,7,18.857142857142858
2023,00-0030506,T.Kelce,TE,KC,1,5.0,0,158,125,1339.0,8,628.0,0,0,0,0.0,19,,5.0,5.024,8,Travis Kelce,TE,10.0,87.0,ACT,132,7,18.857142857142858
2024,00-0030506,T.Kelce,TE,KC,1,1.0,0,151,110,998.0,4,426.0,0,0,0,0.0,19,,1.0,3.8727272727272726,4,Travis Kelce,TE,11.0,87.0,ACT,132,7,18.857142857142858
2021,00-0035544,T.Kennedy,WR,DET,0,0.0,0,10,6,54.0,0,17.0,1,1,1,75.0,6,1.0,,2.8333333333333335,1,Tom Kennedy,WR,2.0,85.0,ACT,12,3,4.0
2022,00-0035544,T.Kennedy,WR,DET,0,0.0,0,15,8,141.0,0,73.0,0,0,0,0.0,5,,,9.125,0,Tom Kennedy,WR,3.0,85.0,DEV,12,3,4.0
2024,00-0035544,T.Kennedy,WR,DET,0,0.0,0,1,0,0.0,0,0.0,0,0,0,0.0,1,,,,0,Tom Kennedy,WR,5.0,85.0,DEV,12,3,4.0
2023,00-0038996,T.Kraft,TE,GB,0,0.0,0,49,36,379.0,3,248.0,0,0,0,0.0,12,,,6.888888888888889,3,Tucker Kraft,TE,0.0,85.0,ACT,30,2,15.0
2024,00-0038996,T.Kraft,TE,GB,5,16.0,0,75,55,733.0,7,477.0,0,0,0,0.0,18,,3.2,8.672727272727272,7,Tucker Kraft,TE,1.0,85.0,ACT,30,2,15.0
2018,00-0032214,T.Kroft,TE,CIN,0,0.0,0,6,4,36.0,0,17.0,0,0,0,0.0,5,,,4.25,0,Tyler Kroft,TE,3.0,81.0,RES,33,5,6.6
2019,00-0032214,T.Kroft,TE,BUF,0,0.0,0,16,6,71.0,1,27.0,0,0,0,0.0,9,,,4.5,1,Tyler Kroft,TE,4.0,81.0,ACT,33,5,6.6
2020,00-0032214,T.Kroft,TE,BUF,0,0.0,0,16,12,119.0,3,44.0,0,0,0,0.0,6,,,3.6666666666666665,3,Tyler Kroft,TE,5.0,81.0,INA,33,5,6.6
2021,00-0032214,T.Kroft,TE,NYJ,0,0.0,0,25,16,173.0,1,74.0,0,0,0,0.0,9,,,4.625,1,Tyler Kroft,TE,6.0,81.0,ACT,33,5,6.6
2022,00-0032214,T.Kroft,TE,SF,0,0.0,0,5,4,57.0,0,14.0,0,0,0,0.0,4,,,3.5,0,Tyler Kroft,TE,7.0,81.0,ACT,33,5,6.6
2021,00-0037012,T.Lance,QB,SF,38,168.0,1,0,0,0.0,0,0.0,5,41,71,603.0,6,0.5774647887323944,4.421052631578948,,6,Trey Lance,QB,0.0,5.0,ACT,12,3,4.0
2022,00-0037012,T.Lance,QB,SF,16,67.0,0,0,0,0.0,0,0.0,0,15,31,194.0,2,0.4838709677419355,4.1875,,0,Trey Lance,QB,1.0,5.0,RES,12,3,4.0
2024,00-0037012,T.Lance,QB,DAL,11,41.0,0,0,0,0.0,0,0.0,0,25,41,266.0,4,0.6097560975609756,3.727272727272727,,0,Trey Lance,QB,3.0,19.0,ACT,12,3,4.0
2021,00-0036971,T.Lawrence,QB,JAX,73,334.0,2,0,0,0.0,0,0.0,12,359,602,3641.0,17,0.5963455149501661,4.575342465753424,,14,Trevor Lawrence,QB,0.0,16.0,ACT,62,4,15.5
2022,00-0036971,T.Lawrence,QB,JAX,66,325.0,5,0,0,0.0,0,0.0,30,439,670,4618.0,19,0.655223880597015,4.924242424242424,,35,Trevor Lawrence,QB,1.0,16.0,ACT,62,4,15.5
2023,00-0036971,T.Lawrence,QB,JAX,70,339.0,4,0,0,0.0,0,0.0,21,370,564,4016.0,16,0.6560283687943262,4.8428571428571425,,25,Trevor Lawrence,QB,2.0,16.0,ACT,62,4,15.5
2024,00-0036971,T.Lawrence,QB,JAX,26,119.0,3,0,0,0.0,0,0.0,11,172,284,2045.0,10,0.6056338028169014,4.576923076923077,,14,Trevor Lawrence,QB,3.0,16.0,RES,62,4,15.5
2018,00-0032881,T.Lewis,WR,NO,2,10.0,0,4,3,60.0,1,1.0,0,0,0,0.0,5,,5.0,0.3333333333333333,1,Tommylee Lewis,WR,2.0,11.0,ACT,10,3,3.3333333333333335
2020,00-0032881,T.Lewis,WR,NO,2,14.0,0,3,1,5.0,0,0.0,0,0,0,0.0,4,,7.0,0.0,0,Tommylee Lewis,WR,4.0,14.0,DEV,10,3,3.3333333333333335
2021,00-0032881,T.Lewis,WR,MIA,0,0.0,0,2,1,7.0,0,11.0,0,0,0,0.0,1,,,11.0,0,Tommylee Lewis,WR,5.0,85.0,DEV,10,3,3.3333333333333335
2018,00-0032211,T.Lockett,WR,SEA,13,69.0,0,76,61,1085.0,10,241.0,0,0,0,0.0,17,,5.3076923076923075,3.9508196721311477,10,Tyler Lockett,WR,3.0,16.0,ACT,119,7,17.0
2019,00-0032211,T.Lockett,WR,SEA,4,-5.0,0,128,95,1255.0,9,333.0,0,0,0,0.0,18,,-1.25,3.5052631578947366,9,Tyler Lockett,WR,4.0,16.0,ACT,119,7,17.0
2020,00-0032211,T.Lockett,WR,SEA,0,0.0,0,136,102,1097.0,10,332.0,0,0,0,0.0,17,,,3.2549019607843137,10,Tyler Lockett,WR,5.0,16.0,ACT,119,7,17.0
2021,00-0032211,T.Lockett,WR,SEA,2,9.0,0,107,73,1175.0,8,277.0,0,0,0,0.0,16,,4.5,3.7945205479452055,8,Tyler Lockett,WR,6.0,16.0,ACT,119,7,17.0
2022,00-0032211,T.Lockett,WR,SEA,0,0.0,0,125,90,1072.0,9,278.0,0,0,0,0.0,17,,,3.088888888888889,9,Tyler Lockett,WR,7.0,16.0,ACT,119,7,17.0
2023,00-0032211,T.Lockett,WR,SEA,0,0.0,0,122,79,894.0,5,210.0,0,0,0,0.0,17,,,2.6582278481012658,5,Tyler Lockett,WR,8.0,16.0,ACT,119,7,17.0
2024,00-0032211,T.Lockett,WR,SEA,0,0.0,0,74,49,600.0,2,134.0,0,0,0,0.0,17,,,2.7346938775510203,2,Tyler Lockett,WR,9.0,16.0,ACT,119,7,17.0
2018,00-0033789,T.Logan,RB,ARI,2,2.0,0,7,7,37.0,0,39.0,0,0,0,0.0,4,,1.0,5.571428571428571,0,T.J. Logan,RB,1.0,22.0,ACT,9,2,4.5
2019,00-0033789,T.Logan,RB,TB,3,10.0,0,3,2,13.0,0,9.0,0,0,0,0.0,5,,3.3333333333333335,4.5,0,T.J. Logan,RB,2.0,22.0,RES,9,2,4.5
2022,00-0036059,T.Mabry,TE,SEA,0,0.0,0,1,1,7.0,1,1.0,0,0,0,0.0,1,,,1.0,1,Tyler Mabry,TE,2.0,85.0,ACT,1,1,1.0
2021,00-0036955,T.Marshall,WR,CAR,0,0.0,0,30,17,138.0,0,63.0,0,0,0,0.0,12,,,3.7058823529411766,0,Terrace Marshall,WR,0.0,88.0,RES,38,4,9.5
2022,00-0036955,T.Marshall,WR,CAR,0,0.0,0,47,28,490.0,1,132.0,0,0,0,0.0,13,,,4.714285714285714,1,Terrace Marshall,WR,1.0,88.0,ACT,38,4,9.5
2023,00-0036955,T.Marshall,WR,CAR,0,0.0,0,33,19,139.0,0,48.0,0,0,0,0.0,8,,,2.526315789473684,0,Terrace Marshall,WR,2.0,88.0,ACT,38,4,9.5
2024,00-0036955,T.Marshall,WR,LV,0,0.0,0,6,3,41.0,0,4.0,0,0,0,0.0,5,,,1.3333333333333333,0,Terrace Marshall Jr.,WR,3.0,80.0,ACT,38,4,9.5
2024,00-0037524,T.Martin,WR,TEN,0,0.0,0,2,1,49.0,1,5.0,0,0,0,0.0,1,,,5.0,1,Tay Martin,WR,2.0,18.0,ACT,1,1,1.0
2024,00-0037450,T.McAllister,RB,LV,2,11.0,0,0,0,0.0,0,0.0,0,0,0,0.0,1,,5.5,,0,Tyreik McAllister,RB,2.0,32.0,DEV,1,1,1.0
2022,00-0037744,T.McBride,TE,ARI,0,0.0,0,39,29,265.0,1,117.0,0,0,0,0.0,9,,,4.0344827586206895,1,Trey McBride,TE,0.0,85.0,ACT,42,3,14.0
2023,00-0037744,T.McBride,TE,ARI,0,0.0,0,106,81,825.0,3,420.0,0,0,0,0.0,17,,,5.185185185185185,3,Trey McBride,TE,1.0,85.0,ACT,42,3,14.0
2024,00-0037744,T.McBride,TE,ARI,1,2.0,1,147,111,1146.0,2,513.0,0,0,0,0.0,16,,2.0,4.621621621621622,3,Trey McBride,TE,2.0,85.0,ACT,42,3,14.0
2024,00-0038400,T.McKee,QB,PHI,5,-1.0,0,0,0,0.0,0,0.0,4,30,45,323.0,2,0.6666666666666666,-0.2,,4,Tanner McKee,QB,1.0,16.0,INA,2,1,2.0
2021,00-0037011,T.McKitty,TE,LAC,0,0.0,0,8,6,45.0,0,34.0,0,0,0,0.0,6,,,5.666666666666667,0,Tre' McKitty,TE,0.0,88.0,ACT,15,2,7.5
2022,00-0037011,T.McKitty,TE,LAC,0,0.0,0,20,12,88.0,0,57.0,0,0,0,0.0,9,,,4.75,0,Tre' McKitty,TE,1.0,88.0,ACT,15,2,7.5
2019,00-0035659,T.McLaurin,WR,WAS,0,0.0,0,93,58,919.0,7,217.0,0,0,0,0.0,14,,,3.7413793103448274,7,Terry McLaurin,WR,0.0,17.0,INA,101,6,16.833333333333332
2020,00-0035659,T.McLaurin,WR,WAS,2,30.0,0,141,93,1193.0,4,487.0,0,0,0,0.0,16,,15.0,5.236559139784946,4,Terry McLaurin,WR,1.0,17.0,ACT,101,6,16.833333333333332
2021,00-0035659,T.McLaurin,WR,WAS,1,12.0,0,130,77,1053.0,5,307.0,0,0,0,0.0,17,,12.0,3.987012987012987,5,Terry McLaurin,WR,2.0,17.0,ACT,101,6,16.833333333333332
2022,00-0035659,T.McLaurin,WR,WAS,7,29.0,0,120,77,1191.0,5,382.0,0,0,0,0.0,17,,4.142857142857143,4.961038961038961,5,Terry McLaurin,WR,3.0,17.0,ACT,101,6,16.833333333333332
2023,00-0035659,T.McLaurin,WR,WAS,0,0.0,0,132,79,1002.0,4,350.0,0,0,0,0.0,17,,,4.430379746835443,4,Terry McLaurin,WR,4.0,17.0,ACT,101,6,16.833333333333332
2024,00-0035659,T.McLaurin,WR,WAS,2,2.0,0,140,96,1323.0,16,422.0,0,0,0,0.0,20,,1.0,4.395833333333333,16,Terry McLaurin,WR,5.0,17.0,ACT,101,6,16.833333333333332
2019,00-0035146,T.McSorley,QB,BAL,1,1.0,0,0,0,0.0,0,0.0,0,0,0,0.0,1,,1.0,,0,Trace McSorley,QB,0.0,7.0,INA,8,3,2.6666666666666665
2020,00-0035146,T.McSorley,QB,BAL,5,17.0,0,0,0,0.0,0,0.0,1,3,10,90.0,2,0.3,3.4,,1,Trace McSorley,QB,1.0,7.0,RES,8,3,2.6666666666666665
2022,00-0035146,T.McSorley,QB,ARI,15,61.0,0,0,0,0.0,0,0.0,0,45,83,412.0,5,0.5421686746987951,4.066666666666666,,0,Trace McSorley,QB,3.0,19.0,ACT,8,3,2.6666666666666665
2018,00-0033373,T.Mizzell,RB,CHI,10,15.0,0,11,8,78.0,1,34.0,0,0,0,0.0,9,,1.5,4.25,1,Taquan Mizzell,RB,1.0,33.0,ACT,9,1,9.0
2018,00-0032200,T.Montgomery,WR,BAL,15,78.0,0,17,10,65.0,0,64.0,0,0,0,0.0,12,,5.2,6.4,0,,,,,,60,6,10.0
2018,00-0032200,T.Montgomery,WR,GB,26,105.0,1,23,15,170.0,0,149.0,0,0,0,0.0,12,,4.038461538461538,9.933333333333334,1,,,,,,60,6,10.0
2019,00-0032200,T.Montgomery,WR,NYJ,32,103.0,0,17,13,90.0,0,94.0,0,0,0,0.0,12,,3.21875,7.230769230769231,0,,,,,,60,6,10.0
2020,00-0032200,T.Montgomery,WR,NO,23,115.0,0,7,4,40.0,0,40.0,0,0,0,0.0,5,,5.0,10.0,0,,,,,,60,6,10.0
2021,00-0032200,T.Montgomery,WR,NO,15,44.0,0,26,16,95.0,0,87.0,0,0,0,0.0,11,,2.933333333333333,5.4375,0,Ty Montgomery,WR,6.0,88.0,ACT,60,6,10.0
2022,00-0032200,T.Montgomery,WR,NE,2,-2.0,0,4,3,15.0,1,7.0,0,0,0,0.0,1,,-1.0,2.3333333333333335,1,Ty Montgomery,WR,7.0,14.0,RES,60,6,10.0
2023,00-0032200,T.Montgomery,WR,NE,3,9.0,0,12,5,40.0,0,27.0,0,0,0,0.0,7,,3.0,5.4,0,Ty Montgomery,WR,8.0,14.0,ACT,60,6,10.0
2023,00-0039052,T.Palmer,WR,TB,4,31.0,0,72,42,473.0,4,163.0,0,0,0,0.0,19,,7.75,3.880952380952381,4,Trey Palmer,WR,0.0,10.0,ACT,29,2,14.5
2024,00-0039052,T.Palmer,WR,TB,0,0.0,0,22,12,172.0,1,42.0,0,0,0,0.0,10,,,3.5,1,Trey Palmer,WR,1.0,10.0,ACT,29,2,14.5
2018,00-0033375,T.Patrick,WR,DEN,3,17.0,0,41,23,315.0,1,112.0,0,0,0,0.0,10,,5.666666666666667,4.869565217391305,1,Tim Patrick,WR,1.0,81.0,ACT,64,5,12.8
2019,00-0033375,T.Patrick,WR,DEN,0,0.0,0,31,16,218.0,0,38.0,0,0,0,0.0,7,,,2.375,0,Tim Patrick,WR,2.0,81.0,ACT,64,5,12.8
2020,00-0033375,T.Patrick,WR,DEN,0,0.0,0,79,51,742.0,6,238.0,0,0,0,0.0,15,,,4.666666666666667,6,Tim Patrick,WR,3.0,81.0,ACT,64,5,12.8
2021,00-0033375,T.Patrick,WR,DEN,0,0.0,0,85,53,734.0,5,202.0,0,0,0,0.0,16,,,3.811320754716981,5,Tim Patrick,WR,4.0,81.0,ACT,64,5,12.8
2024,00-0033375,T.Patrick,WR,DET,0,0.0,0,48,34,416.0,3,159.0,0,0,0,0.0,16,,,4.676470588235294,3,Tim Patrick,WR,7.0,17.0,ACT,64,5,12.8
2019,00-0035261,T.Pollard,RB,DAL,86,455.0,2,20,15,107.0,1,135.0,0,0,0,0.0,14,,5.290697674418604,9.0,3,Tony Pollard,RB,0.0,20.0,ACT,98,6,16.333333333333332
2020,00-0035261,T.Pollard,RB,DAL,101,435.0,4,40,28,193.0,1,232.0,0,0,0,0.0,16,,4.306930693069307,8.285714285714286,5,Tony Pollard,RB,1.0,20.0,ACT,98,6,16.333333333333332
2021,00-0035261,T.Pollard,RB,DAL,134,733.0,2,48,41,349.0,0,355.0,0,0,0,0.0,16,,5.470149253731344,8.658536585365853,2,Tony Pollard,RB,2.0,20.0,ACT,98,6,16.333333333333332
2022,00-0035261,T.Pollard,RB,DAL,214,1106.0,9,61,44,394.0,3,371.0,0,0,0,0.0,18,,5.168224299065421,8.431818181818182,12,Tony Pollard,RB,3.0,20.0,ACT,98,6,16.333333333333332
2023,00-0035261,T.Pollard,RB,DAL,267,1061.0,7,76,62,340.0,0,354.0,0,0,0,0.0,18,,3.9737827715355807,5.709677419354839,7,Tony Pollard,RB,4.0,20.0,ACT,98,6,16.333333333333332
2024,00-0035261,T.Pollard,RB,TEN,260,1079.0,5,57,41,238.0,0,221.0,0,0,0,0.0,16,,4.15,5.390243902439025,5,Tony Pollard,RB,5.0,20.0,ACT,98,6,16.333333333333332
2019,00-0033164,T.Pope,RB,LAC,10,20.0,0,3,2,14.0,1,11.0,0,0,0,0.0,2,,2.0,5.5,1,Troymaine Pope,RB,3.0,35.0,ACT,6,2,3.0
2020,00-0033164,T.Pope,RB,LAC,15,76.0,0,10,8,42.0,0,44.0,0,0,0,0.0,4,,5.066666666666666,5.5,0,Troymaine Pope,RB,4.0,35.0,DEV,6,2,3.0
2018,00-0028825,T.Pryor,WR,BUF,1,-1.0,0,8,2,17.0,0,1.0,0,0,0,0.0,8,,-1.0,0.5,0,Terrelle Pryor,WR,7.0,10.0,CUT,16,1,16.0
2018,00-0028825,T.Pryor,WR,NYJ,0,0.0,0,22,14,235.0,2,61.0,0,0,0,0.0,8,,,4.357142857142857,2,,,,,,16,1,16.0
2018,00-0034339,T.Quinn,WR,WAS,1,0.0,0,10,9,75.0,1,17.0,0,0,0,0.0,2,,0.0,1.8888888888888888,1,Trey Quinn,WR,0.0,14.0,RES,14,2,7.0
2019,00-0034339,T.Quinn,WR,WAS,0,0.0,0,47,26,198.0,1,61.0,0,0,0,0.0,12,,,2.3461538461538463,1,Trey Quinn,WR,1.0,18.0,RES,14,2,7.0
2022,00-0037277,T.Quitoriano,TE,HOU,0,0.0,0,14,7,113.0,2,53.0,0,0,0,0.0,7,,,7.571428571428571,2,Teagan Quitoriano,TE,0.0,84.0,ACT,10,2,5.0
2023,00-0037277,T.Quitoriano,TE,HOU,0,0.0,0,3,2,33.0,0,18.0,0,0,0,0.0,3,,,9.0,0,Teagan Quitoriano,TE,1.0,84.0,RES,10,2,5.0
2021,00-0036523,T.Ragas,RB,LV,1,9.0,0,2,2,6.0,0,13.0,0,0,0,0.0,1,,9.0,6.5,0,Trey Ragas,RB,0.0,36.0,DEV,1,1,1.0
2024,00-0039737,T.Reiman,TE,ARI,0,0.0,0,7,6,37.0,0,29.0,0,0,0,0.0,5,,,4.833333333333333,0,Tip Reiman,TE,0.0,87.0,ACT,5,1,5.0
2018,00-0030107,T.Riddick,RB,DET,40,171.0,0,74,61,384.0,0,406.0,0,0,0,0.0,14,,4.275,6.655737704918033,0,Theo Riddick,RB,5.0,25.0,ACT,18,2,9.0
2020,00-0030107,T.Riddick,RB,LV,6,14.0,0,6,5,43.0,0,33.0,0,0,0,0.0,4,,2.3333333333333335,6.6,0,Theo Riddick,RB,7.0,35.0,ACT,18,2,9.0
2023,00-0038941,T.Scott,WR,CHI,7,41.0,0,32,17,168.0,0,70.0,0,0,0,0.0,13,,5.857142857142857,4.117647058823529,0,Tyler Scott,WR,0.0,13.0,ACT,14,2,7.0
2024,00-0038941,T.Scott,WR,CHI,0,0.0,0,1,1,5.0,0,7.0,0,0,0,0.0,1,,,7.0,0,Tyler Scott,WR,1.0,10.0,ACT,14,2,7.0
2021,00-0036984,T.Sermon,RB,SF,41,167.0,1,4,3,26.0,0,18.0,0,0,0,0.0,5,,4.073170731707317,6.0,1,Trey Sermon,RB,0.0,28.0,ACT,28,4,7.0
2022,00-0036984,T.Sermon,RB,PHI,2,19.0,0,0,0,0.0,0,0.0,0,0,0,0.0,1,,9.5,,0,Trey Sermon,RB,1.0,34.0,INA,28,4,7.0
2023,00-0036984,T.Sermon,RB,IND,35,160.0,0,6,3,13.0,0,6.0,0,0,0,0.0,8,,4.571428571428571,2.0,0,Trey Sermon,RB,2.0,27.0,INA,28,4,7.0
2024,00-0036984,T.Sermon,RB,IND,56,159.0,2,19,16,99.0,0,99.0,0,0,0,0.0,14,,2.8392857142857144,6.1875,2,Trey Sermon,RB,3.0,27.0,ACT,28,4,7.0
2018,00-0032778,T.Sharpe,WR,TEN,1,16.0,0,47,26,316.0,2,83.0,0,0,0,0.0,14,,16.0,3.1923076923076925,2,Tajae Sharpe,WR,2.0,19.0,ACT,47,4,11.75
2019,00-0032778,T.Sharpe,WR,TEN,0,0.0,0,41,26,335.0,4,60.0,0,0,0,0.0,16,,,2.3076923076923075,4,Tajae Sharpe,WR,3.0,19.0,ACT,47,4,11.75
2020,00-0032778,T.Sharpe,WR,MIN,0,0.0,0,3,0,0.0,0,0.0,0,0,0,0.0,3,,,,0,,,,,,47,4,11.75
2021,00-0032778,T.Sharpe,WR,ATL,0,0.0,0,37,25,230.0,0,69.0,0,0,0,0.0,14,,,2.76,0,Tajae Sharpe,WR,5.0,4.0,ACT,47,4,11.75
2024,00-0038679,T.Shavers,WR,BUF,0,0.0,0,1,1,69.0,1,71.0,0,0,0,0.0,1,,,71.0,1,Tyrell Shavers,WR,1.0,80.0,DEV,1,1,1.0
2018,00-0034487,T.Sherfield,WR,ARI,0,0.0,0,28,19,210.0,1,38.0,0,0,0,0.0,7,,,2.0,1,Trent Sherfield,WR,0.0,16.0,ACT,62,7,8.857142857142858
2019,00-0034487,T.Sherfield,WR,ARI,0,0.0,0,13,4,80.0,0,10.0,0,0,0,0.0,7,,,2.5,0,Trent Sherfield,WR,1.0,16.0,ACT,62,7,8.857142857142858
2020,00-0034487,T.Sherfield,WR,ARI,0,0.0,0,7,5,50.0,0,27.0,0,0,0,0.0,2,,,5.4,0,Trent Sherfield,WR,2.0,16.0,ACT,62,7,8.857142857142858
2021,00-0034487,T.Sherfield,WR,SF,0,0.0,0,22,9,87.0,1,23.0,0,0,0,0.0,10,,,2.5555555555555554,1,Trent Sherfield,WR,3.0,81.0,ACT,62,7,8.857142857142858
2022,00-0034487,T.Sherfield,WR,MIA,0,0.0,0,53,30,417.0,2,138.0,0,0,0,0.0,17,,,4.6,2,Trent Sherfield,WR,4.0,14.0,ACT,62,7,8.857142857142858
2023,00-0034487,T.Sherfield,WR,BUF,0,0.0,0,25,12,93.0,1,53.0,0,0,0,0.0,10,,,4.416666666666667,1,Trent Sherfield,WR,5.0,16.0,ACT,62,7,8.857142857142858
2024,00-0034487,T.Sherfield,WR,MIN,0,0.0,0,12,10,91.0,1,42.0,0,0,0,0.0,9,,,4.2,1,Trent Sherfield,WR,6.0,11.0,ACT,62,7,8.857142857142858
2019,00-0032156,T.Siemian,QB,NYJ,0,0.0,0,0,0,0.0,0,0.0,0,3,6,3.0,1,0.5,,,0,Trevor Siemian,QB,4.0,19.0,RES,14,4,3.5
2021,00-0032156,T.Siemian,QB,NO,9,20.0,1,0,0,0.0,0,0.0,11,108,188,1154.0,6,0.574468085106383,2.2222222222222223,,12,Trevor Siemian,QB,6.0,15.0,ACT,14,4,3.5
2022,00-0032156,T.Siemian,QB,CHI,4,8.0,0,0,0,0.0,0,0.0,1,15,26,184.0,2,0.5769230769230769,2.0,,1,Trevor Siemian,QB,7.0,15.0,RES,14,4,3.5
2023,00-0032156,T.Siemian,QB,NYJ,11,40.0,0,0,0,0.0,0,0.0,2,86,153,724.0,5,0.5620915032679739,3.6363636363636362,,2,Trevor Siemian,QB,8.0,14.0,ACT,14,4,3.5
2018,00-0027996,T.Smith,WR,CAR,0,0.0,0,31,17,190.0,2,48.0,0,0,0,0.0,8,,,2.823529411764706,2,Torrey Smith,WR,7.0,11.0,ACT,8,1,8.0
2018,00-0034765,T.Smith,WR,NO,1,5.0,0,48,30,452.0,5,118.0,0,0,0,0.0,15,,5.0,3.933333333333333,5,Tre'Quan Smith,WR,0.0,10.0,ACT,59,5,11.8
2019,00-0034765,T.Smith,WR,NO,0,0.0,0,26,18,234.0,5,115.0,0,0,0,0.0,11,,,6.388888888888889,5,Tre'Quan Smith,WR,1.0,10.0,ACT,59,5,11.8
2020,00-0034765,T.Smith,WR,NO,1,3.0,0,53,37,533.0,6,163.0,0,0,0,0.0,14,,3.0,4.405405405405405,6,Tre'Quan Smith,WR,2.0,10.0,ACT,59,5,11.8
2021,00-0034765,T.Smith,WR,NO,0,0.0,0,50,32,377.0,3,113.0,0,0,0,0.0,10,,,3.53125,3,Tre'Quan Smith,WR,3.0,10.0,ACT,59,5,11.8
2022,00-0034765,T.Smith,WR,NO,0,0.0,0,27,19,278.0,1,66.0,0,0,0,0.0,9,,,3.473684210526316,1,Tre'Quan Smith,WR,4.0,10.0,ACT,59,5,11.8
2023,00-0039032,T.Spears,RB,TEN,100,453.0,2,70,52,385.0,1,460.0,0,0,0,0.0,17,,4.53,8.846153846153847,3,Tyjae Spears,RB,0.0,32.0,ACT,29,2,14.5
2024,00-0039032,T.Spears,RB,TEN,84,312.0,4,35,30,224.0,1,255.0,0,0,0,0.0,12,,3.7142857142857144,8.5,5,Tyjae Spears,RB,1.0,2.0,INA,29,2,14.5
2020,00-0036433,T.Stevens,TE,CAR,4,24.0,0,0,0,0.0,0,0.0,0,0,0,0.0,1,,6.0,,0,,,,,,1,1,1.0
2019,00-0035308,T.Sweeney,TE,BUF,0,0.0,0,13,8,114.0,0,38.0,0,0,0,0.0,5,,,4.75,0,Tommy Sweeney,TE,0.0,89.0,INA,13,3,4.333333333333333
2021,00-0035308,T.Sweeney,TE,BUF,0,0.0,0,12,9,44.0,1,14.0,0,0,0,0.0,7,,,1.5555555555555556,1,Tommy Sweeney,TE,2.0,89.0,INA,13,3,4.333333333333333
2022,00-0035308,T.Sweeney,TE,BUF,0,0.0,0,1,1,7.0,0,8.0,0,0,0,0.0,1,,,8.0,0,Tommy Sweeney,TE,3.0,89.0,INA,13,3,4.333333333333333
2018,00-0033742,T.Swoopes,TE,SEA,0,0.0,0,1,1,23.0,0,15.0,0,0,0,0.0,1,,,15.0,0,Tyrone Swoopes,TE,1.0,46.0,DEV,2,2,1.0
2019,00-0033742,T.Swoopes,TE,SEA,0,0.0,0,1,1,5.0,0,7.0,0,0,0,0.0,1,,,7.0,0,Tyrone Swoopes,TE,2.0,46.0,ACT,2,2,1.0
2020,00-0036212,T.Tagovailoa,QB,MIA,36,109.0,3,0,0,0.0,0,0.0,11,186,290,1814.0,10,0.6413793103448275,3.0277777777777777,,14,Tua Tagovailoa,QB,0.0,1.0,ACT,65,5,13.0
2021,00-0036212,T.Tagovailoa,QB,MIA,42,128.0,3,0,0,0.0,0,0.0,16,263,388,2653.0,13,0.6778350515463918,3.0476190476190474,,19,Tua Tagovailoa,QB,1.0,1.0,ACT,65,5,13.0
2022,00-0036212,T.Tagovailoa,QB,MIA,24,70.0,0,0,0,0.0,0,0.0,25,259,400,3548.0,13,0.6475,2.9166666666666665,,25,Tua Tagovailoa,QB,2.0,1.0,INA,65,5,13.0
2023,00-0036212,T.Tagovailoa,QB,MIA,38,99.0,0,0,0,0.0,0,0.0,30,408,599,4823.0,18,0.6811352253756261,2.6052631578947367,,30,Tua Tagovailoa,QB,3.0,1.0,ACT,65,5,13.0
2024,00-0036212,T.Tagovailoa,QB,MIA,17,49.0,0,0,0,0.0,0,0.0,19,291,399,2867.0,11,0.7293233082706767,2.8823529411764706,,19,Tua Tagovailoa,QB,4.0,1.0,INA,65,5,13.0
2018,00-0028118,T.Taylor,QB,CLE,16,125.0,1,0,0,0.0,0,0.0,2,42,85,473.0,4,0.49411764705882355,7.8125,,3,Tyrod Taylor,QB,7.0,5.0,ACT,29,7,4.142857142857143
2018,00-0033292,T.Taylor,WR,SF,0,0.0,0,40,26,215.0,1,101.0,0,0,0,0.0,13,,,3.8846153846153846,1,Trent Taylor,WR,1.0,81.0,ACT,32,6,5.333333333333333
2018,00-0033911,T.Taylor,WR,TEN,0,0.0,0,56,37,466.0,1,161.0,0,0,0,0.0,13,,,4.351351351351352,1,Taywan Taylor,WR,1.0,13.0,ACT,15,3,5.0
2019,00-0028118,T.Taylor,QB,LAC,10,7.0,0,1,0,0.0,0,0.0,1,4,6,33.0,4,0.6666666666666666,0.7,,1,Tyrod Taylor,QB,8.0,5.0,ACT,29,7,4.142857142857143
2019,00-0033911,T.Taylor,WR,CLE,0,0.0,0,1,0,0.0,0,0.0,0,0,0,0.0,1,,,,0,Taywan Taylor,WR,2.0,10.0,INA,15,3,5.0
2020,00-0028118,T.Taylor,QB,LAC,6,7.0,0,0,0,0.0,0,0.0,0,16,30,208.0,1,0.5333333333333333,1.1666666666666667,,0,Tyrod Taylor,QB,9.0,5.0,ACT,29,7,4.142857142857143
2020,00-0033292,T.Taylor,WR,SF,0,0.0,0,21,10,86.0,0,43.0,0,0,0,0.0,7,,,4.3,0,Trent Taylor,WR,3.0,15.0,RES,32,6,5.333333333333333
2020,00-0033911,T.Taylor,WR,CLE,0,0.0,0,1,0,0.0,0,0.0,0,0,0,0.0,1,,,,0,Taywan Taylor,WR,3.0,10.0,RES,15,3,5.0
2021,00-0028118,T.Taylor,QB,HOU,19,151.0,3,0,0,0.0,0,0.0,5,91,150,966.0,6,0.6066666666666667,7.947368421052632,,8,Tyrod Taylor,QB,10.0,5.0,ACT,29,7,4.142857142857143
2021,00-0033292,T.Taylor,WR,CIN,0,0.0,0,3,2,41.0,0,7.0,0,0,0,0.0,2,,,3.5,0,Trent Taylor,WR,4.0,11.0,ACT,32,6,5.333333333333333
2022,00-0028118,T.Taylor,QB,NYG,5,70.0,0,0,0,0.0,0,0.0,1,6,8,58.0,2,0.75,14.0,,1,Tyrod Taylor,QB,11.0,2.0,ACT,29,7,4.142857142857143
2022,00-0033292,T.Taylor,WR,CIN,4,15.0,0,10,6,62.0,0,43.0,0,0,0,0.0,6,,3.75,7.166666666666667,0,Trent Taylor,WR,5.0,11.0,ACT,32,6,5.333333333333333
2023,00-0028118,T.Taylor,QB,NYG,38,197.0,0,0,0,0.0,0,0.0,5,116,180,1341.0,10,0.6444444444444445,5.184210526315789,,5,Tyrod Taylor,QB,12.0,2.0,ACT,29,7,4.142857142857143
2023,00-0033292,T.Taylor,WR,CHI,1,-2.0,0,2,0,0.0,0,0.0,0,0,0,0.0,3,,-2.0,,0,Trent Taylor,WR,6.0,15.0,ACT,32,6,5.333333333333333
2024,00-0028118,T.Taylor,QB,NYJ,3,13.0,0,0,0,0.0,0,0.0,3,17,22,119.0,2,0.7727272727272727,4.333333333333333,,3,Tyrod Taylor,QB,13.0,2.0,ACT,29,7,4.142857142857143
2024,00-0033292,T.Taylor,WR,SF,0,0.0,0,1,1,11.0,0,2.0,0,0,0,0.0,1,,,2.0,0,Trent Taylor,WR,7.0,81.0,ACT,32,6,5.333333333333333
2022,00-0038104,T.Thornton,WR,NE,3,16.0,1,45,22,247.0,2,63.0,0,0,0,0.0,12,,5.333333333333333,2.8636363636363638,3,Tyquan Thornton,WR,0.0,11.0,ACT,25,3,8.333333333333334
2023,00-0038104,T.Thornton,WR,NE,3,51.0,0,23,13,91.0,0,50.0,0,0,0,0.0,9,,17.0,3.8461538461538463,0,Tyquan Thornton,WR,1.0,11.0,INA,25,3,8.333333333333334
2024,00-0038104,T.Thornton,WR,NE,0,0.0,0,8,4,47.0,0,24.0,0,0,0,0.0,4,,,6.0,0,,,,,,25,3,8.333333333333334
2024,00-0039384,T.Tracy,RB,NYG,192,839.0,5,53,38,284.0,1,281.0,0,0,0,0.0,17,,4.369791666666667,7.394736842105263,6,Tyrone Tracy Jr.,RB,0.0,29.0,ACT,17,1,17.0
2021,00-0037005,T.Tremble,TE,CAR,3,11.0,1,35,20,180.0,1,70.0,0,0,0,0.0,14,,3.6666666666666665,3.5,2,Tommy Tremble,TE,0.0,82.0,ACT,51,4,12.75
2022,00-0037005,T.Tremble,TE,CAR,0,0.0,0,32,19,174.0,3,62.0,0,0,0,0.0,14,,,3.263157894736842,3,Tommy Tremble,TE,1.0,82.0,ACT,51,4,12.75
2023,00-0037005,T.Tremble,TE,CAR,0,0.0,0,32,23,194.0,3,95.0,0,0,0,0.0,13,,,4.130434782608695,3,Tommy Tremble,TE,2.0,82.0,ACT,51,4,12.75
2024,00-0037005,T.Tremble,TE,CAR,0,0.0,0,32,23,234.0,2,125.0,0,0,0,0.0,10,,,5.434782608695652,2,Tommy Tremble,TE,3.0,82.0,ACT,51,4,12.75
2023,00-0038563,T.Tucker,WR,LV,10,77.0,0,34,19,331.0,2,28.0,0,0,0,0.0,13,,7.7,1.4736842105263157,2,Tre Tucker,WR,0.0,11.0,ACT,30,2,15.0
2024,00-0038563,T.Tucker,WR,LV,9,44.0,1,81,47,539.0,3,208.0,0,0,0,0.0,17,,4.888888888888889,4.425531914893617,4,Tre Tucker,WR,1.0,11.0,ACT,30,2,15.0
2021,00-0036630,T.Wallace,WR,BAL,0,0.0,0,6,2,23.0,0,14.0,0,0,0,0.0,4,,,7.0,0,Tylan Wallace,WR,0.0,16.0,ACT,21,4,5.25
2022,00-0036630,T.Wallace,WR,BAL,0,0.0,0,7,4,33.0,0,9.0,0,0,0,0.0,5,,,2.25,0,Tylan Wallace,WR,1.0,16.0,RES,21,4,5.25
2023,00-0036630,T.Wallace,WR,BAL,0,0.0,0,2,1,11.0,0,0.0,0,0,0,0.0,2,,,0.0,0,Tylan Wallace,WR,2.0,16.0,INA,21,4,5.25
2024,00-0036630,T.Wallace,WR,BAL,0,0.0,0,15,13,241.0,1,153.0,0,0,0,0.0,10,,,11.76923076923077,1,Tylan Wallace,WR,3.0,16.0,ACT,21,4,5.25
2019,00-0035259,T.Wesco,TE,NYJ,1,2.0,0,3,2,47.0,0,40.0,0,0,0,0.0,3,,2.0,20.0,0,Trevon Wesco,TE,0.0,85.0,ACT,16,5,3.2
2020,00-0035259,T.Wesco,TE,NYJ,1,0.0,0,2,1,5.0,0,0.0,0,0,0,0.0,2,,0.0,0.0,0,Trevon Wesco,TE,1.0,85.0,ACT,16,5,3.2
2021,00-0035259,T.Wesco,TE,NYJ,0,0.0,0,5,3,35.0,0,29.0,0,0,0,0.0,4,,,9.666666666666666,0,Trevon Wesco,TE,2.0,85.0,RES,16,5,3.2
2022,00-0035259,T.Wesco,TE,CHI,0,0.0,0,4,2,26.0,0,12.0,0,0,0,0.0,4,,,6.0,0,Trevon Wesco,TE,3.0,88.0,ACT,16,5,3.2
2023,00-0035259,T.Wesco,TE,TEN,0,0.0,0,3,1,21.0,0,12.0,0,0,0,0.0,3,,,12.0,0,Trevon Wesco,TE,4.0,88.0,ACT,16,5,3.2
2018,00-0033379,T.White,WR,BAL,0,0.0,0,1,1,14.0,0,0.0,0,0,0,0.0,1,,,0.0,0,Tim White,WR,1.0,14.0,DEV,1,1,1.0
2018,00-0030542,T.Williams,WR,DAL,0,0.0,0,3,2,18.0,0,6.0,0,0,0,0.0,2,,,3.0,0,Terrance Williams,WR,5.0,83.0,RES,2,1,2.0
2018,00-0032160,T.Williams,WR,LAC,2,15.0,0,76,48,756.0,5,220.0,0,0,0,0.0,17,,7.5,4.583333333333333,5,Tyrell Williams,WR,3.0,16.0,ACT,31,3,10.333333333333334
2019,00-0032160,T.Williams,WR,LV,0,0.0,0,64,42,651.0,6,190.0,0,0,0,0.0,13,,,4.523809523809524,6,,,,,,31,3,10.333333333333334
2020,00-0035291,T.Williams,RB,CIN,26,157.0,0,5,5,30.0,0,41.0,0,0,0,0.0,6,,6.038461538461538,8.2,0,Trayveon Williams,RB,1.0,32.0,ACT,26,4,6.5
2021,00-0032160,T.Williams,WR,DET,0,0.0,0,3,2,14.0,0,8.0,0,0,0,0.0,1,,,4.0,0,Tyrell Williams,WR,6.0,6.0,RES,31,3,10.333333333333334
2021,00-0035291,T.Williams,RB,CIN,15,51.0,0,2,1,4.0,0,11.0,0,0,0,0.0,2,,3.4,11.0,0,Trayveon Williams,RB,2.0,32.0,INA,26,4,6.5
2021,00-0036457,T.Williams,RB,BAL,35,185.0,1,12,9,84.0,0,71.0,0,0,0,0.0,7,,5.285714285714286,7.888888888888889,1,Ty'Son Williams,RB,1.0,34.0,ACT,8,2,4.0
2022,00-0035291,T.Williams,RB,CIN,6,30.0,0,3,2,30.0,0,8.0,0,0,0,0.0,4,,5.0,4.0,0,Trayveon Williams,RB,3.0,32.0,ACT,26,4,6.5
2022,00-0036457,T.Williams,RB,ARI,0,0.0,0,1,1,5.0,0,6.0,0,0,0,0.0,1,,,6.0,0,Ty'Son Williams,RB,2.0,22.0,ACT,8,2,4.0
2023,00-0035291,T.Williams,RB,CIN,15,69.0,0,9,7,10.0,0,35.0,0,0,0,0.0,14,,4.6,5.0,0,Trayveon Williams,RB,4.0,32.0,ACT,26,4,6.5
2018,00-0032209,T.Yeldon,RB,JAX,104,414.0,1,78,55,487.0,4,450.0,0,0,0,0.0,14,,3.980769230769231,8.181818181818182,5,T.J. Yeldon,RB,3.0,24.0,ACT,23,3,7.666666666666667
2019,00-0032209,T.Yeldon,RB,BUF,17,63.0,0,15,13,124.0,0,119.0,0,0,0,0.0,4,,3.7058823529411766,9.153846153846153,0,T.J. Yeldon,RB,4.0,22.0,INA,23,3,7.666666666666667
2020,00-0032209,T.Yeldon,RB,BUF,15,89.0,0,9,5,63.0,1,32.0,0,0,0,0.0,5,,5.933333333333334,6.4,1,T.J. Yeldon,RB,5.0,22.0,ACT,23,3,7.666666666666667
2019,00-0032728,Te.Jones,WR,PIT,0,0.0,0,10,4,61.0,0,11.0,0,0,0,0.0,4,,,2.75,0,,,,,,4,1,4.0
2018,00-0033306,V.Bolden,WR,SF,0,0.0,0,4,1,10.0,0,1.0,0,0,0,0.0,1,,,1.0,0,,,,,,1,1,1.0
2019,00-0035548,V.Bryant,WR,DAL,0,0.0,0,1,1,15.0,1,0.0,0,0,0,0.0,1,,,0.0,1,Ventell Bryant,WR,0.0,83.0,ACT,1,1,1.0
2018,00-0024221,V.Davis,TE,WAS,0,0.0,0,36,25,367.0,2,168.0,0,0,0,0.0,13,,,6.72,2,Vernon Davis,TE,12.0,85.0,ACT,17,2,8.5
2019,00-0024221,V.Davis,TE,WAS,0,0.0,0,19,10,123.0,1,80.0,0,0,0,0.0,4,,,8.0,1,Vernon Davis,TE,13.0,85.0,RES,17,2,8.5
2018,00-0028142,V.Green,TE,LAC,0,0.0,0,29,21,219.0,2,106.0,0,0,0,0.0,15,,,5.0476190476190474,2,Virgil Green,TE,7.0,88.0,ACT,30,3,10.0
2019,00-0028142,V.Green,TE,LAC,0,0.0,0,13,9,78.0,1,39.0,0,0,0,0.0,11,,,4.333333333333333,1,Virgil Green,TE,8.0,88.0,ACT,30,3,10.0
2020,00-0028142,V.Green,TE,LAC,0,0.0,0,6,3,50.0,1,23.0,0,0,0,0.0,4,,,7.666666666666667,1,Virgil Green,TE,9.0,88.0,RES,30,3,10.0
2020,00-0036415,V.Jefferson,WR,LA,1,-1.0,0,38,25,266.0,2,56.0,0,0,0,0.0,14,,-1.0,2.24,2,Van Jefferson,WR,0.0,12.0,ACT,89,5,17.8
2021,00-0036415,V.Jefferson,WR,LA,3,35.0,0,106,59,904.0,6,272.0,0,0,0,0.0,21,,11.666666666666666,4.610169491525424,6,Van Jefferson,WR,1.0,12.0,ACT,89,5,17.8
2022,00-0036415,V.Jefferson,WR,LA,0,0.0,0,44,24,369.0,3,38.0,0,0,0,0.0,10,,,1.5833333333333333,3,Van Jefferson,WR,2.0,12.0,ACT,89,5,17.8
2023,00-0036415,V.Jefferson,WR,ATL,0,0.0,0,28,12,101.0,0,17.0,0,0,0,0.0,14,,,1.4166666666666667,0,Van Jefferson,WR,3.0,15.0,ACT,89,5,17.8
2023,00-0036415,V.Jefferson,WR,LA,1,4.0,0,15,8,108.0,0,8.0,0,0,0,0.0,14,,4.0,1.0,0,,,,,,89,5,17.8
2024,00-0036415,V.Jefferson,WR,PIT,0,0.0,0,42,26,313.0,3,78.0,0,0,0,0.0,16,,,3.0,3,Van Jefferson,WR,4.0,11.0,ACT,89,5,17.8
2022,00-0037745,V.Jones,WR,CHI,9,103.0,1,14,7,107.0,1,37.0,0,0,0,0.0,9,,11.444444444444445,5.285714285714286,2,Velus Jones,WR,0.0,12.0,ACT,23,3,7.666666666666667
2023,00-0037745,V.Jones,RB,CHI,8,51.0,0,7,4,20.0,0,15.0,0,0,0,0.0,10,,6.375,3.75,0,,,,,,23,3,7.666666666666667
2024,00-0037745,V.Jones,RB,CAR,1,0.0,0,0,0,0.0,0,0.0,0,0,0,0.0,2,,0.0,,0,Velus Jones Jr.,RB,2.0,28.0,INA,23,3,7.666666666666667
2024,00-0037745,V.Jones,RB,CHI,2,11.0,0,1,1,8.0,0,13.0,0,0,0,0.0,2,,5.5,13.0,0,,,,,,23,3,7.666666666666667
2018,00-0030470,V.McDonald,TE,PIT,0,0.0,0,72,50,610.0,4,387.0,0,0,0,0.0,15,,,7.74,4,Vance McDonald,TE,5.0,89.0,ACT,39,3,13.0
2019,00-0030470,V.McDonald,TE,PIT,1,2.0,0,55,38,273.0,3,172.0,0,0,0,0.0,14,,2.0,4.526315789473684,3,Vance McDonald,TE,6.0,89.0,ACT,39,3,13.0
2020,00-0030470,V.McDonald,TE,PIT,0,0.0,0,22,15,99.0,0,79.0,0,0,0,0.0,10,,,5.266666666666667,0,Vance McDonald,TE,7.0,89.0,ACT,39,3,13.0
2018,00-0034631,V.Smith,WR,HOU,0,0.0,0,12,5,91.0,1,6.0,0,0,0,0.0,5,,,1.2,1,Vyncint Smith,WR,0.0,17.0,ACT,21,4,5.25
2019,00-0034631,V.Smith,WR,NYJ,3,52.0,1,31,17,225.0,0,105.0,0,0,0,0.0,13,,17.333333333333332,6.176470588235294,1,Vyncint Smith,WR,1.0,17.0,ACT,21,4,5.25
2020,00-0034631,V.Smith,WR,NYJ,0,0.0,0,3,1,13.0,0,1.0,0,0,0,0.0,2,,,1.0,0,Vyncint Smith,WR,2.0,17.0,ACT,21,4,5.25
2021,00-0034631,V.Smith,WR,NYJ,0,0.0,0,1,0,0.0,0,0.0,0,0,0,0.0,1,,,,0,Vyncint Smith,WR,3.0,17.0,DEV,21,4,5.25
2018,00-0034159,W.Dissly,TE,SEA,0,0.0,0,14,8,156.0,2,93.0,0,0,0,0.0,4,,,11.625,2,Will Dissly,TE,0.0,88.0,RES,80,7,11.428571428571429
2019,00-0034159,W.Dissly,TE,SEA,1,7.0,0,27,23,262.0,4,70.0,0,0,0,0.0,6,,7.0,3.0434782608695654,4,Will Dissly,TE,1.0,88.0,RES,80,7,11.428571428571429
2020,00-0034159,W.Dissly,TE,SEA,0,0.0,0,31,25,252.0,2,170.0,0,0,0,0.0,15,,,6.8,2,Will Dissly,TE,2.0,89.0,ACT,80,7,11.428571428571429
2021,00-0034159,W.Dissly,TE,SEA,0,0.0,0,26,21,231.0,1,143.0,0,0,0,0.0,12,,,6.809523809523809,1,Will Dissly,TE,3.0,89.0,INA,80,7,11.428571428571429
2022,00-0034159,W.Dissly,TE,SEA,0,0.0,0,38,34,349.0,3,184.0,0,0,0,0.0,15,,,5.411764705882353,3,Will Dissly,TE,4.0,89.0,RES,80,7,11.428571428571429
2023,00-0034159,W.Dissly,TE,SEA,0,0.0,0,22,17,172.0,1,120.0,0,0,0,0.0,12,,,7.0588235294117645,1,Will Dissly,TE,5.0,89.0,ACT,80,7,11.428571428571429
2024,00-0034159,W.Dissly,TE,LAC,0,0.0,0,69,52,497.0,2,317.0,0,0,0,0.0,16,,,6.096153846153846,2,Will Dissly,TE,6.0,81.0,ACT,80,7,11.428571428571429
2018,00-0033127,W.Fuller,WR,HOU,0,0.0,0,45,32,503.0,4,166.0,0,0,0,0.0,7,,,5.1875,4,Will Fuller,WR,2.0,15.0,RES,32,4,8.0
2019,00-0033127,W.Fuller,WR,HOU,0,0.0,0,79,54,759.0,3,240.0,0,0,0,0.0,12,,,4.444444444444445,3,Will Fuller,WR,3.0,15.0,ACT,32,4,8.0
2020,00-0033127,W.Fuller,WR,HOU,1,0.0,0,75,53,879.0,8,291.0,0,0,0,0.0,11,,0.0,5.490566037735849,8,Will Fuller,WR,4.0,15.0,RES,32,4,8.0
2021,00-0033127,W.Fuller,WR,MIA,0,0.0,0,8,4,26.0,0,10.0,0,0,0,0.0,2,,,2.5,0,Will Fuller,WR,5.0,3.0,RES,32,4,8.0
2018,00-0033950,W.Gallman,RB,NYG,51,176.0,1,22,14,89.0,0,81.0,0,0,0,0.0,13,,3.450980392156863,5.785714285714286,1,Wayne Gallman,RB,1.0,22.0,ACT,42,4,10.5
2019,00-0033950,W.Gallman,RB,NYG,29,110.0,2,15,11,102.0,1,104.0,0,0,0,0.0,9,,3.793103448275862,9.454545454545455,3,Wayne Gallman,RB,2.0,22.0,INA,42,4,10.5
2020,00-0033950,W.Gallman,RB,NYG,147,682.0,6,27,21,114.0,0,100.0,0,0,0,0.0,14,,4.639455782312925,4.761904761904762,6,Wayne Gallman,RB,3.0,22.0,ACT,42,4,10.5
2021,00-0033950,W.Gallman,RB,ATL,28,104.0,0,3,1,21.0,0,20.0,0,0,0,0.0,6,,3.7142857142857144,20.0,0,,,,,,42,4,10.5
2019,00-0035251,W.Grier,QB,CAR,7,22.0,0,0,0,0.0,0,0.0,0,28,52,228.0,2,0.5384615384615384,3.142857142857143,,0,Will Grier,QB,0.0,3.0,ACT,2,1,2.0
2019,00-0035489,W.Hills,RB,DET,10,21.0,2,2,2,1.0,0,3.0,0,0,0,0.0,1,,2.1,1.5,2,Wes Hills,RB,0.0,36.0,INA,1,1,1.0
2023,00-0039152,W.Levis,QB,TEN,25,57.0,1,0,0,0.0,0,0.0,8,149,255,1808.0,9,0.5843137254901961,2.28,,9,Will Levis,QB,0.0,8.0,INA,21,2,10.5
2024,00-0039152,W.Levis,QB,TEN,45,183.0,0,0,0,0.0,0,0.0,13,190,301,2091.0,12,0.6312292358803987,4.066666666666666,,13,Will Levis,QB,1.0,8.0,ACT,21,2,10.5
2023,00-0038394,W.Mallory,TE,IND,0,0.0,0,26,18,207.0,0,89.0,0,0,0,0.0,11,,,4.944444444444445,0,Will Mallory,TE,0.0,86.0,ACT,18,2,9.0
2024,00-0038394,W.Mallory,TE,IND,0,0.0,0,8,4,29.0,0,4.0,0,0,0,0.0,7,,,1.0,0,Will Mallory,TE,1.0,86.0,INA,18,2,9.0
2022,00-0038117,W.Robinson,WR,NYG,2,-1.0,0,31,23,227.0,1,126.0,0,0,0,0.0,6,,-0.5,5.478260869565218,1,Wan'Dale Robinson,WR,0.0,17.0,RES,38,3,12.666666666666666
2023,00-0038117,W.Robinson,WR,NYG,9,87.0,1,78,60,525.0,1,287.0,0,0,0,0.0,15,,9.666666666666666,4.783333333333333,2,Wan'Dale Robinson,WR,1.0,17.0,ACT,38,3,12.666666666666666
2024,00-0038117,W.Robinson,WR,NYG,3,18.0,0,140,93,699.0,3,361.0,0,0,0,0.0,17,,6.0,3.881720430107527,3,Wan'Dale Robinson,WR,2.0,17.0,ACT,38,3,12.666666666666666
2024,00-0039746,W.Shipley,RB,PHI,34,159.0,1,4,4,35.0,0,28.0,0,0,0,0.0,6,,4.676470588235294,7.0,1,Will Shipley,RB,0.0,28.0,ACT,6,1,6.0
2018,00-0032782,W.Smallwood,RB,PHI,105,417.0,3,39,31,256.0,2,269.0,0,0,0,0.0,15,,3.9714285714285715,8.67741935483871,5,Wendell Smallwood,RB,2.0,28.0,ACT,28,3,9.333333333333334
2019,00-0032782,W.Smallwood,RB,WAS,22,81.0,0,13,9,64.0,0,50.0,0,0,0,0.0,11,,3.6818181818181817,5.555555555555555,0,Wendell Smallwood,RB,3.0,34.0,ACT,28,3,9.333333333333334
2021,00-0032782,W.Smallwood,RB,WAS,5,25.0,0,5,4,22.0,0,14.0,0,0,0,0.0,2,,5.0,3.5,0,Wendell Smallwood,RB,5.0,38.0,DEV,28,3,9.333333333333334
2018,00-0030663,W.Snead,WR,BAL,1,13.0,0,101,65,701.0,1,305.0,0,0,0,0.0,15,,13.0,4.6923076923076925,1,Willie Snead,WR,4.0,83.0,ACT,63,5,12.6
2019,00-0030663,W.Snead,WR,BAL,2,2.0,0,54,37,395.0,5,137.0,0,0,0,0.0,17,,1.0,3.7027027027027026,5,Willie Snead,WR,5.0,83.0,ACT,63,5,12.6
2020,00-0030663,W.Snead,WR,BAL,0,0.0,0,55,40,466.0,3,200.0,0,0,0,0.0,15,,,5.0,3,Willie Snead,WR,6.0,83.0,ACT,63,5,12.6
2021,00-0030663,W.Snead,WR,CAR,0,0.0,0,3,1,6.0,0,5.0,0,0,0,0.0,7,,,5.0,0,Willie Snead,WR,7.0,83.0,DEV,63,5,12.6
2021,00-0030663,W.Snead,WR,LV,0,0.0,0,5,3,32.0,0,7.0,0,0,0,0.0,7,,,2.3333333333333335,0,,,,,,63,5,12.6
2023,00-0030663,W.Snead,WR,SF,0,0.0,0,3,2,14.0,0,3.0,0,0,0,0.0,2,,,1.5,0,Willie Snead,WR,9.0,83.0,DEV,63,5,12.6
2023,00-0038496,X.Gipson,WR,NYJ,8,68.0,1,38,21,229.0,0,109.0,0,0,0,0.0,14,,8.5,5.190476190476191,1,Xavier Gipson,WR,0.0,82.0,ACT,21,2,10.5
2024,00-0038496,X.Gipson,WR,NYJ,1,5.0,0,10,6,39.0,1,22.0,0,0,0,0.0,7,,5.0,3.6666666666666665,1,Xavier Gipson,WR,1.0,82.0,ACT,21,2,10.5
2018,00-0031035,X.Grimble,TE,PIT,0,0.0,0,8,6,86.0,0,56.0,0,0,0,0.0,7,,,9.333333333333334,0,Xavier Grimble,TE,4.0,85.0,ACT,9,2,4.5
2019,00-0031035,X.Grimble,TE,PIT,0,0.0,0,3,1,3.0,0,2.0,0,0,0,0.0,2,,,2.0,0,Xavier Grimble,TE,5.0,85.0,CUT,9,2,4.5
2023,00-0038618,X.Hutchinson,WR,HOU,5,49.0,0,23,12,99.0,0,38.0,0,0,0,0.0,13,,9.8,3.1666666666666665,0,Xavier Hutchinson,WR,0.0,19.0,ACT,29,2,14.5
2024,00-0038618,X.Hutchinson,WR,HOU,0,0.0,0,33,17,203.0,0,62.0,0,0,0,0.0,16,,,3.6470588235294117,0,Xavier Hutchinson,WR,1.0,19.0,ACT,29,2,14.5
2024,00-0039342,X.Legette,WR,CAR,6,24.0,0,84,49,497.0,4,112.0,0,0,0,0.0,15,,4.0,2.2857142857142856,4,Xavier Legette,WR,0.0,17.0,ACT,15,1,15.0
2024,00-0038359,X.Smith,WR,LA,4,36.0,0,2,2,6.0,0,5.0,0,0,0,0.0,3,,9.0,2.5,0,Xavier Smith,WR,1.0,19.0,ACT,3,1,3.0
2024,00-0039521,X.Weaver,WR,ARI,0,0.0,0,2,0,0.0,0,0.0,0,0,0,0.0,2,,,,0,Xavier Weaver,WR,0.0,89.0,ACT,2,1,2.0
2024,00-0039894,X.Worthy,WR,KC,23,112.0,3,119,78,925.0,9,519.0,0,0,0,0.0,19,,4.869565217391305,6.653846153846154,12,Xavier Worthy,WR,0.0,1.0,ACT,19,1,19.0
2023,00-0039165,Z.Charbonnet,RB,SEA,108,462.0,1,40,33,209.0,0,248.0,0,0,0,0.0,16,,4.277777777777778,7.515151515151516,1,Zach Charbonnet,RB,0.0,26.0,ACT,33,2,16.5
2024,00-0039165,Z.Charbonnet,RB,SEA,135,569.0,8,52,42,308.0,1,345.0,0,0,0,0.0,17,,4.214814814814815,8.214285714285714,9,Zach Charbonnet,RB,1.0,26.0,ACT,33,2,16.5
2024,00-0036640,Z.Davidson,TE,BUF,0,0.0,0,2,1,5.0,0,2.0,0,0,0,0.0,2,,,2.0,0,Zach Davidson,TE,3.0,84.0,DEV,2,1,2.0
2018,00-0030061,Z.Ertz,TE,PHI,0,0.0,0,171,126,1265.0,8,389.0,0,0,0,0.0,18,,,3.0873015873015874,8,Zach Ertz,TE,5.0,86.0,ACT,118,7,16.857142857142858
2019,00-0030061,Z.Ertz,TE,PHI,0,0.0,0,139,90,960.0,6,271.0,0,0,0,0.0,16,,,3.011111111111111,6,Zach Ertz,TE,6.0,86.0,ACT,118,7,16.857142857142858
2020,00-0030061,Z.Ertz,TE,PHI,0,0.0,0,72,36,335.0,1,88.0,0,0,0,0.0,11,,,2.4444444444444446,1,Zach Ertz,TE,7.0,86.0,ACT,118,7,16.857142857142858
2021,00-0030061,Z.Ertz,TE,ARI,1,4.0,0,85,59,595.0,3,266.0,0,0,0,0.0,18,,4.0,4.508474576271187,3,Zach Ertz,TE,8.0,86.0,ACT,118,7,16.857142857142858
2021,00-0030061,Z.Ertz,TE,PHI,0,0.0,0,31,18,189.0,2,86.0,0,0,0,0.0,18,,,4.777777777777778,2,,,,,,118,7,16.857142857142858
2022,00-0030061,Z.Ertz,TE,ARI,0,0.0,0,69,47,406.0,4,130.0,0,0,0,0.0,10,,,2.765957446808511,4,Zach Ertz,TE,9.0,86.0,RES,118,7,16.857142857142858
2023,00-0030061,Z.Ertz,TE,ARI,0,0.0,0,43,27,187.0,1,46.0,0,0,0,0.0,7,,,1.7037037037037037,1,,,,,,118,7,16.857142857142858
2024,00-0030061,Z.Ertz,TE,WAS,0,0.0,0,116,84,809.0,8,226.0,0,0,0,0.0,20,,,2.6904761904761907,8,Zach Ertz,TE,11.0,86.0,ACT,118,7,16.857142857142858
2023,00-0039136,Z.Evans,RB,LA,9,19.0,0,0,0,0.0,0,0.0,0,0,0,0.0,4,,2.111111111111111,,0,Zach Evans,RB,0.0,21.0,INA,4,1,4.0
2023,00-0039064,Z.Flowers,WR,BAL,10,60.0,1,121,86,1014.0,6,435.0,0,0,0,0.0,18,,6.0,5.058139534883721,7,Zay Flowers,WR,0.0,4.0,ACT,35,2,17.5
2024,00-0039064,Z.Flowers,WR,BAL,9,56.0,0,116,74,1059.0,4,463.0,0,0,0,0.0,17,,6.222222222222222,6.256756756756757,4,Zay Flowers,WR,1.0,4.0,INA,35,2,17.5
2019,00-0035222,Z.Gentry,TE,PIT,0,0.0,0,1,1,4.0,0,2.0,0,0,0,0.0,1,,,2.0,0,Zach Gentry,TE,0.0,81.0,INA,26,3,8.666666666666666
2021,00-0035222,Z.Gentry,TE,PIT,0,0.0,0,29,23,200.0,0,146.0,0,0,0,0.0,11,,,6.3478260869565215,0,Zach Gentry,TE,2.0,81.0,ACT,26,3,8.666666666666666
2022,00-0035222,Z.Gentry,TE,PIT,0,0.0,0,23,19,132.0,0,102.0,0,0,0,0.0,14,,,5.368421052631579,0,Zach Gentry,TE,3.0,81.0,ACT,26,3,8.666666666666666
2022,00-0037331,Z.Horvath,RB,LAC,4,8.0,0,8,5,8.0,2,1.0,0,0,0,0.0,8,,2.0,0.2,2,Zander Horvath,RB,0.0,40.0,ACT,8,1,8.0
2018,00-0033891,Z.Jones,WR,BUF,1,0.0,0,102,56,652.0,7,142.0,0,0,1,0.0,16,0.0,0.0,2.5357142857142856,7,Zay Jones,WR,1.0,11.0,ACT,104,7,14.857142857142858
2019,00-0033891,Z.Jones,WR,BUF,0,0.0,0,18,7,69.0,0,19.0,0,0,0,0.0,14,,,2.7142857142857144,0,,,,,,104,7,14.857142857142858
2019,00-0033891,Z.Jones,WR,LV,1,3.0,0,27,20,147.0,0,58.0,0,0,0,0.0,14,,3.0,2.9,0,,,,,,104,7,14.857142857142858
2020,00-0033891,Z.Jones,WR,LV,0,0.0,0,20,14,154.0,1,65.0,0,1,1,29.0,11,1.0,,4.642857142857143,1,Zay Jones,WR,3.0,12.0,ACT,104,7,14.857142857142858
2021,00-0033891,Z.Jones,WR,LV,2,3.0,0,78,52,607.0,2,172.0,0,0,0,0.0,16,,1.5,3.3076923076923075,2,Zay Jones,WR,4.0,7.0,ACT,104,7,14.857142857142858
2022,00-0033891,Z.Jones,WR,JAX,4,18.0,0,141,95,980.0,6,302.0,0,0,0,0.0,18,,4.5,3.1789473684210527,6,Zay Jones,WR,5.0,7.0,ACT,104,7,14.857142857142858
2023,00-0033891,Z.Jones,WR,JAX,0,0.0,0,64,34,321.0,2,51.0,0,0,0,0.0,9,,,1.5,2,Zay Jones,WR,6.0,7.0,ACT,104,7,14.857142857142858
2024,00-0033891,Z.Jones,WR,ARI,0,0.0,0,11,8,84.0,0,19.0,0,0,0,0.0,6,,,2.375,0,Zay Jones,WR,7.0,17.0,ACT,104,7,14.857142857142858
2022,00-0037157,Z.Knight,RB,NYJ,85,300.0,1,14,13,100.0,0,132.0,0,0,0,0.0,7,,3.5294117647058822,10.153846153846153,1,Zonovan Knight,RB,0.0,27.0,ACT,9,2,4.5
2023,00-0037157,Z.Knight,RB,DET,3,13.0,0,1,1,8.0,0,13.0,0,0,0,0.0,2,,4.333333333333333,13.0,0,Bam Knight,RB,1.0,28.0,RES,9,2,4.5
2020,00-0036251,Z.Moss,RB,BUF,119,502.0,4,22,18,121.0,1,105.0,0,0,0,0.0,14,,4.218487394957983,5.833333333333333,5,Zack Moss,RB,0.0,20.0,RES,76,5,15.2
2021,00-0036251,Z.Moss,RB,BUF,97,345.0,4,32,23,197.0,1,200.0,0,0,0,0.0,14,,3.556701030927835,8.695652173913043,5,Zack Moss,RB,1.0,20.0,ACT,76,5,15.2
2022,00-0036251,Z.Moss,RB,BUF,17,91.0,0,8,7,27.0,0,29.0,0,0,0,0.0,13,,5.352941176470588,4.142857142857143,0,,,,,,76,5,15.2
2022,00-0036251,Z.Moss,RB,IND,76,365.0,1,5,4,12.0,0,13.0,0,0,0,0.0,13,,4.802631578947368,3.25,1,Zack Moss,RB,2.0,21.0,ACT,76,5,15.2
2023,00-0036251,Z.Moss,RB,IND,183,794.0,5,37,27,192.0,2,189.0,0,0,0,0.0,14,,4.33879781420765,7.0,7,Zack Moss,RB,3.0,21.0,ACT,76,5,15.2
2024,00-0036251,Z.Moss,RB,CIN,74,242.0,2,27,23,187.0,1,194.0,0,0,0,0.0,8,,3.27027027027027,8.434782608695652,3,Zack Moss,RB,4.0,31.0,RES,76,5,15.2
2018,00-0033251,Z.Pascal,WR,IND,3,24.0,0,52,29,281.0,2,90.0,0,0,0,0.0,13,,8.0,3.103448275862069,2,Zach Pascal,WR,1.0,14.0,ACT,84,6,14.0
2019,00-0033251,Z.Pascal,WR,IND,2,16.0,0,72,41,607.0,5,239.0,0,0,1,0.0,14,0.0,8.0,5.829268292682927,5,Zach Pascal,WR,2.0,14.0,ACT,84,6,14.0
2020,00-0033251,Z.Pascal,WR,IND,0,0.0,0,76,47,666.0,6,244.0,0,0,1,0.0,17,0.0,,5.191489361702128,6,Zach Pascal,WR,3.0,14.0,ACT,84,6,14.0
2021,00-0033251,Z.Pascal,WR,IND,2,21.0,0,69,38,384.0,3,121.0,0,0,0,0.0,16,,10.5,3.1842105263157894,3,Zach Pascal,WR,4.0,14.0,ACT,84,6,14.0
2022,00-0033251,Z.Pascal,WR,PHI,1,0.0,0,23,18,165.0,1,88.0,0,0,0,0.0,15,,0.0,4.888888888888889,1,Zach Pascal,WR,5.0,3.0,ACT,84,6,14.0
2023,00-0033251,Z.Pascal,WR,ARI,0,0.0,0,15,4,19.0,0,12.0,0,0,0,0.0,9,,,3.0,0,Zach Pascal,WR,6.0,0.0,ACT,84,6,14.0
2022,00-0038040,Z.White,RB,LV,17,70.0,0,0,0,0.0,0,0.0,0,0,0,0.0,11,,4.117647058823529,,0,Zamir White,RB,0.0,35.0,ACT,32,3,10.666666666666666
2023,00-0038040,Z.White,RB,LV,104,451.0,1,19,15,98.0,0,94.0,0,0,0,0.0,13,,4.336538461538462,6.266666666666667,1,Zamir White,RB,1.0,35.0,ACT,32,3,10.666666666666666
2024,00-0038040,Z.White,RB,LV,65,183.0,1,8,6,30.0,0,50.0,0,0,0,0.0,8,,2.8153846153846156,8.333333333333334,1,Zamir White,RB,2.0,3.0,RES,32,3,10.666666666666666
2021,00-0037013,Z.Wilson,QB,NYJ,29,185.0,4,1,0,0.0,0,0.0,9,213,383,2334.0,13,0.556135770234987,6.379310344827586,,13,Zach Wilson,QB,0.0,2.0,ACT,34,3,11.333333333333334
2022,00-0037013,Z.Wilson,QB,NYJ,28,102.0,1,1,1,2.0,1,0.0,6,132,242,1688.0,9,0.5454545454545454,3.642857142857143,0.0,8,Zach Wilson,QB,1.0,2.0,ACT,34,3,11.333333333333334
2023,00-0037013,Z.Wilson,QB,NYJ,36,211.0,0,0,0,0.0,0,0.0,8,221,368,2271.0,12,0.6005434782608695,5.861111111111111,,8,Zach Wilson,QB,2.0,2.0,RES,34,3,11.333333333333334
2018,00-0031665,Z.Zenner,RB,DET,55,265.0,3,10,7,56.0,0,65.0,0,0,0,0.0,7,,4.818181818181818,9.285714285714286,3,Zach Zenner,RB,3.0,34.0,ACT,13,2,6.5
2019,00-0031665,Z.Zenner,RB,ARI,2,-3.0,0,1,1,13.0,0,15.0,0,0,0,0.0,3,,-1.5,15.0,0,,,,,,13,2,6.5
2019,00-0031665,Z.Zenner,RB,NO,1,1.0,0,2,1,6.0,0,4.0,0,0,0,0.0,3,,1.0,4.0,0,,,,,,13,2,6.5
